post_id,username,posted_at_utc,post_type,likes,comments,shares,saves,location,hashtags
IG_9500693818,foodie_anjali3,2024-09-18 13:01:26,Image,640,38,62,147,"Bali, Indonesia",#travel #photooftheday #instagood
IG_3335827017,foodie_anjali94,2024-09-18 16:57:07,Image,40,4,1,4,"Jaipur, Rajasthan",#foodie #photography #photooftheday #music #love
IG_3814846751,kavita_art22,2024-09-18 21:40:16,Image,90,5,6,2,"Goa, India",#lifestyle #photooftheday #nature #foodie #viral
IG_5010310829,suresh_fitness25,2024-09-19 01:44:12,Reel,66,11,3,15,"Mumbai, Maharashtra",#music #instagood #fashion #viral
IG_5191636893,rahul_rocks97,2024-09-19 14:15:01,Image,14,1,0,2,"Pune, Maharashtra",#music #instagood
IG_3444524633,sneha_style16,2024-09-19 15:48:30,Reel,41,1,2,4,"Ahmedabad, Gujarat",#music #photooftheday #nature #trending #fashion
IG_3542685804,sneha_style32,2024-09-19 20:50:25,Video,214,24,16,19,"Ahmedabad, Gujarat",#travel #love #art #nature #trending
IG_2037042083,foodie_anjali78,2024-09-20 10:49:54,Reel,155,4,4,33,,#nature #instagood #foodie #viral #trending #travel
IG_9675556102,the_wanderer86,2024-09-20 11:44:08,Carousel,584,55,27,93,"Dubai, UAE",#lifestyle #fashion #art #nature
IG_6540495628,kavita_art11,2024-09-20 12:01:44,Video,400,8,31,14,"Jaipur, Rajasthan",#fashion #love #foodie #photography #photooftheday
IG_1200955967,rahul_rocks73,2024-09-20 14:07:25,Reel,102,1,9,12,"Goa, India",#travel #love #music #nature #photooftheday #viral
IG_4277731353,suresh_fitness92,2024-09-20 18:59:29,Image,82,6,6,19,"Jaipur, Rajasthan",#foodie #instagood #music #photography #viral
IG_5878713585,foodie_anjali17,2024-09-21 00:39:22,Carousel,738,70,52,109,"Jaipur, Rajasthan",#lifestyle #foodie #music #art #trending #photooftheday
IG_8955773659,priya_daily6,2024-09-21 07:32:16,Image,170,10,5,10,,#nature #lifestyle #photooftheday #love #viral #photography
IG_7926187672,the_wanderer71,2024-09-21 09:27:23,Image,186,14,14,7,"Paris, France",#love #instagood
IG_1479713087,sneha_style68,2024-09-21 13:17:34,Image,203,25,8,16,,#viral #photography #art
IG_9283647269,suresh_fitness63,2024-09-21 15:30:01,Image,38,7,3,5,"Goa, India",#photography #art
IG_9659436591,the_wanderer96,2024-09-22 07:23:58,Reel,292,56,12,61,"Dubai, UAE",#music #fitness #photooftheday
IG_0798891304,style_icon78,2024-09-22 12:23:52,Carousel,77,7,2,6,,#instagood #love #fitness #art #lifestyle #trending
IG_6554454764,amit_travels36,2024-09-22 13:41:43,Image,292,5,28,22,"Dubai, UAE",#art #photography #photooftheday
IG_7650858943,amit_travels66,2024-09-22 14:01:43,Image,241,16,12,12,,#music #photooftheday #photography #trending #nature
IG_0734955774,sneha_style84,2024-09-22 20:29:17,Carousel,405,23,6,45,"Jaipur, Rajasthan",#viral #photography
IG_1835408370,priya_daily53,2024-09-22 21:11:36,Image,24,3,1,5,,#instagood #music #fitness #love
IG_3799490343,foodie_anjali74,2024-09-23 02:08:37,Video,179,19,7,25,"Bengaluru, Karnataka",#photography #travel #fitness
IG_1995996757,priya_daily57,2024-09-23 13:20:47,Image,406,25,20,92,,#photography #fashion
IG_2930335811,rahul_rocks66,2024-09-23 14:34:51,Carousel,255,27,22,62,,#trending #music #fitness #art #lifestyle #love
IG_2986532307,amit_travels54,2024-09-23 23:49:50,Image,261,42,2,29,"Bali, Indonesia",#trending #photooftheday #foodie #viral #instagood
IG_9216629045,priya_daily95,2024-09-24 04:44:48,Image,25,2,0,2,,#art #fashion #love #travel #fitness #instagood
IG_4772241500,foodie_anjali49,2024-09-24 07:03:14,Video,58,3,3,11,"Dubai, UAE",#travel #love #foodie #music
IG_5251643426,sneha_style99,2024-09-24 18:18:46,Carousel,23,2,1,3,,#viral #foodie #nature #photography
IG_2384610637,style_icon23,2024-09-24 20:05:56,Reel,946,97,73,175,,#foodie #lifestyle #instagood
IG_2583765391,ramesh_vlogs74,2024-09-24 20:24:40,Reel,56,1,4,11,,#viral #art #instagood
IG_6455713591,foodie_anjali65,2024-09-25 00:05:35,Video,3507,91,94,132,,#art #photooftheday #music #trending
IG_4839441299,style_icon96,2024-09-25 06:19:55,Video,414,46,5,20,"Goa, India",#foodie #nature #trending #travel #lifestyle #instagood
IG_0997877225,amit_travels73,2024-09-25 07:33:00,Carousel,195,19,19,31,,#photography #lifestyle #music
IG_3573694240,sneha_style17,2024-09-25 11:07:59,Reel,182,15,1,22,"Bali, Indonesia",#photooftheday #nature #art
IG_6963147812,ramesh_vlogs54,2024-09-25 17:02:57,Carousel,83,14,3,9,"Ahmedabad, Gujarat",#music #trending #nature #viral
IG_3071750886,rahul_rocks36,2024-09-25 18:24:04,Reel,55,3,0,6,,#fashion #love #photooftheday #art #music
IG_8907322508,rohit_tech46,2024-09-25 21:19:06,Image,18,3,0,2,"Bali, Indonesia",#art #fitness #love #photooftheday #lifestyle #foodie
IG_7232709938,rahul_rocks24,2024-09-26 05:28:18,Image,276,40,18,30,,#photooftheday #foodie
IG_5159114013,suresh_fitness17,2024-09-26 07:50:06,Video,415,63,25,65,"Dubai, UAE",#foodie #art #photography #fashion #music
IG_1017942376,foodie_anjali8,2024-09-26 09:20:38,Reel,162,5,9,23,,#lifestyle #love #fitness #art
IG_4856157621,rahul_rocks46,2024-09-26 12:03:07,Image,2082,254,163,336,"Pune, Maharashtra",#art #viral #photooftheday
IG_2938263473,foodie_anjali57,2024-09-26 14:47:17,Video,1077,141,11,63,,#instagood #fitness #trending #viral #love #fashion
IG_3164533070,ramesh_vlogs87,2024-09-26 15:01:50,Image,694,15,40,114,"Mumbai, Maharashtra",#photooftheday #fitness #instagood #trending #travel
IG_3021639767,foodie_anjali28,2024-09-26 16:13:49,Image,384,35,25,82,"Jaipur, Rajasthan",#trending #music #instagood
IG_8315509540,amit_travels50,2024-09-26 16:51:04,Carousel,149,13,11,26,"Bengaluru, Karnataka",#foodie #fitness
IG_1314682211,amit_travels76,2024-09-26 23:56:34,Reel,265,16,5,7,,#photography #fitness #nature #instagood #travel #trending
IG_2455312904,rohit_tech53,2024-09-27 09:10:01,Image,10,0,0,1,"Dubai, UAE",#viral #lifestyle #travel
IG_4030564209,sneha_style79,2024-09-27 11:32:58,Video,1,0,0,0,"Pune, Maharashtra",#trending #fashion #love #instagood #nature
IG_7607490334,rohit_tech31,2024-09-27 13:04:52,Carousel,29,2,2,2,"Pune, Maharashtra",#photography #nature
IG_6410687032,rohit_tech89,2024-09-27 14:29:47,Image,229,31,20,55,"Delhi, India",#travel #fitness #fashion
IG_5744607234,ramesh_vlogs86,2024-09-27 14:37:13,Image,525,38,32,18,,#music #instagood #travel
IG_4313418684,suresh_fitness48,2024-09-27 14:45:56,Reel,97,9,2,4,"Mumbai, Maharashtra",#fashion #foodie #photography #art #love
IG_3622419233,foodie_anjali98,2024-09-27 18:01:00,Reel,794,132,10,109,,#photography #music #love #nature
IG_4675424359,amit_travels71,2024-09-28 05:41:35,Image,227,7,15,32,,#photography #lifestyle #travel #foodie #art #instagood
IG_2990143217,rohit_tech57,2024-09-28 13:50:31,Reel,455,38,21,47,"Jaipur, Rajasthan",#love #viral #lifestyle #music #trending #art
IG_7226860800,the_wanderer65,2024-09-28 18:14:28,Reel,138,10,9,19,,#viral #art #fashion #love #lifestyle #trending
IG_3737081295,kavita_art5,2024-09-28 18:20:42,Image,41,3,1,1,"Ahmedabad, Gujarat",#travel #music
IG_2211532948,style_icon68,2024-09-28 23:33:46,Image,280,49,23,28,,#lifestyle #foodie
IG_6547838040,style_icon58,2024-09-29 05:35:50,Video,380,15,9,85,"Pune, Maharashtra",#love #art #fashion #instagood #music #nature
IG_7254950526,rohit_tech84,2024-09-29 07:04:29,Carousel,290,31,7,29,"Bengaluru, Karnataka",#nature #foodie #love
IG_2916608425,kavita_art90,2024-09-29 13:54:43,Reel,47,8,1,7,"Bali, Indonesia",#trending #fitness #lifestyle #viral #love #foodie
IG_7608828428,rahul_rocks46,2024-09-29 18:02:14,Image,83,3,7,17,"Dubai, UAE",#fashion #photography #fitness #music
IG_4287320485,amit_travels45,2024-09-30 00:40:28,Video,360,7,30,50,,#photography #lifestyle #fashion #art #fitness
IG_8755163629,ramesh_vlogs12,2024-09-30 03:54:41,Image,483,49,35,110,,#nature #viral #photography #photooftheday #fitness #lifestyle
IG_5910986073,the_wanderer96,2024-09-30 04:00:23,Image,432,35,35,66,"Goa, India",#nature #love #fashion #viral #travel #trending
IG_7343666472,rohit_tech14,2024-09-30 05:36:37,Image,50,3,3,11,"Bengaluru, Karnataka",#love #music
IG_4023684836,style_icon40,2024-09-30 23:19:46,Image,1788,181,103,430,"Bali, Indonesia",#love #music #fashion
IG_6466164773,rohit_tech24,2024-10-01 01:09:08,Carousel,16,2,0,3,"Bali, Indonesia",#music #art
IG_0023611494,priya_daily86,2024-10-01 03:19:06,Video,173,26,9,15,,#music #travel #photooftheday
IG_6460064496,rohit_tech7,2024-10-01 03:19:41,Carousel,38,5,3,5,,#travel #instagood #art #love #trending
IG_2124097011,sneha_style57,2024-10-01 08:29:32,Image,167,11,6,41,"Bali, Indonesia",#travel #art #music #trending #nature #instagood
IG_7839474431,the_wanderer33,2024-10-01 11:05:00,Reel,2462,411,12,284,"Bali, Indonesia",#nature #foodie #love #art
IG_9793378517,sneha_style86,2024-10-01 18:44:47,Reel,362,39,14,8,,#nature #photooftheday
IG_2364056860,kavita_art61,2024-10-01 20:44:09,Carousel,1048,197,37,60,,#instagood #love #music #viral #lifestyle #art
IG_7859206871,sneha_style32,2024-10-01 22:49:02,Carousel,92,11,8,3,"Paris, France",#photooftheday #instagood #lifestyle #photography #trending
IG_0191194983,the_wanderer89,2024-10-02 03:19:20,Image,9,0,0,1,,#foodie #viral #love
IG_6888955112,kavita_art84,2024-10-02 10:00:16,Video,179,3,6,30,"Mumbai, Maharashtra",#nature #viral #art #lifestyle #fashion
IG_5639290490,style_icon4,2024-10-02 16:58:09,Image,200,29,9,37,,#music #photography #fashion
IG_8344303701,priya_daily64,2024-10-02 19:52:39,Reel,87,12,6,21,"Mumbai, Maharashtra",#fashion #fitness #lifestyle #photooftheday
IG_8756990884,priya_daily98,2024-10-02 21:57:13,Video,844,37,62,45,"Ahmedabad, Gujarat",#nature #instagood #travel #music #photography #viral
IG_4038791258,kavita_art30,2024-10-02 23:25:00,Carousel,81,5,6,12,"Dubai, UAE",#instagood #fashion #travel #foodie #nature
IG_1252491333,foodie_anjali12,2024-10-03 03:09:45,Image,102,5,1,25,"Pune, Maharashtra",#art #nature #photography #foodie #trending #love
IG_9849129279,amit_travels60,2024-10-03 05:19:24,Image,196,25,9,38,"Delhi, India",#viral #photooftheday #foodie #music #nature #photography
IG_6238019163,amit_travels7,2024-10-03 09:01:15,Reel,30,2,1,4,"Pune, Maharashtra",#music #photooftheday #love #foodie
IG_8010244694,the_wanderer33,2024-10-03 10:25:18,Image,45,7,0,6,"Bali, Indonesia",#travel #fashion #instagood #photography #foodie
IG_5426222772,rohit_tech82,2024-10-03 20:01:31,Image,370,22,10,78,"Goa, India",#fitness #lifestyle #art #photography #photooftheday #instagood
IG_0866675688,kavita_art7,2024-10-03 21:17:03,Carousel,305,38,20,61,"Paris, France",#photooftheday #viral #music #foodie #instagood
IG_7393052295,kavita_art42,2024-10-04 06:50:21,Carousel,44,5,2,3,"Delhi, India",#lifestyle #music #photooftheday #travel
IG_1851107479,foodie_anjali9,2024-10-04 07:39:33,Image,56,9,2,11,"Bengaluru, Karnataka",#love #art #nature #photography #foodie #fitness
IG_9815044029,style_icon9,2024-10-04 10:03:27,Reel,71,11,5,14,"Paris, France",#photooftheday #viral #travel #fashion #nature #art
IG_9005781994,priya_daily40,2024-10-04 10:05:26,Image,60,8,3,8,,#love #foodie #photography
IG_8733409863,amit_travels76,2024-10-04 21:41:19,Reel,609,14,41,93,"Goa, India",#photooftheday #lifestyle #travel #nature #foodie #music
IG_6658268168,suresh_fitness79,2024-10-04 22:25:20,Carousel,79,10,2,5,"Goa, India",#music #instagood #art #love
IG_5515418821,suresh_fitness95,2024-10-04 22:29:02,Image,87,8,2,15,,#trending #instagood #viral #love
IG_0106032913,the_wanderer6,2024-10-05 01:52:17,Image,959,70,9,60,"Dubai, UAE",#fashion #art
IG_4225320955,kavita_art63,2024-10-05 02:47:13,Video,1543,246,57,92,"Delhi, India",#lifestyle #instagood #music #art
IG_0649347025,foodie_anjali68,2024-10-05 05:10:43,Image,166,20,8,39,"Goa, India",#foodie #lifestyle #viral #art
IG_6067287565,amit_travels27,2024-10-05 10:26:00,Reel,181,5,12,11,"Bali, Indonesia",#fitness #music #photography #viral #love #travel
IG_7109635848,suresh_fitness92,2024-10-05 13:46:34,Reel,429,38,6,67,,#fitness #fashion #photooftheday #foodie #instagood #travel
IG_5476527258,priya_daily37,2024-10-05 14:54:56,Image,89,9,2,22,"Jaipur, Rajasthan",#instagood #lifestyle #love #photooftheday #photography
IG_0181967034,sneha_style3,2024-10-05 15:27:50,Image,148,8,2,20,,#viral #trending #lifestyle #photooftheday #love #fitness
IG_6930927832,rahul_rocks93,2024-10-06 00:08:03,Image,48,5,1,3,,#fashion #music #foodie #photography #fitness #travel
IG_0831576542,kavita_art25,2024-10-06 00:20:49,Image,61,5,4,13,"Delhi, India",#nature #lifestyle #art #trending #fitness
IG_6604173397,style_icon20,2024-10-06 05:12:11,Reel,123,15,4,12,"Pune, Maharashtra",#fitness #foodie #viral #nature
IG_4820747946,foodie_anjali60,2024-10-06 10:49:41,Image,589,45,49,84,"Goa, India",#music #love #fashion
IG_1986619762,rohit_tech45,2024-10-06 15:58:44,Image,99,2,5,4,"Bali, Indonesia",#photography #lifestyle #love #fitness #trending
IG_5213407121,ramesh_vlogs47,2024-10-06 17:33:51,Carousel,553,44,41,56,"Jaipur, Rajasthan",#instagood #love #trending
IG_3102408930,foodie_anjali73,2024-10-07 00:39:51,Video,1382,61,60,207,,#fitness #travel #photography #foodie
IG_7025800351,suresh_fitness5,2024-10-07 05:34:09,Reel,181,10,17,9,"Pune, Maharashtra",#photooftheday #lifestyle #instagood
IG_6136960857,suresh_fitness40,2024-10-07 08:11:08,Reel,28,4,2,2,"Paris, France",#viral #photooftheday #foodie #photography
IG_9983743697,ramesh_vlogs20,2024-10-07 14:12:22,Image,77,15,4,9,,#fashion #lifestyle #foodie #photography #viral #instagood
IG_1882448620,kavita_art60,2024-10-07 14:38:50,Carousel,8,1,0,0,,#instagood #photography #photooftheday #fashion
IG_7620016944,ramesh_vlogs46,2024-10-07 16:29:48,Reel,28,1,2,3,"Ahmedabad, Gujarat",#lifestyle #fashion #instagood #photooftheday #foodie
IG_3270626008,ramesh_vlogs85,2024-10-07 22:54:12,Image,232,10,19,34,,#viral #nature
IG_5982197117,style_icon79,2024-10-08 03:57:54,Video,3,0,0,0,,#art #nature #trending #travel
IG_3783100037,priya_daily90,2024-10-08 06:34:39,Video,36,3,1,1,,#love #nature #photography #viral #music
IG_0533785542,suresh_fitness45,2024-10-08 09:51:55,Image,208,13,11,43,,#photography #music
IG_1898524611,sneha_style66,2024-10-08 12:40:35,Carousel,59,9,2,3,"Pune, Maharashtra",#fashion #nature #viral #travel
IG_2566421624,suresh_fitness48,2024-10-08 16:54:19,Image,207,16,6,10,,#love #photooftheday #music #foodie #art #instagood
IG_7124186184,foodie_anjali16,2024-10-08 17:50:36,Carousel,2,0,0,0,,#instagood #nature #viral #fashion
IG_2113230180,kavita_art4,2024-10-08 18:13:37,Image,159,3,7,37,,#viral #music
IG_2232497134,style_icon51,2024-10-08 20:46:31,Image,203,10,1,18,"Bengaluru, Karnataka",#viral #nature
IG_7672400685,style_icon34,2024-10-09 04:52:00,Carousel,35,1,1,4,"Bengaluru, Karnataka",#art #love #viral
IG_8555514338,amit_travels68,2024-10-09 11:02:02,Reel,604,34,15,147,"Mumbai, Maharashtra",#love #music #travel #instagood
IG_0789327683,the_wanderer34,2024-10-09 12:08:29,Image,15,2,0,1,"Bengaluru, Karnataka",#nature #instagood #foodie #love #music
IG_0985730802,kavita_art35,2024-10-10 07:52:11,Image,754,139,48,143,"Mumbai, Maharashtra",#fitness #nature #trending #foodie #viral
IG_9894488226,style_icon52,2024-10-10 13:44:21,Reel,476,17,3,101,,#instagood #love #photography
IG_3738066394,style_icon58,2024-10-10 17:41:59,Reel,350,34,13,15,"Goa, India",#photography #music #lifestyle #fitness #photooftheday
IG_9387949477,the_wanderer70,2024-10-11 00:12:48,Carousel,140,3,4,33,,#music #instagood #love #trending
IG_9385361329,sneha_style79,2024-10-11 05:54:31,Carousel,60,11,1,8,,#lifestyle #love #photography #fitness
IG_4190239128,rahul_rocks4,2024-10-11 08:08:59,Reel,2525,46,127,434,,#photography #viral #foodie #fitness #nature #lifestyle
IG_1483323843,ramesh_vlogs34,2024-10-11 08:49:11,Image,283,27,7,13,"Goa, India",#trending #photography #music
IG_2780798942,amit_travels97,2024-10-11 13:00:22,Image,38,5,3,8,,#nature #trending #fashion #travel
IG_0974689616,rohit_tech3,2024-10-11 15:10:07,Image,59,3,0,11,"Paris, France",#lifestyle #fashion #photography #viral #foodie
IG_4303995781,sneha_style67,2024-10-11 15:40:24,Reel,523,34,15,98,"Jaipur, Rajasthan",#photography #love #fashion #viral
IG_2800535840,rahul_rocks69,2024-10-11 16:08:33,Carousel,795,103,24,104,"Ahmedabad, Gujarat",#lifestyle #instagood #art #love #music #photooftheday
IG_5070944910,rohit_tech81,2024-10-11 18:21:07,Reel,60,5,4,13,"Bengaluru, Karnataka",#foodie #nature #travel #music #fitness
IG_7969906446,style_icon61,2024-10-11 20:11:02,Image,78,2,2,18,,#photography #fitness #foodie #fashion
IG_6989296015,kavita_art25,2024-10-11 22:14:02,Image,90,10,7,16,"Mumbai, Maharashtra",#viral #travel #music #lifestyle #fashion
IG_6384149804,rahul_rocks87,2024-10-11 23:25:20,Image,17,1,1,0,"Bali, Indonesia",#photography #love #art #music #foodie #fitness
IG_4661806325,amit_travels48,2024-10-12 00:38:03,Reel,166,29,15,26,,#fashion #music #instagood #fitness
IG_0049416145,suresh_fitness80,2024-10-12 07:28:57,Video,893,27,87,75,,#photooftheday #fashion
IG_7995101602,the_wanderer72,2024-10-12 16:00:14,Image,264,26,8,9,"Bali, Indonesia",#instagood #fitness
IG_6311481689,the_wanderer32,2024-10-12 19:05:04,Carousel,1974,193,48,196,"Mumbai, Maharashtra",#foodie #instagood #viral
IG_1567924524,amit_travels72,2024-10-12 20:38:43,Video,127,4,11,6,,#nature #trending
IG_7591137115,rohit_tech87,2024-10-12 20:45:26,Video,19,2,1,3,"Ahmedabad, Gujarat",#art #photooftheday #photography #foodie
IG_3845489867,sneha_style57,2024-10-13 02:38:09,Reel,76,14,5,13,"Ahmedabad, Gujarat",#fitness #art #music #lifestyle #viral #love
IG_2035688744,foodie_anjali12,2024-10-13 02:50:38,Carousel,189,26,9,20,"Goa, India",#photography #viral #lifestyle #trending #foodie #art
IG_2251129325,ramesh_vlogs62,2024-10-13 04:00:10,Image,1111,73,70,45,"Pune, Maharashtra",#art #music #trending #fashion #photography
IG_4023784033,foodie_anjali84,2024-10-13 04:42:14,Image,3010,409,130,441,"Ahmedabad, Gujarat",#trending #art #love
IG_5796095212,style_icon74,2024-10-13 06:48:29,Video,585,18,33,104,,#viral #instagood
IG_2729003614,sneha_style86,2024-10-13 06:56:12,Carousel,249,34,13,42,"Bali, Indonesia",#fashion #fitness #nature
IG_5787249883,priya_daily6,2024-10-13 10:05:16,Video,403,38,20,61,"Pune, Maharashtra",#photooftheday #trending #music
IG_8817144270,priya_daily92,2024-10-13 20:30:24,Reel,650,57,30,27,,#art #fitness #instagood
IG_8006217972,priya_daily73,2024-10-14 00:28:52,Image,252,41,6,56,"Mumbai, Maharashtra",#music #art
IG_3736233206,sneha_style77,2024-10-14 08:05:42,Image,69,3,3,14,"Bengaluru, Karnataka",#viral #love
IG_1048964969,style_icon66,2024-10-14 10:15:00,Image,5,0,0,0,"Dubai, UAE",#nature #art #love #fitness #fashion #instagood
IG_9498101929,rahul_rocks82,2024-10-14 20:55:32,Reel,12980,2279,1076,2438,,#nature #photooftheday #love #foodie
IG_7881521215,foodie_anjali1,2024-10-15 01:58:42,Image,356,58,35,74,"Paris, France",#instagood #foodie #photooftheday #nature #travel
IG_8001179600,priya_daily99,2024-10-15 04:58:21,Image,187,22,4,14,,#travel #photography #photooftheday #fashion
IG_4083503236,ramesh_vlogs16,2024-10-15 13:29:44,Image,5550,641,281,991,"Dubai, UAE",#lifestyle #nature #trending #photooftheday #love
IG_0539133835,rohit_tech23,2024-10-15 15:47:15,Image,213,25,2,24,"Delhi, India",#trending #fitness
IG_7118769617,the_wanderer33,2024-10-15 20:40:17,Carousel,36,6,0,3,"Goa, India",#fashion #instagood #love
IG_9243925463,the_wanderer36,2024-10-15 22:06:53,Carousel,252,23,1,52,"Goa, India",#viral #lifestyle #music #nature
IG_6038814934,amit_travels52,2024-10-15 22:50:40,Reel,2,0,0,0,,#love #art #viral #fitness #photography
IG_2787425338,sneha_style57,2024-10-16 01:18:25,Image,2,0,0,0,"Paris, France",#fashion #music #lifestyle #fitness
IG_7507239466,style_icon5,2024-10-16 09:04:44,Image,12,1,0,0,"Mumbai, Maharashtra",#art #viral #travel #instagood #love
IG_4139495549,amit_travels70,2024-10-16 11:05:55,Image,279,20,5,54,"Jaipur, Rajasthan",#photography #music #fitness #photooftheday #fashion #instagood
IG_6898217644,style_icon90,2024-10-16 12:33:11,Image,48,2,1,7,,#art #nature #foodie #fashion #love #viral
IG_0118189165,priya_daily34,2024-10-16 12:50:14,Image,370,61,23,79,"Goa, India",#fashion #photooftheday
IG_7003798934,rohit_tech85,2024-10-16 14:20:19,Carousel,428,5,42,31,"Bali, Indonesia",#travel #lifestyle #art #fitness #instagood #foodie
IG_8659869114,kavita_art24,2024-10-16 18:47:10,Image,147,14,3,29,,#fashion #art #photography #nature #travel
IG_5536088496,sneha_style26,2024-10-16 19:57:13,Carousel,636,57,51,24,"Jaipur, Rajasthan",#trending #lifestyle
IG_5184507606,rahul_rocks89,2024-10-17 02:48:41,Image,49,5,1,10,,#instagood #nature #music #lifestyle
IG_5191249397,kavita_art35,2024-10-17 03:54:16,Video,35,4,0,0,"Jaipur, Rajasthan",#fitness #foodie #love #art #photography
IG_0535149443,sneha_style92,2024-10-17 05:16:33,Image,2106,107,161,235,"Mumbai, Maharashtra",#photography #instagood #fitness
IG_1766205638,rahul_rocks91,2024-10-17 05:20:17,Image,26,2,0,2,"Goa, India",#travel #viral #foodie #instagood #art #photooftheday
IG_8703248450,rohit_tech70,2024-10-17 08:34:54,Image,25,3,1,1,,#trending #art #photooftheday #music
IG_4693347808,rohit_tech4,2024-10-17 13:02:22,Image,36,2,2,8,"Bengaluru, Karnataka",#trending #travel #music
IG_8562877325,style_icon25,2024-10-17 15:44:48,Carousel,807,134,25,26,"Paris, France",#photooftheday #foodie #music #trending #photography
IG_6827774508,amit_travels16,2024-10-18 03:03:45,Reel,5927,94,308,765,,#love #lifestyle #music #photography #travel #fitness
IG_5803642449,suresh_fitness59,2024-10-18 03:38:05,Video,972,86,25,98,,#foodie #nature
IG_9220056751,ramesh_vlogs10,2024-10-18 04:05:57,Reel,70,5,1,5,,#lifestyle #love #fitness #music #instagood
IG_3184427382,priya_daily74,2024-10-18 04:42:56,Carousel,207,25,2,42,"Paris, France",#trending #photography #foodie
IG_7282909596,kavita_art10,2024-10-18 08:41:54,Image,47,4,0,5,,#music #art #love #fashion #viral #photooftheday
IG_2898575916,foodie_anjali86,2024-10-18 08:55:08,Image,1188,161,50,239,"Paris, France",#fashion #photooftheday
IG_2391007747,sneha_style88,2024-10-18 10:55:15,Image,18,1,0,4,"Delhi, India",#fashion #photooftheday
IG_2896004074,ramesh_vlogs43,2024-10-18 16:35:55,Image,1065,52,18,230,"Pune, Maharashtra",#lifestyle #instagood
IG_3384224888,foodie_anjali80,2024-10-18 18:38:41,Reel,798,59,61,17,"Goa, India",#love #photooftheday
IG_9616978570,the_wanderer66,2024-10-18 21:48:23,Reel,27,5,1,1,"Mumbai, Maharashtra",#foodie #music #travel #art #trending #nature
IG_6437089873,kavita_art84,2024-10-19 01:30:27,Reel,983,166,19,71,"Jaipur, Rajasthan",#photography #foodie
IG_6386306220,the_wanderer86,2024-10-19 01:46:05,Image,36,0,2,5,"Ahmedabad, Gujarat",#photooftheday #art #love #music
IG_9350563121,kavita_art96,2024-10-19 05:26:47,Reel,68,0,6,10,"Bengaluru, Karnataka",#travel #fitness #nature #photooftheday #art
IG_1620584401,suresh_fitness50,2024-10-19 09:40:53,Image,22,1,0,1,"Ahmedabad, Gujarat",#photooftheday #lifestyle #fitness #fashion #instagood #viral
IG_8141142780,suresh_fitness46,2024-10-19 11:48:01,Video,243,33,13,46,"Mumbai, Maharashtra",#photography #trending #fitness #viral #foodie #art
IG_3274138479,suresh_fitness24,2024-10-19 12:24:06,Video,88,15,4,14,,#fitness #love #nature #fashion #instagood
IG_4934960706,suresh_fitness26,2024-10-19 14:11:05,Reel,71,11,5,13,"Bengaluru, Karnataka",#foodie #photography #photooftheday #trending
IG_6243178459,style_icon33,2024-10-19 22:35:49,Image,131,1,0,8,,#travel #photography #art
IG_1293273439,sneha_style33,2024-10-20 04:53:40,Image,33,6,1,7,"Bengaluru, Karnataka",#instagood #photooftheday
IG_0608999874,priya_daily16,2024-10-20 05:58:55,Reel,36,3,1,3,"Mumbai, Maharashtra",#lifestyle #viral #nature #fitness
IG_7529955379,rohit_tech78,2024-10-20 07:29:22,Carousel,31,1,2,0,,#foodie #photography #lifestyle
IG_9159614551,suresh_fitness76,2024-10-20 08:30:12,Image,1022,81,28,232,"Pune, Maharashtra",#photooftheday #lifestyle #love #foodie
IG_7972104489,rohit_tech99,2024-10-20 12:42:14,Carousel,88,4,2,17,,#viral #art #fashion #love
IG_9396582698,the_wanderer54,2024-10-20 16:55:10,Video,160,20,2,23,"Ahmedabad, Gujarat",#trending #music #photooftheday #photography #lifestyle #fitness
IG_0756698438,rohit_tech38,2024-10-20 23:17:59,Reel,48,2,0,5,"Goa, India",#fitness #viral #trending #photooftheday
IG_7731624671,priya_daily87,2024-10-21 03:45:55,Reel,32,5,2,5,,#nature #photooftheday #viral #trending #music
IG_3312776296,kavita_art74,2024-10-21 04:46:26,Carousel,118,16,9,6,,#foodie #instagood #viral #fashion #fitness
IG_0128272250,rahul_rocks63,2024-10-21 05:21:41,Image,48,1,3,3,"Ahmedabad, Gujarat",#trending #viral #foodie #photography #instagood
IG_6026748089,sneha_style70,2024-10-21 08:12:27,Video,71,7,2,16,,#nature #viral #travel
IG_5276007727,rahul_rocks37,2024-10-21 09:37:16,Reel,69,11,6,12,"Bali, Indonesia",#lifestyle #music #viral #fashion #nature #fitness
IG_3922061856,sneha_style46,2024-10-21 09:54:04,Video,19,1,0,1,,#foodie #trending #lifestyle #fitness #nature #photography
IG_9519145662,suresh_fitness72,2024-10-21 13:38:17,Carousel,106,4,8,5,,#photooftheday #lifestyle #fitness #instagood #art #foodie
IG_4217524001,priya_daily17,2024-10-21 14:20:17,Carousel,298,26,22,26,"Mumbai, Maharashtra",#photooftheday #music #love #trending
IG_5731303793,suresh_fitness65,2024-10-21 15:38:56,Carousel,33,0,1,2,,#art #fitness #photooftheday #travel #love
IG_8129427747,amit_travels1,2024-10-21 17:26:20,Image,22,1,1,0,,#love #photooftheday #lifestyle #music #nature #fitness
IG_7239927767,rohit_tech85,2024-10-21 17:50:44,Reel,1594,142,29,246,,#photography #nature #music #instagood #trending
IG_2680805347,sneha_style60,2024-10-21 20:02:31,Carousel,131,22,9,3,"Paris, France",#foodie #nature #photography #photooftheday
IG_5364517622,sneha_style19,2024-10-21 20:15:00,Carousel,1524,258,41,174,"Bengaluru, Karnataka",#foodie #music #photography #nature #trending #photooftheday
IG_7140168102,rohit_tech59,2024-10-21 21:28:44,Image,64,7,3,11,,#travel #lifestyle #trending #fitness #photooftheday #instagood
IG_5136238905,rahul_rocks68,2024-10-22 02:25:40,Image,4687,136,307,598,"Goa, India",#photooftheday #art #nature #travel #fitness #viral
IG_4360217747,foodie_anjali49,2024-10-22 06:05:38,Image,53,9,1,8,"Ahmedabad, Gujarat",#travel #instagood
IG_8555183032,kavita_art35,2024-10-23 01:45:00,Reel,441,10,22,83,"Goa, India",#travel #photooftheday
IG_8557918430,ramesh_vlogs62,2024-10-23 06:20:34,Video,26,3,1,4,,#travel #love #fitness #instagood #nature
IG_4368238783,rahul_rocks94,2024-10-23 06:29:52,Reel,324,39,13,75,"Mumbai, Maharashtra",#foodie #love #trending #art
IG_9671568032,the_wanderer52,2024-10-23 08:36:56,Image,749,126,17,42,,#lifestyle #trending #foodie #nature #travel
IG_1413383475,style_icon70,2024-10-23 09:07:32,Image,262,6,4,36,,#fitness #lifestyle #travel #nature #trending
IG_8529443432,rahul_rocks89,2024-10-23 14:43:41,Image,172,1,13,29,"Dubai, UAE",#fitness #foodie
IG_5950883762,the_wanderer12,2024-10-23 20:44:18,Image,40,4,1,8,,#nature #fashion
IG_2592077142,foodie_anjali59,2024-10-24 00:31:51,Carousel,427,8,10,11,"Dubai, UAE",#viral #love #photooftheday
IG_2327133771,style_icon79,2024-10-24 06:59:49,Image,112,1,10,22,"Pune, Maharashtra",#foodie #lifestyle
IG_8753111477,foodie_anjali3,2024-10-24 08:37:28,Reel,1860,142,79,401,"Bali, Indonesia",#art #nature #travel #lifestyle
IG_5161551383,rahul_rocks3,2024-10-24 14:19:20,Reel,284,51,23,14,"Jaipur, Rajasthan",#art #photography #nature #foodie
IG_6735251654,rahul_rocks67,2024-10-24 15:58:08,Video,56,11,1,12,"Jaipur, Rajasthan",#viral #love
IG_2869858941,priya_daily53,2024-10-24 16:19:52,Reel,5,0,0,0,"Bali, Indonesia",#love #fitness #viral
IG_9924693295,the_wanderer27,2024-10-24 19:29:55,Image,16,2,0,2,,#fitness #lifestyle #love #trending #photography #instagood
IG_9423419028,rahul_rocks25,2024-10-24 22:50:21,Video,113,8,4,14,,#photooftheday #trending #art #fashion #viral
IG_9350071964,amit_travels37,2024-10-25 01:37:41,Reel,137,16,10,13,"Dubai, UAE",#fitness #foodie
IG_4778401941,foodie_anjali95,2024-10-25 03:47:39,Carousel,406,44,15,68,"Jaipur, Rajasthan",#photooftheday #viral #photography
IG_0088278988,ramesh_vlogs23,2024-10-25 06:51:36,Carousel,129,25,11,18,,#fitness #art #travel
IG_6428927309,rahul_rocks51,2024-10-25 08:27:38,Reel,90,2,2,6,,#photography #music #fashion #trending #art #photooftheday
IG_0588300263,amit_travels45,2024-10-25 19:52:53,Image,233,2,19,26,"Bali, Indonesia",#nature #foodie #art
IG_2438339812,amit_travels56,2024-10-25 23:07:04,Reel,212,20,10,5,,#viral #travel
IG_1041720559,sneha_style45,2024-10-25 23:53:08,Image,1251,58,44,135,"Dubai, UAE",#viral #fitness #nature
IG_9777269020,suresh_fitness8,2024-10-26 00:51:57,Image,320,36,19,74,"Ahmedabad, Gujarat",#travel #love #photooftheday #nature #fashion
IG_9528550776,ramesh_vlogs77,2024-10-26 02:32:35,Video,267,9,7,38,,#trending #music #foodie #lifestyle
IG_0039583897,priya_daily34,2024-10-26 05:14:17,Image,6,1,0,1,,#art #love #fashion #fitness #lifestyle #music
IG_6570099360,ramesh_vlogs5,2024-10-26 06:42:56,Reel,222,21,3,29,"Bali, Indonesia",#music #trending #instagood #photography #fashion #art
IG_2262541488,the_wanderer43,2024-10-26 15:33:34,Video,439,10,33,86,"Dubai, UAE",#photooftheday #love #trending #photography
IG_3169205379,sneha_style36,2024-10-26 17:09:24,Video,73,6,0,8,,#instagood #nature #love #photography
IG_6441110080,style_icon8,2024-10-26 17:21:51,Reel,154,28,11,30,"Paris, France",#love #art #nature
IG_1464289373,amit_travels72,2024-10-26 17:31:08,Video,42,6,1,5,,#fashion #lifestyle #trending #foodie #photography #love
IG_1965487006,rohit_tech10,2024-10-26 17:40:16,Reel,3904,777,274,101,"Pune, Maharashtra",#trending #photography #lifestyle #fitness
IG_6580741186,suresh_fitness65,2024-10-26 20:14:19,Carousel,98,4,1,21,"Bali, Indonesia",#photooftheday #nature #travel #love #foodie #art
IG_6464389695,priya_daily68,2024-10-26 21:33:11,Reel,74,7,1,13,"Paris, France",#lifestyle #fashion #fitness
IG_7573310072,suresh_fitness50,2024-10-27 01:54:49,Reel,30,2,1,5,"Mumbai, Maharashtra",#viral #love #fashion #art #travel #lifestyle
IG_6172826754,the_wanderer52,2024-10-27 02:24:37,Image,37,6,2,3,,#fitness #music #trending #nature #foodie
IG_1198879900,rahul_rocks93,2024-10-27 04:15:46,Image,10,1,0,1,,#music #photography #photooftheday #lifestyle #trending #instagood
IG_0514299238,priya_daily84,2024-10-27 05:39:16,Video,25,4,2,1,,#music #instagood #viral #art
IG_6690601464,priya_daily61,2024-10-27 06:16:48,Reel,3476,456,70,281,"Goa, India",#instagood #trending #fashion #art
IG_0494762876,rahul_rocks27,2024-10-27 19:28:29,Carousel,38,4,1,7,"Bengaluru, Karnataka",#love #viral #photography #art
IG_0665186231,priya_daily78,2024-10-27 22:19:34,Carousel,8,1,0,1,"Dubai, UAE",#photooftheday #nature #viral #music
IG_1311277801,suresh_fitness20,2024-10-28 03:04:41,Image,45,2,4,7,"Delhi, India",#photography #travel #lifestyle #trending #art #foodie
IG_2928997289,style_icon16,2024-10-28 03:30:05,Reel,139,4,7,28,"Jaipur, Rajasthan",#nature #music #fashion #love #trending
IG_4351008570,suresh_fitness69,2024-10-28 06:11:39,Video,539,59,53,24,"Jaipur, Rajasthan",#art #foodie #photography #travel #viral #photooftheday
IG_8539383154,style_icon50,2024-10-28 08:15:00,Image,4006,681,32,98,"Ahmedabad, Gujarat",#instagood #art
IG_2266972984,kavita_art6,2024-10-28 10:30:47,Reel,19,1,1,4,"Paris, France",#fitness #foodie #art #lifestyle #music
IG_7171305877,priya_daily18,2024-10-28 14:37:34,Image,103,11,4,22,"Pune, Maharashtra",#trending #viral #nature #photography #music #art
IG_7111976595,kavita_art40,2024-10-28 15:34:37,Image,16,2,1,3,"Goa, India",#lifestyle #nature #viral #art #music
IG_2456401140,rahul_rocks31,2024-10-28 18:10:40,Reel,63,10,3,8,"Bali, Indonesia",#photooftheday #art #nature
IG_0308094935,priya_daily93,2024-10-28 19:44:26,Video,7006,519,680,1002,"Bali, Indonesia",#art #fitness #trending #photography
IG_9984689127,kavita_art13,2024-10-28 21:19:19,Reel,41,1,2,9,,#music #photooftheday #lifestyle
IG_1276873936,rohit_tech52,2024-10-29 06:04:14,Image,2280,29,33,127,,#art #foodie
IG_4826046870,ramesh_vlogs69,2024-10-29 10:28:16,Carousel,101,11,4,5,"Dubai, UAE",#viral #nature #love #foodie #fitness #photography
IG_1659471483,rohit_tech96,2024-10-29 10:57:06,Reel,71,12,2,1,"Goa, India",#love #photography #nature #instagood
IG_9499597757,foodie_anjali1,2024-10-29 15:48:30,Carousel,158,10,13,11,"Paris, France",#fitness #viral #fashion #instagood #trending #art
IG_9741907736,suresh_fitness59,2024-10-29 18:07:56,Image,173,16,10,17,"Ahmedabad, Gujarat",#instagood #art #photooftheday
IG_9115837037,style_icon86,2024-10-29 20:51:58,Video,61,10,5,11,"Ahmedabad, Gujarat",#instagood #art
IG_5360612127,amit_travels16,2024-10-30 00:24:47,Carousel,552,28,8,24,"Bali, Indonesia",#love #fashion #lifestyle
IG_8520062216,kavita_art85,2024-10-30 01:49:19,Video,3,0,0,0,,#viral #music #fashion #foodie
IG_8684415367,priya_daily21,2024-10-30 02:09:31,Image,91,15,2,12,,#photography #travel #fashion
IG_6091684427,rohit_tech44,2024-10-30 04:20:00,Image,634,73,61,115,"Pune, Maharashtra",#instagood #fitness #lifestyle
IG_6615043165,rohit_tech53,2024-10-30 09:11:09,Reel,45,5,2,8,"Dubai, UAE",#photooftheday #trending #lifestyle
IG_6773914978,rohit_tech61,2024-10-30 09:17:23,Image,579,10,37,109,"Delhi, India",#nature #fashion #foodie #lifestyle #fitness #travel
IG_7425939901,foodie_anjali93,2024-10-30 09:30:24,Video,138,6,13,26,,#music #fashion #love
IG_9357055311,style_icon64,2024-10-30 20:01:20,Reel,8039,636,423,647,"Mumbai, Maharashtra",#viral #photooftheday #travel #art
IG_3198729907,rohit_tech71,2024-10-31 04:51:20,Image,759,149,7,58,"Delhi, India",#foodie #fitness #music #photooftheday
IG_8645591751,foodie_anjali3,2024-10-31 05:40:02,Reel,220,31,7,12,"Paris, France",#travel #music #trending #lifestyle #love #nature
IG_7664683151,foodie_anjali89,2024-10-31 08:55:09,Carousel,102,6,5,15,"Bengaluru, Karnataka",#art #music #foodie #photooftheday
IG_6556708709,rohit_tech37,2024-10-31 09:28:24,Image,35,0,2,8,,#foodie #art #love
IG_9025433761,rahul_rocks34,2024-10-31 10:36:52,Image,32,1,3,6,,#viral #art #lifestyle #love #music #nature
IG_4455799121,rohit_tech60,2024-10-31 11:31:35,Image,537,36,26,39,,#love #photooftheday #music #lifestyle
IG_3362908742,kavita_art40,2024-10-31 21:42:51,Carousel,123,19,8,17,"Mumbai, Maharashtra",#foodie #travel #trending #photooftheday
IG_3425631124,the_wanderer17,2024-10-31 23:10:18,Image,822,15,46,128,,#lifestyle #instagood #photooftheday #art #music #fitness
IG_3295748333,kavita_art8,2024-10-31 23:12:21,Image,1282,159,25,54,"Pune, Maharashtra",#instagood #photography
IG_4093826218,style_icon18,2024-11-01 00:42:21,Image,65,4,0,11,"Ahmedabad, Gujarat",#travel #art #photography
IG_0496941628,foodie_anjali48,2024-11-01 04:24:53,Reel,74,3,6,16,,#photography #fitness #viral #photooftheday #nature #travel
IG_3056406288,rohit_tech91,2024-11-01 12:21:09,Reel,453,9,11,89,,#travel #fitness #photography #foodie
IG_1241965482,amit_travels47,2024-11-02 10:29:30,Image,16,0,0,2,"Mumbai, Maharashtra",#fashion #foodie #instagood #photooftheday
IG_8046849750,rahul_rocks92,2024-11-02 13:16:32,Carousel,132,14,5,17,"Paris, France",#photography #viral #lifestyle
IG_0044256032,style_icon19,2024-11-03 09:59:44,Image,5,0,0,0,,#art #nature #fitness
IG_6194263040,the_wanderer79,2024-11-03 11:09:14,Carousel,21,4,1,3,"Bengaluru, Karnataka",#music #love #lifestyle
IG_5725619788,rohit_tech58,2024-11-03 12:41:23,Video,302,48,19,47,,#art #photography #viral #foodie #instagood #photooftheday
IG_0261693097,priya_daily41,2024-11-03 15:21:53,Image,8,0,0,0,"Pune, Maharashtra",#art #photooftheday #lifestyle #photography
IG_9431839422,amit_travels22,2024-11-03 18:11:36,Reel,122,3,9,25,,#lifestyle #instagood #photography #art #music #love
IG_9764820766,ramesh_vlogs76,2024-11-03 21:05:13,Reel,82,7,6,5,"Jaipur, Rajasthan",#viral #nature
IG_1470038009,the_wanderer58,2024-11-03 21:12:30,Image,304,36,18,24,,#photography #music #lifestyle #photooftheday
IG_0650118219,amit_travels90,2024-11-03 22:29:14,Image,22,1,0,2,,#fitness #lifestyle #travel #love #viral #instagood
IG_8573205900,ramesh_vlogs32,2024-11-03 22:54:26,Image,54,6,3,2,,#travel #music #lifestyle #fashion #photooftheday
IG_5402356878,kavita_art46,2024-11-03 23:02:27,Reel,1014,62,88,102,"Ahmedabad, Gujarat",#art #foodie #photography #fitness
IG_9652717855,the_wanderer36,2024-11-03 23:58:42,Image,298,18,6,61,"Dubai, UAE",#travel #nature #viral #instagood #fitness #foodie
IG_2983220019,foodie_anjali47,2024-11-04 02:07:53,Image,0,0,0,0,"Bengaluru, Karnataka",#art #travel #photography #nature
IG_7973130583,ramesh_vlogs26,2024-11-04 06:27:50,Carousel,396,74,14,63,"Dubai, UAE",#lifestyle #travel #photography
IG_7958798647,foodie_anjali82,2024-11-04 09:25:08,Carousel,468,63,46,57,,#art #fashion #foodie #love #fitness
IG_3746813885,kavita_art16,2024-11-04 17:06:24,Image,913,180,52,171,"Paris, France",#foodie #art #love #fitness #photography
IG_0676704679,rohit_tech4,2024-11-04 18:26:50,Image,97,13,3,6,"Bali, Indonesia",#fitness #nature #viral #instagood
IG_5893704958,suresh_fitness66,2024-11-04 19:52:49,Carousel,323,35,9,73,,#photography #fashion #travel #art #lifestyle #instagood
IG_3984441475,kavita_art53,2024-11-05 05:30:34,Image,195,25,6,38,"Delhi, India",#photography #music #fitness #lifestyle
IG_8645139188,foodie_anjali35,2024-11-05 06:38:22,Carousel,470,85,30,19,,#viral #photography #photooftheday #nature #foodie
IG_2859883168,kavita_art9,2024-11-05 08:13:31,Carousel,98,5,6,11,"Dubai, UAE",#nature #trending #travel
IG_1623097881,foodie_anjali61,2024-11-05 15:38:18,Image,610,49,5,83,"Delhi, India",#instagood #viral #fitness #nature #fashion #trending
IG_0155577627,rohit_tech68,2024-11-05 23:14:41,Reel,197,15,19,40,,#trending #music
IG_4565630583,suresh_fitness42,2024-11-05 23:23:43,Reel,194,35,1,5,"Delhi, India",#travel #instagood #trending #viral #photooftheday #art
IG_5945081197,sneha_style75,2024-11-06 05:54:12,Image,51,5,1,5,,#photooftheday #travel #lifestyle #art
IG_3000770270,ramesh_vlogs21,2024-11-06 07:16:10,Carousel,2828,231,61,581,,#travel #lifestyle
IG_0722453768,the_wanderer62,2024-11-06 08:51:17,Video,182,4,10,12,"Jaipur, Rajasthan",#photography #fashion #music #art #photooftheday
IG_3499860465,rohit_tech24,2024-11-06 10:11:46,Carousel,75,11,7,17,,#photography #love #foodie
IG_4763245630,foodie_anjali82,2024-11-06 15:03:24,Carousel,66,10,4,7,"Bali, Indonesia",#nature #instagood
IG_9237218814,foodie_anjali48,2024-11-06 16:42:26,Video,177,23,8,37,"Paris, France",#viral #music #instagood #travel #love #foodie
IG_9653633461,priya_daily59,2024-11-07 05:39:34,Reel,139,5,8,30,"Paris, France",#travel #viral #art #nature
IG_0232904495,ramesh_vlogs74,2024-11-07 06:21:40,Reel,283,16,15,30,"Bengaluru, Karnataka",#nature #trending #lifestyle #photography #fitness #music
IG_8028051123,suresh_fitness62,2024-11-07 17:46:40,Image,69,10,3,15,"Ahmedabad, Gujarat",#foodie #viral #lifestyle #fashion #music #fitness
IG_3500491665,priya_daily99,2024-11-07 18:12:59,Image,141,19,1,12,"Bengaluru, Karnataka",#photography #nature
IG_7161113146,sneha_style89,2024-11-08 08:04:12,Video,46,3,4,2,"Delhi, India",#art #music #viral #photography #instagood #travel
IG_5241060487,rahul_rocks65,2024-11-08 10:37:23,Image,728,111,47,153,"Goa, India",#lifestyle #photooftheday #viral #foodie #fashion
IG_5451105687,ramesh_vlogs28,2024-11-08 15:00:03,Carousel,53,2,4,4,"Pune, Maharashtra",#lifestyle #photography
IG_1864922925,sneha_style9,2024-11-08 16:43:01,Carousel,343,20,11,77,"Jaipur, Rajasthan",#travel #photography #instagood #nature #music
IG_7322785541,sneha_style64,2024-11-08 16:59:43,Reel,282,30,17,18,"Paris, France",#instagood #fitness #trending #fashion #photooftheday
IG_8245758833,foodie_anjali49,2024-11-08 18:08:29,Carousel,409,52,36,15,,#foodie #trending #fitness #fashion #viral
IG_1744293923,priya_daily99,2024-11-08 21:01:28,Reel,290,37,19,54,"Jaipur, Rajasthan",#art #love #music #nature #photography #viral
IG_3891796878,the_wanderer31,2024-11-09 06:25:36,Video,1037,74,87,156,,#viral #photooftheday #fitness #fashion #trending #love
IG_8577742869,amit_travels29,2024-11-09 19:19:43,Image,525,87,10,72,"Jaipur, Rajasthan",#photography #instagood #love #music #photooftheday #travel
IG_8770214091,priya_daily95,2024-11-09 19:37:33,Image,174,25,2,8,"Delhi, India",#trending #foodie #instagood #lifestyle #music
IG_9895344425,rahul_rocks12,2024-11-09 19:50:14,Video,97,1,9,13,"Ahmedabad, Gujarat",#art #nature #instagood #fitness
IG_5649081467,the_wanderer54,2024-11-10 02:12:06,Video,284,54,4,39,"Delhi, India",#instagood #foodie #photooftheday
IG_1156414893,kavita_art29,2024-11-10 04:03:46,Video,123,9,6,29,"Mumbai, Maharashtra",#lifestyle #instagood #photooftheday #foodie #fashion
IG_1678079358,kavita_art30,2024-11-10 05:37:46,Image,701,80,36,75,,#fashion #fitness #lifestyle
IG_5241602851,priya_daily74,2024-11-10 05:46:49,Reel,407,41,4,59,"Goa, India",#photooftheday #art #music
IG_5580663292,the_wanderer19,2024-11-10 06:10:52,Image,29,1,2,2,"Jaipur, Rajasthan",#viral #travel #foodie
IG_1509720942,style_icon30,2024-11-10 09:32:27,Image,46,0,0,10,,#love #viral #art #lifestyle #nature #photooftheday
IG_3978855948,priya_daily20,2024-11-10 21:54:09,Image,701,82,32,109,"Bengaluru, Karnataka",#travel #instagood #viral #lifestyle #fashion #foodie
IG_7973759836,the_wanderer70,2024-11-10 22:23:59,Carousel,5,0,0,0,"Paris, France",#travel #lifestyle #music #viral
IG_8460329842,style_icon1,2024-11-10 23:57:52,Reel,75,11,2,3,"Bengaluru, Karnataka",#lifestyle #love #viral #photography
IG_9147697115,foodie_anjali43,2024-11-11 01:06:08,Carousel,28,1,0,1,,#photography #fashion #viral #nature #trending #instagood
IG_8917326411,rahul_rocks34,2024-11-11 02:34:36,Reel,25,1,1,5,"Goa, India",#foodie #music #viral #instagood #fashion #lifestyle
IG_5580140311,ramesh_vlogs47,2024-11-11 04:22:54,Image,1083,158,69,248,,#travel #art
IG_6658084026,suresh_fitness42,2024-11-11 04:29:28,Image,174,12,13,22,"Goa, India",#foodie #trending
IG_5623969040,sneha_style87,2024-11-11 07:18:22,Image,151,12,13,35,"Ahmedabad, Gujarat",#trending #fitness
IG_0108177059,style_icon98,2024-11-11 13:16:57,Reel,114,1,5,18,"Dubai, UAE",#photography #art
IG_2582782699,suresh_fitness13,2024-11-11 13:35:24,Image,61,7,3,5,"Paris, France",#love #fashion #lifestyle #art
IG_6444710534,suresh_fitness82,2024-11-11 14:39:28,Carousel,22,1,1,1,,#lifestyle #viral
IG_3955180190,rahul_rocks81,2024-11-11 16:13:09,Image,68,9,5,3,,#love #fashion #photography #travel #viral #lifestyle
IG_2247405784,rahul_rocks8,2024-11-11 19:26:50,Image,119,12,2,8,"Dubai, UAE",#trending #love #music #foodie #photography
IG_6459182883,kavita_art11,2024-11-11 20:53:18,Reel,45,5,0,2,"Paris, France",#fitness #travel #photooftheday
IG_0883393669,kavita_art36,2024-11-12 05:07:11,Video,19,2,1,3,"Bali, Indonesia",#fitness #photooftheday #lifestyle #foodie #nature
IG_7840418232,amit_travels48,2024-11-12 06:17:06,Carousel,75,6,3,17,,#foodie #music #photography
IG_5726109126,style_icon82,2024-11-12 18:58:43,Carousel,329,10,2,20,,#music #trending
IG_7157780189,style_icon47,2024-11-13 01:22:53,Reel,340,39,20,11,,#instagood #photooftheday #trending
IG_5808225666,the_wanderer64,2024-11-13 06:47:52,Image,277,6,17,61,"Goa, India",#music #foodie #travel
IG_5427994687,suresh_fitness63,2024-11-13 10:23:03,Image,577,79,46,110,"Bengaluru, Karnataka",#art #travel #trending #viral #photooftheday
IG_2052558848,style_icon72,2024-11-13 10:37:11,Video,86,12,5,2,,#foodie #photography #nature #trending #art
IG_4537588767,rohit_tech26,2024-11-13 22:08:28,Image,832,83,35,35,"Paris, France",#fashion #foodie #instagood #lifestyle #love
IG_9269197594,sneha_style63,2024-11-13 23:17:51,Image,135,18,12,10,,#photooftheday #viral #music #fitness
IG_0128071103,kavita_art93,2024-11-14 00:42:26,Carousel,16,0,1,2,"Bengaluru, Karnataka",#foodie #trending #travel #fitness
IG_3174387182,rahul_rocks7,2024-11-14 01:16:57,Image,351,19,13,39,,#art #music #viral
IG_7360473173,ramesh_vlogs72,2024-11-14 02:05:11,Carousel,704,114,59,137,,#trending #fashion #instagood #foodie
IG_6144882470,amit_travels92,2024-11-14 06:40:15,Reel,116,11,10,3,"Delhi, India",#fitness #fashion #foodie #nature #photography #travel
IG_9837913060,amit_travels3,2024-11-14 08:20:17,Image,542,91,52,81,"Jaipur, Rajasthan",#nature #trending #photooftheday #travel
IG_0366942759,kavita_art19,2024-11-14 13:13:19,Image,9,1,0,2,"Paris, France",#trending #lifestyle #nature #viral
IG_9999988416,style_icon88,2024-11-14 19:42:25,Image,226,24,2,20,,#photography #fashion #fitness #travel #foodie #instagood
IG_0613527849,priya_daily14,2024-11-14 23:28:14,Image,55,8,1,2,"Pune, Maharashtra",#travel #instagood #love #trending #fashion
IG_0905293668,ramesh_vlogs52,2024-11-15 00:16:28,Reel,425,63,36,23,,#foodie #instagood #music #photography #nature #photooftheday
IG_3736790639,priya_daily26,2024-11-15 06:42:21,Reel,1736,231,143,85,"Mumbai, Maharashtra",#instagood #photooftheday #viral #trending #fashion #foodie
IG_8369028383,rahul_rocks15,2024-11-15 07:59:15,Video,78,2,3,2,"Jaipur, Rajasthan",#love #viral #fashion #photooftheday #lifestyle
IG_7993711229,rahul_rocks50,2024-11-15 13:53:31,Carousel,168,12,12,40,"Dubai, UAE",#nature #trending #music #art
IG_1735163907,ramesh_vlogs21,2024-11-15 15:47:06,Reel,648,18,31,116,,#love #lifestyle #art #photooftheday #viral #photography
IG_4967952016,style_icon75,2024-11-15 15:49:12,Video,2881,35,179,398,"Goa, India",#love #trending #lifestyle
IG_3930272879,the_wanderer72,2024-11-15 22:34:26,Image,251,9,11,30,"Bengaluru, Karnataka",#love #nature #fitness
IG_2661903682,ramesh_vlogs71,2024-11-16 01:48:24,Video,2012,290,156,168,"Mumbai, Maharashtra",#nature #travel #instagood #art #love #music
IG_2308895580,foodie_anjali10,2024-11-16 03:47:07,Image,276,5,16,12,,#instagood #love
IG_6910961480,ramesh_vlogs53,2024-11-16 04:41:27,Carousel,7,0,0,0,"Ahmedabad, Gujarat",#music #art #trending #love #fitness #instagood
IG_9202980865,priya_daily95,2024-11-16 06:43:20,Carousel,94,15,8,20,"Paris, France",#fashion #instagood #foodie #nature #music
IG_6379614286,sneha_style41,2024-11-16 16:59:38,Image,21,3,1,0,"Bali, Indonesia",#fashion #instagood #nature #love
IG_2719616633,rahul_rocks49,2024-11-16 18:39:56,Image,335,26,31,52,"Paris, France",#viral #fitness
IG_8930691221,ramesh_vlogs5,2024-11-16 20:23:16,Image,195,8,0,36,,#foodie #instagood #fitness #fashion
IG_3808268896,the_wanderer15,2024-11-16 23:04:25,Carousel,69,4,1,13,"Pune, Maharashtra",#music #love #instagood #trending #foodie #viral
IG_0149461661,amit_travels75,2024-11-17 10:43:24,Video,33,1,0,4,,#trending #art #instagood
IG_5956785728,sneha_style97,2024-11-17 10:58:00,Image,869,95,52,184,"Bali, Indonesia",#love #fitness #fashion
IG_3645180908,suresh_fitness62,2024-11-17 17:12:05,Carousel,33,1,1,3,"Pune, Maharashtra",#art #fitness #love
IG_0514108342,foodie_anjali14,2024-11-17 22:39:22,Image,46,1,2,6,"Jaipur, Rajasthan",#fashion #fitness #foodie #art #photography
IG_5800090439,rahul_rocks89,2024-11-17 22:43:11,Carousel,3848,354,43,298,"Dubai, UAE",#photography #trending #lifestyle #art
IG_4275203170,sneha_style4,2024-11-18 05:03:12,Video,25,2,1,1,,#art #trending #photography #love
IG_2910923880,priya_daily74,2024-11-18 06:16:52,Video,10,0,0,0,,#photooftheday #photography #nature #foodie
IG_4009678668,style_icon94,2024-11-18 06:19:47,Image,352,53,25,17,,#instagood #fitness #viral #nature
IG_9183951501,suresh_fitness6,2024-11-18 21:53:59,Carousel,615,51,37,40,"Bengaluru, Karnataka",#lifestyle #fashion
IG_8358516384,ramesh_vlogs42,2024-11-18 23:37:55,Carousel,60,8,3,7,"Ahmedabad, Gujarat",#viral #nature #music
IG_8678405353,priya_daily7,2024-11-19 07:42:13,Image,196,3,15,43,"Delhi, India",#fashion #trending
IG_9787705439,ramesh_vlogs52,2024-11-19 09:38:25,Image,6,0,0,1,,#trending #photography #travel #viral
IG_0390685375,priya_daily63,2024-11-19 15:10:59,Carousel,53,9,1,1,,#foodie #fitness #nature #instagood #love
IG_2822832659,style_icon82,2024-11-19 19:49:56,Carousel,113,16,1,11,"Jaipur, Rajasthan",#fashion #lifestyle #music
IG_6506720245,foodie_anjali66,2024-11-20 04:36:13,Image,304,22,27,57,,#lifestyle #fitness #foodie #viral
IG_8196289784,foodie_anjali23,2024-11-20 05:26:58,Carousel,130,19,2,9,"Mumbai, Maharashtra",#music #fashion #trending #viral
IG_7216636718,suresh_fitness87,2024-11-20 13:48:41,Carousel,29,4,2,4,"Delhi, India",#lifestyle #photooftheday #photography
IG_5607243047,amit_travels68,2024-11-20 18:15:15,Image,685,54,18,130,,#art #photography #travel
IG_1845771149,amit_travels61,2024-11-20 19:48:19,Carousel,678,124,54,123,"Paris, France",#lifestyle #love #travel #trending
IG_0750624663,kavita_art23,2024-11-20 21:55:06,Video,785,71,49,63,,#foodie #art #photooftheday #trending #lifestyle #music
IG_6757520919,style_icon12,2024-11-21 03:23:56,Image,124,9,2,16,"Bali, Indonesia",#photooftheday #trending #fashion
IG_0513039904,kavita_art69,2024-11-21 07:34:00,Image,1178,88,49,50,,#lifestyle #fashion #music #instagood #nature
IG_4167687141,rahul_rocks62,2024-11-21 23:51:52,Image,490,65,23,86,"Jaipur, Rajasthan",#love #nature #photooftheday #travel #fitness #music
IG_5849030654,foodie_anjali7,2024-11-22 05:29:23,Image,39,2,0,3,,#travel #lifestyle
IG_4859028617,the_wanderer78,2024-11-22 05:44:37,Reel,178,31,10,38,,#art #lifestyle #travel #trending
IG_6779561091,ramesh_vlogs98,2024-11-22 08:49:16,Image,13,1,0,0,"Paris, France",#viral #photooftheday #instagood #music
IG_3778433260,ramesh_vlogs66,2024-11-22 10:40:38,Reel,25,0,0,5,"Delhi, India",#lifestyle #fitness
IG_9676700019,sneha_style36,2024-11-22 12:47:59,Image,2764,523,246,330,,#love #photography #fitness #foodie #instagood
IG_6733988399,amit_travels22,2024-11-22 14:57:26,Video,458,80,15,85,,#art #travel
IG_6465249075,kavita_art78,2024-11-22 16:31:14,Carousel,8236,1067,472,178,,#instagood #viral
IG_6931108264,rohit_tech90,2024-11-22 18:23:26,Reel,95,15,0,14,"Bali, Indonesia",#foodie #love #photography
IG_2193715940,the_wanderer32,2024-11-23 01:53:26,Video,18,3,1,3,"Bali, Indonesia",#nature #foodie #music #travel #viral #love
IG_4099511629,priya_daily67,2024-11-23 03:44:03,Image,32,2,3,6,"Delhi, India",#instagood #fitness #trending
IG_1221674849,priya_daily82,2024-11-23 04:51:21,Image,687,84,21,49,,#lifestyle #art
IG_9669127787,kavita_art6,2024-11-23 07:37:47,Carousel,127,16,1,8,"Mumbai, Maharashtra",#photooftheday #foodie #photography #love #viral
IG_2763615910,foodie_anjali9,2024-11-23 08:03:47,Reel,1807,170,78,306,,#nature #viral
IG_1300466074,suresh_fitness78,2024-11-23 10:25:26,Image,263,36,15,36,,#instagood #art #nature
IG_6516117245,ramesh_vlogs61,2024-11-23 20:55:59,Carousel,82,4,2,15,,#photooftheday #love
IG_4803755849,rahul_rocks81,2024-11-24 00:44:12,Reel,401,46,28,76,"Ahmedabad, Gujarat",#travel #fitness
IG_7588047358,suresh_fitness69,2024-11-24 01:52:57,Image,191,10,4,23,"Pune, Maharashtra",#photography #trending #nature
IG_0189912722,priya_daily57,2024-11-24 03:22:21,Carousel,2587,475,86,543,,#trending #music #viral #nature
IG_2418191309,foodie_anjali55,2024-11-24 17:28:30,Image,526,81,22,78,"Goa, India",#fashion #fitness #foodie #viral
IG_1714428452,ramesh_vlogs28,2024-11-24 17:30:37,Reel,84,9,4,12,"Bengaluru, Karnataka",#fashion #photooftheday
IG_1793291554,suresh_fitness22,2024-11-24 22:57:45,Image,95,18,2,17,,#foodie #love
IG_6235592448,ramesh_vlogs19,2024-11-25 01:06:40,Video,181,32,12,23,"Pune, Maharashtra",#photooftheday #nature
IG_4465359114,ramesh_vlogs97,2024-11-25 08:22:19,Carousel,102,18,4,11,"Bengaluru, Karnataka",#foodie #lifestyle #trending #love
IG_8040828997,rahul_rocks80,2024-11-25 14:59:21,Reel,1593,229,146,68,,#fashion #nature #travel #art
IG_0757366852,ramesh_vlogs25,2024-11-25 19:04:17,Image,690,60,35,155,,#trending #travel #fashion
IG_1292933760,foodie_anjali40,2024-11-26 00:28:54,Reel,19,1,1,1,"Delhi, India",#music #photography #photooftheday
IG_0581583250,foodie_anjali2,2024-11-26 01:25:58,Video,51,8,3,10,"Delhi, India",#photography #music #viral
IG_5759228349,the_wanderer35,2024-11-26 06:15:49,Reel,104,16,7,15,"Paris, France",#trending #fashion #foodie #fitness
IG_6743975296,suresh_fitness56,2024-11-26 11:25:19,Carousel,414,78,13,27,"Pune, Maharashtra",#trending #nature
IG_2444372193,foodie_anjali56,2024-11-26 11:45:46,Reel,119,9,3,28,,#travel #art #photography #photooftheday #fashion
IG_2792852229,the_wanderer95,2024-11-26 13:10:47,Image,124,13,1,26,,#foodie #art #photooftheday #viral
IG_6399660656,rohit_tech59,2024-11-26 13:47:37,Reel,39,3,3,2,"Bali, Indonesia",#instagood #viral #fitness
IG_5698114010,sneha_style22,2024-11-26 15:11:31,Carousel,851,17,47,110,"Bengaluru, Karnataka",#travel #nature #fitness #art #photooftheday #viral
IG_6624122315,kavita_art89,2024-11-26 17:57:29,Image,1713,32,69,58,,#foodie #viral #photooftheday #photography #nature #lifestyle
IG_9736698249,priya_daily76,2024-11-26 18:01:38,Reel,34,2,0,1,"Ahmedabad, Gujarat",#photooftheday #travel #nature #love #photography #fashion
IG_6248650956,foodie_anjali17,2024-11-26 20:00:32,Carousel,391,37,4,92,"Ahmedabad, Gujarat",#photography #instagood #viral #lifestyle
IG_1364053678,ramesh_vlogs8,2024-11-27 03:22:50,Reel,33,4,0,3,"Goa, India",#art #fitness #travel #instagood #viral #foodie
IG_8463531512,foodie_anjali84,2024-11-27 11:58:07,Image,165,15,13,18,"Goa, India",#photography #love #fashion #art #trending
IG_5294220900,ramesh_vlogs14,2024-11-27 12:04:07,Carousel,95,15,3,20,"Paris, France",#lifestyle #photooftheday
IG_8622108434,rahul_rocks64,2024-11-27 15:56:56,Video,742,47,38,57,"Paris, France",#nature #instagood
IG_3498331369,amit_travels73,2024-11-27 18:27:35,Carousel,23,0,0,0,"Bali, Indonesia",#trending #love #fashion #nature
IG_4290817952,suresh_fitness25,2024-11-28 05:18:37,Reel,3303,328,282,299,"Paris, France",#travel #trending
IG_2087611738,rahul_rocks11,2024-11-28 07:40:27,Carousel,71,7,5,9,,#lifestyle #photography
IG_4595664373,rahul_rocks51,2024-11-28 11:33:33,Video,39,0,3,8,,#fitness #photography #love #viral #foodie #trending
IG_1070391654,rahul_rocks87,2024-11-28 13:58:58,Image,1196,74,99,295,"Paris, France",#viral #photooftheday #trending #lifestyle #fitness
IG_5189325661,rahul_rocks67,2024-11-28 14:31:33,Image,173,33,3,27,,#instagood #travel #art #music #nature
IG_4731064986,the_wanderer98,2024-11-28 15:11:16,Reel,101,2,9,9,,#fashion #photography #viral #art
IG_4133490205,foodie_anjali8,2024-11-28 17:01:38,Image,542,16,27,120,"Ahmedabad, Gujarat",#travel #trending #nature #photooftheday #fashion
IG_2581648224,foodie_anjali3,2024-11-28 18:06:40,Video,27,4,2,1,,#photooftheday #photography #fitness #travel #nature #fashion
IG_9058302291,kavita_art84,2024-11-28 18:21:22,Carousel,1468,31,62,357,"Dubai, UAE",#travel #fashion
IG_0003034031,kavita_art84,2024-11-28 21:01:04,Carousel,23,1,1,3,"Bali, Indonesia",#music #viral
IG_0542762526,foodie_anjali27,2024-11-28 23:11:19,Image,139,19,8,21,"Ahmedabad, Gujarat",#fitness #lifestyle #photooftheday #love #travel
IG_6301817263,priya_daily68,2024-11-29 01:03:31,Reel,139,21,4,29,,#trending #lifestyle #photography #viral #art
IG_9664111055,ramesh_vlogs97,2024-11-29 11:53:23,Image,750,106,6,88,,#art #photography #fashion #foodie #music #nature
IG_9848877241,amit_travels52,2024-11-29 13:24:47,Image,55,2,4,5,"Bengaluru, Karnataka",#photography #viral #fashion #nature #art #fitness
IG_2969022969,suresh_fitness85,2024-11-29 18:41:02,Image,731,71,56,120,"Bengaluru, Karnataka",#trending #music
IG_5361203285,priya_daily88,2024-11-30 00:16:51,Reel,211,18,20,21,"Jaipur, Rajasthan",#fitness #music #viral
IG_6574432009,suresh_fitness76,2024-11-30 01:11:31,Reel,246,25,22,20,"Goa, India",#nature #photography #fashion #music #fitness
IG_2647761254,foodie_anjali94,2024-11-30 05:55:38,Reel,307,28,9,19,,#music #fitness
IG_7958824684,kavita_art35,2024-11-30 11:24:11,Image,14,2,0,1,"Goa, India",#fashion #lifestyle
IG_1280459173,suresh_fitness4,2024-11-30 15:49:11,Reel,13,0,0,0,,#photography #art #nature #love #music
IG_3763162035,kavita_art18,2024-11-30 22:09:23,Image,541,37,36,68,"Bali, Indonesia",#fitness #music #art
IG_6450036362,style_icon75,2024-11-30 23:25:38,Image,51,3,4,2,,#trending #nature
IG_1990954459,rahul_rocks19,2024-11-30 23:36:55,Reel,66,8,5,14,"Dubai, UAE",#travel #love
IG_1795929706,priya_daily32,2024-12-01 02:57:55,Image,29,4,1,5,"Pune, Maharashtra",#foodie #photography #trending
IG_5791140948,priya_daily79,2024-12-01 09:18:37,Reel,40,4,2,9,"Delhi, India",#art #fashion #photography #trending
IG_7133859663,sneha_style50,2024-12-01 12:08:55,Reel,110,8,4,9,"Delhi, India",#fitness #art #nature
IG_2970346121,amit_travels82,2024-12-01 18:16:45,Reel,126,23,0,8,,#nature #art #music #foodie
IG_3802616228,suresh_fitness72,2024-12-01 18:31:18,Reel,83,11,3,14,,#art #lifestyle #instagood #love #foodie
IG_6730778453,foodie_anjali98,2024-12-01 19:58:35,Reel,359,40,6,14,,#instagood #art #nature #fitness #foodie
IG_8662537476,rahul_rocks14,2024-12-01 21:28:00,Image,144,14,12,20,"Bengaluru, Karnataka",#viral #instagood #music
IG_4460358457,kavita_art73,2024-12-02 03:46:01,Reel,15,1,0,2,,#viral #fitness #photography #art
IG_4034096330,amit_travels51,2024-12-02 03:51:44,Reel,32,0,1,6,"Jaipur, Rajasthan",#instagood #fashion #lifestyle #photooftheday #love #photography
IG_8228053589,ramesh_vlogs19,2024-12-02 05:26:24,Image,183,29,15,13,"Ahmedabad, Gujarat",#photooftheday #art
IG_0563184000,amit_travels46,2024-12-02 10:21:37,Reel,68,7,0,13,"Dubai, UAE",#music #nature
IG_1359783767,foodie_anjali77,2024-12-02 10:37:45,Carousel,11,2,0,1,,#trending #foodie #love #photooftheday
IG_4676574836,suresh_fitness34,2024-12-02 11:26:18,Image,40,6,0,0,"Goa, India",#music #travel
IG_7516782193,ramesh_vlogs71,2024-12-02 15:08:30,Image,8,0,0,1,,#viral #fashion #art #photography #nature #travel
IG_8313669046,rohit_tech52,2024-12-02 18:19:45,Image,30,4,2,2,"Mumbai, Maharashtra",#viral #travel #nature
IG_4633683782,suresh_fitness7,2024-12-02 18:27:07,Carousel,180,5,14,16,,#foodie #trending #music #photography #travel #viral
IG_3899713984,foodie_anjali86,2024-12-02 22:17:10,Image,197,16,7,11,"Bali, Indonesia",#photooftheday #music #lifestyle #photography #instagood
IG_4701629462,suresh_fitness33,2024-12-03 02:00:01,Video,163,17,4,33,"Bali, Indonesia",#fashion #photography #nature #photooftheday #music
IG_2281965021,foodie_anjali66,2024-12-03 12:53:30,Image,6,1,0,0,,#fitness #foodie
IG_0102947850,priya_daily92,2024-12-03 22:05:34,Carousel,227,6,15,31,"Pune, Maharashtra",#photooftheday #foodie #fashion
IG_1534878796,sneha_style53,2024-12-04 00:56:14,Video,429,77,27,29,"Ahmedabad, Gujarat",#instagood #art #music
IG_5115996472,rohit_tech44,2024-12-04 08:25:53,Video,1367,143,136,48,,#foodie #lifestyle #art #photooftheday #fitness
IG_0002818010,foodie_anjali5,2024-12-04 09:35:29,Reel,55,6,4,4,,#photography #fitness #foodie
IG_3189553843,amit_travels25,2024-12-04 12:20:26,Image,222,16,15,10,,#instagood #love #music #art #photography #photooftheday
IG_5075322869,suresh_fitness23,2024-12-04 14:54:36,Video,634,87,40,109,,#travel #trending #music #nature
IG_9567418508,the_wanderer31,2024-12-05 00:05:30,Video,145,3,4,13,,#travel #photooftheday
IG_9665470608,suresh_fitness33,2024-12-05 00:17:51,Image,16,0,1,3,"Bali, Indonesia",#foodie #music #travel #fashion #photography #love
IG_3206160567,rahul_rocks3,2024-12-05 02:57:12,Image,26,4,0,0,,#fashion #foodie #fitness #travel #photooftheday #love
IG_8344876934,rohit_tech31,2024-12-05 03:26:58,Reel,10,1,0,1,,#travel #lifestyle #art #instagood #photooftheday #music
IG_0471378310,priya_daily70,2024-12-05 03:34:09,Image,393,60,36,24,"Pune, Maharashtra",#love #photography #fashion #music
IG_1159211958,amit_travels69,2024-12-05 03:35:19,Carousel,488,28,32,52,,#instagood #fitness
IG_7982987127,kavita_art60,2024-12-05 06:03:26,Image,196,14,11,34,"Jaipur, Rajasthan",#art #fitness
IG_8415189173,rohit_tech99,2024-12-05 06:04:24,Reel,737,38,34,19,"Ahmedabad, Gujarat",#love #music #nature #fashion #viral #art
IG_1306508099,priya_daily32,2024-12-05 06:45:22,Video,321,18,22,16,"Jaipur, Rajasthan",#photooftheday #love #viral #photography #travel #music
IG_8256159155,suresh_fitness62,2024-12-05 07:15:17,Image,41,1,2,0,"Ahmedabad, Gujarat",#love #fitness #travel #art
IG_4350505181,priya_daily41,2024-12-05 08:19:02,Carousel,86,13,6,18,,#foodie #nature
IG_9428098702,rahul_rocks98,2024-12-05 11:02:45,Reel,210,17,12,19,"Delhi, India",#music #photooftheday #trending
IG_2185244102,suresh_fitness41,2024-12-06 09:10:39,Reel,55,5,1,4,"Dubai, UAE",#nature #viral
IG_5031161879,ramesh_vlogs4,2024-12-06 14:32:59,Image,666,49,16,166,"Bengaluru, Karnataka",#instagood #trending #fitness #photooftheday #music #art
IG_8132124729,suresh_fitness63,2024-12-06 16:23:40,Image,109,9,8,3,"Paris, France",#photography #foodie #travel #instagood #love #music
IG_0174314502,amit_travels69,2024-12-06 20:01:00,Reel,397,50,32,43,,#trending #photooftheday #love
IG_3159259237,foodie_anjali39,2024-12-07 01:38:54,Video,46,0,2,3,"Jaipur, Rajasthan",#nature #art #music #viral #photooftheday
IG_2109137333,rohit_tech41,2024-12-07 01:49:23,Reel,214,40,3,29,"Pune, Maharashtra",#viral #love #travel #nature #fitness #fashion
IG_1029508402,amit_travels29,2024-12-07 02:49:02,Image,954,96,82,184,,#love #photography #art
IG_3748698838,ramesh_vlogs1,2024-12-07 03:34:17,Image,1056,44,41,121,"Pune, Maharashtra",#fitness #instagood #love #art
IG_2030452618,rohit_tech92,2024-12-07 06:19:48,Image,150,22,11,30,,#photography #love #foodie #travel #nature
IG_3026682163,kavita_art20,2024-12-07 10:53:46,Carousel,115,22,2,17,,#travel #love #instagood #lifestyle #nature #trending
IG_1273138317,sneha_style10,2024-12-07 19:27:02,Video,60,2,2,12,"Ahmedabad, Gujarat",#photography #lifestyle #foodie
IG_3413678233,rohit_tech1,2024-12-07 23:15:01,Reel,238,32,14,5,,#love #foodie #fitness #trending #instagood
IG_4441765268,rahul_rocks70,2024-12-08 00:38:56,Image,183,13,15,6,,#photography #foodie #nature #travel #viral
IG_7340893786,style_icon93,2024-12-08 01:00:24,Video,704,118,46,157,"Paris, France",#instagood #music
IG_4376047012,the_wanderer58,2024-12-08 06:19:43,Reel,78,9,3,7,,#photography #art
IG_4599558627,the_wanderer97,2024-12-08 07:03:40,Image,256,25,4,60,"Ahmedabad, Gujarat",#photography #nature #art #travel #fitness #trending
IG_7491144580,style_icon18,2024-12-08 10:36:05,Image,114,17,9,25,,#art #nature
IG_6778985570,rahul_rocks46,2024-12-08 11:11:28,Reel,471,89,15,28,"Goa, India",#nature #instagood #fashion #foodie #love #art
IG_9848906163,style_icon96,2024-12-08 22:18:56,Reel,45,6,2,4,"Pune, Maharashtra",#nature #music #fashion #love #photooftheday #fitness
IG_3020297784,ramesh_vlogs47,2024-12-09 04:42:06,Image,370,3,11,65,"Bengaluru, Karnataka",#viral #photography #love #travel
IG_8066171903,kavita_art92,2024-12-09 06:57:27,Carousel,85,7,5,18,"Delhi, India",#love #art #fashion #instagood #trending #music
IG_6272609624,ramesh_vlogs84,2024-12-09 11:41:19,Image,348,28,2,80,,#viral #nature #instagood #photography #fashion
IG_9348129685,sneha_style43,2024-12-09 12:08:16,Carousel,37,5,1,3,"Paris, France",#nature #trending #travel #art #foodie
IG_5058986101,rahul_rocks78,2024-12-09 13:43:38,Reel,412,72,10,54,"Dubai, UAE",#fashion #photography
IG_4513358490,sneha_style90,2024-12-10 02:46:52,Reel,79,3,2,2,"Bengaluru, Karnataka",#music #viral #travel
IG_3795609762,style_icon53,2024-12-10 07:44:28,Reel,176,19,5,9,"Goa, India",#art #photooftheday #photography
IG_0732399411,suresh_fitness74,2024-12-10 19:04:05,Image,66,1,5,3,,#foodie #trending #photography #travel
IG_8285143667,kavita_art23,2024-12-10 20:24:34,Carousel,15,2,0,2,"Mumbai, Maharashtra",#art #music #viral #trending
IG_1489600225,rahul_rocks51,2024-12-11 04:29:50,Reel,60,6,1,12,"Jaipur, Rajasthan",#trending #travel #photography #viral #instagood #photooftheday
IG_4778141262,amit_travels74,2024-12-11 04:40:00,Reel,773,24,63,19,"Paris, France",#lifestyle #trending #photography #love
IG_8299196670,kavita_art65,2024-12-11 06:19:34,Reel,33,3,1,4,,#nature #trending #viral #fashion
IG_6828473957,kavita_art24,2024-12-11 06:27:15,Image,41,1,0,3,,#photography #fitness #travel #nature #photooftheday
IG_8715339049,style_icon62,2024-12-11 06:56:48,Reel,349,18,15,71,"Goa, India",#travel #fitness #art #lifestyle
IG_0689559143,sneha_style74,2024-12-11 13:58:44,Video,154,23,13,36,"Bengaluru, Karnataka",#photography #music #lifestyle #art
IG_4061299152,the_wanderer81,2024-12-11 14:42:11,Carousel,41,1,1,8,"Delhi, India",#fashion #photography #music #viral #nature
IG_1022249681,kavita_art61,2024-12-11 15:16:27,Carousel,14400,1207,1207,878,,#fashion #fitness #nature #photooftheday #travel
IG_4661287465,style_icon48,2024-12-11 16:40:56,Image,74,13,1,3,"Paris, France",#trending #instagood
IG_7135949553,ramesh_vlogs3,2024-12-11 22:42:12,Image,10,0,0,1,,#viral #fashion #lifestyle
IG_2459509353,rahul_rocks55,2024-12-12 07:45:38,Video,651,36,57,135,"Bali, Indonesia",#photography #instagood #lifestyle #photooftheday #love #travel
IG_2396582643,amit_travels81,2024-12-12 08:26:45,Image,271,34,16,54,,#photography #foodie #love #lifestyle
IG_4930482034,suresh_fitness78,2024-12-12 12:50:58,Image,393,68,30,78,"Bali, Indonesia",#photography #viral
IG_6252286939,ramesh_vlogs99,2024-12-13 00:33:14,Video,359,57,12,71,,#nature #love #travel #lifestyle #viral #photography
IG_0949142609,style_icon19,2024-12-13 10:52:42,Video,196,35,5,8,"Goa, India",#music #photooftheday #nature #viral #fashion #trending
IG_2787071950,rohit_tech67,2024-12-13 13:47:59,Image,1826,210,121,195,"Bali, Indonesia",#nature #viral #lifestyle
IG_5893457601,rohit_tech36,2024-12-13 15:52:12,Video,100,14,7,23,"Jaipur, Rajasthan",#music #travel #fitness #instagood #photooftheday #photography
IG_7531615584,foodie_anjali50,2024-12-13 16:27:01,Image,38,0,0,3,,#photography #nature
IG_1585263720,priya_daily70,2024-12-13 16:49:39,Image,215,4,16,8,"Bengaluru, Karnataka",#viral #travel #music #instagood #lifestyle #fitness
IG_9773638073,rahul_rocks39,2024-12-13 18:32:36,Video,176,7,11,19,,#foodie #lifestyle
IG_6713398285,style_icon28,2024-12-13 21:32:02,Reel,26,0,2,2,,#foodie #trending
IG_4338372082,amit_travels73,2024-12-13 22:06:08,Carousel,196,24,1,44,,#nature #lifestyle
IG_4469313086,the_wanderer39,2024-12-13 23:39:43,Image,1188,170,56,42,"Delhi, India",#love #photography
IG_8995556945,ramesh_vlogs29,2024-12-14 00:42:28,Image,264,25,20,46,,#art #trending #fashion #travel #nature
IG_2185431031,ramesh_vlogs12,2024-12-14 01:44:20,Carousel,46,6,1,8,,#lifestyle #viral #nature #photography
IG_1381850070,rahul_rocks45,2024-12-14 07:13:09,Reel,614,80,24,117,,#foodie #art #music #fitness #travel
IG_2150599685,rahul_rocks30,2024-12-14 12:55:08,Video,51,2,4,5,,#photooftheday #fashion #love
IG_2413961010,amit_travels99,2024-12-14 13:07:39,Reel,9,0,0,1,"Dubai, UAE",#photography #fashion
IG_5049590530,sneha_style57,2024-12-14 19:46:14,Image,656,12,30,125,"Mumbai, Maharashtra",#travel #fashion #trending
IG_8829383648,priya_daily48,2024-12-14 22:23:53,Image,107,6,0,10,"Bengaluru, Karnataka",#nature #viral #foodie #love #lifestyle
IG_9858329139,rahul_rocks99,2024-12-15 04:14:13,Image,103,1,6,6,"Delhi, India",#instagood #trending #nature #art #lifestyle
IG_6032978275,rahul_rocks6,2024-12-15 10:11:21,Reel,362,24,23,15,"Pune, Maharashtra",#love #fitness #photography
IG_5501419685,foodie_anjali25,2024-12-15 12:09:20,Reel,705,40,35,158,,#fashion #fitness #travel
IG_7153134262,suresh_fitness88,2024-12-15 15:58:04,Image,102,12,4,16,"Goa, India",#photography #travel #lifestyle #instagood #love #fitness
IG_3186271987,style_icon54,2024-12-15 23:36:59,Video,75,10,0,6,"Goa, India",#viral #instagood #fitness #lifestyle #trending
IG_1322750111,rahul_rocks90,2024-12-16 00:11:23,Image,57,1,1,7,"Delhi, India",#instagood #fitness #love #photography #viral
IG_2648365927,sneha_style62,2024-12-16 03:51:57,Image,54,8,1,10,"Bengaluru, Karnataka",#instagood #music #nature
IG_6251932844,sneha_style5,2024-12-16 09:17:12,Reel,1227,240,109,63,"Delhi, India",#nature #foodie #music #viral #travel #instagood
IG_3407893874,style_icon16,2024-12-16 11:07:45,Reel,103,9,2,22,"Dubai, UAE",#trending #music #foodie #instagood #fitness
IG_0990466243,sneha_style88,2024-12-16 14:46:01,Carousel,354,27,14,16,,#viral #trending #lifestyle #travel #art
IG_8278350997,the_wanderer97,2024-12-17 06:01:51,Image,893,125,6,220,"Bali, Indonesia",#music #foodie #trending #art #photography #lifestyle
IG_0774601651,priya_daily38,2024-12-17 06:56:01,Image,2107,181,154,329,"Goa, India",#viral #travel #nature #love
IG_5350897463,priya_daily82,2024-12-17 08:12:44,Carousel,46,8,0,7,"Pune, Maharashtra",#love #lifestyle #art #nature #viral
IG_7371858427,amit_travels52,2024-12-17 12:13:02,Image,22,3,1,3,"Mumbai, Maharashtra",#photooftheday #love #nature
IG_2626654551,suresh_fitness8,2024-12-17 16:57:48,Reel,80,7,4,7,"Goa, India",#trending #love #photooftheday #instagood
IG_3270766830,suresh_fitness74,2024-12-17 19:25:12,Image,297,8,23,19,,#travel #fashion #photooftheday
IG_2180411273,ramesh_vlogs75,2024-12-17 23:56:17,Image,137,7,9,12,"Mumbai, Maharashtra",#photooftheday #trending #nature #photography #music
IG_2572615173,kavita_art89,2024-12-18 00:35:36,Carousel,158,22,10,6,"Delhi, India",#music #viral #love #travel #photooftheday
IG_6496369015,priya_daily1,2024-12-18 00:53:56,Reel,117,18,11,28,"Paris, France",#art #photography
IG_9432867052,rohit_tech94,2024-12-18 01:19:19,Reel,272,6,2,21,"Bali, Indonesia",#art #lifestyle #fashion
IG_6312386961,amit_travels29,2024-12-18 07:52:01,Carousel,143,14,12,21,"Mumbai, Maharashtra",#art #love #fitness #photography #nature #music
IG_3683042721,foodie_anjali52,2024-12-18 08:38:24,Video,20,1,0,2,"Jaipur, Rajasthan",#lifestyle #foodie #fitness #instagood #art #music
IG_5283522448,kavita_art7,2024-12-18 14:15:32,Reel,458,66,21,98,"Ahmedabad, Gujarat",#foodie #nature #trending
IG_5945748473,ramesh_vlogs94,2024-12-18 14:21:17,Carousel,4221,812,295,104,,#photooftheday #fashion #instagood #love #photography
IG_0970306394,ramesh_vlogs79,2024-12-18 16:40:35,Image,22,1,2,5,"Bali, Indonesia",#art #fashion #photooftheday #fitness #foodie #lifestyle
IG_4009598661,amit_travels36,2024-12-18 20:17:00,Carousel,12,0,0,1,"Pune, Maharashtra",#nature #fashion #viral #photography #travel
IG_1069655863,the_wanderer9,2024-12-19 06:57:02,Image,27,2,1,1,,#travel #nature #lifestyle #love #photooftheday #music
IG_3265004743,rahul_rocks23,2024-12-19 08:05:34,Carousel,147,25,8,31,,#photography #photooftheday #fashion #fitness #lifestyle #love
IG_0245499807,sneha_style40,2024-12-19 14:32:35,Carousel,788,83,16,116,"Goa, India",#trending #lifestyle #fashion
IG_1455678356,sneha_style30,2024-12-19 14:57:22,Image,1120,174,66,78,"Paris, France",#music #photography #viral #photooftheday #love #instagood
IG_9943517176,rahul_rocks60,2024-12-19 16:41:47,Image,277,27,25,68,"Goa, India",#trending #fashion #photography #art #lifestyle
IG_4572522972,priya_daily39,2024-12-20 08:17:22,Image,0,0,0,0,"Paris, France",#art #trending #music #travel
IG_6939347158,priya_daily92,2024-12-20 10:16:14,Carousel,1083,72,8,171,"Ahmedabad, Gujarat",#nature #trending #travel #love #fashion #art
IG_8722105645,amit_travels8,2024-12-20 18:59:14,Image,102,16,0,12,,#foodie #fitness #trending #art #music
IG_5981566433,amit_travels55,2024-12-20 20:56:05,Image,1053,12,29,25,"Dubai, UAE",#trending #art #lifestyle #nature
IG_3927363945,foodie_anjali91,2024-12-20 22:07:36,Reel,45,2,1,1,,#foodie #music #trending
IG_3550981205,foodie_anjali56,2024-12-20 23:17:16,Carousel,88,3,2,13,,#viral #art #lifestyle #fashion #travel #fitness
IG_6639896610,amit_travels26,2024-12-20 23:24:25,Carousel,609,17,18,85,"Mumbai, Maharashtra",#instagood #foodie #photooftheday #travel
IG_4863028494,foodie_anjali39,2024-12-21 01:12:50,Image,47,7,2,7,,#fashion #love #nature #fitness #foodie
IG_8502937317,rahul_rocks38,2024-12-21 08:12:38,Image,4,0,0,0,"Bengaluru, Karnataka",#lifestyle #photooftheday #music #viral
IG_2395037721,rohit_tech84,2024-12-21 20:05:43,Reel,88,2,5,5,,#art #lifestyle #photooftheday #travel #viral #fitness
IG_5110267013,amit_travels84,2024-12-21 22:27:57,Image,275,20,2,6,"Delhi, India",#trending #foodie #nature #fitness
IG_9446578675,suresh_fitness71,2024-12-22 01:21:39,Image,151,6,6,15,"Goa, India",#viral #lifestyle #travel #fashion
IG_3991416011,ramesh_vlogs91,2024-12-22 03:35:26,Image,74,0,5,17,"Jaipur, Rajasthan",#lifestyle #instagood #fashion #music #nature
IG_5340571964,rahul_rocks72,2024-12-22 07:39:24,Carousel,25,1,1,3,"Paris, France",#music #photography #love
IG_9804554638,sneha_style97,2024-12-22 11:33:27,Video,262,28,16,60,"Mumbai, Maharashtra",#photography #music
IG_6837978222,the_wanderer49,2024-12-22 16:12:37,Reel,50,5,0,8,"Pune, Maharashtra",#love #foodie #fashion #nature
IG_4541933735,ramesh_vlogs52,2024-12-22 20:05:57,Image,388,14,4,22,,#fitness #trending #nature #music #lifestyle
IG_5290037717,kavita_art25,2024-12-22 20:38:48,Video,864,125,82,200,,#fashion #trending #fitness #music #foodie #lifestyle
IG_1757828079,ramesh_vlogs79,2024-12-22 20:58:13,Reel,154,20,3,30,"Bali, Indonesia",#photography #foodie #fashion #trending
IG_6400567492,priya_daily95,2024-12-23 01:17:55,Image,44,2,4,3,"Pune, Maharashtra",#fashion #lifestyle
IG_1886021123,suresh_fitness40,2024-12-23 03:44:20,Carousel,1027,18,91,222,,#photography #art #lifestyle
IG_9060601815,suresh_fitness73,2024-12-23 04:20:18,Reel,23,4,0,3,"Bengaluru, Karnataka",#travel #photooftheday #nature #fitness #fashion #photography
IG_1503411184,suresh_fitness25,2024-12-23 10:54:01,Carousel,933,169,18,33,"Dubai, UAE",#travel #music #foodie #fitness #instagood
IG_3515951423,priya_daily44,2024-12-23 13:04:10,Reel,23,0,0,3,,#love #foodie #trending #nature #viral
IG_7334777415,sneha_style83,2024-12-23 15:39:43,Reel,805,148,26,39,,#fashion #photooftheday #fitness #trending
IG_5603859028,priya_daily66,2024-12-23 21:04:42,Image,41,6,1,6,"Dubai, UAE",#foodie #art #photooftheday #instagood
IG_3394610278,sneha_style26,2024-12-24 01:58:02,Video,123,11,1,17,"Goa, India",#fitness #trending #music #nature #travel #art
IG_4318300295,style_icon69,2024-12-24 02:29:47,Video,345,63,30,81,"Ahmedabad, Gujarat",#love #viral #foodie #fitness #fashion #lifestyle
IG_9764508953,rohit_tech29,2024-12-24 02:39:43,Image,122,16,10,5,"Goa, India",#instagood #photography #lifestyle #art
IG_3318299195,suresh_fitness81,2024-12-24 07:28:07,Reel,79,4,2,12,"Mumbai, Maharashtra",#photography #viral #lifestyle #trending #foodie
IG_1033850517,suresh_fitness60,2024-12-24 11:36:08,Carousel,122,10,1,9,"Jaipur, Rajasthan",#photooftheday #trending #art #travel #love
IG_0158573203,kavita_art59,2024-12-24 11:38:01,Image,21,1,2,2,"Bali, Indonesia",#trending #fitness #photooftheday #music #viral
IG_7396887042,rahul_rocks71,2024-12-24 11:53:32,Image,44,1,1,7,"Ahmedabad, Gujarat",#photooftheday #fashion #photography
IG_5302111800,amit_travels81,2024-12-24 13:19:47,Reel,52,7,0,5,"Bengaluru, Karnataka",#fashion #travel #fitness
IG_4067209015,suresh_fitness70,2024-12-24 13:31:45,Reel,60,8,3,8,"Bengaluru, Karnataka",#foodie #art #nature
IG_6510269763,the_wanderer76,2024-12-24 20:15:58,Reel,929,17,37,140,,#photooftheday #art #love #trending #fashion #viral
IG_5811352771,suresh_fitness45,2024-12-24 23:33:34,Reel,113,20,9,8,"Dubai, UAE",#lifestyle #music #nature #art #viral
IG_1829771912,kavita_art60,2024-12-25 03:30:04,Video,278,37,2,62,"Jaipur, Rajasthan",#lifestyle #trending
IG_1386107431,rohit_tech80,2024-12-25 07:20:26,Video,75,11,7,16,,#foodie #photooftheday #photography
IG_3438337583,rohit_tech22,2024-12-25 10:03:42,Reel,46,5,3,9,"Paris, France",#viral #fitness
IG_1584850641,rohit_tech79,2024-12-25 16:55:27,Image,151,20,4,9,,#viral #love #photooftheday #music
IG_7495089576,amit_travels24,2024-12-26 10:31:58,Reel,74,5,6,8,"Pune, Maharashtra",#love #instagood #photooftheday #fitness #art #viral
IG_2319692415,sneha_style44,2024-12-26 13:18:30,Image,269,44,10,57,,#art #trending #photooftheday #music #viral
IG_1595833807,rahul_rocks70,2024-12-26 17:25:05,Carousel,1171,187,116,161,"Jaipur, Rajasthan",#instagood #music #art #love #viral #fitness
IG_0903073477,sneha_style54,2024-12-26 20:56:54,Image,69,11,1,12,"Delhi, India",#trending #fitness #music #love #lifestyle
IG_7968402152,kavita_art16,2024-12-26 22:17:50,Image,811,141,38,96,,#viral #lifestyle #art #trending #foodie #photography
IG_5837597852,rahul_rocks32,2024-12-26 23:00:42,Carousel,854,43,41,193,"Bali, Indonesia",#viral #fitness #music #instagood
IG_7162555428,rahul_rocks93,2024-12-27 02:04:19,Image,123,3,11,22,"Goa, India",#lifestyle #instagood
IG_1726582363,rohit_tech86,2024-12-27 03:10:46,Reel,202,13,5,17,,#love #art
IG_4978030710,style_icon89,2024-12-27 05:47:33,Carousel,3,0,0,0,"Delhi, India",#love #trending #fashion #foodie #viral #travel
IG_7024690903,sneha_style58,2024-12-27 10:53:48,Image,61,10,4,4,"Dubai, UAE",#fashion #trending #photography
IG_0788305030,ramesh_vlogs76,2024-12-27 11:00:34,Image,73,8,5,4,,#viral #art #trending #photography #instagood
IG_7801554170,priya_daily21,2024-12-27 22:56:24,Image,648,81,49,83,,#nature #fashion #photooftheday #trending #instagood
IG_9402937163,foodie_anjali80,2024-12-28 02:19:23,Reel,165,4,9,33,,#trending #art
IG_7299443103,priya_daily16,2024-12-28 13:25:02,Carousel,1426,227,88,331,,#photography #lifestyle #fashion
IG_3287232931,foodie_anjali63,2024-12-28 15:12:15,Image,366,24,33,17,"Pune, Maharashtra",#art #lifestyle
IG_6841163912,sneha_style89,2024-12-28 15:41:34,Image,17,0,0,1,,#travel #fitness #trending
IG_7700215915,rohit_tech12,2024-12-28 20:41:27,Reel,217,7,13,53,,#travel #music #photooftheday #instagood
IG_4341181177,style_icon51,2024-12-29 00:30:13,Video,530,71,44,80,"Goa, India",#fitness #lifestyle
IG_3544351415,priya_daily86,2024-12-29 07:26:31,Image,336,36,31,74,,#foodie #photooftheday #viral #fashion #fitness
IG_8944452097,sneha_style27,2024-12-29 12:34:32,Image,2302,211,203,179,"Pune, Maharashtra",#nature #fitness #viral #photooftheday #foodie #music
IG_2880724688,amit_travels60,2024-12-29 19:12:00,Carousel,29,1,1,1,,#photooftheday #music #fitness #photography
IG_9728957775,ramesh_vlogs20,2024-12-29 19:28:57,Carousel,80,13,7,6,"Dubai, UAE",#trending #viral #fitness #foodie
IG_4411478352,the_wanderer21,2024-12-29 20:15:17,Image,21,1,1,2,"Ahmedabad, Gujarat",#fashion #trending #travel #lifestyle #instagood #nature
IG_5158222631,rohit_tech80,2024-12-30 00:15:35,Carousel,59,5,1,6,"Goa, India",#travel #nature #photography #viral #photooftheday
IG_5203134322,amit_travels92,2024-12-30 01:58:47,Carousel,390,12,31,41,"Pune, Maharashtra",#music #love #trending
IG_6429985409,amit_travels52,2024-12-30 02:53:50,Carousel,661,106,29,116,"Bali, Indonesia",#photography #instagood #music #viral #trending #travel
IG_1728147038,priya_daily95,2024-12-30 04:28:31,Video,1326,215,45,78,"Bengaluru, Karnataka",#lifestyle #fitness
IG_5952352315,sneha_style46,2024-12-30 04:47:43,Video,209,17,15,15,,#music #instagood #trending #photooftheday #photography #viral
IG_1972889326,foodie_anjali66,2024-12-30 08:27:36,Image,271,40,13,6,"Delhi, India",#lifestyle #travel #music #art
IG_8824671117,priya_daily9,2024-12-30 10:23:36,Reel,10,1,0,2,"Ahmedabad, Gujarat",#love #art #viral #instagood
IG_7029267150,rahul_rocks15,2024-12-30 17:28:17,Image,283,18,6,52,,#foodie #music #lifestyle #photography #fitness
IG_6688243759,sneha_style20,2024-12-30 23:31:40,Reel,66,12,5,6,"Bengaluru, Karnataka",#travel #instagood #art
IG_6984976102,foodie_anjali79,2024-12-31 00:44:03,Image,169,33,13,19,"Delhi, India",#photography #viral #love #fashion
IG_3701175675,style_icon95,2024-12-31 01:57:42,Image,287,31,8,38,"Ahmedabad, Gujarat",#photooftheday #love #music #foodie #trending
IG_9659646816,amit_travels67,2024-12-31 08:11:13,Video,304,51,23,68,"Pune, Maharashtra",#photooftheday #love #instagood #nature #foodie
IG_8600051215,ramesh_vlogs48,2025-01-01 00:00:54,Video,242,24,6,35,,#nature #foodie #instagood
IG_7513639961,priya_daily95,2025-01-01 03:45:31,Video,434,48,39,87,"Delhi, India",#fashion #instagood #art #photography #travel
IG_5826014436,sneha_style39,2025-01-01 04:35:34,Image,111,18,5,8,,#music #viral
IG_8328778307,rahul_rocks67,2025-01-01 04:54:42,Image,17964,3445,1029,911,"Pune, Maharashtra",#viral #music
IG_3712685657,sneha_style22,2025-01-01 10:42:09,Reel,138,10,12,33,"Pune, Maharashtra",#photooftheday #love #trending #foodie
IG_8969236728,foodie_anjali97,2025-01-01 17:11:05,Image,5059,872,205,312,"Pune, Maharashtra",#foodie #fitness #nature #music #art
IG_8139589626,the_wanderer34,2025-01-01 23:35:08,Reel,115,5,0,24,,#art #love
IG_4703559111,foodie_anjali75,2025-01-02 00:26:29,Video,13,2,0,0,"Jaipur, Rajasthan",#love #instagood #fitness
IG_2094755108,suresh_fitness9,2025-01-02 01:29:21,Image,197,3,16,27,"Paris, France",#foodie #photography #instagood
IG_6521189835,kavita_art5,2025-01-02 01:30:51,Carousel,23,3,2,3,"Goa, India",#art #trending
IG_4860858990,foodie_anjali51,2025-01-02 08:32:34,Reel,39,5,0,1,,#travel #fitness #music #art
IG_0535848878,amit_travels91,2025-01-02 12:05:35,Image,37,7,2,4,,#foodie #nature #travel #photography #music
IG_7679192956,sneha_style49,2025-01-02 13:36:52,Carousel,215,37,10,36,"Ahmedabad, Gujarat",#photography #fitness #nature #art #fashion
IG_7052918161,foodie_anjali74,2025-01-02 14:20:52,Reel,14,1,1,2,"Pune, Maharashtra",#photooftheday #trending #travel #art #photography #foodie
IG_1944971550,rohit_tech25,2025-01-02 14:24:04,Reel,940,37,56,218,,#photooftheday #travel #fashion
IG_8911215592,ramesh_vlogs59,2025-01-02 17:47:10,Image,80,3,2,4,"Pune, Maharashtra",#foodie #art #music #fashion #photography
IG_7104070561,foodie_anjali88,2025-01-02 18:35:51,Carousel,212,23,4,38,"Bengaluru, Karnataka",#love #foodie #trending
IG_1735633617,amit_travels90,2025-01-03 07:33:09,Reel,55,9,5,6,"Mumbai, Maharashtra",#fitness #travel #nature #fashion #photooftheday #lifestyle
IG_0988880689,rohit_tech4,2025-01-03 07:37:46,Reel,12285,817,513,1277,"Ahmedabad, Gujarat",#photooftheday #music
IG_3672825981,style_icon42,2025-01-03 11:19:23,Image,7,1,0,0,"Bali, Indonesia",#viral #instagood #nature #photography #art #travel
IG_6861606772,the_wanderer98,2025-01-03 15:27:23,Video,93,17,8,20,"Goa, India",#viral #photooftheday #art #travel #fashion
IG_3149078541,rohit_tech20,2025-01-03 16:11:57,Image,65,12,5,12,"Delhi, India",#photography #instagood #travel #photooftheday
IG_7641328624,amit_travels23,2025-01-03 17:30:10,Image,118,17,8,21,"Paris, France",#photography #photooftheday
IG_8474327355,the_wanderer12,2025-01-03 22:46:12,Image,662,17,44,33,"Pune, Maharashtra",#foodie #photooftheday #travel #fitness
IG_4773145944,amit_travels86,2025-01-03 23:24:18,Image,28,2,0,3,"Bali, Indonesia",#lifestyle #love #music #foodie #photography #fitness
IG_5204428892,kavita_art66,2025-01-04 02:56:36,Video,69,12,4,3,,#foodie #trending #travel
IG_1152111845,sneha_style98,2025-01-04 03:30:14,Image,142,9,9,27,,#photooftheday #love
IG_4054882006,rohit_tech68,2025-01-04 04:18:04,Carousel,203,37,6,40,,#instagood #fitness #lifestyle #photography
IG_8703314124,the_wanderer4,2025-01-04 05:21:28,Reel,632,19,8,84,,#nature #music #art
IG_4134813503,style_icon15,2025-01-04 07:02:38,Image,87,6,2,18,,#art #viral
IG_5429779157,kavita_art59,2025-01-04 09:16:07,Image,199,2,15,13,,#photography #nature #love
IG_3479748883,the_wanderer45,2025-01-04 16:10:45,Image,38,1,0,9,,#art #viral #fashion
IG_4948180155,foodie_anjali64,2025-01-04 17:02:56,Image,123,23,7,30,"Dubai, UAE",#love #lifestyle
IG_4684559225,priya_daily31,2025-01-04 19:47:10,Video,722,29,67,56,"Bengaluru, Karnataka",#photography #love #lifestyle #instagood #fitness
IG_4904896499,ramesh_vlogs5,2025-01-05 08:27:12,Carousel,612,87,53,59,"Bali, Indonesia",#foodie #photooftheday #travel #nature #viral #instagood
IG_2468876065,ramesh_vlogs10,2025-01-05 10:26:53,Video,260,41,20,30,"Ahmedabad, Gujarat",#travel #love #instagood #lifestyle #art #trending
IG_3092432036,ramesh_vlogs97,2025-01-05 10:59:04,Reel,1037,168,12,29,,#music #viral
IG_7352737045,amit_travels68,2025-01-05 12:18:35,Image,38,0,1,4,,#lifestyle #photooftheday #art #fashion
IG_7566512702,priya_daily89,2025-01-05 13:51:42,Video,462,26,19,45,,#photooftheday #music #love #nature #travel
IG_6135660166,rohit_tech61,2025-01-05 16:28:16,Carousel,16,1,0,0,,#travel #photooftheday #instagood #nature
IG_9740581199,style_icon27,2025-01-05 21:43:53,Image,111,17,4,7,"Goa, India",#art #travel
IG_0555601740,foodie_anjali13,2025-01-06 02:01:18,Video,200,9,8,15,"Goa, India",#instagood #fitness #trending
IG_7365084781,the_wanderer58,2025-01-06 02:20:58,Video,70,10,3,13,,#foodie #art
IG_4921088191,rohit_tech10,2025-01-06 11:04:14,Carousel,346,9,26,73,,#foodie #fashion
IG_2166551899,ramesh_vlogs26,2025-01-06 13:35:51,Image,66,2,4,13,"Goa, India",#travel #love #fitness #art #nature #instagood
IG_9150213612,style_icon22,2025-01-06 16:55:57,Carousel,255,50,3,21,,#instagood #foodie #love #fashion
IG_2308968017,amit_travels22,2025-01-06 18:55:11,Carousel,172,6,13,23,,#travel #fashion #photography #viral
IG_5014961317,priya_daily86,2025-01-06 19:07:00,Image,146,5,8,10,"Bengaluru, Karnataka",#art #trending #nature #lifestyle #music
IG_5759887246,foodie_anjali43,2025-01-06 21:25:14,Carousel,127,23,9,16,"Bengaluru, Karnataka",#viral #travel #foodie #instagood #photooftheday #photography
IG_4088732021,amit_travels57,2025-01-07 00:31:35,Carousel,13,1,1,1,"Paris, France",#photooftheday #travel #love #viral
IG_8143371901,style_icon95,2025-01-07 05:24:56,Image,20,2,0,0,"Dubai, UAE",#photooftheday #nature
IG_5066503501,sneha_style70,2025-01-07 06:09:44,Reel,1515,32,135,338,,#lifestyle #trending
IG_0265815620,rahul_rocks55,2025-01-07 10:19:15,Reel,1174,81,25,208,,#photography #nature
IG_4065856927,suresh_fitness58,2025-01-07 12:18:00,Reel,1038,158,47,240,,#fashion #viral #trending
IG_4757731296,rahul_rocks88,2025-01-07 12:54:40,Image,299,50,12,25,,#foodie #art #music #instagood #trending #love
IG_1450632893,suresh_fitness62,2025-01-07 14:00:54,Reel,119,11,4,14,"Dubai, UAE",#foodie #instagood
IG_6122526000,ramesh_vlogs66,2025-01-07 20:56:35,Image,14,1,0,0,,#photography #lifestyle
IG_4022464824,foodie_anjali55,2025-01-08 01:22:33,Image,277,43,26,55,"Paris, France",#lifestyle #foodie #fashion #instagood #photography #viral
IG_2161230096,foodie_anjali98,2025-01-08 05:28:10,Video,32,4,2,3,"Jaipur, Rajasthan",#fitness #viral #photooftheday #music #photography
IG_0304497722,sneha_style82,2025-01-08 07:14:47,Video,153,26,5,5,"Bali, Indonesia",#love #photooftheday
IG_8770549099,sneha_style64,2025-01-08 09:37:10,Image,157,9,1,13,"Pune, Maharashtra",#love #travel #nature #instagood
IG_6453679467,sneha_style53,2025-01-08 15:49:34,Carousel,568,8,55,81,,#travel #viral #nature #lifestyle
IG_8205202570,ramesh_vlogs75,2025-01-08 19:33:21,Reel,938,47,52,109,"Goa, India",#nature #art #foodie #fashion #fitness
IG_7291877236,style_icon87,2025-01-09 06:49:56,Reel,21,1,0,4,,#instagood #nature
IG_2284021425,kavita_art5,2025-01-09 10:01:11,Reel,677,32,55,99,"Pune, Maharashtra",#viral #trending
IG_6640317495,rohit_tech67,2025-01-09 12:59:00,Reel,909,121,89,225,,#instagood #love #fashion #photography
IG_9908493529,priya_daily12,2025-01-09 14:15:18,Carousel,402,59,17,74,"Goa, India",#viral #lifestyle #fashion #fitness #photooftheday #travel
IG_9119879487,foodie_anjali91,2025-01-09 17:37:18,Video,42,4,0,8,,#viral #music #foodie #fitness
IG_3754234573,style_icon3,2025-01-09 18:23:48,Image,10,1,0,1,,#nature #photography #photooftheday
IG_2111603983,rohit_tech77,2025-01-09 20:26:47,Carousel,907,130,13,151,"Mumbai, Maharashtra",#art #music #trending
IG_8937673361,amit_travels18,2025-01-09 23:18:25,Carousel,152,4,1,9,,#trending #instagood #viral #fashion #music
IG_5692900842,ramesh_vlogs87,2025-01-10 00:59:41,Image,93,4,7,15,,#art #foodie #photooftheday #nature #music #photography
IG_8293195231,rohit_tech30,2025-01-10 02:41:40,Reel,11,0,0,1,,#travel #fashion
IG_1094523547,suresh_fitness78,2025-01-10 05:11:40,Image,26,5,1,4,"Paris, France",#travel #photooftheday
IG_6710291951,foodie_anjali98,2025-01-10 10:24:10,Image,600,86,44,74,"Paris, France",#music #trending #foodie #instagood #viral
IG_2188687247,kavita_art31,2025-01-10 11:57:21,Image,58,10,1,13,,#viral #foodie #photooftheday #photography #lifestyle
IG_5509427956,amit_travels38,2025-01-10 12:55:20,Image,109,19,4,14,"Pune, Maharashtra",#trending #music #fashion
IG_0685319148,rohit_tech60,2025-01-10 15:26:58,Image,111,9,6,19,"Bengaluru, Karnataka",#art #music #photography #lifestyle
IG_5877382055,foodie_anjali83,2025-01-10 15:59:13,Reel,409,25,16,93,"Bengaluru, Karnataka",#nature #fashion
IG_3649150245,kavita_art65,2025-01-10 16:40:27,Image,17,1,1,3,"Ahmedabad, Gujarat",#art #instagood #viral #music #trending #photography
IG_3245545748,the_wanderer57,2025-01-10 17:28:54,Reel,892,67,79,131,"Dubai, UAE",#fitness #trending #photooftheday
IG_8992463604,suresh_fitness38,2025-01-11 00:32:03,Image,35,3,2,2,"Ahmedabad, Gujarat",#photography #instagood #photooftheday
IG_2198483431,style_icon62,2025-01-11 02:04:31,Image,68,2,2,11,"Ahmedabad, Gujarat",#art #fitness
IG_8563288113,rohit_tech56,2025-01-11 11:14:25,Carousel,182,4,7,17,,#instagood #photooftheday
IG_8150199547,foodie_anjali64,2025-01-11 13:32:59,Reel,1066,40,72,66,"Paris, France",#travel #love
IG_8168929770,sneha_style89,2025-01-11 16:57:14,Image,71,12,7,9,"Bengaluru, Karnataka",#music #fashion
IG_1974823136,suresh_fitness28,2025-01-11 22:53:17,Image,259,21,17,13,"Ahmedabad, Gujarat",#trending #love
IG_4070220307,priya_daily85,2025-01-11 23:47:58,Image,108,5,8,2,"Mumbai, Maharashtra",#fitness #love #lifestyle #nature #fashion
IG_8791288912,ramesh_vlogs56,2025-01-12 05:42:12,Image,27199,682,1872,1755,"Ahmedabad, Gujarat",#lifestyle #trending #foodie #nature
IG_0689353399,amit_travels31,2025-01-12 06:24:12,Image,105,20,7,20,,#trending #instagood #art #fitness #fashion #photooftheday
IG_1132387154,suresh_fitness18,2025-01-12 09:38:07,Image,508,54,47,86,,#fashion #trending
IG_9833524845,ramesh_vlogs89,2025-01-12 15:45:01,Image,222,8,7,4,"Goa, India",#fitness #music #viral #nature #photography
IG_9303427013,rohit_tech12,2025-01-12 22:20:26,Reel,79,13,1,9,"Delhi, India",#love #art #travel
IG_4834068556,style_icon46,2025-01-12 23:57:22,Reel,706,50,53,162,"Delhi, India",#nature #fashion #foodie #art #photooftheday
IG_6571127226,amit_travels72,2025-01-13 02:26:21,Image,55,5,1,12,,#love #music #art #photooftheday
IG_3259564192,style_icon72,2025-01-13 02:55:49,Reel,544,51,27,80,"Ahmedabad, Gujarat",#trending #music #nature #fashion #love
IG_8646975466,rahul_rocks27,2025-01-13 03:28:21,Reel,26,0,0,1,,#lifestyle #photooftheday #fashion #viral
IG_4356222698,sneha_style65,2025-01-13 09:54:50,Carousel,47,3,4,9,"Ahmedabad, Gujarat",#love #fashion #photooftheday #art #music
IG_5850342445,sneha_style14,2025-01-13 11:09:38,Image,122,10,9,24,"Bengaluru, Karnataka",#fitness #trending #instagood #love #viral #photooftheday
IG_7075623831,kavita_art61,2025-01-13 15:25:14,Reel,238,17,9,21,"Bali, Indonesia",#trending #photooftheday #fashion #music #instagood #travel
IG_2532266637,amit_travels69,2025-01-13 16:49:13,Reel,1039,182,91,221,"Ahmedabad, Gujarat",#photography #nature #instagood #lifestyle
IG_7461357592,the_wanderer31,2025-01-13 19:18:10,Video,36,2,0,3,"Bengaluru, Karnataka",#lifestyle #foodie #photooftheday
IG_2842781454,priya_daily17,2025-01-13 20:15:09,Image,48,1,2,3,,#viral #nature #trending
IG_6766205299,the_wanderer72,2025-01-14 05:55:16,Image,139,8,2,20,"Jaipur, Rajasthan",#nature #trending #music #fitness #instagood #fashion
IG_8564560256,sneha_style86,2025-01-15 09:06:39,Image,1134,84,74,186,"Pune, Maharashtra",#photography #photooftheday #viral #travel #nature #art
IG_2983632056,rahul_rocks8,2025-01-15 20:38:29,Image,2056,146,191,301,"Ahmedabad, Gujarat",#art #trending #viral
IG_9030404290,rohit_tech27,2025-01-16 02:15:05,Carousel,228,44,20,5,,#viral #photography #love #fashion #lifestyle #photooftheday
IG_0911902241,rahul_rocks1,2025-01-16 03:54:56,Image,306,56,10,72,"Jaipur, Rajasthan",#photooftheday #art #photography #trending
IG_5626662163,foodie_anjali48,2025-01-16 05:06:24,Video,1102,189,71,88,"Bali, Indonesia",#lifestyle #music #love #fitness #art
IG_5734886104,ramesh_vlogs37,2025-01-16 06:41:42,Video,2896,456,259,173,"Bengaluru, Karnataka",#fashion #art #lifestyle #music #trending #photography
IG_2704691722,ramesh_vlogs69,2025-01-16 08:11:58,Reel,45,2,1,10,,#art #music
IG_5627701441,foodie_anjali58,2025-01-16 18:06:42,Reel,2261,430,32,324,,#photography #photooftheday #lifestyle #love #trending
IG_9101050008,foodie_anjali5,2025-01-16 22:56:23,Carousel,66,4,5,2,"Goa, India",#photography #trending
IG_5442658878,suresh_fitness58,2025-01-17 01:13:40,Reel,11,0,1,1,,#love #foodie #instagood
IG_3612896480,amit_travels70,2025-01-17 03:54:27,Image,10,0,0,2,"Pune, Maharashtra",#nature #love
IG_3937261024,kavita_art34,2025-01-17 05:47:23,Reel,200,12,4,17,"Goa, India",#music #fitness
IG_5248083637,priya_daily60,2025-01-17 13:17:29,Reel,32,6,1,2,"Mumbai, Maharashtra",#love #music #trending #nature
IG_0873621146,rahul_rocks85,2025-01-17 14:22:15,Image,232,44,15,26,"Paris, France",#travel #music #fashion
IG_4215562432,the_wanderer73,2025-01-18 03:42:55,Reel,179,2,9,3,"Mumbai, Maharashtra",#photography #trending #instagood #travel #art
IG_2595925922,rohit_tech10,2025-01-18 04:00:00,Reel,248,21,14,5,"Paris, France",#love #photooftheday
IG_9913656681,suresh_fitness11,2025-01-18 04:04:37,Reel,111,15,1,11,,#music #lifestyle #photooftheday #travel #art #trending
IG_7780769300,the_wanderer71,2025-01-18 04:06:24,Reel,353,61,7,85,"Paris, France",#travel #fitness #foodie #art
IG_2470693958,rohit_tech26,2025-01-18 07:47:28,Carousel,65,12,3,14,"Dubai, UAE",#viral #nature
IG_7366232968,style_icon33,2025-01-18 08:45:18,Carousel,1275,73,63,239,"Pune, Maharashtra",#photooftheday #nature #viral
IG_4255549597,ramesh_vlogs28,2025-01-18 11:46:51,Image,235,14,7,52,,#nature #fitness #photography #travel #art
IG_0971473873,foodie_anjali81,2025-01-18 12:31:00,Carousel,738,53,26,33,"Ahmedabad, Gujarat",#fashion #lifestyle #music #photography #fitness #art
IG_7139316155,amit_travels40,2025-01-18 12:37:12,Image,47,2,3,1,,#music #travel #photooftheday #instagood #viral #lifestyle
IG_6403890582,the_wanderer68,2025-01-18 23:37:49,Image,265,45,24,29,,#love #photooftheday
IG_9396241720,style_icon8,2025-01-19 12:00:33,Reel,350,24,31,13,"Ahmedabad, Gujarat",#trending #viral #photography #lifestyle
IG_7307035130,rohit_tech21,2025-01-19 12:17:03,Video,53,7,2,11,,#love #photooftheday #fashion
IG_5212839061,foodie_anjali18,2025-01-19 17:18:44,Reel,110,14,7,5,,#nature #fitness #photography #music #photooftheday #trending
IG_4415418626,rohit_tech98,2025-01-19 22:14:08,Carousel,154,8,8,30,"Delhi, India",#travel #trending #love #photooftheday #fashion
IG_7510129918,kavita_art7,2025-01-19 22:53:35,Image,1127,144,74,90,"Pune, Maharashtra",#trending #travel #foodie #photography
IG_0539254910,amit_travels51,2025-01-20 04:56:47,Carousel,150,4,3,35,,#trending #instagood #love
IG_7011489318,style_icon55,2025-01-20 05:26:44,Image,59,7,5,11,"Paris, France",#trending #photography #love #instagood #viral
IG_9170980498,rohit_tech79,2025-01-20 05:56:54,Reel,390,77,6,36,"Goa, India",#travel #fitness #lifestyle
IG_4352457471,amit_travels93,2025-01-20 10:43:18,Image,365,44,31,7,"Pune, Maharashtra",#fitness #viral #music
IG_4151062541,sneha_style20,2025-01-20 15:48:50,Image,61,11,3,2,,#foodie #instagood #lifestyle #photography #art
IG_7406978617,style_icon26,2025-01-21 02:48:47,Image,518,24,22,17,,#love #fashion #art #travel #photooftheday #photography
IG_9670828251,kavita_art82,2025-01-21 08:39:22,Image,41,3,2,7,,#music #trending
IG_4225438709,style_icon89,2025-01-21 21:55:42,Reel,54,5,2,1,"Ahmedabad, Gujarat",#viral #music
IG_0999286136,kavita_art88,2025-01-22 00:00:16,Image,96,11,8,13,,#music #travel #instagood #fashion #love
IG_0234794782,ramesh_vlogs83,2025-01-22 06:21:03,Image,91,2,6,16,"Goa, India",#foodie #music #fashion #trending #photooftheday #art
IG_7506647397,rahul_rocks49,2025-01-22 08:53:40,Carousel,36,4,2,8,"Bengaluru, Karnataka",#foodie #nature
IG_6040931806,rohit_tech77,2025-01-22 08:53:47,Reel,103,9,1,7,"Dubai, UAE",#photooftheday #travel #art
IG_7867692026,rahul_rocks65,2025-01-22 08:54:14,Image,131,21,10,22,,#fashion #art
IG_5686600884,priya_daily94,2025-01-22 09:52:47,Carousel,161,2,13,9,,#photooftheday #fashion
IG_9783894100,foodie_anjali20,2025-01-22 12:20:56,Video,134,8,12,32,"Goa, India",#foodie #fitness #photooftheday
IG_6782214231,suresh_fitness18,2025-01-22 13:25:23,Image,66,10,6,5,,#foodie #instagood #nature #fashion
IG_2838841773,sneha_style63,2025-01-22 14:38:46,Video,26,5,1,0,"Bali, Indonesia",#art #lifestyle #photooftheday #love #viral
IG_8099695824,kavita_art66,2025-01-22 14:52:57,Reel,52,2,2,5,"Pune, Maharashtra",#love #nature #fitness #photography
IG_6387248644,amit_travels58,2025-01-22 15:04:39,Image,266,10,7,42,,#travel #fitness
IG_0828845706,amit_travels27,2025-01-22 16:05:09,Reel,84,11,0,7,"Mumbai, Maharashtra",#love #fashion #fitness #trending #foodie
IG_2977423063,rohit_tech39,2025-01-22 17:54:29,Carousel,1301,125,125,45,"Pune, Maharashtra",#nature #fitness #travel #trending #instagood #foodie
IG_3074297735,style_icon98,2025-01-22 18:58:13,Video,155,2,12,20,,#photography #art #travel
IG_5869473554,suresh_fitness75,2025-01-22 19:33:52,Image,130,7,11,15,,#instagood #foodie #travel #music #nature #trending
IG_0091494861,style_icon21,2025-01-22 19:50:20,Image,25,2,2,5,"Pune, Maharashtra",#love #nature #photooftheday #foodie #fashion #instagood
IG_9456204793,the_wanderer57,2025-01-22 20:57:04,Reel,99,6,0,16,,#lifestyle #foodie #music
IG_1449204620,rahul_rocks45,2025-01-23 00:33:28,Reel,200,3,4,9,,#music #trending #travel #photooftheday #fashion #instagood
IG_6770286764,suresh_fitness76,2025-01-23 07:39:56,Reel,303,40,9,31,"Mumbai, Maharashtra",#music #trending
IG_3171090862,the_wanderer59,2025-01-23 11:20:07,Reel,1582,255,81,35,,#love #foodie #music
IG_9924672505,foodie_anjali15,2025-01-23 13:25:40,Carousel,18,3,0,3,"Jaipur, Rajasthan",#art #nature #music #travel #photography #lifestyle
IG_4278244263,rohit_tech45,2025-01-23 14:54:33,Reel,276,51,25,16,"Mumbai, Maharashtra",#photooftheday #travel #instagood
IG_5010131487,ramesh_vlogs49,2025-01-23 20:45:21,Carousel,4802,167,338,241,"Bali, Indonesia",#nature #music
IG_9509468639,kavita_art44,2025-01-23 21:22:52,Image,12,2,0,0,,#foodie #viral #fashion #travel #music
IG_9938963190,the_wanderer13,2025-01-24 01:16:59,Carousel,149,8,13,31,"Mumbai, Maharashtra",#photooftheday #lifestyle #viral #photography #art #trending
IG_5870926437,sneha_style36,2025-01-24 05:29:57,Video,11,0,0,2,"Bali, Indonesia",#fashion #photooftheday
IG_6830017809,sneha_style12,2025-01-24 08:29:41,Carousel,281,41,15,69,"Ahmedabad, Gujarat",#art #fashion #foodie #trending
IG_0715432380,style_icon81,2025-01-24 11:21:33,Video,64,7,1,11,"Jaipur, Rajasthan",#fashion #travel #music #fitness #lifestyle
IG_0328972656,rohit_tech31,2025-01-24 13:06:38,Video,69,11,1,11,"Bengaluru, Karnataka",#trending #foodie #lifestyle
IG_7336262970,the_wanderer62,2025-01-24 14:28:21,Image,650,124,18,138,"Bali, Indonesia",#fashion #love #photooftheday #instagood #lifestyle #fitness
IG_6151916268,suresh_fitness72,2025-01-24 19:05:19,Image,96,16,5,12,"Paris, France",#photography #fashion
IG_9491225950,priya_daily59,2025-01-25 07:47:29,Image,1086,17,17,253,"Jaipur, Rajasthan",#photooftheday #instagood
IG_7553670681,amit_travels5,2025-01-25 08:34:19,Video,56,4,1,8,"Ahmedabad, Gujarat",#art #lifestyle #photography #travel
IG_2051964834,amit_travels92,2025-01-25 15:17:42,Reel,1326,96,103,157,"Dubai, UAE",#travel #fitness #foodie #trending #nature #music
IG_5093421930,kavita_art4,2025-01-25 15:39:31,Image,1371,151,65,274,,#art #photography #viral #fitness #fashion #photooftheday
IG_2092333765,suresh_fitness52,2025-01-25 16:40:15,Image,55,10,5,5,"Mumbai, Maharashtra",#travel #fashion #foodie #instagood #nature
IG_7130650698,suresh_fitness34,2025-01-25 17:34:22,Image,211,12,3,35,"Bali, Indonesia",#viral #love #trending #photooftheday #fashion #photography
IG_9781459245,amit_travels16,2025-01-25 18:10:28,Carousel,1649,283,9,198,"Delhi, India",#travel #love #photography #instagood #nature
IG_9181506568,style_icon10,2025-01-25 22:20:30,Image,1117,147,24,73,"Mumbai, Maharashtra",#lifestyle #nature #photooftheday #viral #foodie
IG_1053832902,the_wanderer52,2025-01-26 05:58:17,Video,8,1,0,0,"Mumbai, Maharashtra",#fitness #viral #lifestyle #love #instagood
IG_7275918229,style_icon29,2025-01-26 08:04:52,Image,231,13,2,48,"Dubai, UAE",#nature #trending #viral
IG_5164171911,rahul_rocks32,2025-01-26 09:10:23,Reel,147,10,8,5,"Bengaluru, Karnataka",#travel #lifestyle #love #photography #nature #fashion
IG_3212443538,rahul_rocks93,2025-01-26 09:34:33,Image,159,15,5,14,"Dubai, UAE",#photooftheday #art #foodie
IG_9057653883,priya_daily98,2025-01-26 13:01:03,Video,17,0,1,3,"Bengaluru, Karnataka",#trending #photooftheday #music #lifestyle #fashion #viral
IG_0124864535,rohit_tech95,2025-01-26 21:37:56,Image,533,11,14,112,,#viral #photography #fitness #art #lifestyle #trending
IG_4668000179,foodie_anjali67,2025-01-26 23:19:17,Image,1442,155,36,91,,#lifestyle #art #foodie #photography #fitness #viral
IG_8300092606,the_wanderer17,2025-01-26 23:44:06,Reel,153,12,7,17,,#music #love #instagood
IG_3693043000,style_icon96,2025-01-27 10:08:31,Image,95,11,1,15,,#travel #photography #instagood #foodie #nature #viral
IG_0869590230,sneha_style62,2025-01-27 15:51:27,Image,35,3,2,1,,#trending #lifestyle #love
IG_5910844349,suresh_fitness89,2025-01-27 17:49:17,Carousel,73,13,2,18,"Bali, Indonesia",#viral #lifestyle #photooftheday #nature
IG_3879774037,sneha_style35,2025-01-27 19:47:29,Reel,431,58,24,8,,#art #photography #fashion #instagood #nature
IG_9863043632,the_wanderer52,2025-01-27 21:49:51,Video,40,7,1,1,"Jaipur, Rajasthan",#trending #fitness #foodie #love #fashion
IG_7620447537,sneha_style39,2025-01-27 22:20:35,Image,239,42,4,16,,#travel #music #trending #lifestyle #photooftheday
IG_0989341436,the_wanderer83,2025-01-27 23:20:19,Image,629,53,21,155,"Ahmedabad, Gujarat",#instagood #love #fashion #trending #lifestyle #fitness
IG_1121760720,suresh_fitness63,2025-01-28 04:23:13,Carousel,91,9,4,18,,#fashion #trending #foodie
IG_8845749920,style_icon41,2025-01-28 04:24:23,Reel,163,1,12,28,"Pune, Maharashtra",#foodie #fitness
IG_9166317126,style_icon58,2025-01-28 08:07:20,Reel,388,75,13,61,"Goa, India",#instagood #fashion #art
IG_7928615547,amit_travels2,2025-01-28 14:24:31,Video,412,33,18,29,,#art #love #lifestyle #photography
IG_6191664800,style_icon15,2025-01-28 14:52:15,Video,442,25,23,31,"Bengaluru, Karnataka",#photooftheday #love #music #lifestyle #instagood
IG_8783734799,ramesh_vlogs36,2025-01-28 18:42:19,Reel,144,15,5,33,,#fitness #photography
IG_0327699066,style_icon97,2025-01-28 22:44:39,Image,171,18,5,19,,#instagood #fashion
IG_1449919129,rohit_tech5,2025-01-29 00:27:17,Image,33,5,2,2,"Ahmedabad, Gujarat",#instagood #trending #nature
IG_1270935114,amit_travels32,2025-01-29 02:13:20,Image,446,71,27,74,"Mumbai, Maharashtra",#fitness #fashion #instagood #nature #foodie
IG_3713079816,amit_travels16,2025-01-29 02:34:31,Image,58,8,4,3,"Pune, Maharashtra",#music #photooftheday #fitness #photography #fashion #trending
IG_7837361189,ramesh_vlogs26,2025-01-29 04:04:04,Carousel,18,1,0,2,,#music #foodie
IG_2811233312,suresh_fitness98,2025-01-29 05:10:22,Image,50,4,1,10,,#instagood #photography #nature #fitness #music
IG_1964943314,ramesh_vlogs1,2025-01-29 08:23:13,Reel,701,24,58,65,"Bali, Indonesia",#trending #music
IG_6347362474,suresh_fitness34,2025-01-29 09:08:42,Carousel,77,2,5,4,,#fashion #love
IG_8759290720,the_wanderer59,2025-01-29 14:18:10,Image,113,13,9,8,,#nature #photography
IG_7359521063,suresh_fitness52,2025-01-30 10:55:35,Carousel,206,31,9,8,"Goa, India",#fitness #love #foodie
IG_9977812162,foodie_anjali7,2025-01-31 01:15:26,Image,2,0,0,0,"Bengaluru, Karnataka",#foodie #photography #travel #nature #love
IG_1967983313,foodie_anjali13,2025-01-31 05:25:48,Image,886,32,51,151,"Bengaluru, Karnataka",#travel #fitness #photography
IG_0503924793,priya_daily40,2025-01-31 06:07:24,Image,208,16,18,51,,#travel #fashion #love #lifestyle
IG_0280971141,style_icon73,2025-01-31 07:23:59,Image,56,7,3,4,,#viral #travel #music
IG_1876337218,ramesh_vlogs52,2025-01-31 11:39:13,Video,51,3,1,4,"Mumbai, Maharashtra",#photography #love #art #viral
IG_3560058559,rohit_tech88,2025-01-31 14:27:35,Reel,709,37,10,28,"Mumbai, Maharashtra",#travel #love
IG_2782815813,suresh_fitness99,2025-01-31 16:01:18,Carousel,89,15,5,17,"Jaipur, Rajasthan",#travel #viral #nature #fitness
IG_1774147405,the_wanderer29,2025-01-31 16:34:11,Image,603,62,5,137,"Ahmedabad, Gujarat",#fitness #instagood #photooftheday
IG_0419235492,sneha_style36,2025-01-31 16:38:02,Reel,228,24,15,30,,#love #fitness #art #nature
IG_5576212322,kavita_art13,2025-01-31 18:23:02,Carousel,197,31,13,22,"Jaipur, Rajasthan",#art #travel #foodie #lifestyle
IG_1811900469,style_icon25,2025-01-31 22:52:36,Carousel,97,12,3,4,,#fitness #lifestyle
IG_8180531688,kavita_art50,2025-02-01 00:14:56,Carousel,189,18,1,45,"Delhi, India",#fashion #music #instagood
IG_6111353130,kavita_art87,2025-02-01 00:54:13,Image,50,7,4,3,"Mumbai, Maharashtra",#art #viral #music
IG_8285005057,suresh_fitness99,2025-02-01 03:55:56,Carousel,13,0,0,2,,#art #travel #fashion #nature #fitness
IG_2851252345,kavita_art95,2025-02-01 05:07:38,Carousel,1430,267,118,75,,#instagood #trending #viral #art #foodie
IG_5249607531,rahul_rocks51,2025-02-01 06:40:57,Video,107,16,10,25,"Paris, France",#love #instagood #nature
IG_2601256389,rahul_rocks66,2025-02-01 07:11:29,Image,215,28,8,19,"Paris, France",#love #photooftheday #fashion #music
IG_4762375024,style_icon18,2025-02-01 07:13:55,Reel,234,46,10,35,"Jaipur, Rajasthan",#photooftheday #art #trending #love
IG_3223159777,foodie_anjali83,2025-02-01 08:55:55,Image,272,32,26,34,"Jaipur, Rajasthan",#travel #nature #art #trending #love #lifestyle
IG_2942107487,ramesh_vlogs21,2025-02-01 11:02:42,Video,75,11,1,4,,#trending #travel #lifestyle
IG_9832881452,amit_travels61,2025-02-02 10:51:42,Reel,14,0,1,1,"Dubai, UAE",#photooftheday #viral #instagood
IG_8956502989,amit_travels65,2025-02-02 13:11:43,Video,8,0,0,0,"Jaipur, Rajasthan",#photooftheday #music #travel #instagood
IG_0807886967,sneha_style1,2025-02-02 14:37:03,Image,476,27,36,91,,#trending #photography #nature #fitness #travel #foodie
IG_5252280113,amit_travels23,2025-02-02 23:27:56,Carousel,416,8,17,27,,#photooftheday #trending
IG_9085783026,suresh_fitness51,2025-02-03 01:10:30,Image,27,3,2,0,"Dubai, UAE",#love #nature #viral #music
IG_4976770409,foodie_anjali52,2025-02-03 04:57:16,Image,236,26,4,40,,#travel #love #nature #foodie #fitness
IG_0085251537,ramesh_vlogs55,2025-02-03 05:33:14,Image,8716,908,735,2157,,#art #music #trending #photography #fitness
IG_8686650716,suresh_fitness49,2025-02-03 10:46:26,Carousel,1428,201,64,238,"Delhi, India",#art #photography
IG_0294617837,the_wanderer52,2025-02-03 11:40:33,Carousel,123,23,11,24,"Bengaluru, Karnataka",#photooftheday #fitness #lifestyle #travel #photography #viral
IG_1502439971,priya_daily44,2025-02-03 12:23:13,Carousel,23895,2036,869,2912,,#nature #foodie #art #travel #instagood #viral
IG_7086920931,ramesh_vlogs5,2025-02-03 12:36:11,Image,110,20,5,22,,#foodie #art #nature #photography #viral
IG_3967187458,rahul_rocks63,2025-02-03 14:10:19,Video,17,2,0,2,"Jaipur, Rajasthan",#fitness #instagood #travel #foodie #love #music
IG_0434503978,style_icon45,2025-02-03 14:37:54,Reel,1409,143,52,38,,#lifestyle #travel #trending #photooftheday
IG_7367546497,style_icon5,2025-02-03 16:35:26,Carousel,698,84,49,134,,#art #fitness #foodie #trending
IG_5899375583,rahul_rocks42,2025-02-03 18:41:38,Carousel,547,75,36,66,,#fitness #lifestyle #nature
IG_0560210651,suresh_fitness15,2025-02-03 19:43:29,Image,3086,523,281,746,,#nature #art #lifestyle
IG_4580030480,style_icon59,2025-02-04 03:29:01,Carousel,14,0,0,0,,#photooftheday #photography #love
IG_0753430159,amit_travels68,2025-02-04 03:41:09,Carousel,3007,392,266,308,,#travel #nature
IG_5375260973,the_wanderer16,2025-02-04 07:23:52,Image,651,110,9,95,"Jaipur, Rajasthan",#photooftheday #nature
IG_7511226535,style_icon48,2025-02-04 08:09:38,Video,112,2,7,24,"Goa, India",#art #photooftheday
IG_9304154629,rahul_rocks66,2025-02-04 10:50:09,Carousel,156,13,12,21,"Ahmedabad, Gujarat",#photography #travel #lifestyle #art #love
IG_6228913973,kavita_art69,2025-02-04 19:27:45,Image,100,12,2,17,,#photography #viral #instagood #nature
IG_2772840035,ramesh_vlogs89,2025-02-05 01:10:32,Carousel,1431,77,102,149,,#lifestyle #viral
IG_4924606879,rohit_tech79,2025-02-05 02:44:58,Carousel,194,5,13,45,,#love #trending #instagood
IG_8286367779,sneha_style69,2025-02-05 05:31:50,Image,155,30,6,12,"Jaipur, Rajasthan",#viral #love
IG_1627288529,rahul_rocks24,2025-02-05 14:13:11,Image,245,20,20,50,"Pune, Maharashtra",#travel #fitness #foodie #love
IG_0855911228,foodie_anjali69,2025-02-05 18:48:13,Reel,630,41,22,107,,#nature #travel
IG_7490482930,the_wanderer58,2025-02-05 22:25:41,Image,3080,213,254,491,,#lifestyle #trending #photography #art #viral
IG_7779385736,rahul_rocks69,2025-02-06 03:01:54,Image,8,0,0,1,"Delhi, India",#foodie #art #trending #love #instagood #music
IG_6624006799,ramesh_vlogs98,2025-02-06 05:32:30,Carousel,218,35,1,32,,#nature #travel #foodie
IG_1430185060,rahul_rocks63,2025-02-06 09:27:28,Reel,402,23,20,93,,#music #instagood #travel #lifestyle #viral #photooftheday
IG_2705638903,style_icon14,2025-02-07 01:25:31,Reel,13,0,0,0,"Jaipur, Rajasthan",#fashion #lifestyle #music #fitness #viral #foodie
IG_6590325086,rahul_rocks68,2025-02-07 01:45:53,Image,92,6,1,21,,#viral #instagood #foodie #fashion #photooftheday
IG_0685964377,kavita_art13,2025-02-07 07:16:59,Image,92,7,7,4,,#photography #travel #love
IG_6749234755,foodie_anjali69,2025-02-07 14:37:50,Image,516,37,42,43,,#travel #lifestyle #photooftheday
IG_2410800577,priya_daily66,2025-02-07 16:45:49,Image,290,36,16,31,"Bengaluru, Karnataka",#travel #foodie #lifestyle
IG_0010468363,foodie_anjali32,2025-02-07 22:34:35,Carousel,39,3,1,6,,#lifestyle #photooftheday #fashion #foodie #fitness #viral
IG_8415170411,priya_daily58,2025-02-08 01:32:36,Carousel,106,18,2,25,"Ahmedabad, Gujarat",#photooftheday #instagood #lifestyle #trending #fitness #love
IG_0919815089,sneha_style83,2025-02-08 03:22:40,Carousel,27,1,0,4,,#foodie #music #viral
IG_0333313173,priya_daily37,2025-02-08 04:09:29,Reel,347,16,34,82,"Bengaluru, Karnataka",#lifestyle #art #photography
IG_0655122463,rahul_rocks55,2025-02-08 07:51:49,Image,298,42,1,49,,#nature #art
IG_5734274640,priya_daily58,2025-02-08 10:16:11,Image,267,10,10,56,"Bengaluru, Karnataka",#travel #fashion #photography #foodie #trending #instagood
IG_6083741176,amit_travels4,2025-02-08 11:27:59,Reel,3171,84,74,174,"Bali, Indonesia",#instagood #art #fashion #foodie #fitness
IG_2491388839,the_wanderer64,2025-02-08 11:52:46,Image,78,15,5,4,"Dubai, UAE",#fashion #lifestyle
IG_3071026891,suresh_fitness10,2025-02-08 13:35:08,Video,426,20,33,64,"Paris, France",#photography #fashion #instagood #viral #nature
IG_5844882781,rohit_tech56,2025-02-08 13:56:30,Image,17,1,0,2,,#music #fashion #love #foodie
IG_9555962859,priya_daily93,2025-02-08 19:34:29,Image,324,21,29,73,,#trending #photography
IG_2674412012,suresh_fitness6,2025-02-09 00:59:03,Carousel,111,10,8,23,"Jaipur, Rajasthan",#photography #photooftheday
IG_1614372522,the_wanderer41,2025-02-09 04:48:32,Image,69,12,1,6,"Bengaluru, Karnataka",#photography #music #fashion
IG_4404740960,priya_daily23,2025-02-09 12:51:38,Image,954,59,38,53,,#fitness #lifestyle #nature
IG_4930512871,style_icon98,2025-02-09 13:23:30,Reel,258,48,23,28,"Goa, India",#photooftheday #fitness #trending #photography #nature
IG_7370622337,amit_travels85,2025-02-09 16:08:57,Video,37,5,1,6,"Goa, India",#trending #travel #photooftheday #art #foodie
IG_4347997090,ramesh_vlogs56,2025-02-09 18:21:50,Image,563,96,23,134,,#photography #foodie
IG_1921416468,sneha_style32,2025-02-09 19:26:45,Reel,134,12,12,19,"Bengaluru, Karnataka",#viral #instagood #photography
IG_2259598970,ramesh_vlogs27,2025-02-09 19:59:00,Video,25,1,0,2,,#travel #trending #love #music #nature
IG_8320396076,kavita_art29,2025-02-09 20:36:31,Reel,99,18,6,11,"Dubai, UAE",#lifestyle #viral #photooftheday #foodie #instagood
IG_7948863123,foodie_anjali33,2025-02-10 00:23:31,Carousel,120,11,8,16,,#viral #travel #instagood #art #foodie
IG_7749318727,ramesh_vlogs1,2025-02-10 02:03:38,Carousel,53,8,1,9,"Jaipur, Rajasthan",#fitness #instagood #foodie #lifestyle
IG_5825542763,kavita_art84,2025-02-10 03:04:22,Image,302,56,23,6,,#photooftheday #viral
IG_5553548882,style_icon89,2025-02-10 03:11:31,Image,8,0,0,1,,#music #photooftheday #foodie #art
IG_6247109640,style_icon82,2025-02-10 04:36:52,Video,5388,459,319,703,,#fashion #lifestyle #foodie #travel
IG_6356155006,the_wanderer92,2025-02-10 06:09:04,Image,23,4,1,0,"Delhi, India",#travel #music
IG_3463096449,sneha_style95,2025-02-10 07:48:29,Reel,83,12,6,9,"Bali, Indonesia",#photography #photooftheday #fashion #viral
IG_3026086287,the_wanderer83,2025-02-10 17:35:36,Reel,126,11,12,10,"Dubai, UAE",#fitness #foodie
IG_8157572839,rohit_tech32,2025-02-10 20:23:03,Image,61,4,2,4,"Paris, France",#nature #fashion #lifestyle #photooftheday
IG_7985340259,amit_travels15,2025-02-11 03:38:57,Video,311,6,8,68,"Mumbai, Maharashtra",#art #love #photooftheday
IG_0133065678,kavita_art70,2025-02-11 06:47:54,Image,69,10,4,8,"Dubai, UAE",#love #photooftheday #fitness
IG_0841687464,rohit_tech43,2025-02-11 10:41:15,Carousel,28,3,0,3,"Delhi, India",#foodie #photooftheday #art #nature
IG_3723429980,ramesh_vlogs36,2025-02-11 14:07:54,Reel,163,30,4,38,"Dubai, UAE",#love #fitness #foodie #trending #fashion #photooftheday
IG_5833094791,suresh_fitness76,2025-02-11 14:13:39,Carousel,115,2,3,7,,#lifestyle #instagood #foodie #travel #love
IG_8578559781,the_wanderer47,2025-02-12 00:03:31,Image,81,13,6,14,,#music #photography #fitness #travel
IG_7698372499,rohit_tech23,2025-02-12 03:13:53,Image,67,7,2,10,"Bali, Indonesia",#art #music #foodie #travel #viral
IG_4310310026,ramesh_vlogs87,2025-02-12 06:07:44,Reel,89,16,8,21,,#lifestyle #photography #instagood #art #viral
IG_3346888174,the_wanderer70,2025-02-12 07:30:51,Reel,19,2,1,3,,#trending #fitness #photooftheday #fashion #foodie #lifestyle
IG_5886473626,rahul_rocks9,2025-02-12 09:23:19,Image,182,13,17,12,,#fitness #instagood #lifestyle
IG_3947004201,rahul_rocks70,2025-02-12 13:40:34,Image,88,4,7,2,,#fashion #lifestyle #trending #travel
IG_5192309282,sneha_style1,2025-02-12 13:49:03,Image,9,0,0,1,,#trending #love #travel #fitness
IG_3197570502,kavita_art76,2025-02-12 14:35:15,Image,387,10,17,61,,#lifestyle #photography #travel #love
IG_6966532901,foodie_anjali93,2025-02-12 23:12:58,Image,7,0,0,0,,#lifestyle #fashion
IG_6419593558,foodie_anjali26,2025-02-12 23:24:55,Image,122,8,8,26,"Pune, Maharashtra",#viral #fashion #travel #foodie #love
IG_2861122893,foodie_anjali89,2025-02-13 00:50:41,Video,289,17,24,34,"Paris, France",#photooftheday #travel #viral #instagood #trending
IG_8132795874,the_wanderer69,2025-02-13 15:02:48,Reel,106,9,1,17,"Bengaluru, Karnataka",#trending #music #foodie #nature
IG_0054212934,suresh_fitness42,2025-02-13 19:49:30,Image,414,56,12,25,"Bengaluru, Karnataka",#art #photooftheday
IG_7872553199,foodie_anjali16,2025-02-13 19:54:50,Reel,187,15,15,37,"Delhi, India",#music #travel #fitness
IG_4747764536,ramesh_vlogs4,2025-02-13 22:21:39,Carousel,40,5,0,1,,#nature #love #trending
IG_8429890851,suresh_fitness25,2025-02-13 23:49:47,Image,87,5,6,3,,#photooftheday #lifestyle #foodie #love
IG_1523911618,suresh_fitness83,2025-02-14 05:49:26,Image,652,113,52,27,,#love #art #photooftheday #lifestyle
IG_3623492404,ramesh_vlogs90,2025-02-14 12:41:34,Carousel,404,11,9,100,,#love #travel #nature #photooftheday #photography #trending
IG_3372572936,rahul_rocks96,2025-02-14 15:26:43,Reel,189,33,8,43,,#photooftheday #viral #music
IG_1360629861,foodie_anjali88,2025-02-15 08:15:08,Reel,45,4,3,8,,#art #travel #nature #music #fitness #trending
IG_4564702020,rohit_tech53,2025-02-15 08:36:54,Image,282,27,26,43,,#nature #instagood
IG_8042103929,kavita_art86,2025-02-15 09:55:13,Reel,54,9,3,10,,#music #lifestyle #foodie #fitness
IG_7120613564,ramesh_vlogs48,2025-02-15 14:47:38,Reel,2080,269,37,54,"Ahmedabad, Gujarat",#love #photography #nature #art #photooftheday
IG_1068424894,rahul_rocks79,2025-02-15 17:06:47,Reel,281,49,17,26,,#photooftheday #art #foodie #love #instagood #trending
IG_2013284270,style_icon20,2025-02-16 01:00:05,Reel,118,2,4,4,,#fitness #trending #fashion
IG_5452839462,kavita_art11,2025-02-16 11:05:50,Image,78,8,1,3,,#art #fashion #trending #love
IG_4013648086,foodie_anjali79,2025-02-16 14:22:20,Reel,116,22,8,22,"Bali, Indonesia",#lifestyle #fitness
IG_7365904830,rohit_tech80,2025-02-16 16:21:29,Carousel,6,0,0,0,,#travel #art #viral #instagood #lifestyle
IG_7230259396,foodie_anjali56,2025-02-16 19:31:32,Carousel,39,3,2,9,,#art #fitness #fashion #travel
IG_7228290428,the_wanderer43,2025-02-16 19:55:31,Video,124,15,10,29,"Ahmedabad, Gujarat",#love #fashion #trending #viral #foodie
IG_0232571741,priya_daily4,2025-02-16 22:48:46,Image,753,11,58,46,"Bali, Indonesia",#fashion #music #foodie #nature
IG_1517916685,kavita_art88,2025-02-17 04:08:11,Image,4421,565,174,997,,#lifestyle #art #trending #photooftheday #photography #viral
IG_9865946754,the_wanderer38,2025-02-17 11:03:47,Image,31,3,0,7,"Bengaluru, Karnataka",#trending #music #photooftheday
IG_4822690692,priya_daily6,2025-02-17 15:31:04,Carousel,52,2,1,6,,#foodie #love #travel
IG_0137976799,kavita_art39,2025-02-17 20:26:31,Image,127,24,7,19,,#photography #music #nature #love
IG_5045395138,foodie_anjali53,2025-02-17 22:00:05,Reel,133,13,1,23,,#fashion #trending #foodie
IG_7295014601,priya_daily29,2025-02-18 03:08:55,Reel,45,1,3,1,"Paris, France",#fashion #photography #lifestyle
IG_0005290036,sneha_style70,2025-02-18 05:41:07,Image,687,60,9,118,"Pune, Maharashtra",#travel #viral #lifestyle #trending #fashion
IG_3633054534,style_icon15,2025-02-18 08:13:55,Image,135,24,2,7,,#viral #fashion #foodie #travel
IG_0474775800,kavita_art40,2025-02-18 08:15:09,Carousel,104,19,10,22,"Dubai, UAE",#fashion #art #travel #love
IG_1834098786,kavita_art67,2025-02-18 08:25:24,Video,761,81,71,145,,#photooftheday #music #art #foodie #fashion #travel
IG_9781031511,the_wanderer60,2025-02-18 08:28:10,Carousel,40,4,3,6,"Paris, France",#love #music #foodie
IG_6221498415,suresh_fitness99,2025-02-18 08:36:34,Image,623,9,32,138,"Mumbai, Maharashtra",#fashion #travel
IG_4018026935,foodie_anjali59,2025-02-18 09:57:52,Reel,396,58,24,49,,#photography #viral #instagood #photooftheday #art
IG_4003620408,kavita_art70,2025-02-18 17:42:59,Video,584,71,11,98,"Delhi, India",#travel #foodie #music #photooftheday #viral
IG_4128325424,foodie_anjali75,2025-02-18 20:05:45,Carousel,434,5,8,79,,#photography #fitness #love
IG_6711139584,rohit_tech31,2025-02-18 22:31:16,Reel,251,43,19,37,"Mumbai, Maharashtra",#viral #photography #nature
IG_7888713326,rohit_tech24,2025-02-19 01:24:53,Image,40,6,3,2,"Pune, Maharashtra",#foodie #music #love #travel #art #viral
IG_1739775443,sneha_style57,2025-02-19 02:57:24,Image,13,1,0,0,,#fitness #art #instagood
IG_6217769232,style_icon36,2025-02-19 06:54:37,Video,9,0,0,1,"Bali, Indonesia",#foodie #fitness #viral
IG_2879610307,style_icon18,2025-02-19 07:26:36,Video,14,1,1,2,,#instagood #fashion
IG_0818408861,the_wanderer45,2025-02-19 09:50:30,Reel,348,8,1,61,,#travel #lifestyle #viral #fashion #trending #music
IG_0359845492,foodie_anjali3,2025-02-19 10:45:43,Reel,23,2,1,4,"Goa, India",#photooftheday #art
IG_4949830384,ramesh_vlogs77,2025-02-19 12:04:17,Video,939,42,49,30,,#lifestyle #love #trending #fitness
IG_0502652741,kavita_art86,2025-02-19 12:06:54,Reel,468,73,39,110,"Bengaluru, Karnataka",#love #travel #photography #trending
IG_3300492404,foodie_anjali35,2025-02-19 16:01:01,Video,113,18,7,3,"Ahmedabad, Gujarat",#lifestyle #photooftheday
IG_2198266954,rahul_rocks39,2025-02-19 18:36:46,Video,417,66,26,10,"Ahmedabad, Gujarat",#fashion #photooftheday #nature
IG_4551154020,the_wanderer87,2025-02-19 21:09:09,Reel,111,9,9,9,"Mumbai, Maharashtra",#instagood #travel #viral #love #art
IG_3920486206,the_wanderer27,2025-02-20 00:41:46,Image,297,17,6,6,"Dubai, UAE",#foodie #love #photooftheday #viral
IG_9626307376,sneha_style55,2025-02-20 03:13:12,Reel,211,31,6,11,,#photooftheday #viral #art #foodie
IG_7562121515,kavita_art7,2025-02-20 09:23:30,Reel,213,19,7,21,,#love #fitness
IG_5166163949,amit_travels62,2025-02-20 11:28:09,Reel,452,29,43,48,"Bengaluru, Karnataka",#nature #foodie #fitness #lifestyle #photooftheday #viral
IG_4688954926,foodie_anjali21,2025-02-20 13:48:31,Carousel,46,7,0,10,"Mumbai, Maharashtra",#viral #instagood #trending
IG_9583792479,rahul_rocks26,2025-02-20 16:08:07,Reel,46,5,1,3,,#fitness #music #viral #foodie
IG_4084321732,the_wanderer32,2025-02-20 17:45:17,Carousel,120,21,9,13,"Bengaluru, Karnataka",#music #instagood #fashion #lifestyle #fitness #photography
IG_2503631910,kavita_art37,2025-02-21 16:59:31,Image,2,0,0,0,"Dubai, UAE",#photooftheday #fashion #music
IG_7582800553,kavita_art25,2025-02-21 17:02:34,Reel,58,7,5,5,,#foodie #nature
IG_5269672330,style_icon49,2025-02-21 18:30:10,Reel,17,2,1,3,,#viral #foodie #photooftheday #nature
IG_7147803469,sneha_style59,2025-02-21 19:48:02,Carousel,665,85,26,58,,#foodie #instagood #fitness #lifestyle #art
IG_0330821072,kavita_art85,2025-02-21 21:35:48,Image,150,20,3,9,"Delhi, India",#travel #fitness #music #photooftheday
IG_8562021386,amit_travels25,2025-02-21 23:53:51,Image,162,18,9,7,,#instagood #fitness #nature
IG_7625531074,style_icon63,2025-02-22 09:16:52,Video,244,12,17,32,,#lifestyle #photooftheday #photography #fitness
IG_8765802458,sneha_style51,2025-02-22 19:17:14,Carousel,736,29,45,48,"Bengaluru, Karnataka",#love #music #foodie #nature #viral
IG_3724326317,rohit_tech51,2025-02-23 04:06:57,Video,191,36,14,5,"Jaipur, Rajasthan",#fitness #instagood #foodie
IG_9916295547,style_icon7,2025-02-23 04:13:42,Image,5,0,0,1,,#love #art #fashion #lifestyle #travel
IG_4111753940,priya_daily55,2025-02-23 04:36:31,Image,159,4,1,17,"Paris, France",#art #foodie #viral #trending #fashion #fitness
IG_4496913683,priya_daily59,2025-02-23 10:24:23,Carousel,88,14,1,6,"Delhi, India",#photography #viral #foodie #love #trending
IG_2449413010,the_wanderer4,2025-02-23 11:40:14,Carousel,47,4,3,9,"Paris, France",#viral #instagood #lifestyle #foodie
IG_9099410583,amit_travels32,2025-02-23 12:27:32,Carousel,72,9,3,14,"Delhi, India",#viral #foodie #trending
IG_8790954783,kavita_art17,2025-02-23 12:42:47,Reel,568,16,56,12,"Goa, India",#viral #travel #trending #photooftheday #love #photography
IG_4331263087,rahul_rocks92,2025-02-23 12:47:13,Image,192,34,17,30,"Bengaluru, Karnataka",#trending #viral #photography #art #love #fitness
IG_2112146588,ramesh_vlogs37,2025-02-23 14:58:02,Image,168,2,5,30,"Paris, France",#foodie #trending #music #photooftheday
IG_1372570107,suresh_fitness63,2025-02-23 15:55:55,Image,1218,127,38,220,,#art #nature #fashion #viral #trending
IG_3569533450,ramesh_vlogs30,2025-02-23 17:09:04,Reel,10,1,0,0,,#photooftheday #love
IG_1411932935,sneha_style43,2025-02-23 22:31:11,Image,145,22,4,18,"Bengaluru, Karnataka",#photography #trending
IG_8051202108,foodie_anjali85,2025-02-24 01:11:57,Image,84,1,6,18,"Goa, India",#photography #foodie #viral #love #nature #art
IG_7202673488,style_icon33,2025-02-24 01:38:24,Carousel,1798,110,57,312,"Bali, Indonesia",#trending #foodie #fitness #travel
IG_3489819628,priya_daily71,2025-02-24 01:56:25,Video,13,0,0,3,,#photography #photooftheday #music #instagood #art
IG_8778922780,priya_daily53,2025-02-24 04:43:48,Image,101,2,7,23,,#love #fashion #foodie #instagood
IG_4927790712,ramesh_vlogs48,2025-02-24 04:53:05,Image,174,21,8,39,,#foodie #instagood #love
IG_7473540078,amit_travels29,2025-02-24 05:00:04,Image,47,3,3,7,,#photooftheday #lifestyle #fitness #foodie
IG_9159159134,suresh_fitness78,2025-02-24 07:33:09,Image,83,11,3,10,,#music #nature
IG_6442554062,suresh_fitness3,2025-02-24 12:04:33,Image,740,12,17,111,"Bali, Indonesia",#foodie #trending
IG_4389374119,foodie_anjali28,2025-02-24 12:42:37,Image,317,28,25,32,"Ahmedabad, Gujarat",#photography #love #nature
IG_6913240708,the_wanderer73,2025-02-24 18:02:51,Image,6370,280,256,535,,#photography #viral
IG_6338521012,rahul_rocks79,2025-02-25 02:36:24,Reel,35,1,1,5,"Ahmedabad, Gujarat",#lifestyle #foodie #viral #fitness #instagood #nature
IG_2254125289,sneha_style8,2025-02-25 03:42:25,Reel,19,3,1,2,,#fashion #foodie #love #viral #art
IG_7336049273,sneha_style41,2025-02-25 06:46:01,Image,78,2,1,7,"Bengaluru, Karnataka",#music #love
IG_7306279335,style_icon3,2025-02-25 08:14:03,Image,333,54,24,75,"Goa, India",#art #love #nature #photography
IG_4212795853,ramesh_vlogs2,2025-02-25 11:05:28,Video,937,81,71,125,,#photography #lifestyle
IG_5219527315,kavita_art28,2025-02-25 22:30:46,Carousel,170,30,2,28,,#fashion #viral #instagood #art #trending #photooftheday
IG_0290175938,the_wanderer85,2025-02-26 00:18:29,Reel,67,7,3,13,,#fitness #viral #photooftheday #music #trending #fashion
IG_3916412675,the_wanderer95,2025-02-26 00:54:55,Image,140,19,8,4,,#music #fashion
IG_9611866733,rahul_rocks81,2025-02-26 05:00:15,Video,12,0,0,1,"Ahmedabad, Gujarat",#viral #photography #fashion #music #travel #fitness
IG_1351833597,rohit_tech38,2025-02-26 14:07:37,Carousel,38,1,3,2,"Goa, India",#fashion #fitness #music #love #instagood #lifestyle
IG_0227826426,priya_daily23,2025-02-26 20:12:42,Reel,3161,260,306,254,,#foodie #travel #instagood #nature #lifestyle #music
IG_0472849072,foodie_anjali78,2025-02-26 20:43:01,Reel,49,9,4,2,"Goa, India",#photography #foodie #lifestyle #trending
IG_0621462932,style_icon68,2025-02-26 23:06:03,Image,811,87,24,56,"Ahmedabad, Gujarat",#nature #fashion #photooftheday
IG_1631201130,rahul_rocks96,2025-02-26 23:46:01,Image,228,43,8,24,"Jaipur, Rajasthan",#lifestyle #fitness
IG_6133482474,kavita_art98,2025-02-26 23:50:53,Image,172,19,9,17,"Pune, Maharashtra",#viral #photooftheday
IG_6346315669,foodie_anjali83,2025-02-27 00:00:59,Image,115,20,9,10,,#foodie #instagood #trending #photography #fashion #nature
IG_4176494879,priya_daily76,2025-02-27 03:21:01,Image,1001,12,99,116,"Mumbai, Maharashtra",#trending #photooftheday #instagood
IG_4145100991,style_icon16,2025-02-27 03:45:24,Reel,268,4,3,50,,#foodie #fitness #fashion
IG_3436311463,the_wanderer37,2025-02-27 06:33:06,Image,527,10,48,104,,#music #photography #fashion #love #trending
IG_3469295429,the_wanderer25,2025-02-27 13:24:30,Image,608,104,21,40,,#art #fashion #photooftheday #love #lifestyle
IG_7149726157,suresh_fitness32,2025-02-27 13:46:21,Carousel,156,25,8,14,"Jaipur, Rajasthan",#photography #travel #music
IG_3702262340,kavita_art57,2025-02-27 15:24:17,Video,236,25,16,11,,#love #fashion
IG_8454346557,priya_daily61,2025-02-27 19:38:41,Reel,66,1,2,13,"Bengaluru, Karnataka",#art #nature #viral #photooftheday #photography #foodie
IG_8493892301,suresh_fitness51,2025-02-27 20:40:18,Reel,29,2,0,4,"Jaipur, Rajasthan",#love #photooftheday
IG_5638490006,rahul_rocks57,2025-02-27 22:51:32,Carousel,42,3,1,8,,#photography #love #lifestyle
IG_7516084324,rohit_tech30,2025-02-28 01:22:13,Video,140,9,8,2,"Bali, Indonesia",#foodie #love #trending
IG_2562678810,suresh_fitness88,2025-02-28 04:41:51,Image,4,0,0,0,"Pune, Maharashtra",#foodie #viral #fashion #travel #trending
IG_4847987203,ramesh_vlogs65,2025-02-28 06:52:40,Reel,682,48,37,73,,#photography #travel #fashion #photooftheday #viral
IG_0724934595,rahul_rocks74,2025-02-28 07:43:11,Image,30,2,2,1,"Ahmedabad, Gujarat",#trending #travel
IG_4467787604,rohit_tech49,2025-02-28 10:32:07,Video,692,78,33,62,,#music #fashion #trending #foodie #nature
IG_3420901776,foodie_anjali5,2025-02-28 10:53:05,Carousel,78,5,2,3,"Goa, India",#foodie #fitness
IG_6462870954,sneha_style67,2025-02-28 14:20:40,Reel,196,33,5,8,"Jaipur, Rajasthan",#viral #love #fashion #instagood
IG_5140204586,style_icon2,2025-02-28 15:33:18,Reel,73,3,3,15,,#travel #instagood #foodie
IG_7060461009,sneha_style80,2025-02-28 16:13:36,Image,91,17,4,9,"Goa, India",#love #art #trending #photography #instagood #nature
IG_7700821910,the_wanderer38,2025-02-28 17:30:39,Image,3,0,0,0,,#art #photooftheday #instagood #foodie
IG_2766899332,foodie_anjali53,2025-02-28 20:59:03,Image,57,3,1,1,"Mumbai, Maharashtra",#art #travel #fitness #music
IG_7032783439,foodie_anjali5,2025-02-28 21:34:11,Reel,321,52,4,63,"Bali, Indonesia",#love #lifestyle #music #foodie
IG_2319247755,foodie_anjali37,2025-02-28 22:08:38,Image,2312,383,84,203,,#love #fitness #art #nature
IG_9305853924,rahul_rocks2,2025-02-28 22:28:51,Carousel,7227,74,112,1467,,#photooftheday #love
IG_9814746832,style_icon48,2025-03-01 01:42:39,Video,30,5,0,5,"Jaipur, Rajasthan",#photography #foodie #travel #photooftheday
IG_3939030401,ramesh_vlogs16,2025-03-01 02:27:03,Image,509,95,36,63,,#travel #fashion #instagood
IG_4819375288,ramesh_vlogs16,2025-03-01 04:12:02,Video,6,0,0,0,,#fashion #instagood #lifestyle #art #love
IG_8719491078,priya_daily93,2025-03-01 05:17:45,Carousel,618,97,18,31,,#photooftheday #viral
IG_0190067658,the_wanderer51,2025-03-01 06:44:36,Reel,3322,400,138,148,"Mumbai, Maharashtra",#nature #photooftheday
IG_3726786017,rahul_rocks45,2025-03-01 09:30:32,Reel,1714,31,38,400,,#music #trending
IG_5315919414,rohit_tech58,2025-03-01 15:09:50,Image,217,12,3,38,"Delhi, India",#photooftheday #trending #music
IG_6868899077,amit_travels65,2025-03-01 16:41:46,Image,25,0,1,3,"Mumbai, Maharashtra",#photooftheday #art
IG_5636667084,suresh_fitness50,2025-03-02 07:27:45,Carousel,113,5,5,7,"Bali, Indonesia",#fitness #lifestyle #nature #photography
IG_1397474664,sneha_style21,2025-03-02 15:30:04,Reel,223,40,5,9,"Pune, Maharashtra",#trending #music #nature
IG_5689483381,amit_travels29,2025-03-03 03:44:08,Image,117,16,2,18,"Delhi, India",#foodie #fitness
IG_0820135824,amit_travels23,2025-03-03 23:20:00,Carousel,23,3,1,4,"Dubai, UAE",#travel #photooftheday #instagood #lifestyle #fitness
IG_7375387443,rahul_rocks46,2025-03-04 07:00:03,Image,127,6,3,28,"Ahmedabad, Gujarat",#love #nature #art
IG_1611259306,suresh_fitness3,2025-03-04 10:47:21,Carousel,1070,116,45,123,,#trending #travel #art
IG_2145833881,kavita_art85,2025-03-04 11:47:06,Image,23,4,1,3,"Bali, Indonesia",#viral #travel #art
IG_7439027135,rohit_tech13,2025-03-04 16:23:35,Carousel,10,1,0,2,"Goa, India",#trending #music #fitness #lifestyle #viral
IG_5940293197,kavita_art74,2025-03-04 17:04:27,Reel,9,1,0,2,"Mumbai, Maharashtra",#trending #fitness #travel #viral #instagood #love
IG_2910607912,suresh_fitness49,2025-03-04 19:28:37,Reel,64,10,4,6,"Bali, Indonesia",#fitness #instagood #music #photooftheday
IG_2811998870,priya_daily77,2025-03-04 22:35:17,Image,402,53,25,23,"Paris, France",#art #love #photooftheday #fitness #instagood #nature
IG_1889245237,priya_daily50,2025-03-04 22:36:35,Image,311,50,28,48,"Dubai, UAE",#fashion #instagood #lifestyle
IG_0847692586,the_wanderer86,2025-03-05 13:15:40,Image,3308,254,305,114,"Dubai, UAE",#photography #fashion #love #lifestyle #viral #foodie
IG_1011760660,priya_daily67,2025-03-05 16:13:44,Carousel,0,0,0,0,"Dubai, UAE",#love #foodie #instagood #photography
IG_2382954466,suresh_fitness92,2025-03-05 16:52:08,Carousel,241,6,10,54,"Dubai, UAE",#instagood #fashion #foodie
IG_5507880857,suresh_fitness73,2025-03-05 17:01:31,Reel,273,42,6,23,,#photography #foodie
IG_6173246308,rohit_tech85,2025-03-05 18:45:07,Reel,1101,182,21,145,"Bengaluru, Karnataka",#art #foodie
IG_7112600630,ramesh_vlogs72,2025-03-06 01:25:48,Image,552,17,26,111,"Bengaluru, Karnataka",#lifestyle #instagood #fashion #photography #nature
IG_2930991481,ramesh_vlogs17,2025-03-06 09:54:36,Image,11,2,0,1,,#nature #viral #travel #instagood #trending #art
IG_9256042064,suresh_fitness88,2025-03-06 13:30:32,Reel,281,3,6,31,,#photography #love #instagood
IG_3765398978,rahul_rocks55,2025-03-07 10:27:46,Reel,359,39,2,74,"Delhi, India",#lifestyle #fashion #music #viral #art
IG_7484237136,kavita_art96,2025-03-07 14:52:50,Video,4,0,0,0,"Paris, France",#fashion #trending #music #lifestyle
IG_6025613224,priya_daily33,2025-03-07 21:51:31,Image,233,12,21,10,,#love #instagood #trending
IG_5042367056,ramesh_vlogs22,2025-03-07 22:44:00,Reel,24578,3046,1551,3039,,#music #photography #fashion #foodie #viral
IG_2156005870,ramesh_vlogs52,2025-03-07 23:19:06,Reel,82,15,8,5,,#photooftheday #nature
IG_5446679867,rohit_tech41,2025-03-08 07:37:44,Reel,327,27,12,30,"Bengaluru, Karnataka",#fitness #fashion #art #photooftheday #love #foodie
IG_2085249693,amit_travels89,2025-03-08 09:06:53,Reel,80,2,5,13,,#fashion #trending #fitness #photography #art #music
IG_8360981167,rahul_rocks86,2025-03-08 12:58:08,Reel,317,15,16,60,"Bali, Indonesia",#viral #nature #photography #fitness #art
IG_1011577791,kavita_art72,2025-03-08 17:54:07,Image,90,14,7,17,"Pune, Maharashtra",#music #photography #love #foodie #art
IG_9794016328,rohit_tech33,2025-03-09 00:41:40,Image,190,3,13,33,,#instagood #viral #foodie
IG_9988524455,style_icon50,2025-03-09 04:50:26,Image,748,93,47,85,"Jaipur, Rajasthan",#lifestyle #travel
IG_5083825189,ramesh_vlogs85,2025-03-09 06:35:18,Video,2644,66,85,274,"Goa, India",#love #trending #viral
IG_8036878216,ramesh_vlogs18,2025-03-09 06:40:38,Carousel,172,11,6,40,,#travel #viral #trending #photography #fashion
IG_7357952536,suresh_fitness6,2025-03-10 02:48:40,Image,4453,425,440,1060,,#fashion #art #foodie #lifestyle #nature #travel
IG_8264915883,ramesh_vlogs34,2025-03-10 05:40:21,Image,120,2,11,8,"Dubai, UAE",#love #foodie #photography
IG_7974472105,ramesh_vlogs92,2025-03-10 05:54:17,Reel,71,6,1,8,"Jaipur, Rajasthan",#foodie #trending #photography #viral
IG_0640921061,ramesh_vlogs33,2025-03-10 08:47:48,Carousel,213,39,12,44,,#nature #trending #fitness #travel #fashion #music
IG_8491228947,the_wanderer87,2025-03-10 22:41:20,Reel,514,63,8,83,,#trending #nature #art #lifestyle #photooftheday
IG_2306705938,kavita_art59,2025-03-11 00:40:22,Video,710,123,24,103,,#fitness #instagood #photography
IG_0877073774,sneha_style16,2025-03-11 08:22:27,Image,92,5,4,19,"Jaipur, Rajasthan",#photography #fashion
IG_7519475896,foodie_anjali17,2025-03-11 09:28:20,Image,99,10,9,10,"Mumbai, Maharashtra",#fashion #instagood #trending #art #viral
IG_0068330800,rahul_rocks66,2025-03-11 15:46:19,Image,26,1,1,4,"Goa, India",#music #photography #travel #fashion #fitness
IG_6026212041,style_icon4,2025-03-11 18:58:53,Reel,1306,117,67,291,"Ahmedabad, Gujarat",#fitness #trending #music
IG_8010640663,ramesh_vlogs83,2025-03-12 09:53:38,Video,149,1,13,14,,#instagood #photography #trending #art
IG_7361073892,rahul_rocks69,2025-03-12 13:52:28,Image,112,16,4,10,"Pune, Maharashtra",#instagood #music #love #lifestyle #art
IG_4375804310,foodie_anjali43,2025-03-12 14:56:04,Video,20,1,1,3,,#art #travel #trending #love #music #instagood
IG_5250380130,rohit_tech28,2025-03-12 15:31:50,Reel,138,14,1,18,,#foodie #photooftheday #viral #photography #instagood
IG_7637120362,kavita_art17,2025-03-12 15:48:42,Image,178,6,7,16,"Paris, France",#fashion #travel #instagood #lifestyle #love #fitness
IG_1511524426,kavita_art4,2025-03-12 16:06:16,Reel,1611,24,113,325,,#lifestyle #travel #trending #instagood #photography #foodie
IG_5172899442,rohit_tech44,2025-03-12 22:53:41,Image,73,9,5,3,,#art #travel #lifestyle
IG_7045092287,rahul_rocks97,2025-03-13 03:35:44,Image,86,1,3,6,"Delhi, India",#art #photography #fitness #trending #instagood
IG_9487515346,rohit_tech98,2025-03-13 04:38:25,Image,23,3,1,2,,#photography #fashion
IG_8762304069,ramesh_vlogs95,2025-03-13 08:06:27,Reel,651,127,57,38,,#photography #love #art
IG_4427802561,style_icon92,2025-03-13 10:45:30,Video,147,6,1,31,,#viral #nature #music #travel
IG_7004538293,sneha_style72,2025-03-13 12:05:10,Carousel,13,0,1,2,"Goa, India",#photooftheday #instagood #art #fashion #fitness
IG_7951070540,rohit_tech49,2025-03-13 12:30:14,Reel,518,34,40,76,"Bengaluru, Karnataka",#photooftheday #art #foodie #nature #fitness
IG_8192162378,ramesh_vlogs13,2025-03-13 13:02:25,Video,421,23,10,100,,#photography #photooftheday #trending
IG_8723676951,amit_travels50,2025-03-13 13:34:02,Reel,285,12,21,46,"Jaipur, Rajasthan",#photography #viral
IG_1687678327,kavita_art21,2025-03-13 16:10:36,Image,509,75,38,34,"Pune, Maharashtra",#lifestyle #photooftheday #photography #art #instagood
IG_7050576872,sneha_style64,2025-03-13 19:49:30,Carousel,99,18,8,14,"Mumbai, Maharashtra",#trending #fitness #art #nature #music #photooftheday
IG_6905339389,rohit_tech75,2025-03-14 04:26:27,Carousel,6,0,0,0,,#fitness #travel
IG_3553086454,style_icon31,2025-03-14 12:35:15,Image,493,48,23,116,"Goa, India",#travel #love
IG_5815423046,ramesh_vlogs27,2025-03-14 19:50:32,Video,1,0,0,0,"Mumbai, Maharashtra",#instagood #trending #music #travel #photography
IG_2274728222,amit_travels5,2025-03-14 20:47:36,Reel,52,4,1,11,"Paris, France",#fashion #foodie #travel #trending #art
IG_3251338888,sneha_style61,2025-03-15 03:57:23,Image,613,41,52,58,"Pune, Maharashtra",#fitness #lifestyle #love #instagood #trending #photooftheday
IG_8153132549,foodie_anjali56,2025-03-15 04:02:48,Image,53,5,4,1,"Paris, France",#fashion #foodie #art #photography
IG_6623240223,rahul_rocks46,2025-03-15 06:55:57,Video,1086,139,97,68,,#viral #music #foodie #travel #art #love
IG_1438172236,rohit_tech19,2025-03-16 00:40:30,Reel,28,5,1,6,"Delhi, India",#music #instagood #fashion #foodie #lifestyle #art
IG_8046281813,priya_daily83,2025-03-16 06:52:35,Carousel,20,3,1,0,"Dubai, UAE",#fashion #travel #art
IG_8232799881,foodie_anjali69,2025-03-16 08:13:19,Carousel,910,119,49,171,,#travel #fashion
IG_0278450558,foodie_anjali92,2025-03-16 08:46:53,Carousel,1243,105,24,38,"Bali, Indonesia",#fashion #photography
IG_3837525791,suresh_fitness84,2025-03-16 11:23:59,Image,745,134,72,24,"Bali, Indonesia",#fashion #instagood #travel #lifestyle #foodie
IG_0550114393,the_wanderer54,2025-03-16 16:13:26,Carousel,64,12,3,1,,#music #photography #fashion #travel #trending #lifestyle
IG_8956420221,sneha_style28,2025-03-16 19:40:31,Image,289,51,13,16,"Delhi, India",#photography #foodie #trending #art
IG_1761873378,kavita_art76,2025-03-16 22:14:06,Reel,108,19,7,12,"Delhi, India",#instagood #nature #photooftheday #art
IG_3774927642,the_wanderer49,2025-03-16 23:57:14,Video,119,17,3,24,,#viral #instagood #music #foodie #nature #fitness
IG_3903218737,rahul_rocks27,2025-03-17 00:30:38,Video,106,15,2,23,"Goa, India",#trending #viral #nature
IG_9742398627,style_icon76,2025-03-17 01:59:48,Image,9,1,0,2,"Dubai, UAE",#photooftheday #travel #music
IG_6255508069,foodie_anjali9,2025-03-17 10:11:19,Reel,341,9,8,80,,#music #photooftheday
IG_7029150892,priya_daily67,2025-03-17 11:13:37,Reel,119,22,5,16,,#travel #viral #lifestyle #fitness #fashion #art
IG_4546488216,style_icon99,2025-03-17 13:50:44,Image,60,9,1,11,"Ahmedabad, Gujarat",#lifestyle #foodie #instagood #trending #photography
IG_0345819692,kavita_art54,2025-03-17 16:48:45,Reel,46,0,1,5,"Bengaluru, Karnataka",#nature #fitness #art #foodie
IG_7931822960,rahul_rocks28,2025-03-17 16:50:49,Reel,122,17,3,28,,#foodie #photooftheday #nature
IG_8544861606,kavita_art84,2025-03-17 17:53:07,Image,619,12,38,81,"Delhi, India",#love #fitness
IG_2646055397,foodie_anjali62,2025-03-17 18:02:35,Carousel,219,29,7,11,"Paris, France",#photooftheday #travel #trending
IG_6742548167,foodie_anjali79,2025-03-17 18:37:37,Carousel,95,8,6,5,,#viral #art #photooftheday #lifestyle
IG_4108673012,amit_travels4,2025-03-17 20:18:38,Video,63,9,5,11,,#music #love #foodie #travel
IG_7510882534,priya_daily21,2025-03-18 02:50:14,Image,25,0,1,1,"Jaipur, Rajasthan",#viral #nature #music #travel #lifestyle
IG_4636131063,sneha_style93,2025-03-18 14:03:50,Carousel,733,71,47,25,,#love #travel #fashion #art
IG_1838084684,rahul_rocks72,2025-03-18 16:39:24,Reel,121,18,10,5,"Goa, India",#foodie #love #trending #photography #instagood #music
IG_9988183385,rohit_tech42,2025-03-19 11:24:02,Image,1953,295,47,360,,#lifestyle #fashion #photooftheday
IG_8238435961,the_wanderer4,2025-03-19 15:15:42,Image,2278,125,187,535,"Paris, France",#trending #nature #photography #love #instagood
IG_7949086310,priya_daily55,2025-03-19 15:43:28,Image,251,7,12,33,"Pune, Maharashtra",#trending #viral #travel #music #nature #fitness
IG_2813330217,suresh_fitness23,2025-03-19 20:10:02,Reel,130,22,7,14,"Paris, France",#foodie #love #fitness #art #trending
IG_3463764099,suresh_fitness16,2025-03-19 21:19:00,Image,223,35,7,54,"Bengaluru, Karnataka",#photography #foodie #fashion #photooftheday
IG_9518828266,rohit_tech32,2025-03-20 00:22:57,Image,470,85,20,64,"Bengaluru, Karnataka",#travel #music #viral #fitness #photography
IG_0102893640,kavita_art58,2025-03-20 16:50:57,Image,1425,260,27,227,"Pune, Maharashtra",#photooftheday #fashion #foodie #photography #trending
IG_1278290225,rohit_tech22,2025-03-20 22:09:04,Image,33820,5673,1834,2844,"Bengaluru, Karnataka",#love #art
IG_7710479052,the_wanderer68,2025-03-20 22:49:56,Carousel,1256,243,14,293,"Bengaluru, Karnataka",#instagood #viral
IG_6304844037,priya_daily1,2025-03-21 08:26:45,Video,1442,33,21,126,"Ahmedabad, Gujarat",#trending #viral #foodie #instagood #art #nature
IG_1959583405,rohit_tech43,2025-03-21 10:09:51,Reel,17,1,0,1,,#photooftheday #art #travel
IG_9105743099,kavita_art83,2025-03-21 14:21:02,Image,75,13,4,8,"Bali, Indonesia",#art #lifestyle #foodie #travel #fitness
IG_6300970887,amit_travels77,2025-03-21 15:09:13,Carousel,117,10,9,8,"Dubai, UAE",#fashion #travel #viral
IG_7109753720,rahul_rocks46,2025-03-21 15:54:19,Video,329,17,2,77,,#instagood #trending #nature #photography #art
IG_2962129820,sneha_style53,2025-03-21 16:16:38,Image,67,12,6,5,"Paris, France",#music #viral #love #nature #art
IG_0990627218,style_icon60,2025-03-21 21:07:19,Video,100,19,2,23,"Dubai, UAE",#nature #travel #love #fashion
IG_3886178799,kavita_art62,2025-03-21 21:25:25,Video,55,4,2,9,"Mumbai, Maharashtra",#fashion #viral #nature #art #travel #fitness
IG_5308922981,style_icon68,2025-03-21 22:46:23,Reel,156,19,10,35,,#music #love #art
IG_5722078410,sneha_style64,2025-03-22 02:16:06,Image,2,0,0,0,"Ahmedabad, Gujarat",#art #love #instagood
IG_8367887881,amit_travels24,2025-03-22 11:46:53,Reel,292,55,11,54,"Dubai, UAE",#photography #fashion #trending #instagood
IG_6112831644,amit_travels95,2025-03-22 18:36:02,Carousel,83,15,2,8,"Jaipur, Rajasthan",#photooftheday #music #nature #travel #viral
IG_5877023550,ramesh_vlogs12,2025-03-22 18:52:12,Image,3338,447,189,794,"Mumbai, Maharashtra",#lifestyle #travel
IG_2872980842,foodie_anjali46,2025-03-22 19:38:06,Image,72,3,4,12,"Paris, France",#viral #music #love
IG_6943558322,style_icon95,2025-03-22 20:54:10,Image,8,0,0,0,"Bali, Indonesia",#instagood #photography
IG_6524458316,rahul_rocks77,2025-03-23 02:59:55,Image,387,12,7,22,,#viral #photooftheday #instagood #foodie #lifestyle
IG_2924763742,kavita_art18,2025-03-23 06:08:34,Reel,36,1,1,2,"Pune, Maharashtra",#love #travel #trending #music #photooftheday #foodie
IG_8844243980,style_icon35,2025-03-23 06:26:09,Reel,126,18,10,22,"Goa, India",#instagood #photooftheday #fashion #fitness #trending #music
IG_8292590923,rahul_rocks42,2025-03-23 19:15:09,Image,270,50,15,64,"Jaipur, Rajasthan",#trending #travel
IG_2177514119,rahul_rocks64,2025-03-23 22:11:18,Carousel,568,53,4,109,,#lifestyle #viral #photooftheday #fashion #trending
IG_5398243240,priya_daily22,2025-03-23 23:43:58,Image,863,107,39,180,,#instagood #nature #love #music #fitness
IG_2114537603,sneha_style84,2025-03-24 00:40:31,Image,83,7,0,8,,#nature #trending #photography
IG_4986507214,ramesh_vlogs56,2025-03-24 02:19:06,Image,360,48,15,18,"Bengaluru, Karnataka",#photooftheday #foodie #fitness
IG_6828603884,kavita_art9,2025-03-24 02:40:05,Image,293,16,23,11,"Goa, India",#art #instagood
IG_1039351120,style_icon11,2025-03-24 08:00:18,Carousel,94,9,9,14,,#trending #love #lifestyle
IG_2808201286,the_wanderer51,2025-03-24 13:53:29,Image,49,6,0,5,,#fitness #foodie #music #photooftheday #lifestyle #instagood
IG_3725983989,rahul_rocks8,2025-03-24 23:48:01,Reel,631,126,47,149,"Bengaluru, Karnataka",#fashion #photooftheday #lifestyle #trending #photography #viral
IG_8802684149,ramesh_vlogs23,2025-03-25 00:55:51,Video,159,21,5,21,"Ahmedabad, Gujarat",#nature #photography #love #foodie #fitness
IG_7886092094,the_wanderer78,2025-03-25 02:42:26,Reel,1134,161,50,253,"Ahmedabad, Gujarat",#photography #photooftheday #fashion #trending #lifestyle
IG_1836822588,foodie_anjali6,2025-03-25 03:28:01,Reel,7672,1087,609,634,,#viral #photooftheday #foodie #instagood #music #lifestyle
IG_3705257290,foodie_anjali24,2025-03-25 06:24:11,Carousel,146,19,2,29,,#fitness #travel
IG_7539820337,rahul_rocks52,2025-03-25 08:42:32,Image,23,1,1,1,"Goa, India",#fitness #travel #instagood #photography #foodie
IG_0908757957,rohit_tech19,2025-03-25 11:19:41,Carousel,48,8,4,6,,#travel #trending #lifestyle
IG_5821193960,kavita_art53,2025-03-25 14:17:36,Carousel,9,1,0,1,"Paris, France",#trending #photooftheday
IG_4037436192,the_wanderer83,2025-03-26 00:10:46,Reel,28,2,0,2,,#fitness #love #viral
IG_9220629314,style_icon43,2025-03-26 01:47:02,Image,506,67,40,71,"Jaipur, Rajasthan",#trending #instagood #travel
IG_9664951837,the_wanderer99,2025-03-26 03:02:53,Image,54,3,2,13,,#nature #viral #art #love #fitness #trending
IG_7487763753,rohit_tech51,2025-03-26 08:29:36,Image,26,4,0,1,"Jaipur, Rajasthan",#love #viral #art
IG_3715742402,rahul_rocks61,2025-03-26 10:00:24,Video,142,4,7,5,"Ahmedabad, Gujarat",#instagood #fashion #travel #viral #fitness
IG_1445444092,the_wanderer41,2025-03-26 11:15:21,Reel,11,1,0,0,,#love #photography #art #travel #foodie #lifestyle
IG_1916037601,foodie_anjali25,2025-03-26 15:03:58,Video,92,9,1,15,"Paris, France",#viral #photooftheday #nature #travel #music #foodie
IG_6688302264,foodie_anjali83,2025-03-26 20:20:18,Image,351,3,27,20,"Mumbai, Maharashtra",#photography #trending #photooftheday
IG_9830174523,suresh_fitness15,2025-03-26 21:19:50,Image,301,39,25,45,"Bengaluru, Karnataka",#fitness #lifestyle #foodie
IG_2813498300,amit_travels3,2025-03-26 22:03:57,Image,478,46,28,111,"Bengaluru, Karnataka",#art #viral #nature
IG_1356523823,ramesh_vlogs52,2025-03-26 23:42:04,Carousel,11,0,0,1,"Ahmedabad, Gujarat",#nature #love #instagood #music #lifestyle
IG_7563372283,rohit_tech81,2025-03-27 00:56:34,Image,630,87,61,71,"Dubai, UAE",#instagood #travel #foodie #trending #love
IG_9812845458,suresh_fitness3,2025-03-27 02:05:26,Video,200,4,19,42,,#music #foodie #nature #fashion #trending #art
IG_6672410293,ramesh_vlogs4,2025-03-27 03:00:10,Reel,116,3,8,11,,#lifestyle #nature
IG_5833132304,rohit_tech11,2025-03-27 03:27:33,Image,332,15,23,13,"Bali, Indonesia",#fitness #lifestyle
IG_6662110264,foodie_anjali92,2025-03-27 15:43:25,Image,39,6,0,5,"Paris, France",#instagood #love #foodie #fashion #art
IG_0021221366,foodie_anjali1,2025-03-28 07:31:40,Image,683,12,14,83,,#love #fitness
IG_8592443777,suresh_fitness86,2025-03-28 14:05:06,Reel,98,4,2,24,"Paris, France",#art #instagood
IG_8127694562,suresh_fitness59,2025-03-28 14:54:47,Carousel,690,124,19,160,,#travel #nature #trending #art
IG_4026168628,amit_travels28,2025-03-28 18:15:18,Reel,207,35,1,40,"Pune, Maharashtra",#foodie #viral #lifestyle #love #nature
IG_2604188939,the_wanderer25,2025-03-28 20:46:32,Image,15,1,1,2,,#travel #lifestyle
IG_7577197213,priya_daily14,2025-03-28 23:55:55,Carousel,226,6,11,46,,#photooftheday #trending #art
IG_3413922043,suresh_fitness63,2025-03-29 00:49:34,Reel,67,0,1,8,"Ahmedabad, Gujarat",#photography #trending #love #travel
IG_8810699939,ramesh_vlogs78,2025-03-29 05:48:38,Image,35,3,2,0,"Ahmedabad, Gujarat",#trending #art #love #fitness #photooftheday #instagood
IG_0888100575,amit_travels16,2025-03-29 08:25:06,Image,13,1,0,0,"Jaipur, Rajasthan",#photography #nature #photooftheday #travel #trending
IG_2167880207,suresh_fitness49,2025-03-29 13:18:19,Image,120,7,6,21,"Delhi, India",#love #foodie #fashion #instagood #fitness #art
IG_9478470967,ramesh_vlogs27,2025-03-29 13:55:00,Image,11,0,0,0,,#music #trending #photography #instagood #love
IG_7356959946,priya_daily4,2025-03-29 15:50:51,Reel,167,1,10,33,"Bengaluru, Karnataka",#photography #fitness #viral
IG_1952694120,suresh_fitness26,2025-03-29 19:11:39,Image,320,26,6,7,,#travel #instagood #fashion #foodie #music
IG_8308715502,sneha_style33,2025-03-30 03:04:31,Carousel,17,0,0,2,,#instagood #travel #viral #lifestyle #photography #music
IG_9803914853,rahul_rocks95,2025-03-30 06:28:41,Image,82,9,7,20,,#travel #fitness
IG_4578562838,sneha_style62,2025-03-30 07:50:44,Image,164,4,5,37,"Ahmedabad, Gujarat",#instagood #love #fitness #lifestyle #art
IG_0549745120,rahul_rocks65,2025-03-30 11:43:30,Image,29,4,0,0,,#fashion #love #viral
IG_6832131946,foodie_anjali83,2025-03-30 17:23:31,Reel,4612,730,88,125,"Mumbai, Maharashtra",#travel #instagood #lifestyle #fashion
IG_6085917079,amit_travels29,2025-03-30 20:54:03,Image,2334,85,23,412,"Dubai, UAE",#instagood #foodie #trending #love
IG_4563057296,rohit_tech3,2025-03-30 21:06:01,Image,158,3,1,19,,#fitness #photooftheday #foodie
IG_1299145801,kavita_art19,2025-03-30 22:48:34,Image,320,43,8,32,"Delhi, India",#nature #trending #music #lifestyle #foodie #travel
IG_5323819701,suresh_fitness99,2025-03-30 23:58:14,Reel,162,26,11,13,"Paris, France",#nature #viral
IG_7316867024,kavita_art53,2025-03-31 00:02:06,Image,914,66,57,18,"Pune, Maharashtra",#travel #viral #music
IG_4733947733,amit_travels51,2025-03-31 01:14:47,Image,94,11,9,10,,#trending #instagood #nature #foodie #fashion #photooftheday
IG_1934585049,suresh_fitness95,2025-03-31 07:27:58,Image,39,3,2,2,"Delhi, India",#lifestyle #fashion #photography
IG_6251144494,style_icon2,2025-03-31 08:15:28,Image,213,12,18,22,"Bali, Indonesia",#photooftheday #photography #instagood #trending #nature #fashion
IG_7364918630,priya_daily94,2025-03-31 08:57:07,Carousel,103,3,4,20,,#art #foodie
IG_9038881753,foodie_anjali98,2025-03-31 11:42:57,Carousel,3122,128,107,486,"Bengaluru, Karnataka",#nature #love #trending #photography #lifestyle #photooftheday
IG_2475843913,amit_travels40,2025-03-31 12:24:31,Reel,161,8,6,13,"Pune, Maharashtra",#music #photography #fashion #fitness
IG_0078361887,suresh_fitness45,2025-03-31 18:13:21,Carousel,14,2,1,0,"Jaipur, Rajasthan",#photooftheday #love #fitness
IG_5766372363,kavita_art43,2025-03-31 19:51:28,Image,156,18,3,27,,#love #music
IG_9132142417,rohit_tech49,2025-04-01 01:26:55,Image,24,3,2,4,,#photooftheday #fitness
IG_7033464546,ramesh_vlogs78,2025-04-01 04:44:16,Reel,68,6,2,15,,#photography #love #viral
IG_5235972452,foodie_anjali70,2025-04-01 09:59:05,Video,559,73,43,120,,#nature #music #fashion #viral #art
IG_1631478517,rohit_tech84,2025-04-01 12:01:28,Image,17,1,1,2,"Jaipur, Rajasthan",#photography #love #instagood
IG_1127730224,rahul_rocks22,2025-04-01 12:50:56,Image,165,16,13,27,,#love #photooftheday #photography #fitness #instagood #trending
IG_7281628024,amit_travels98,2025-04-01 13:17:21,Carousel,27,4,1,3,,#music #art #trending
IG_0216484777,the_wanderer26,2025-04-01 14:05:45,Image,360,37,12,41,"Mumbai, Maharashtra",#music #foodie #photooftheday #travel #fitness #love
IG_3946286581,the_wanderer55,2025-04-01 16:44:51,Image,180,29,3,10,,#fashion #photography #music #photooftheday #fitness
IG_4895406794,foodie_anjali49,2025-04-01 23:52:48,Reel,141,13,13,11,,#photooftheday #instagood #love #lifestyle #viral
IG_6118799334,kavita_art36,2025-04-02 18:10:54,Video,89,14,4,11,"Paris, France",#trending #lifestyle
IG_1740791739,the_wanderer90,2025-04-03 03:46:09,Carousel,265,21,7,16,"Ahmedabad, Gujarat",#photography #fashion
IG_0284064345,foodie_anjali7,2025-04-03 04:35:41,Image,225,44,17,6,"Bengaluru, Karnataka",#viral #foodie #photography #photooftheday
IG_2397178777,suresh_fitness16,2025-04-03 05:16:12,Image,243,28,3,21,,#nature #trending
IG_3317519275,the_wanderer60,2025-04-03 05:17:15,Video,7,1,0,1,"Ahmedabad, Gujarat",#fashion #instagood #music #nature #lifestyle
IG_5932248138,the_wanderer34,2025-04-03 08:49:45,Reel,49,5,0,6,"Goa, India",#instagood #love
IG_8222338689,suresh_fitness88,2025-04-04 01:54:07,Video,66,3,4,15,"Bengaluru, Karnataka",#foodie #photooftheday #fashion #art
IG_3806041136,style_icon76,2025-04-04 01:56:16,Carousel,29,5,2,2,"Bali, Indonesia",#viral #photography #trending #music #art
IG_9632418583,priya_daily71,2025-04-04 04:05:57,Carousel,128,2,11,17,"Paris, France",#nature #fitness #fashion #travel #foodie #art
IG_4219542674,the_wanderer81,2025-04-04 06:25:19,Image,667,84,52,18,,#viral #instagood #photography
IG_5021981451,sneha_style50,2025-04-04 08:28:58,Image,642,12,35,125,"Paris, France",#lifestyle #instagood #fitness #travel
IG_0766956919,rahul_rocks71,2025-04-04 10:07:35,Image,1005,196,82,162,,#travel #fitness
IG_0742826966,the_wanderer79,2025-04-04 11:43:18,Image,344,38,3,32,"Jaipur, Rajasthan",#foodie #fashion #trending #photography #fitness
IG_4414680969,rohit_tech4,2025-04-04 12:21:59,Reel,297,27,26,21,,#foodie #nature
IG_1797799110,rohit_tech63,2025-04-04 16:42:31,Reel,85,15,4,10,,#love #photooftheday #instagood
IG_6495518531,the_wanderer39,2025-04-04 17:52:06,Reel,384,66,19,34,"Goa, India",#nature #music #travel #fashion
IG_0288979125,amit_travels69,2025-04-04 20:03:23,Reel,240,45,23,43,"Ahmedabad, Gujarat",#photooftheday #fashion #travel
IG_6443695526,kavita_art75,2025-04-05 07:01:19,Reel,114,17,5,17,"Bengaluru, Karnataka",#art #fitness #love #trending
IG_0907309618,sneha_style10,2025-04-05 10:11:23,Carousel,66,5,3,10,,#nature #love #music
IG_1000807079,kavita_art36,2025-04-05 13:02:15,Image,162,25,16,36,,#trending #travel
IG_7392614620,kavita_art48,2025-04-05 18:26:56,Image,127,12,10,27,,#travel #music #foodie #nature #photooftheday #photography
IG_2844566809,rahul_rocks78,2025-04-05 21:16:45,Video,61,8,2,10,"Dubai, UAE",#art #instagood #trending #love #fashion #photooftheday
IG_2753902949,amit_travels97,2025-04-06 00:25:17,Image,1632,22,37,229,"Jaipur, Rajasthan",#lifestyle #nature
IG_4589733880,rahul_rocks56,2025-04-06 01:08:00,Reel,2,0,0,0,,#viral #trending #photography #art #music
IG_8680051574,foodie_anjali97,2025-04-06 03:34:06,Reel,156,23,6,28,"Goa, India",#fitness #trending
IG_5938312192,ramesh_vlogs78,2025-04-06 04:30:59,Video,348,22,26,52,,#instagood #art
IG_4876973655,ramesh_vlogs34,2025-04-06 07:08:17,Reel,2,0,0,0,"Pune, Maharashtra",#photography #travel
IG_0059665175,suresh_fitness67,2025-04-06 07:23:22,Carousel,89,10,0,16,,#love #fashion #nature #fitness #travel
IG_9719471559,suresh_fitness51,2025-04-06 11:43:58,Reel,50,4,1,2,"Delhi, India",#nature #fashion #photography #viral #love #trending
IG_2625896656,style_icon49,2025-04-06 17:41:41,Carousel,81,3,6,18,"Pune, Maharashtra",#foodie #art #lifestyle #viral #music #nature
IG_9601261620,sneha_style87,2025-04-06 21:04:50,Reel,11,1,0,0,"Dubai, UAE",#viral #love #lifestyle
IG_8247385535,sneha_style83,2025-04-06 21:48:17,Image,122,3,8,10,,#art #foodie #fashion #trending #love
IG_0915663897,style_icon47,2025-04-07 03:23:35,Carousel,587,56,24,52,"Paris, France",#viral #art #travel
IG_3881816270,rohit_tech20,2025-04-07 05:37:37,Reel,257,50,21,11,,#photooftheday #love #foodie #travel #art #music
IG_7300061645,rahul_rocks67,2025-04-07 07:46:48,Reel,45,1,3,3,,#viral #music #lifestyle #fitness
IG_9875285372,rahul_rocks74,2025-04-07 10:11:36,Image,73,6,6,13,"Goa, India",#foodie #instagood
IG_6532505630,sneha_style47,2025-04-07 16:00:28,Carousel,6,0,0,0,"Mumbai, Maharashtra",#photography #music #fitness #art #photooftheday
IG_2751337765,foodie_anjali96,2025-04-07 16:36:33,Image,2441,280,126,508,"Paris, France",#foodie #love #instagood #photography
IG_7966004594,suresh_fitness29,2025-04-07 16:50:41,Reel,329,34,25,46,,#fashion #photooftheday #photography #instagood
IG_0975207770,kavita_art16,2025-04-07 17:45:40,Image,21,1,1,1,"Mumbai, Maharashtra",#fashion #foodie #instagood #travel
IG_5880630921,the_wanderer4,2025-04-07 21:45:40,Reel,861,63,26,61,"Goa, India",#fashion #photography #trending #fitness #music #instagood
IG_1559224840,rohit_tech15,2025-04-07 22:42:58,Image,109,12,1,23,"Delhi, India",#photography #trending
IG_7305002500,amit_travels99,2025-04-08 00:43:51,Reel,29,0,1,1,,#lifestyle #photooftheday #fashion #nature #art
IG_1586005097,foodie_anjali42,2025-04-08 02:37:03,Image,195,23,16,36,"Bali, Indonesia",#photography #trending #fashion #art #nature #fitness
IG_4838726490,ramesh_vlogs1,2025-04-08 04:03:58,Carousel,219,2,3,41,"Dubai, UAE",#fitness #photooftheday
IG_1544526475,style_icon90,2025-04-08 04:59:08,Video,48,9,0,8,,#music #photooftheday #art
IG_4227684029,ramesh_vlogs55,2025-04-08 05:36:15,Image,568,87,23,74,"Bengaluru, Karnataka",#instagood #travel #lifestyle #viral
IG_9831944924,amit_travels51,2025-04-08 05:59:41,Video,416,78,29,81,"Mumbai, Maharashtra",#instagood #travel #music #nature #fashion #fitness
IG_3123258997,style_icon37,2025-04-08 14:01:36,Image,33,6,3,3,"Dubai, UAE",#foodie #travel #viral #photooftheday
IG_4212031121,foodie_anjali83,2025-04-08 19:44:16,Carousel,1909,123,54,302,"Jaipur, Rajasthan",#music #nature #fitness #fashion #love
IG_7541083166,style_icon85,2025-04-08 21:49:37,Image,152,8,4,26,,#fashion #art #photography #nature
IG_2288488585,rohit_tech69,2025-04-08 23:48:43,Carousel,9,0,0,1,"Delhi, India",#photography #trending #lifestyle #travel #music #photooftheday
IG_8534387721,ramesh_vlogs82,2025-04-09 05:43:47,Image,27,1,1,5,"Jaipur, Rajasthan",#nature #love #fitness #travel
IG_8403061153,ramesh_vlogs44,2025-04-09 06:42:17,Image,317,12,10,9,"Mumbai, Maharashtra",#viral #love #instagood #nature #photooftheday #travel
IG_8211353203,rahul_rocks14,2025-04-09 07:12:34,Image,33,3,2,2,"Paris, France",#fitness #foodie #instagood
IG_9842052903,priya_daily34,2025-04-09 13:01:53,Image,239,4,1,34,"Bengaluru, Karnataka",#love #trending #lifestyle #photooftheday #viral
IG_5870811251,suresh_fitness51,2025-04-09 18:07:26,Video,1174,162,25,238,"Dubai, UAE",#travel #music #instagood #foodie #photography #lifestyle
IG_1196740119,kavita_art29,2025-04-09 19:11:14,Image,263,18,22,25,,#fashion #travel #trending #music #viral #lifestyle
IG_6221558188,foodie_anjali16,2025-04-09 20:30:56,Reel,221,6,2,35,,#fitness #photooftheday #love #photography #trending
IG_3198109375,amit_travels17,2025-04-10 00:01:09,Image,18,1,1,1,,#fashion #love #nature #instagood #viral
IG_6050589477,rohit_tech18,2025-04-10 00:17:43,Image,1262,173,13,260,,#photooftheday #love #art
IG_6436201013,priya_daily99,2025-04-10 00:21:53,Image,108,9,8,22,"Goa, India",#lifestyle #viral
IG_6912794010,the_wanderer63,2025-04-10 05:27:10,Reel,1834,182,62,45,"Mumbai, Maharashtra",#art #fitness #travel #love
IG_3183935996,sneha_style47,2025-04-10 06:07:01,Image,5222,942,368,529,"Ahmedabad, Gujarat",#viral #fitness #photooftheday #photography #travel
IG_7572832045,the_wanderer84,2025-04-10 09:13:55,Reel,143,6,11,26,"Delhi, India",#photooftheday #fitness #instagood #viral
IG_0211022910,style_icon55,2025-04-10 14:42:27,Image,569,104,11,23,"Dubai, UAE",#art #instagood #photooftheday #photography #music #love
IG_3604258216,amit_travels18,2025-04-11 00:02:27,Video,184,27,15,29,,#love #photooftheday #travel #instagood #trending
IG_1771147300,sneha_style1,2025-04-11 02:06:10,Reel,62,1,1,3,,#trending #art #viral #travel #foodie
IG_2533057653,priya_daily59,2025-04-11 09:17:06,Carousel,29,0,2,4,,#lifestyle #travel #fashion #art #trending #photooftheday
IG_2112090132,the_wanderer92,2025-04-11 10:41:14,Reel,19,3,1,2,"Pune, Maharashtra",#photooftheday #art #lifestyle
IG_3648228612,rohit_tech29,2025-04-11 19:10:47,Video,18,2,0,0,"Ahmedabad, Gujarat",#foodie #lifestyle #nature #art #fashion
IG_6030279574,sneha_style69,2025-04-12 00:20:46,Image,82,3,4,1,"Goa, India",#art #love
IG_6485448832,foodie_anjali70,2025-04-12 04:58:45,Image,6,0,0,1,"Goa, India",#foodie #art
IG_8113413406,sneha_style25,2025-04-12 08:06:07,Image,198,33,12,36,,#viral #music #travel #foodie
IG_9893816909,style_icon7,2025-04-12 10:10:15,Reel,35,3,1,4,,#fitness #fashion #love #lifestyle
IG_5531872812,amit_travels17,2025-04-12 10:59:41,Image,84,3,3,8,"Bengaluru, Karnataka",#nature #love #foodie
IG_6316664149,sneha_style56,2025-04-12 12:12:37,Image,259,18,3,54,,#instagood #photooftheday #foodie #travel #nature #music
IG_7300820038,rohit_tech55,2025-04-12 13:56:43,Image,195,6,2,37,,#trending #nature #music #photography
IG_9281356073,suresh_fitness69,2025-04-12 14:55:47,Image,323,35,1,74,"Dubai, UAE",#trending #nature
IG_6377586358,sneha_style37,2025-04-12 15:34:22,Image,773,66,8,160,"Mumbai, Maharashtra",#trending #fitness #foodie #fashion
IG_1850683574,rahul_rocks82,2025-04-12 21:29:24,Carousel,56,1,2,3,"Ahmedabad, Gujarat",#music #nature #fashion #instagood
IG_6883054348,rahul_rocks56,2025-04-13 08:35:42,Reel,409,52,10,20,"Jaipur, Rajasthan",#love #lifestyle #foodie #travel
IG_0422905874,suresh_fitness41,2025-04-13 08:53:37,Image,45,3,2,1,"Dubai, UAE",#music #fitness #foodie #love
IG_2665927846,sneha_style6,2025-04-13 14:24:43,Reel,34,3,2,0,,#fitness #music #lifestyle
IG_0882482738,priya_daily1,2025-04-13 23:51:58,Image,68,10,1,11,,#photography #foodie #viral #trending #music
IG_8148981159,amit_travels69,2025-04-14 02:24:32,Video,369,18,3,55,"Dubai, UAE",#fitness #foodie #art
IG_6389696527,suresh_fitness38,2025-04-14 04:13:14,Image,449,64,7,32,"Dubai, UAE",#lifestyle #nature #photography
IG_9314806312,rahul_rocks15,2025-04-14 04:52:16,Image,119,10,0,25,"Bali, Indonesia",#instagood #viral #art #love #travel
IG_5682389204,foodie_anjali27,2025-04-14 10:09:15,Image,14,1,0,3,"Ahmedabad, Gujarat",#fashion #fitness
IG_3022311718,priya_daily57,2025-04-14 10:19:04,Image,3,0,0,0,,#lifestyle #viral #foodie #love
IG_5198208211,foodie_anjali15,2025-04-14 12:22:30,Image,553,102,49,47,"Dubai, UAE",#music #viral #fitness #photography #photooftheday #art
IG_5857746787,foodie_anjali70,2025-04-14 22:50:23,Reel,1164,115,48,42,"Bali, Indonesia",#love #nature #foodie #travel #photooftheday
IG_4060394850,rahul_rocks68,2025-04-15 02:34:25,Reel,361,44,18,59,"Dubai, UAE",#viral #foodie #art
IG_0165328196,amit_travels39,2025-04-15 03:48:31,Image,255,6,23,26,"Goa, India",#foodie #photooftheday #viral #lifestyle
IG_8060587818,ramesh_vlogs1,2025-04-15 05:31:35,Image,71,11,2,16,"Pune, Maharashtra",#instagood #foodie
IG_9305031823,amit_travels83,2025-04-15 11:18:19,Carousel,311,22,21,71,"Pune, Maharashtra",#art #trending #music #viral #photography
IG_2493168688,rohit_tech77,2025-04-15 13:40:18,Image,997,172,31,182,"Ahmedabad, Gujarat",#music #love #travel
IG_6827046474,amit_travels88,2025-04-15 15:02:56,Video,132,8,1,22,,#instagood #music #viral #foodie #art #lifestyle
IG_3606659405,priya_daily34,2025-04-15 18:13:21,Reel,481,7,26,60,"Bengaluru, Karnataka",#music #foodie #photooftheday #fashion
IG_7115233994,sneha_style74,2025-04-15 18:42:31,Carousel,206,28,1,15,"Bali, Indonesia",#photooftheday #instagood #travel #viral #nature
IG_7757332899,ramesh_vlogs80,2025-04-15 22:13:42,Reel,54,10,2,8,"Bengaluru, Karnataka",#instagood #fashion #photooftheday #fitness #foodie
IG_0471401299,ramesh_vlogs74,2025-04-16 03:43:08,Video,217,40,13,36,,#foodie #travel #fashion #art
IG_1799461482,rohit_tech40,2025-04-16 07:04:09,Image,40,7,0,0,,#fashion #viral #music #trending #instagood #nature
IG_8861549689,rahul_rocks64,2025-04-16 11:28:30,Carousel,285,12,17,40,,#instagood #lifestyle
IG_9928756220,sneha_style22,2025-04-16 15:07:21,Video,103,15,5,23,"Bali, Indonesia",#photography #love
IG_5579333708,ramesh_vlogs80,2025-04-16 20:53:42,Image,167,31,9,7,,#nature #lifestyle #art #photography #fitness
IG_8148039655,rahul_rocks90,2025-04-16 22:27:14,Image,1785,326,160,146,,#art #fitness #trending #foodie
IG_5461158706,suresh_fitness63,2025-04-17 02:11:53,Video,9,1,0,0,"Pune, Maharashtra",#nature #viral #art #fitness
IG_2731661688,style_icon94,2025-04-17 03:37:02,Reel,54,10,2,1,"Pune, Maharashtra",#fitness #viral #nature
IG_3986086320,rohit_tech98,2025-04-17 05:17:23,Reel,186,27,3,13,"Mumbai, Maharashtra",#lifestyle #fitness #love #art #travel
IG_9221137797,sneha_style1,2025-04-17 18:08:06,Carousel,277,7,8,27,"Delhi, India",#viral #fashion #instagood #photography #art
IG_1720670238,kavita_art84,2025-04-17 19:36:44,Carousel,139,9,3,22,,#lifestyle #instagood #nature #music
IG_2260316356,amit_travels97,2025-04-17 23:58:38,Image,9,0,0,1,,#instagood #travel #love #fitness #art
IG_3808175411,foodie_anjali77,2025-04-18 06:38:05,Image,1484,225,123,370,,#nature #love #trending #fashion
IG_4088246217,priya_daily54,2025-04-18 09:31:03,Video,191,28,9,26,"Jaipur, Rajasthan",#music #lifestyle #viral #trending #foodie
IG_7650653687,foodie_anjali53,2025-04-18 11:55:59,Image,15,1,0,2,,#viral #lifestyle #foodie #trending #music
IG_3784887188,style_icon88,2025-04-18 13:10:48,Image,868,31,29,107,"Mumbai, Maharashtra",#photography #travel #instagood #art #music
IG_4113051888,foodie_anjali94,2025-04-18 17:17:36,Image,116,16,5,6,"Mumbai, Maharashtra",#foodie #fitness #love
IG_4054228775,amit_travels24,2025-04-18 20:49:46,Image,58,5,3,3,,#love #travel #viral #photooftheday #lifestyle
IG_9915817789,kavita_art15,2025-04-18 22:23:13,Image,867,15,42,142,,#instagood #nature #lifestyle #photography
IG_9683652655,sneha_style44,2025-04-19 03:51:58,Image,19,0,1,4,"Goa, India",#photooftheday #art #instagood
IG_2792111259,the_wanderer41,2025-04-19 05:09:12,Image,249,17,22,42,,#instagood #trending #photooftheday
IG_0865444806,rahul_rocks49,2025-04-19 09:09:55,Image,85,14,3,2,,#viral #music #fashion
IG_6582468321,priya_daily32,2025-04-19 11:40:42,Carousel,29,5,0,2,"Paris, France",#travel #music #photooftheday
IG_7890453710,amit_travels2,2025-04-19 15:17:07,Video,275,2,17,30,,#nature #trending #fitness #foodie
IG_4271256236,rahul_rocks92,2025-04-19 17:00:51,Image,72,4,1,7,"Jaipur, Rajasthan",#music #photography #photooftheday #love
IG_8999526804,amit_travels77,2025-04-19 17:48:15,Carousel,7226,621,437,1024,"Pune, Maharashtra",#love #fashion #music #instagood #photooftheday
IG_9993290385,sneha_style31,2025-04-20 01:17:34,Reel,218,38,12,46,,#trending #fashion #photography #travel #viral
IG_5620189907,style_icon56,2025-04-20 01:59:35,Carousel,40,3,1,7,,#foodie #nature #photooftheday #photography
IG_8179739166,suresh_fitness17,2025-04-20 04:40:58,Reel,2088,318,100,273,"Jaipur, Rajasthan",#photooftheday #instagood #music #travel #lifestyle #foodie
IG_5704843714,foodie_anjali91,2025-04-20 08:09:42,Image,86,9,1,14,,#art #music
IG_9251482194,sneha_style12,2025-04-20 10:50:37,Reel,1540,149,108,183,,#photooftheday #nature #viral #music
IG_8524197999,foodie_anjali57,2025-04-20 10:52:00,Video,388,39,33,82,,#lifestyle #travel #foodie #music
IG_4248766316,suresh_fitness7,2025-04-20 20:34:46,Image,292,3,15,48,"Bali, Indonesia",#lifestyle #fashion #love
IG_2608864685,foodie_anjali35,2025-04-20 23:16:18,Carousel,231,19,4,25,"Delhi, India",#fashion #travel #music #foodie #instagood #love
IG_2639815677,style_icon61,2025-04-21 00:07:59,Carousel,40,1,2,2,"Jaipur, Rajasthan",#fitness #art #foodie #fashion #music
IG_2328269023,priya_daily70,2025-04-21 02:17:11,Reel,425,71,38,51,"Mumbai, Maharashtra",#foodie #love #instagood #nature #photooftheday #fashion
IG_6586959016,priya_daily46,2025-04-21 02:57:17,Reel,173,10,13,10,"Delhi, India",#travel #photooftheday #fitness #lifestyle
IG_1779730643,style_icon91,2025-04-21 05:00:19,Video,203,16,19,15,"Paris, France",#love #lifestyle #photography #nature #travel
IG_6637605916,priya_daily84,2025-04-21 08:44:20,Video,676,68,21,32,"Goa, India",#travel #nature #fashion
IG_5389727029,rohit_tech82,2025-04-21 09:16:38,Image,1436,44,57,159,"Dubai, UAE",#trending #love
IG_9314442537,kavita_art39,2025-04-21 13:56:30,Video,93,16,8,23,,#nature #viral
IG_1325738148,kavita_art32,2025-04-21 15:00:49,Reel,1760,53,49,238,"Ahmedabad, Gujarat",#art #trending #viral #fitness #photography
IG_4203358951,kavita_art52,2025-04-22 00:13:47,Carousel,47,7,4,5,"Delhi, India",#fitness #travel #trending
IG_8790786789,the_wanderer70,2025-04-22 02:17:23,Image,14,2,1,1,,#fitness #travel
IG_2326764854,priya_daily29,2025-04-22 07:55:58,Reel,713,112,27,96,"Jaipur, Rajasthan",#art #foodie #fashion #travel #viral #photography
IG_7610179787,amit_travels20,2025-04-23 01:36:25,Carousel,187,25,4,45,"Jaipur, Rajasthan",#art #fitness
IG_2936036533,priya_daily43,2025-04-23 02:09:21,Reel,23,0,1,2,,#viral #nature
IG_3727443174,foodie_anjali21,2025-04-23 04:48:35,Image,11,0,1,2,"Delhi, India",#foodie #music #fashion #art #photography #nature
IG_6331941327,foodie_anjali68,2025-04-23 11:32:52,Image,81,1,5,1,"Ahmedabad, Gujarat",#foodie #trending #lifestyle
IG_5534143377,sneha_style12,2025-04-23 11:53:58,Reel,987,170,13,154,,#viral #love #music #fashion #fitness
IG_5836684723,sneha_style40,2025-04-23 20:49:05,Video,121,4,10,20,"Mumbai, Maharashtra",#photooftheday #love #trending #art #nature
IG_9050218857,sneha_style10,2025-04-24 02:46:26,Carousel,219,11,12,34,,#trending #foodie
IG_7040885367,priya_daily9,2025-04-24 09:49:46,Reel,97,6,5,2,,#photooftheday #nature #trending #fashion
IG_7546957612,foodie_anjali75,2025-04-24 11:33:44,Image,418,29,14,98,"Bali, Indonesia",#nature #love #foodie #fashion #music #viral
IG_9324067829,priya_daily49,2025-04-24 11:47:10,Video,153,27,12,29,,#lifestyle #viral
IG_3560126318,rohit_tech86,2025-04-24 13:35:53,Image,119,21,1,17,"Bengaluru, Karnataka",#trending #foodie #fitness
IG_7438058528,suresh_fitness65,2025-04-24 17:48:50,Reel,162,11,11,15,"Ahmedabad, Gujarat",#nature #fashion #photography #photooftheday #travel
IG_4253626840,rohit_tech73,2025-04-24 18:09:45,Reel,2445,406,40,56,,#viral #fashion #music
IG_2991396381,style_icon93,2025-04-24 18:13:12,Video,323,45,21,77,,#lifestyle #travel #instagood #nature
IG_8764059022,kavita_art88,2025-04-24 22:14:34,Carousel,77,6,0,5,"Paris, France",#trending #love #foodie #fashion #travel #viral
IG_5573964661,suresh_fitness96,2025-04-24 23:02:44,Video,902,52,80,161,"Mumbai, Maharashtra",#photooftheday #foodie #viral
IG_9199925095,foodie_anjali38,2025-04-24 23:29:08,Image,158,2,3,8,"Ahmedabad, Gujarat",#fashion #art #viral #photooftheday #foodie #love
IG_9933646108,rahul_rocks65,2025-04-25 00:40:58,Image,371,38,10,61,"Bengaluru, Karnataka",#trending #lifestyle #viral #travel #instagood
IG_5195021926,the_wanderer23,2025-04-25 01:40:13,Carousel,1262,19,90,95,"Bengaluru, Karnataka",#fitness #nature #foodie #music #trending #viral
IG_5569672370,amit_travels83,2025-04-25 02:57:08,Reel,92,3,7,6,"Dubai, UAE",#photooftheday #art #travel #fitness #music #love
IG_6291587331,priya_daily34,2025-04-25 05:39:38,Image,127,17,0,10,,#lifestyle #art #viral #photooftheday
IG_2897650843,foodie_anjali41,2025-04-25 11:12:53,Video,25,3,1,5,"Paris, France",#art #love
IG_7820620038,rahul_rocks79,2025-04-25 14:12:10,Image,36,4,1,5,"Pune, Maharashtra",#photooftheday #instagood #love #fitness #art #travel
IG_5610214938,ramesh_vlogs68,2025-04-25 14:38:37,Video,32,1,0,0,"Delhi, India",#trending #photooftheday #viral
IG_7160696635,the_wanderer20,2025-04-25 16:17:04,Image,323,39,3,63,,#trending #photography #fashion #viral
IG_6161698162,style_icon34,2025-04-25 16:40:31,Carousel,89,6,1,10,,#lifestyle #travel #viral
IG_4522894632,ramesh_vlogs2,2025-04-25 16:47:24,Carousel,874,14,21,179,"Ahmedabad, Gujarat",#art #trending #fitness #instagood #love
IG_6514037173,foodie_anjali71,2025-04-25 18:52:34,Image,36,1,1,4,,#photography #photooftheday #lifestyle #fitness
IG_5146289318,priya_daily4,2025-04-25 20:44:47,Image,18,3,0,3,,#viral #trending #love #fashion #art #nature
IG_1048530536,amit_travels11,2025-04-25 21:29:00,Image,235,34,1,36,,#travel #trending
IG_4331041314,kavita_art50,2025-04-25 21:43:24,Video,9,1,0,1,,#photooftheday #fashion #travel #love
IG_8429867823,amit_travels98,2025-04-26 06:11:12,Reel,54,1,5,4,"Mumbai, Maharashtra",#foodie #fashion #fitness #art #photography
IG_3239722782,suresh_fitness44,2025-04-26 07:38:33,Reel,303,25,9,33,"Jaipur, Rajasthan",#photooftheday #viral #music #fashion #fitness #travel
IG_5984734289,priya_daily36,2025-04-26 08:47:24,Image,28,1,2,1,,#art #travel #music
IG_4471806591,the_wanderer62,2025-04-26 11:22:29,Video,3,0,0,0,,#travel #trending #lifestyle
IG_4265108907,sneha_style34,2025-04-26 12:37:34,Reel,410,37,11,76,,#art #instagood #fashion #viral
IG_8526420773,suresh_fitness64,2025-04-26 13:53:26,Image,53,7,2,13,"Paris, France",#lifestyle #art #fitness
IG_9234475119,foodie_anjali85,2025-04-26 15:33:13,Image,211,33,1,24,"Bali, Indonesia",#fashion #foodie #nature #instagood #photography
IG_8252126633,amit_travels40,2025-04-26 19:46:54,Carousel,2516,489,45,565,,#fashion #fitness #photography #instagood #travel #foodie
IG_9071393393,amit_travels68,2025-04-27 00:24:47,Reel,1756,101,16,232,"Bengaluru, Karnataka",#music #love #fashion
IG_9367728365,style_icon22,2025-04-27 03:12:13,Image,21,0,0,2,"Mumbai, Maharashtra",#music #lifestyle #fitness #love #photography #nature
IG_9293178500,the_wanderer81,2025-04-27 05:03:31,Video,430,34,32,47,"Paris, France",#art #fitness
IG_8576863359,sneha_style58,2025-04-27 05:34:23,Image,1578,212,118,124,,#photography #love #art #lifestyle #photooftheday #viral
IG_3382094751,the_wanderer12,2025-04-27 06:09:50,Reel,241,17,13,44,,#music #photooftheday #instagood #viral #travel #fashion
IG_8866756755,sneha_style68,2025-04-27 08:24:51,Image,318,32,12,19,"Bengaluru, Karnataka",#art #photooftheday #fashion #instagood #lifestyle
IG_9681570796,sneha_style30,2025-04-27 15:56:27,Reel,93,4,3,9,,#instagood #photooftheday #nature
IG_0855097228,ramesh_vlogs15,2025-04-27 19:24:10,Carousel,49,1,4,8,"Bengaluru, Karnataka",#photooftheday #music #foodie #fashion #love
IG_5700099241,rohit_tech73,2025-04-27 19:29:03,Carousel,379,9,33,29,"Paris, France",#photography #travel
IG_8703486599,the_wanderer9,2025-04-27 20:35:29,Video,156,2,0,24,,#love #music #photooftheday #instagood #trending #fitness
IG_6050224762,the_wanderer31,2025-04-27 21:56:54,Reel,209,7,1,45,"Dubai, UAE",#fashion #viral #travel #photooftheday #foodie #photography
IG_2277294437,priya_daily59,2025-04-28 01:45:41,Image,125,23,9,29,"Goa, India",#travel #art #viral #fitness
IG_2156353131,foodie_anjali86,2025-04-28 02:42:17,Carousel,242,26,1,42,"Goa, India",#love #fashion
IG_1199145474,suresh_fitness66,2025-04-28 14:15:36,Image,214,9,7,6,,#love #nature #music #photography
IG_0445839129,the_wanderer52,2025-04-28 16:54:50,Image,792,122,10,103,,#foodie #nature #photography
IG_0171025039,foodie_anjali29,2025-04-28 22:23:11,Reel,68,11,5,7,"Bengaluru, Karnataka",#travel #fitness #trending #viral
IG_6475448642,style_icon95,2025-04-28 23:34:37,Reel,47,8,1,10,"Mumbai, Maharashtra",#lifestyle #art #foodie #instagood
IG_0729793247,ramesh_vlogs44,2025-04-29 01:54:36,Reel,228,10,6,42,,#photography #fitness #nature #viral
IG_0933875826,ramesh_vlogs51,2025-04-29 03:18:12,Image,38,4,0,6,"Bali, Indonesia",#nature #photooftheday #fashion #travel #love #viral
IG_1027510764,priya_daily92,2025-04-29 04:03:22,Carousel,34,5,2,6,"Goa, India",#trending #love #instagood
IG_6823993055,style_icon75,2025-04-29 12:39:51,Video,496,30,21,54,,#music #instagood
IG_4725190092,foodie_anjali99,2025-04-29 13:20:40,Image,165,29,15,20,"Bengaluru, Karnataka",#viral #love #travel #instagood
IG_6329408922,the_wanderer52,2025-04-29 13:29:25,Image,24,0,1,5,,#photography #foodie
IG_6496662492,rahul_rocks25,2025-04-29 13:51:53,Video,188,4,7,46,,#photography #love #trending #foodie
IG_9045675429,the_wanderer52,2025-04-29 14:19:16,Carousel,277,20,16,41,,#viral #fashion #love
IG_9584860263,sneha_style88,2025-04-29 16:07:55,Image,318,40,3,21,"Mumbai, Maharashtra",#instagood #photography #nature #photooftheday #love
IG_7350561389,rahul_rocks65,2025-04-29 20:30:15,Image,24,3,2,4,"Paris, France",#fitness #foodie #love #music #travel
IG_6084523097,foodie_anjali67,2025-04-29 21:11:55,Carousel,704,25,62,131,"Bengaluru, Karnataka",#photooftheday #love
IG_9603682428,the_wanderer59,2025-04-29 22:57:50,Carousel,409,39,5,90,"Goa, India",#instagood #lifestyle #art
IG_8374136874,foodie_anjali82,2025-04-29 23:06:24,Reel,1231,105,8,46,"Dubai, UAE",#photography #lifestyle #art #fitness #instagood
IG_0674452355,suresh_fitness93,2025-04-30 01:15:09,Reel,347,41,15,82,"Ahmedabad, Gujarat",#photography #art #photooftheday #trending #love #lifestyle
IG_0015701465,the_wanderer73,2025-04-30 09:02:25,Reel,28,5,2,1,"Ahmedabad, Gujarat",#art #photography #fashion
IG_9954213404,amit_travels52,2025-04-30 13:37:58,Reel,107,16,10,23,"Delhi, India",#music #lifestyle
IG_6547683696,the_wanderer81,2025-04-30 19:14:05,Image,13,1,0,1,"Bengaluru, Karnataka",#photooftheday #travel #lifestyle #photography #fashion #music
IG_9723599628,sneha_style76,2025-05-01 00:48:02,Carousel,28,1,2,3,,#instagood #love #music #photooftheday
IG_4262444705,priya_daily57,2025-05-01 05:48:51,Carousel,528,85,31,40,,#photooftheday #art #love #fashion #fitness
IG_9662974017,ramesh_vlogs49,2025-05-01 12:11:27,Image,115,13,5,14,,#nature #photooftheday #fitness #foodie
IG_2645993855,rohit_tech86,2025-05-01 20:07:18,Image,38,7,1,0,"Ahmedabad, Gujarat",#photooftheday #love #instagood #music
IG_3610763860,the_wanderer43,2025-05-02 04:03:23,Reel,47,3,2,10,,#art #viral #nature #foodie
IG_5685678924,rahul_rocks21,2025-05-02 09:36:05,Video,194,7,3,26,"Delhi, India",#art #music
IG_2098571810,amit_travels33,2025-05-02 13:26:19,Video,49,4,4,3,"Dubai, UAE",#fitness #art #photography #music
IG_2337563477,foodie_anjali52,2025-05-02 20:05:15,Reel,161,22,5,6,"Ahmedabad, Gujarat",#foodie #fitness #fashion
IG_3024245226,rahul_rocks61,2025-05-03 17:51:23,Image,47,6,1,9,,#photography #trending #instagood
IG_2813498951,rahul_rocks98,2025-05-03 18:43:33,Image,139,4,1,3,"Dubai, UAE",#photography #trending
IG_5383712681,amit_travels17,2025-05-04 02:30:37,Video,328,22,29,7,,#fashion #love #lifestyle
IG_6609703707,style_icon39,2025-05-04 08:15:08,Video,1107,152,72,251,,#instagood #travel #art #love #nature #fitness
IG_1992564486,ramesh_vlogs36,2025-05-04 09:46:21,Reel,175,26,3,33,"Mumbai, Maharashtra",#music #love #viral #foodie
IG_4845692781,rohit_tech29,2025-05-04 15:28:34,Reel,2083,86,137,466,,#music #viral
IG_9832804624,rahul_rocks39,2025-05-05 07:23:50,Image,49,2,4,11,,#lifestyle #instagood
IG_0088271034,the_wanderer19,2025-05-05 14:35:20,Carousel,724,58,12,22,,#trending #love #foodie #lifestyle
IG_4935129147,priya_daily81,2025-05-05 16:50:23,Reel,74,8,4,7,,#lifestyle #nature #trending #viral #travel
IG_3230973330,style_icon44,2025-05-05 19:03:38,Video,301,28,28,40,"Bengaluru, Karnataka",#photography #music #lifestyle #travel #viral #fashion
IG_4004016247,the_wanderer80,2025-05-05 19:30:10,Video,314,40,7,46,,#fitness #fashion
IG_4432530769,kavita_art58,2025-05-06 02:39:29,Image,79,4,4,5,"Bali, Indonesia",#lifestyle #art #love #music #trending
IG_7315766554,kavita_art5,2025-05-06 04:29:02,Image,20,3,0,3,,#love #trending #music #fitness
IG_4621669782,priya_daily66,2025-05-06 09:10:14,Image,458,42,21,107,,#travel #love
IG_1663460381,amit_travels61,2025-05-06 14:07:35,Image,189,35,10,46,"Delhi, India",#trending #photography
IG_7613023837,amit_travels39,2025-05-06 16:57:17,Image,15,2,0,0,"Bengaluru, Karnataka",#art #music #fitness #viral #love #lifestyle
IG_7789833432,foodie_anjali92,2025-05-06 16:59:31,Image,387,27,25,10,"Bengaluru, Karnataka",#lifestyle #trending #art #fitness #instagood #foodie
IG_5266897497,suresh_fitness96,2025-05-06 18:36:40,Video,42,8,0,4,"Bali, Indonesia",#travel #fashion #viral #instagood #photooftheday #photography
IG_7335449683,sneha_style89,2025-05-06 20:58:13,Reel,30,3,0,1,"Ahmedabad, Gujarat",#photooftheday #love #viral
IG_8689092752,sneha_style61,2025-05-06 23:52:54,Carousel,890,108,63,51,"Goa, India",#fashion #music
IG_2827241244,amit_travels26,2025-05-07 03:09:45,Reel,26,2,1,6,"Pune, Maharashtra",#trending #art #foodie #love #fashion
IG_9010487063,ramesh_vlogs14,2025-05-07 03:12:38,Image,138,8,2,5,"Delhi, India",#fitness #photography #trending #nature
IG_5308497998,rohit_tech11,2025-05-07 05:32:53,Image,257,51,18,44,"Ahmedabad, Gujarat",#love #photooftheday #foodie #art
IG_8964643058,foodie_anjali97,2025-05-07 08:12:29,Image,8,1,0,1,"Paris, France",#fitness #trending #instagood #lifestyle #love
IG_1799918787,priya_daily37,2025-05-07 12:13:35,Image,355,20,5,41,,#viral #fashion #instagood #travel #art
IG_2619202347,style_icon80,2025-05-07 20:07:53,Carousel,100,14,1,9,,#photography #music #fashion
IG_2521766244,kavita_art60,2025-05-07 22:21:10,Image,363,12,21,88,"Dubai, UAE",#viral #fashion #nature #art
IG_2906025843,style_icon16,2025-05-08 00:06:28,Reel,180,5,7,16,"Mumbai, Maharashtra",#fitness #fashion
IG_4204531404,rahul_rocks53,2025-05-08 06:45:14,Video,56,6,3,5,"Delhi, India",#art #travel #trending #lifestyle
IG_0733193746,priya_daily21,2025-05-08 16:00:00,Image,279,33,11,43,"Ahmedabad, Gujarat",#nature #travel #instagood #music
IG_1773532282,sneha_style71,2025-05-08 16:40:05,Image,191,37,9,27,"Dubai, UAE",#instagood #love #photooftheday #nature #trending
IG_7005594219,style_icon70,2025-05-08 17:35:45,Reel,149,26,2,20,,#love #trending #photooftheday #viral #fitness
IG_2971674466,foodie_anjali99,2025-05-08 17:44:24,Image,106,9,5,7,"Bengaluru, Karnataka",#nature #lifestyle #music #foodie #art
IG_6685740684,foodie_anjali35,2025-05-08 21:37:25,Image,3826,402,90,948,"Bengaluru, Karnataka",#instagood #fashion #art #photooftheday #fitness #trending
IG_2209548903,rohit_tech15,2025-05-08 21:48:44,Image,394,57,13,93,,#fashion #instagood #photography #music
IG_1567496575,ramesh_vlogs52,2025-05-08 22:02:39,Image,50,0,0,8,"Paris, France",#photography #music
IG_1695094416,rahul_rocks74,2025-05-09 01:49:08,Image,1206,79,13,279,"Bengaluru, Karnataka",#trending #fashion #love #viral #foodie
IG_8371254297,the_wanderer94,2025-05-09 08:01:28,Reel,7151,1362,451,514,,#viral #travel #lifestyle #instagood #photography
IG_7319003841,ramesh_vlogs54,2025-05-09 08:33:13,Image,195,5,1,35,,#music #lifestyle
IG_6110099300,amit_travels3,2025-05-09 12:54:25,Image,449,86,31,72,"Delhi, India",#foodie #viral
IG_8653029506,rahul_rocks42,2025-05-10 00:00:21,Image,44,5,3,9,,#lifestyle #love #instagood
IG_8689743498,the_wanderer30,2025-05-10 01:09:15,Video,660,87,31,84,"Pune, Maharashtra",#art #viral #foodie #lifestyle #travel #photography
IG_8485601613,sneha_style97,2025-05-10 01:23:00,Carousel,720,55,37,32,"Goa, India",#trending #instagood #travel #photooftheday #music #nature
IG_7624025915,rohit_tech25,2025-05-10 09:48:19,Reel,50,6,3,6,"Paris, France",#love #photography #nature #foodie #instagood #music
IG_8712572111,priya_daily64,2025-05-10 10:45:06,Carousel,266,22,4,47,"Pune, Maharashtra",#nature #instagood #photooftheday #art #photography #lifestyle
IG_7741630669,ramesh_vlogs57,2025-05-10 21:57:18,Image,357,34,4,75,"Jaipur, Rajasthan",#fitness #instagood #fashion #nature #love
IG_0829569513,style_icon57,2025-05-10 23:20:40,Video,48,9,1,2,,#photography #travel #photooftheday
IG_8392415651,rohit_tech5,2025-05-10 23:34:31,Reel,106,1,6,12,"Jaipur, Rajasthan",#fitness #foodie #photooftheday #instagood #fashion
IG_6254136170,foodie_anjali21,2025-05-11 01:17:07,Carousel,97,16,7,5,"Pune, Maharashtra",#art #nature #love #photooftheday #fashion
IG_9750123252,rahul_rocks68,2025-05-11 03:45:23,Image,5513,593,538,792,"Goa, India",#love #nature #fashion
IG_5395947264,rohit_tech3,2025-05-11 07:45:46,Video,130,2,11,5,,#music #love #photooftheday
IG_4594032227,priya_daily96,2025-05-11 11:19:58,Reel,737,79,34,50,,#trending #fashion #fitness #instagood #photooftheday
IG_5586675593,style_icon19,2025-05-11 11:51:03,Reel,50,5,0,11,"Paris, France",#trending #foodie
IG_1549496157,style_icon43,2025-05-11 17:23:38,Image,739,95,42,169,"Bali, Indonesia",#instagood #viral #music #photooftheday #art #lifestyle
IG_2325837125,priya_daily62,2025-05-11 18:49:00,Carousel,1013,147,65,130,"Bali, Indonesia",#foodie #lifestyle
IG_6344075062,foodie_anjali66,2025-05-11 20:37:21,Image,30,3,2,2,"Paris, France",#foodie #art #viral
IG_9736693214,foodie_anjali41,2025-05-12 00:17:40,Image,1768,297,143,323,,#travel #photography #instagood #art #foodie #photooftheday
IG_1310001302,the_wanderer76,2025-05-12 04:40:18,Reel,297,26,20,59,"Dubai, UAE",#nature #fashion #trending #photooftheday #foodie #love
IG_3073933243,suresh_fitness55,2025-05-12 05:27:15,Reel,804,66,53,173,,#trending #photography #viral #fashion #foodie #photooftheday
IG_9418105789,rohit_tech52,2025-05-12 08:19:36,Image,150,24,7,34,"Mumbai, Maharashtra",#art #love
IG_6124174163,rohit_tech83,2025-05-12 09:14:32,Carousel,64,4,1,6,"Ahmedabad, Gujarat",#lifestyle #viral #foodie #instagood #fitness #love
IG_3149278558,sneha_style71,2025-05-12 20:11:56,Reel,277,12,4,21,,#music #viral #love #foodie
IG_0056743271,rahul_rocks93,2025-05-12 20:42:56,Image,15,2,1,3,"Jaipur, Rajasthan",#viral #nature #love
IG_9228437438,foodie_anjali40,2025-05-13 02:13:51,Carousel,147,29,9,20,"Goa, India",#instagood #photography #foodie #nature #travel
IG_2608899386,kavita_art67,2025-05-13 08:58:15,Carousel,108,16,1,21,,#art #nature #photooftheday
IG_7797409195,kavita_art44,2025-05-13 09:27:32,Reel,719,59,33,48,,#trending #travel #lifestyle
IG_7044017609,sneha_style40,2025-05-13 21:15:37,Reel,131,20,7,22,"Dubai, UAE",#love #fashion
IG_8694097156,kavita_art64,2025-05-14 01:04:16,Image,66,11,4,14,"Goa, India",#photography #love #photooftheday #art #foodie #viral
IG_4072488745,sneha_style74,2025-05-14 01:49:01,Image,161,12,8,17,"Jaipur, Rajasthan",#trending #travel #viral #fitness #fashion #photooftheday
IG_8340673934,style_icon13,2025-05-14 03:10:25,Video,186,33,13,14,,#fitness #art
IG_2864159244,foodie_anjali46,2025-05-14 07:26:31,Image,28,3,1,0,,#nature #viral #photooftheday #love #travel #photography
IG_3403359773,rahul_rocks25,2025-05-14 11:35:25,Carousel,1255,207,108,282,,#foodie #instagood #photooftheday #viral #travel #fitness
IG_8950792794,the_wanderer14,2025-05-14 20:34:24,Image,311,30,28,58,"Mumbai, Maharashtra",#art #fashion
IG_6038163809,amit_travels69,2025-05-14 21:50:31,Image,4,0,0,0,,#viral #photooftheday #music #foodie #fitness #travel
IG_0673189601,ramesh_vlogs4,2025-05-15 03:25:49,Carousel,438,60,4,9,"Goa, India",#lifestyle #fashion #fitness #photooftheday #instagood #viral
IG_4392653230,rohit_tech83,2025-05-15 14:02:58,Video,493,47,33,103,"Bali, Indonesia",#lifestyle #viral #foodie #travel #art
IG_8931289505,amit_travels11,2025-05-15 16:10:52,Carousel,431,51,16,75,,#fashion #lifestyle #trending #love #travel #nature
IG_2089904333,the_wanderer94,2025-05-15 18:03:09,Image,55,2,4,4,,#fashion #fitness #travel #instagood
IG_7186075280,rohit_tech65,2025-05-15 18:14:03,Video,433,35,6,49,"Pune, Maharashtra",#trending #fitness #foodie
IG_3467494838,priya_daily8,2025-05-15 20:24:27,Video,187,6,3,27,"Dubai, UAE",#fitness #love #travel #photography #foodie
IG_8369515066,sneha_style42,2025-05-15 22:38:09,Carousel,571,72,48,64,"Ahmedabad, Gujarat",#music #art #love #photooftheday #trending #travel
IG_6565502721,rohit_tech42,2025-05-16 04:36:25,Carousel,2,0,0,0,"Paris, France",#photography #photooftheday #music #art #viral #nature
IG_8481931161,rohit_tech47,2025-05-16 05:58:44,Image,60,4,3,14,"Delhi, India",#travel #instagood #love #photooftheday #lifestyle
IG_7736449480,style_icon51,2025-05-16 06:42:15,Video,321,25,15,51,"Dubai, UAE",#lifestyle #viral
IG_1843981844,the_wanderer7,2025-05-16 13:22:23,Video,44,1,2,2,,#love #instagood
IG_9711655824,foodie_anjali83,2025-05-16 14:30:05,Image,86,5,1,5,,#trending #foodie #travel
IG_4599324057,ramesh_vlogs66,2025-05-16 14:32:35,Video,543,51,44,124,"Pune, Maharashtra",#photooftheday #fitness
IG_9895125345,sneha_style43,2025-05-16 14:47:31,Reel,111,13,0,24,"Bali, Indonesia",#love #viral
IG_2887696651,amit_travels43,2025-05-16 20:31:52,Image,14,1,1,3,,#lifestyle #art #viral #fitness
IG_0058995826,amit_travels13,2025-05-17 00:12:37,Reel,772,45,54,148,,#art #foodie
IG_1300151382,sneha_style99,2025-05-17 11:56:42,Carousel,231,6,11,53,"Pune, Maharashtra",#fitness #music #nature #instagood
IG_7131133814,suresh_fitness24,2025-05-17 13:41:52,Reel,199,5,6,43,"Delhi, India",#viral #foodie #photooftheday #fashion
IG_9808037231,sneha_style7,2025-05-17 14:59:04,Video,72,1,5,13,"Goa, India",#music #fashion #foodie #instagood
IG_2363141483,suresh_fitness30,2025-05-17 17:39:05,Image,869,173,72,55,,#viral #fashion #lifestyle
IG_7611329678,rohit_tech9,2025-05-17 19:39:36,Image,73,4,4,6,,#foodie #love #art
IG_1176464075,the_wanderer6,2025-05-17 20:36:40,Video,34,6,3,8,"Bengaluru, Karnataka",#photooftheday #travel #trending #nature #lifestyle
IG_7960643807,ramesh_vlogs31,2025-05-17 22:23:59,Carousel,2,0,0,0,"Bali, Indonesia",#art #trending #photooftheday #foodie #viral
IG_8165251774,suresh_fitness65,2025-05-17 23:53:30,Video,253,36,18,8,"Ahmedabad, Gujarat",#viral #trending #instagood #photography
IG_4903800047,kavita_art12,2025-05-18 06:37:35,Video,302,17,12,63,,#music #instagood #viral #photography #trending #fashion
IG_5886140675,sneha_style1,2025-05-18 08:31:57,Reel,72,1,0,14,"Paris, France",#photography #love
IG_5803129918,kavita_art60,2025-05-18 09:25:31,Carousel,56,8,3,1,"Ahmedabad, Gujarat",#trending #art #fashion
IG_4664811520,rahul_rocks31,2025-05-18 09:35:03,Image,18,2,0,4,"Delhi, India",#music #photography #travel #fitness
IG_1389612061,kavita_art51,2025-05-18 11:06:57,Image,65,6,4,14,,#lifestyle #photography #trending #music #travel
IG_9395100506,rohit_tech93,2025-05-18 12:17:39,Image,845,52,24,155,"Ahmedabad, Gujarat",#viral #photooftheday
IG_9372951188,rahul_rocks92,2025-05-18 13:05:01,Image,261,20,17,49,"Delhi, India",#trending #fitness
IG_0025666162,rohit_tech18,2025-05-18 16:09:25,Image,133,8,12,24,"Ahmedabad, Gujarat",#instagood #fitness #nature #trending #photography
IG_6744682821,suresh_fitness54,2025-05-18 20:18:17,Video,25,4,0,3,,#travel #fashion #instagood #music #foodie
IG_1237606080,rahul_rocks49,2025-05-18 21:34:17,Image,362,38,30,50,"Bengaluru, Karnataka",#love #photooftheday
IG_4921173487,rohit_tech99,2025-05-18 21:58:20,Image,125,2,4,19,"Bengaluru, Karnataka",#photooftheday #nature #instagood #lifestyle #art #trending
IG_0920063520,ramesh_vlogs30,2025-05-19 01:10:41,Reel,40,7,1,7,,#foodie #instagood #lifestyle
IG_4627858267,style_icon19,2025-05-19 03:02:24,Image,1112,126,30,37,"Dubai, UAE",#fashion #music
IG_2604095637,the_wanderer94,2025-05-19 04:59:45,Carousel,414,60,14,45,,#viral #trending #instagood #fashion #nature #lifestyle
IG_5330331882,rahul_rocks66,2025-05-19 05:24:36,Image,41,4,0,8,"Bali, Indonesia",#instagood #fitness #photooftheday
IG_9868370585,style_icon91,2025-05-19 09:17:26,Video,298,56,20,37,"Delhi, India",#photography #art #fashion #foodie #fitness
IG_7861597381,the_wanderer84,2025-05-19 10:27:26,Video,114,13,5,22,,#art #fashion
IG_5329658245,priya_daily88,2025-05-19 19:50:45,Reel,1712,287,107,285,,#music #love
IG_7874274778,the_wanderer51,2025-05-20 01:09:11,Image,77,13,4,8,"Ahmedabad, Gujarat",#nature #photography #photooftheday #fitness #art
IG_9253355675,rahul_rocks78,2025-05-20 05:44:28,Reel,205,10,17,22,"Jaipur, Rajasthan",#instagood #viral
IG_3505125098,priya_daily21,2025-05-20 13:37:38,Image,21,1,1,5,"Delhi, India",#nature #music #photooftheday #instagood #fitness
IG_7211900195,kavita_art21,2025-05-20 14:31:38,Image,293,20,3,46,,#instagood #travel
IG_0058470573,kavita_art18,2025-05-21 08:26:04,Image,97,17,1,12,,#foodie #viral #love #instagood #travel
IG_3603828438,the_wanderer86,2025-05-21 10:02:07,Reel,62,2,4,13,"Dubai, UAE",#instagood #photography #viral #art #photooftheday
IG_7445167652,rohit_tech19,2025-05-21 12:23:57,Image,343,36,16,18,"Delhi, India",#fashion #trending #lifestyle #foodie #photography #nature
IG_3616125494,suresh_fitness13,2025-05-21 12:31:46,Reel,327,47,24,16,"Mumbai, Maharashtra",#trending #instagood #love
IG_8461006408,style_icon76,2025-05-21 17:31:30,Reel,15,1,1,3,,#photooftheday #photography
IG_4718189036,the_wanderer65,2025-05-21 18:23:17,Video,377,19,30,25,"Ahmedabad, Gujarat",#instagood #fitness #music
IG_4107169700,foodie_anjali90,2025-05-21 18:56:53,Carousel,18,2,1,3,"Paris, France",#trending #love #photooftheday
IG_1328244386,the_wanderer60,2025-05-21 20:40:55,Image,255,38,3,58,"Delhi, India",#music #photography #trending
IG_4865162637,ramesh_vlogs33,2025-05-22 00:36:49,Video,277,9,19,68,,#art #trending #love
IG_1469992702,foodie_anjali45,2025-05-22 05:16:31,Reel,63,2,2,6,"Bengaluru, Karnataka",#foodie #music
IG_3153866559,sneha_style79,2025-05-22 06:13:56,Video,102,19,4,11,,#photography #music #photooftheday #foodie #fashion
IG_2308281974,rohit_tech8,2025-05-22 08:50:38,Reel,44,7,1,10,"Jaipur, Rajasthan",#music #travel #trending #fitness
IG_3388332009,style_icon31,2025-05-22 10:13:46,Image,2220,275,143,447,,#fashion #instagood #music
IG_0229599495,rohit_tech16,2025-05-22 13:40:06,Image,97,9,4,10,,#photooftheday #lifestyle #instagood #fitness #music
IG_1182893575,amit_travels24,2025-05-22 16:04:49,Video,215,22,15,28,,#foodie #fitness #music #lifestyle #art
IG_2482631633,foodie_anjali19,2025-05-22 21:57:08,Reel,48,2,2,8,"Mumbai, Maharashtra",#trending #lifestyle #fitness
IG_8172033151,sneha_style28,2025-05-23 02:01:08,Carousel,170,19,10,38,"Paris, France",#instagood #viral #nature #foodie
IG_9938642166,rahul_rocks85,2025-05-23 04:12:05,Image,2041,401,52,472,"Bengaluru, Karnataka",#instagood #nature
IG_3859754499,amit_travels53,2025-05-23 04:16:08,Carousel,627,73,38,44,"Bengaluru, Karnataka",#instagood #photography #love #photooftheday #music
IG_5886297497,ramesh_vlogs32,2025-05-23 05:08:26,Reel,129,6,6,13,"Mumbai, Maharashtra",#foodie #instagood #photooftheday
IG_5484089226,ramesh_vlogs9,2025-05-23 07:32:24,Carousel,17,2,0,0,"Bali, Indonesia",#photooftheday #travel #fitness
IG_3645035395,kavita_art37,2025-05-23 17:53:21,Reel,951,101,85,188,"Dubai, UAE",#art #fitness #photography #trending
IG_1436425465,kavita_art89,2025-05-23 20:24:26,Image,47,1,2,7,"Mumbai, Maharashtra",#instagood #fitness #viral #art #photography #love
IG_1149489510,rahul_rocks2,2025-05-23 22:24:57,Image,332,62,6,73,,#instagood #trending #photography #lifestyle #fitness
IG_8096319864,amit_travels57,2025-05-24 03:46:29,Video,1663,16,50,95,,#love #photography #foodie #viral
IG_1310522546,suresh_fitness98,2025-05-24 07:39:11,Reel,200,10,2,29,,#instagood #lifestyle #fitness #photooftheday #nature #photography
IG_8777610294,kavita_art93,2025-05-24 09:27:30,Carousel,4860,901,444,587,,#foodie #travel #fitness #viral #photooftheday
IG_9795537077,foodie_anjali59,2025-05-24 13:01:28,Carousel,201,22,8,49,,#fashion #music
IG_7222939235,amit_travels54,2025-05-24 13:27:35,Image,5,0,0,0,"Mumbai, Maharashtra",#love #music
IG_1414418818,kavita_art83,2025-05-24 15:43:21,Image,61,7,0,5,,#lifestyle #fitness
IG_1265553093,rahul_rocks45,2025-05-24 19:28:25,Reel,788,31,43,187,,#fashion #viral #lifestyle
IG_5101025124,rahul_rocks71,2025-05-24 20:11:44,Image,671,98,62,116,,#viral #lifestyle #nature #travel #fitness
IG_8680250487,suresh_fitness84,2025-05-24 20:58:40,Image,505,83,9,18,,#photooftheday #viral #music #love #instagood
IG_7305578476,the_wanderer25,2025-05-25 02:36:20,Image,2865,244,269,404,"Ahmedabad, Gujarat",#fitness #nature #love #trending #fashion
IG_7560810779,the_wanderer46,2025-05-25 03:20:19,Reel,32,1,2,2,"Pune, Maharashtra",#nature #viral #fashion
IG_0714681908,ramesh_vlogs50,2025-05-25 04:02:53,Video,1812,295,141,127,"Jaipur, Rajasthan",#photography #love #fitness #foodie #lifestyle
IG_7301300092,sneha_style98,2025-05-25 04:43:45,Image,15,1,0,3,"Delhi, India",#instagood #lifestyle
IG_5508662470,amit_travels85,2025-05-25 19:50:52,Reel,68,2,3,4,"Dubai, UAE",#art #photography #photooftheday #instagood
IG_4139942432,ramesh_vlogs87,2025-05-26 00:17:46,Reel,641,102,57,43,"Ahmedabad, Gujarat",#trending #love
IG_0306502718,rohit_tech18,2025-05-26 02:28:58,Image,332,51,27,82,"Dubai, UAE",#nature #fitness #fashion #viral #music #love
IG_5475249395,suresh_fitness54,2025-05-26 02:35:49,Video,3,0,0,0,"Paris, France",#viral #art #love #music #nature
IG_9185377547,the_wanderer59,2025-05-26 02:44:26,Image,1881,195,185,38,,#love #viral #art #instagood #music
IG_2899014131,priya_daily29,2025-05-26 06:03:36,Image,36,6,3,7,,#viral #fitness #photooftheday
IG_7979212663,ramesh_vlogs84,2025-05-26 08:37:32,Image,99,1,3,15,,#trending #music #travel #fitness #art
IG_2099516310,suresh_fitness27,2025-05-26 11:38:20,Image,545,43,40,36,"Goa, India",#photography #instagood
IG_2284386450,foodie_anjali73,2025-05-26 13:12:05,Image,459,6,38,106,"Jaipur, Rajasthan",#foodie #trending #lifestyle
IG_3953200568,priya_daily48,2025-05-26 15:41:09,Image,830,75,67,206,"Dubai, UAE",#fashion #music #trending #travel #photography
IG_5176396183,priya_daily62,2025-05-26 23:26:03,Reel,5,0,0,0,"Ahmedabad, Gujarat",#instagood #lifestyle #travel
IG_9440441069,foodie_anjali23,2025-05-27 00:58:27,Video,65,2,1,11,,#love #instagood #lifestyle #trending
IG_0626003644,suresh_fitness7,2025-05-27 15:58:23,Image,16,0,0,2,"Bengaluru, Karnataka",#photography #fitness #viral #instagood #travel
IG_6375136370,foodie_anjali67,2025-05-28 00:34:42,Image,708,56,10,89,"Goa, India",#trending #music #foodie #photography #viral
IG_0192331427,priya_daily97,2025-05-28 02:28:42,Image,21,2,2,2,"Mumbai, Maharashtra",#fashion #fitness
IG_7683792916,ramesh_vlogs27,2025-05-28 04:00:42,Image,60,10,0,3,"Dubai, UAE",#nature #viral #fashion #art
IG_5632051808,kavita_art19,2025-05-28 04:53:00,Reel,138,13,10,34,,#art #music #photography
IG_5798228518,rahul_rocks59,2025-05-28 09:26:33,Image,576,66,16,135,"Bengaluru, Karnataka",#love #fashion #viral #music #foodie
IG_0328838322,sneha_style29,2025-05-28 12:07:35,Image,5,0,0,0,"Pune, Maharashtra",#fashion #nature #instagood #lifestyle #fitness #trending
IG_1278991423,ramesh_vlogs99,2025-05-28 17:16:38,Image,38,4,1,3,"Goa, India",#foodie #lifestyle
IG_7066779117,priya_daily54,2025-05-28 19:24:25,Image,10,0,0,2,"Jaipur, Rajasthan",#fitness #photooftheday #instagood #viral
IG_1221903016,kavita_art59,2025-05-28 19:40:06,Image,39,3,1,3,,#fashion #photography
IG_6371621672,priya_daily10,2025-05-28 23:27:38,Carousel,70,3,5,3,"Bali, Indonesia",#nature #photooftheday #lifestyle
IG_0829351020,ramesh_vlogs8,2025-05-29 05:38:51,Image,211,15,13,28,"Mumbai, Maharashtra",#photooftheday #music #viral #foodie #lifestyle
IG_3078709668,foodie_anjali66,2025-05-29 06:27:07,Carousel,35,6,2,5,,#art #nature
IG_1001594052,rohit_tech74,2025-05-29 07:21:53,Video,127,8,4,27,,#music #viral #fitness #travel #instagood
IG_9154831376,ramesh_vlogs55,2025-05-29 14:05:00,Image,147,23,4,9,,#nature #love
IG_7228001479,suresh_fitness64,2025-05-29 15:42:39,Reel,81,1,5,8,,#love #viral #instagood #travel #nature
IG_5637662807,the_wanderer18,2025-05-29 18:20:08,Image,47,4,4,3,"Ahmedabad, Gujarat",#viral #love #photography
IG_6800989118,rahul_rocks69,2025-05-29 18:45:18,Image,119,11,6,18,"Pune, Maharashtra",#viral #trending
IG_7846960383,ramesh_vlogs37,2025-05-29 21:12:32,Reel,12,1,0,1,"Ahmedabad, Gujarat",#trending #love
IG_2364230358,foodie_anjali28,2025-05-29 22:43:23,Image,150,17,12,36,,#love #foodie #nature #travel #trending
IG_0226494968,rohit_tech32,2025-05-30 01:25:27,Video,30,1,0,0,"Bengaluru, Karnataka",#viral #love
IG_0405490458,amit_travels7,2025-05-30 02:25:59,Carousel,602,24,10,78,"Pune, Maharashtra",#instagood #love #lifestyle
IG_6075939586,style_icon3,2025-05-30 07:27:45,Video,198,4,16,34,,#love #instagood #viral #fitness #trending #music
IG_1468262113,style_icon93,2025-05-30 08:33:26,Image,413,18,40,101,,#photooftheday #art #lifestyle #trending #fitness
IG_5823583986,rohit_tech59,2025-05-30 13:16:30,Image,37,4,3,7,"Pune, Maharashtra",#fitness #trending
IG_9507465761,amit_travels56,2025-05-30 17:03:12,Reel,295,23,23,14,"Paris, France",#lifestyle #trending #fashion #nature
IG_2770835344,foodie_anjali23,2025-05-30 23:19:12,Image,626,31,19,94,"Delhi, India",#instagood #foodie #fashion
IG_7399771977,sneha_style35,2025-05-30 23:45:11,Reel,151,17,14,7,,#photooftheday #photography #lifestyle #trending #fashion #foodie
IG_6779083681,sneha_style85,2025-05-31 00:48:25,Carousel,1625,123,119,203,"Goa, India",#music #travel #trending #photooftheday #lifestyle
IG_1073350343,ramesh_vlogs3,2025-05-31 01:42:58,Reel,341,52,30,56,,#trending #travel #nature #art
IG_9842167284,foodie_anjali19,2025-05-31 06:00:56,Carousel,34,2,0,5,"Bali, Indonesia",#instagood #photooftheday #nature #music
IG_9145981745,rohit_tech92,2025-05-31 07:35:46,Image,122,14,11,27,"Goa, India",#foodie #viral #art #music #nature
IG_9782835466,amit_travels82,2025-05-31 15:44:47,Reel,679,89,66,75,"Paris, France",#music #photography
IG_9899021377,kavita_art16,2025-05-31 23:41:35,Image,82,2,5,14,"Ahmedabad, Gujarat",#photooftheday #nature
IG_5373141311,foodie_anjali4,2025-06-01 03:00:46,Reel,26,0,1,5,,#art #foodie #nature #fashion #travel #viral
IG_5350771822,priya_daily97,2025-06-01 03:08:52,Carousel,1273,69,69,48,"Delhi, India",#art #viral #travel
IG_7362558599,suresh_fitness95,2025-06-01 12:37:53,Image,165,25,9,35,,#trending #instagood #travel #music #art #viral
IG_7371593566,rahul_rocks77,2025-06-01 13:30:57,Carousel,70,11,1,6,,#photooftheday #viral
IG_8639770615,suresh_fitness34,2025-06-01 16:28:04,Image,475,83,3,96,,#music #art
IG_4610850313,rahul_rocks97,2025-06-01 21:20:57,Image,113,16,8,16,"Bengaluru, Karnataka",#love #viral #travel #lifestyle
IG_3769957863,kavita_art34,2025-06-01 22:12:30,Carousel,486,61,35,13,"Ahmedabad, Gujarat",#instagood #lifestyle #nature
IG_2671436957,suresh_fitness87,2025-06-01 22:47:41,Video,18,2,0,3,,#music #photography #nature
IG_3918739256,kavita_art64,2025-06-02 02:41:05,Reel,48,1,3,9,"Delhi, India",#foodie #fashion #instagood
IG_6812052234,the_wanderer21,2025-06-02 06:15:22,Image,998,73,10,231,"Pune, Maharashtra",#viral #fashion #music #photography #foodie #art
IG_6037981951,rohit_tech92,2025-06-02 09:06:47,Reel,14,0,1,2,"Bali, Indonesia",#fashion #photography
IG_4856902412,style_icon20,2025-06-02 12:07:00,Image,125,6,10,15,,#photography #art
IG_9164363870,style_icon96,2025-06-02 14:47:27,Carousel,488,54,14,110,,#travel #photooftheday
IG_3146796355,style_icon26,2025-06-02 15:24:59,Carousel,270,39,7,64,"Goa, India",#nature #foodie #trending #music #art #photooftheday
IG_1889420014,kavita_art97,2025-06-02 19:58:53,Carousel,77,14,3,14,"Mumbai, Maharashtra",#trending #foodie
IG_1150516691,ramesh_vlogs11,2025-06-02 22:04:08,Image,52,1,5,8,,#photography #fitness #fashion #travel #music
IG_0102548536,suresh_fitness67,2025-06-02 22:04:18,Reel,468,81,6,79,,#love #photooftheday #trending #photography #nature #art
IG_7619604263,the_wanderer68,2025-06-03 07:49:42,Image,32,6,1,7,,#art #foodie
IG_3518144745,sneha_style90,2025-06-03 08:51:21,Carousel,207,17,3,7,,#music #viral #nature
IG_2936911124,style_icon5,2025-06-04 03:03:17,Reel,5,0,0,0,"Ahmedabad, Gujarat",#foodie #fitness #photography #love
IG_1799044599,amit_travels7,2025-06-04 06:15:21,Image,46,1,0,9,"Bali, Indonesia",#trending #viral #photooftheday
IG_0190011157,foodie_anjali37,2025-06-04 16:36:51,Image,42,1,4,1,"Pune, Maharashtra",#lifestyle #viral #instagood #fitness
IG_9773131477,priya_daily59,2025-06-04 19:34:36,Image,85,8,2,9,"Bali, Indonesia",#lifestyle #travel #instagood
IG_3680008797,the_wanderer47,2025-06-05 00:11:28,Reel,256,34,20,63,,#trending #love #art
IG_2934421853,style_icon27,2025-06-05 04:45:36,Carousel,89,14,5,17,"Dubai, UAE",#photography #music
IG_7238588225,sneha_style1,2025-06-05 10:53:43,Video,358,25,24,84,"Bengaluru, Karnataka",#foodie #travel #photooftheday #trending #love #music
IG_2072926603,rohit_tech55,2025-06-05 11:05:45,Carousel,24,0,1,0,,#trending #love
IG_0382676241,foodie_anjali73,2025-06-05 11:55:45,Reel,90,11,8,13,"Jaipur, Rajasthan",#art #fitness #viral
IG_3517909583,priya_daily17,2025-06-05 18:12:39,Image,160,12,10,12,"Pune, Maharashtra",#photooftheday #love #foodie
IG_2988259093,rohit_tech28,2025-06-05 19:16:22,Image,219,42,9,41,,#travel #nature #viral
IG_2420126144,suresh_fitness45,2025-06-05 23:47:31,Carousel,94,18,4,11,,#trending #fashion #nature #art #travel
IG_5661366451,ramesh_vlogs64,2025-06-06 07:39:59,Image,504,80,26,120,,#music #art #photooftheday #viral #travel #photography
IG_1649134429,ramesh_vlogs35,2025-06-06 10:14:51,Carousel,99,3,9,5,"Bali, Indonesia",#lifestyle #music #photooftheday #viral #photography #travel
IG_5762493507,style_icon2,2025-06-06 12:10:19,Image,252,44,18,5,,#travel #lifestyle #love #fashion #viral
IG_2960142567,kavita_art75,2025-06-06 20:31:32,Carousel,81,9,2,15,,#instagood #art
IG_0543781156,suresh_fitness60,2025-06-06 20:40:49,Image,11,2,0,1,,#art #trending #instagood #lifestyle
IG_0546783535,rohit_tech81,2025-06-06 22:17:18,Reel,95,1,5,19,,#fitness #fashion #viral #love
IG_0332935039,kavita_art49,2025-06-06 23:59:25,Image,29,3,2,5,,#viral #nature #instagood #travel #photography #music
IG_8150341315,the_wanderer98,2025-06-07 04:29:27,Image,109,17,4,17,"Bengaluru, Karnataka",#instagood #lifestyle #love
IG_2601624490,sneha_style67,2025-06-07 04:54:47,Reel,21,0,1,0,,#lifestyle #art #fitness #travel #music #photography
IG_9640661613,ramesh_vlogs27,2025-06-07 08:16:08,Video,2882,496,196,434,"Bali, Indonesia",#photography #fitness #love #trending #travel #lifestyle
IG_8664742857,style_icon25,2025-06-07 09:59:33,Reel,85,10,8,12,"Ahmedabad, Gujarat",#travel #fashion #love #music
IG_9799707452,style_icon17,2025-06-07 11:46:13,Carousel,25,1,1,1,,#photooftheday #love #art #foodie
IG_9758693622,amit_travels98,2025-06-07 17:33:19,Image,706,52,30,135,,#photooftheday #art #lifestyle #fashion #fitness
IG_9799141459,ramesh_vlogs11,2025-06-08 06:47:25,Image,62,10,0,4,"Jaipur, Rajasthan",#photooftheday #viral
IG_8632968116,the_wanderer93,2025-06-08 12:51:27,Image,66,7,4,5,"Bengaluru, Karnataka",#love #viral #nature #photography #fashion
IG_3555983915,the_wanderer52,2025-06-08 15:39:03,Video,6,0,0,0,,#art #love #photography #instagood #nature #fashion
IG_6090812356,rahul_rocks49,2025-06-08 20:36:50,Reel,107,7,1,11,,#fashion #art #instagood #nature
IG_5803832340,priya_daily5,2025-06-09 00:33:10,Image,98,6,8,5,"Paris, France",#travel #fashion #lifestyle #music #art #photography
IG_8208419414,style_icon40,2025-06-09 02:11:33,Carousel,475,26,17,110,"Mumbai, Maharashtra",#foodie #nature
IG_4658970840,priya_daily76,2025-06-09 04:08:15,Reel,67,5,4,10,"Mumbai, Maharashtra",#nature #music #instagood #photography #fashion
IG_9539997872,suresh_fitness62,2025-06-09 18:31:49,Video,367,10,19,78,"Goa, India",#viral #nature #photography
IG_9775922081,ramesh_vlogs50,2025-06-10 04:39:36,Carousel,331,9,22,39,,#photography #viral
IG_4782691054,suresh_fitness96,2025-06-10 04:44:04,Video,130,14,1,8,"Jaipur, Rajasthan",#lifestyle #foodie #travel #fitness #fashion #nature
IG_2089388603,ramesh_vlogs27,2025-06-10 06:14:19,Image,17,2,0,0,"Bengaluru, Karnataka",#love #art #viral
IG_2207562995,the_wanderer76,2025-06-10 10:15:25,Reel,75,2,2,10,,#nature #love #fitness #lifestyle #art #photooftheday
IG_0089015019,foodie_anjali26,2025-06-10 12:21:29,Image,17,0,0,0,"Goa, India",#nature #fashion #trending #travel
IG_9403854414,style_icon93,2025-06-10 16:10:46,Video,1124,162,56,96,"Goa, India",#trending #foodie #nature
IG_7731974472,suresh_fitness96,2025-06-10 16:35:05,Video,76,12,4,7,"Bengaluru, Karnataka",#fashion #love #photography #travel
IG_0045129217,rahul_rocks7,2025-06-10 18:38:33,Image,87,14,2,21,"Delhi, India",#foodie #viral #fashion #lifestyle
IG_3566094916,sneha_style43,2025-06-10 19:45:31,Image,11,1,0,2,"Jaipur, Rajasthan",#trending #instagood #music #photooftheday #photography #foodie
IG_4916037990,style_icon15,2025-06-10 20:24:10,Image,9,0,0,0,,#nature #travel #art
IG_7131697160,rohit_tech82,2025-06-11 08:01:30,Image,62,6,0,3,,#trending #love #music #foodie #fitness #photography
IG_9947456783,priya_daily5,2025-06-11 14:56:08,Image,3668,53,274,737,"Mumbai, Maharashtra",#fashion #travel #trending #love #fitness
IG_6471061343,style_icon80,2025-06-11 16:12:10,Reel,11,0,0,0,"Pune, Maharashtra",#nature #lifestyle #art #photography #viral #music
IG_7479902004,priya_daily99,2025-06-11 17:35:33,Reel,264,28,4,16,"Delhi, India",#fashion #viral #instagood #fitness
IG_0885681536,rohit_tech36,2025-06-11 19:49:10,Video,138,25,1,8,"Paris, France",#travel #love #trending #art #nature
IG_6867030310,sneha_style78,2025-06-11 20:53:55,Image,159,10,4,19,"Pune, Maharashtra",#trending #viral #fashion #love
IG_3499549177,kavita_art52,2025-06-11 21:18:51,Image,472,81,38,33,"Ahmedabad, Gujarat",#art #photography
IG_4454239908,foodie_anjali38,2025-06-12 02:59:06,Video,623,102,12,149,,#fashion #foodie #photooftheday #viral #travel #nature
IG_6486697163,sneha_style87,2025-06-12 04:12:43,Reel,12,0,0,1,,#fitness #viral
IG_7457027879,suresh_fitness77,2025-06-12 06:16:41,Carousel,127,2,0,26,"Pune, Maharashtra",#nature #art #foodie #fitness #instagood #fashion
IG_8296255075,priya_daily6,2025-06-12 17:15:34,Video,1076,178,102,38,,#viral #art #photography #lifestyle
IG_4666971415,amit_travels15,2025-06-12 17:53:30,Video,115,1,1,18,,#lifestyle #viral #music #love
IG_1418883806,sneha_style76,2025-06-12 18:31:55,Image,135,3,6,10,,#art #nature #instagood
IG_2576989524,suresh_fitness5,2025-06-12 21:12:10,Carousel,453,40,13,73,,#viral #nature #instagood
IG_6008969611,rahul_rocks53,2025-06-12 21:19:09,Image,254,11,6,8,,#lifestyle #photooftheday #instagood #art #travel #love
IG_6034016334,rahul_rocks58,2025-06-12 22:19:06,Video,11,0,0,1,"Goa, India",#fashion #love #fitness #music #nature
IG_1608648307,style_icon99,2025-06-13 00:52:54,Image,1346,241,13,84,"Goa, India",#travel #photooftheday
IG_9887218479,rohit_tech67,2025-06-13 03:48:12,Video,28,2,2,5,"Dubai, UAE",#lifestyle #trending #viral
IG_6532305769,ramesh_vlogs5,2025-06-13 08:02:15,Image,140,4,6,23,"Ahmedabad, Gujarat",#trending #instagood #viral #love #music
IG_9741051402,style_icon38,2025-06-13 08:09:36,Carousel,137,15,5,18,,#art #photography
IG_7657414837,rohit_tech58,2025-06-13 11:19:47,Image,1700,148,123,318,"Paris, France",#instagood #travel
IG_1472221527,style_icon55,2025-06-13 16:00:12,Image,174,16,2,21,,#music #photography #love #fitness #instagood
IG_0684126747,amit_travels26,2025-06-13 18:09:02,Image,99,3,0,8,,#instagood #art #music
IG_1097551187,suresh_fitness71,2025-06-13 19:00:48,Image,4,0,0,0,"Pune, Maharashtra",#fashion #photooftheday #lifestyle #trending
IG_5143666862,ramesh_vlogs42,2025-06-13 23:28:26,Carousel,135,14,10,15,"Paris, France",#music #art #fitness #trending #viral
IG_0773736335,rohit_tech74,2025-06-14 01:06:32,Reel,188,34,12,26,,#art #viral #lifestyle #fitness
IG_8902629915,amit_travels24,2025-06-14 02:18:00,Video,17,1,1,0,"Bengaluru, Karnataka",#trending #fashion #photooftheday #instagood #music #love
IG_3718832868,rohit_tech53,2025-06-14 04:13:28,Image,97,15,8,14,"Bengaluru, Karnataka",#photooftheday #fitness #photography #foodie
IG_6530444658,rahul_rocks13,2025-06-14 10:48:01,Image,144,19,13,31,,#fashion #nature #love #art #viral #photooftheday
IG_1618170816,kavita_art11,2025-06-14 12:59:04,Reel,171,19,15,22,,#music #instagood #lifestyle
IG_3831587977,amit_travels96,2025-06-14 17:28:52,Image,307,33,4,6,"Bali, Indonesia",#music #viral #love #fitness
IG_4704209205,ramesh_vlogs43,2025-06-14 17:28:58,Reel,1025,69,30,213,"Paris, France",#viral #fashion #nature #love #music #instagood
IG_8810736222,amit_travels39,2025-06-14 18:32:43,Image,135,5,3,9,"Dubai, UAE",#lifestyle #travel #fitness #music
IG_3993800293,the_wanderer55,2025-06-14 23:32:24,Image,1797,186,150,88,"Mumbai, Maharashtra",#photography #fashion #art #travel #foodie
IG_5298761319,rohit_tech87,2025-06-14 23:33:25,Image,8,0,0,1,,#instagood #viral #photooftheday #travel #foodie #photography
IG_6795095209,priya_daily17,2025-06-15 00:35:53,Video,21,0,0,2,"Bengaluru, Karnataka",#photooftheday #instagood #photography #trending #lifestyle
IG_9481485819,kavita_art4,2025-06-15 02:56:42,Image,128,17,6,24,,#fitness #art
IG_2365456548,the_wanderer44,2025-06-15 03:39:34,Video,91,4,6,17,,#art #fitness #nature
IG_1536579225,priya_daily55,2025-06-15 10:21:48,Reel,75,14,5,14,"Goa, India",#love #photography
IG_3890455198,sneha_style53,2025-06-15 13:07:58,Image,67,13,2,2,"Jaipur, Rajasthan",#music #photography #viral
IG_6093112518,the_wanderer55,2025-06-15 21:27:51,Image,217,12,13,48,"Dubai, UAE",#love #fitness #fashion
IG_8525943659,sneha_style42,2025-06-16 11:26:54,Image,555,11,4,67,"Mumbai, Maharashtra",#trending #fitness
IG_9290493086,rahul_rocks69,2025-06-16 14:07:31,Reel,154,26,6,24,,#love #nature #fitness #trending #travel #photography
IG_9831740834,kavita_art53,2025-06-16 20:11:20,Reel,18,3,1,2,"Pune, Maharashtra",#photography #love
IG_6126948899,rohit_tech52,2025-06-17 00:54:18,Carousel,480,47,35,112,,#instagood #fitness #art #photography #fashion
IG_6738046093,the_wanderer76,2025-06-17 01:13:35,Image,515,48,32,122,"Bali, Indonesia",#travel #photooftheday #art #lifestyle #trending
IG_4703826552,style_icon23,2025-06-17 03:14:52,Video,16,2,1,2,"Bali, Indonesia",#art #foodie
IG_5685227325,foodie_anjali83,2025-06-17 04:11:42,Carousel,52,10,4,1,,#love #foodie
IG_0653482820,rahul_rocks97,2025-06-17 20:44:16,Image,1580,84,150,253,,#travel #art #fashion #lifestyle #foodie #photooftheday
IG_0276781914,foodie_anjali26,2025-06-18 02:51:55,Carousel,174,27,12,12,"Jaipur, Rajasthan",#love #nature #photography #instagood #travel
IG_7507273979,rahul_rocks20,2025-06-18 06:58:42,Image,56,3,1,1,"Bali, Indonesia",#travel #viral #trending #art
IG_8964392436,the_wanderer36,2025-06-18 09:55:34,Image,90,9,6,19,,#trending #art
IG_3407815227,foodie_anjali50,2025-06-18 13:29:04,Reel,135,25,2,7,,#nature #photooftheday #lifestyle #travel #fitness
IG_2054085413,ramesh_vlogs46,2025-06-18 19:27:58,Carousel,39,2,2,4,"Goa, India",#trending #viral #photooftheday #foodie #travel #music
IG_5849650595,ramesh_vlogs24,2025-06-18 19:56:56,Carousel,187,27,7,6,"Delhi, India",#art #trending
IG_7436936633,amit_travels30,2025-06-18 20:49:14,Carousel,157,30,7,36,,#art #photooftheday #love #instagood #foodie #viral
IG_1100751626,priya_daily66,2025-06-18 20:52:01,Image,12,2,1,0,"Mumbai, Maharashtra",#fashion #trending #viral
IG_0252778130,suresh_fitness39,2025-06-18 22:45:17,Image,13188,543,405,3039,,#fashion #fitness #viral #lifestyle #trending
IG_7532167772,the_wanderer66,2025-06-19 00:43:40,Image,30,1,2,5,,#travel #fitness #instagood #lifestyle #nature #photooftheday
IG_5531013933,amit_travels37,2025-06-19 06:09:43,Carousel,40,7,3,7,,#love #photography #fashion #trending #travel
IG_4658398290,the_wanderer46,2025-06-19 17:42:27,Image,199,12,3,30,"Dubai, UAE",#art #photooftheday #trending #travel
IG_5852891644,priya_daily89,2025-06-20 09:32:51,Carousel,715,67,60,116,"Delhi, India",#photooftheday #music #nature #lifestyle #travel
IG_5348749367,sneha_style23,2025-06-20 19:14:14,Reel,14,2,0,0,"Goa, India",#fitness #nature
IG_4144557652,style_icon10,2025-06-21 09:14:20,Carousel,40,3,1,4,"Delhi, India",#love #art #music #trending #viral
IG_2479857774,rahul_rocks77,2025-06-21 15:03:46,Carousel,21,0,1,0,,#lifestyle #travel #viral
IG_9807722468,foodie_anjali26,2025-06-21 16:40:30,Video,21,3,1,0,,#travel #fashion #trending #music #fitness #instagood
IG_1943301540,sneha_style31,2025-06-21 23:45:39,Reel,243,26,4,32,,#art #foodie #trending
IG_2950356213,rahul_rocks18,2025-06-22 04:05:18,Reel,184,6,2,44,"Goa, India",#music #fashion #travel #nature
IG_4476403428,amit_travels72,2025-06-22 06:37:24,Carousel,8,1,0,1,,#fitness #fashion
IG_9931607615,sneha_style41,2025-06-22 06:59:52,Carousel,125,17,6,8,,#viral #photooftheday
IG_8156295031,amit_travels56,2025-06-22 07:34:04,Image,59,1,1,13,"Delhi, India",#fashion #lifestyle #music #fitness #love #foodie
IG_8288393853,style_icon85,2025-06-22 07:36:34,Carousel,882,21,52,220,,#foodie #trending #art
IG_2246230022,the_wanderer70,2025-06-22 13:15:48,Video,14,0,0,3,,#travel #lifestyle #instagood #trending #fitness #photography
IG_8448088872,amit_travels10,2025-06-22 14:15:04,Reel,195,38,3,26,"Jaipur, Rajasthan",#trending #photography
IG_3058791092,rahul_rocks9,2025-06-22 15:53:23,Image,679,127,28,157,,#foodie #art
IG_7894498924,priya_daily30,2025-06-22 20:27:38,Image,144,15,13,6,"Mumbai, Maharashtra",#photooftheday #lifestyle
IG_8970904460,rohit_tech9,2025-06-23 03:12:05,Carousel,53,8,1,3,"Paris, France",#lifestyle #love #fitness #music #travel #art
IG_1539850556,ramesh_vlogs86,2025-06-23 05:28:56,Image,14,0,0,0,,#trending #travel #photography #love #photooftheday #art
IG_8970563287,rahul_rocks77,2025-06-23 05:58:24,Reel,73,8,4,10,,#travel #instagood #fashion #love #music #lifestyle
IG_7729209881,sneha_style98,2025-06-23 07:22:58,Reel,109,4,1,12,"Mumbai, Maharashtra",#viral #music
IG_2570354110,kavita_art6,2025-06-23 07:37:25,Reel,193,21,16,39,,#travel #nature #viral
IG_6561405038,ramesh_vlogs12,2025-06-23 09:20:07,Reel,162,7,4,4,,#travel #music
IG_2128625983,ramesh_vlogs99,2025-06-23 09:54:36,Image,54,9,4,8,,#travel #foodie #photooftheday #fitness
IG_7635611291,kavita_art60,2025-06-23 11:56:44,Image,11,1,0,1,,#art #travel #fitness #photography #love
IG_8895640665,ramesh_vlogs11,2025-06-23 12:02:13,Reel,218,20,4,23,,#travel #photography
IG_5102698222,foodie_anjali11,2025-06-23 13:32:07,Image,386,70,8,52,,#trending #lifestyle #art #viral #photooftheday
IG_7819354313,foodie_anjali25,2025-06-23 14:47:19,Carousel,13,2,0,2,,#nature #fashion #lifestyle #instagood #foodie
IG_8810062812,sneha_style3,2025-06-23 20:51:08,Carousel,354,10,16,19,"Goa, India",#photography #foodie #instagood #music #fashion #love
IG_0909139399,rohit_tech15,2025-06-23 21:38:33,Carousel,21,1,0,4,"Paris, France",#instagood #love
IG_8360094651,suresh_fitness77,2025-06-24 01:25:30,Image,1295,220,62,45,,#music #art #lifestyle #nature
IG_9202696726,rahul_rocks65,2025-06-24 07:28:30,Image,103,6,9,12,"Paris, France",#art #travel #photooftheday #trending #foodie
IG_9320004175,foodie_anjali49,2025-06-24 10:21:49,Image,7,0,0,1,,#photooftheday #art
IG_7970679678,suresh_fitness32,2025-06-24 11:02:56,Image,25,0,0,1,"Dubai, UAE",#nature #fashion #foodie #instagood
IG_4564967802,rahul_rocks18,2025-06-24 15:51:32,Carousel,87,10,3,7,"Bengaluru, Karnataka",#viral #photooftheday
IG_0866804282,the_wanderer34,2025-06-24 22:57:20,Image,209,39,19,31,"Mumbai, Maharashtra",#instagood #foodie #travel #nature #viral
IG_0955512218,sneha_style5,2025-06-24 23:06:00,Image,43,1,3,4,"Ahmedabad, Gujarat",#fashion #music #viral #photography #instagood #love
IG_8983701039,style_icon7,2025-06-25 01:14:48,Image,78,5,1,8,"Pune, Maharashtra",#instagood #fitness #nature #travel #love
IG_8609664607,priya_daily55,2025-06-25 04:31:18,Image,33,3,2,2,,#nature #photography #fashion
IG_3798433944,style_icon58,2025-06-25 08:22:29,Image,118,11,3,9,"Pune, Maharashtra",#love #photography
IG_3135813426,priya_daily64,2025-06-25 08:46:15,Carousel,2236,181,171,300,"Goa, India",#fashion #art
IG_3867140024,foodie_anjali8,2025-06-25 10:08:51,Reel,28,1,0,4,"Delhi, India",#instagood #fitness #trending #fashion #photooftheday
IG_9985255160,foodie_anjali83,2025-06-25 12:48:12,Image,33,4,0,5,,#photooftheday #art #nature #viral
IG_0942991449,priya_daily74,2025-06-25 14:04:13,Image,77,12,3,17,"Paris, France",#art #music #trending #fitness #viral #fashion
IG_1017166524,amit_travels33,2025-06-25 21:48:03,Image,29,2,2,1,,#nature #fashion #travel #photography #trending
IG_1763966609,the_wanderer20,2025-06-26 00:02:20,Carousel,42,0,2,3,"Ahmedabad, Gujarat",#viral #foodie #photography #travel #music
IG_4670797956,rohit_tech89,2025-06-26 04:09:13,Reel,30,5,2,3,,#nature #fashion #love
IG_2905578925,rahul_rocks33,2025-06-26 05:50:27,Image,61,10,4,2,"Bali, Indonesia",#trending #instagood #photography
IG_7655013450,kavita_art39,2025-06-26 10:26:13,Reel,3015,269,37,419,,#foodie #lifestyle #photooftheday #photography #love #travel
IG_3672015090,suresh_fitness66,2025-06-26 15:42:48,Image,832,119,72,81,,#art #photooftheday
IG_6284440443,kavita_art98,2025-06-26 16:26:15,Video,2208,117,25,378,,#love #photography
IG_0188238424,ramesh_vlogs77,2025-06-26 21:11:47,Video,14,0,0,0,"Mumbai, Maharashtra",#nature #photooftheday #photography #fitness #foodie
IG_8565575892,suresh_fitness36,2025-06-26 21:56:17,Video,286,26,3,9,"Dubai, UAE",#nature #foodie #photooftheday #photography #trending
IG_9138727445,priya_daily32,2025-06-26 23:59:44,Image,8,1,0,1,,#viral #lifestyle #foodie
IG_7642010200,kavita_art57,2025-06-27 11:11:56,Video,27,2,1,1,,#fitness #trending
IG_1284006835,rahul_rocks60,2025-06-27 15:28:29,Carousel,564,85,36,70,"Paris, France",#photooftheday #photography
IG_6876037628,rohit_tech44,2025-06-27 15:38:56,Image,267,3,3,10,"Bali, Indonesia",#instagood #music #viral
IG_3940027613,the_wanderer55,2025-06-27 17:07:04,Reel,64,12,5,11,,#nature #music
IG_7751157956,sneha_style87,2025-06-27 18:03:01,Carousel,206,25,16,35,"Pune, Maharashtra",#fitness #music #love #trending #nature
IG_7573466006,rohit_tech88,2025-06-27 18:11:53,Reel,233,21,18,9,,#viral #lifestyle
IG_9917433409,foodie_anjali14,2025-06-28 01:55:09,Image,504,22,17,118,"Mumbai, Maharashtra",#fitness #lifestyle
IG_7895435928,rahul_rocks66,2025-06-28 08:19:53,Image,20,1,0,3,"Paris, France",#music #nature
IG_3233255068,suresh_fitness29,2025-06-28 08:56:19,Image,2501,318,232,270,"Pune, Maharashtra",#viral #travel #instagood #trending
IG_9356771633,style_icon11,2025-06-28 10:07:09,Image,277,48,13,67,,#art #lifestyle #foodie
IG_3255863812,priya_daily96,2025-06-28 16:35:47,Image,2,0,0,0,,#fashion #travel #love #foodie
IG_2387196192,amit_travels85,2025-06-28 21:43:05,Video,101,15,9,20,"Mumbai, Maharashtra",#photooftheday #lifestyle #viral #fitness #instagood #trending
IG_5127847841,suresh_fitness98,2025-06-28 23:04:46,Image,22,2,1,4,,#fitness #art #trending #travel
IG_6207201721,style_icon17,2025-06-29 10:21:50,Reel,71,1,1,5,"Delhi, India",#travel #love #music #instagood #viral
IG_6188675036,rohit_tech37,2025-06-29 12:01:13,Carousel,94,9,2,19,"Ahmedabad, Gujarat",#fitness #music #art #viral
IG_3888649541,the_wanderer14,2025-06-29 14:16:18,Image,101,5,0,14,,#fashion #lifestyle
IG_8249295267,kavita_art27,2025-06-29 15:25:22,Video,11,2,0,2,,#fitness #lifestyle #instagood #photooftheday
IG_1037878556,suresh_fitness36,2025-06-29 18:31:55,Carousel,47,1,4,2,,#nature #fashion #trending #love #viral
IG_1086713701,ramesh_vlogs89,2025-06-30 00:40:39,Reel,32,0,2,2,,#photooftheday #music #art
IG_4320507376,suresh_fitness63,2025-06-30 03:05:04,Image,188,3,11,24,"Delhi, India",#lifestyle #fashion #foodie
IG_1302542179,amit_travels16,2025-06-30 05:04:01,Image,1406,206,11,216,"Goa, India",#fitness #trending
IG_1973570336,ramesh_vlogs98,2025-06-30 07:45:18,Image,255,16,17,19,,#nature #viral
IG_4577809036,the_wanderer55,2025-06-30 08:48:16,Image,709,57,9,40,"Bali, Indonesia",#travel #nature #foodie
IG_9718447594,suresh_fitness1,2025-06-30 09:31:59,Video,2657,47,151,55,,#love #travel #fashion
IG_3835448696,priya_daily94,2025-06-30 11:49:13,Video,203,4,15,29,"Jaipur, Rajasthan",#nature #trending #music #fitness #fashion
IG_0467004591,priya_daily83,2025-06-30 15:44:59,Video,3901,335,387,440,,#lifestyle #viral #art #fitness
IG_9316678170,style_icon7,2025-07-01 08:47:22,Carousel,224,3,6,52,"Goa, India",#fashion #music #photography #photooftheday #viral
IG_0074591464,rohit_tech30,2025-07-01 10:55:14,Reel,319,51,26,42,,#instagood #fashion
IG_1984652115,sneha_style3,2025-07-01 13:03:00,Image,15,2,0,1,"Ahmedabad, Gujarat",#instagood #trending
IG_9600029465,rahul_rocks59,2025-07-01 13:14:30,Image,100,8,5,17,,#fitness #fashion
IG_9220322565,kavita_art70,2025-07-01 14:45:31,Image,102,12,0,7,,#art #fashion #trending
IG_0807650605,priya_daily39,2025-07-01 18:25:09,Reel,9446,768,703,1796,"Dubai, UAE",#fashion #instagood #viral #lifestyle #love #travel
IG_8200765094,rahul_rocks97,2025-07-02 02:56:31,Reel,38,3,0,5,,#foodie #viral #instagood #love #photography #trending
IG_7199194090,amit_travels66,2025-07-02 03:48:44,Reel,45,4,3,7,"Ahmedabad, Gujarat",#travel #photooftheday #photography #art #love
IG_5963087184,style_icon4,2025-07-02 05:25:28,Reel,402,20,32,84,,#fitness #fashion #photooftheday #trending #lifestyle #love
IG_0429029993,rohit_tech85,2025-07-02 06:38:01,Reel,291,21,9,58,"Jaipur, Rajasthan",#fitness #photooftheday #foodie #fashion #instagood #photography
IG_5710735500,the_wanderer73,2025-07-02 08:09:07,Image,12,0,0,1,"Jaipur, Rajasthan",#fashion #foodie #instagood #nature #art
IG_9389340204,amit_travels33,2025-07-02 09:56:05,Image,351,9,18,22,"Pune, Maharashtra",#fashion #trending
IG_5385375410,the_wanderer54,2025-07-02 12:01:31,Reel,373,42,18,39,,#fitness #instagood
IG_2688594109,suresh_fitness46,2025-07-02 12:48:21,Image,77,11,2,14,,#fashion #travel
IG_7582369523,rohit_tech87,2025-07-02 14:31:35,Reel,273,36,13,42,"Dubai, UAE",#photooftheday #trending #viral
IG_0588556922,suresh_fitness95,2025-07-02 15:05:39,Image,197,26,7,14,,#foodie #viral
IG_1088928229,sneha_style75,2025-07-02 22:03:26,Image,127,16,3,28,"Jaipur, Rajasthan",#photooftheday #foodie
IG_8392963128,priya_daily6,2025-07-03 03:58:47,Video,154,4,3,13,,#music #love #fashion #photooftheday #lifestyle #viral
IG_2635339150,sneha_style58,2025-07-03 06:39:07,Image,165,13,8,24,,#nature #viral #love #photography
IG_2051224415,suresh_fitness24,2025-07-03 07:53:52,Image,162,4,1,6,"Ahmedabad, Gujarat",#photography #art #foodie #nature
IG_1044404732,kavita_art37,2025-07-03 12:00:58,Carousel,198,27,18,44,,#photography #nature #instagood
IG_7954149313,sneha_style73,2025-07-03 15:30:31,Video,891,160,64,46,"Delhi, India",#love #photography #photooftheday #instagood
IG_1717194595,ramesh_vlogs22,2025-07-03 18:39:14,Video,27,4,1,1,,#foodie #lifestyle #viral
IG_8093391634,priya_daily66,2025-07-03 18:59:12,Video,715,107,28,92,"Bengaluru, Karnataka",#fitness #foodie #viral
IG_9245008671,foodie_anjali95,2025-07-03 23:16:18,Image,588,48,29,63,"Ahmedabad, Gujarat",#photography #travel #music
IG_0224951928,foodie_anjali32,2025-07-04 01:50:20,Image,88,5,1,16,,#music #trending #photography
IG_4751585666,the_wanderer90,2025-07-04 09:22:56,Carousel,22,3,1,4,"Paris, France",#viral #fitness #art #nature #music
IG_0003951748,foodie_anjali49,2025-07-04 12:15:13,Image,112,17,1,7,,#instagood #trending #foodie #art #fashion #travel
IG_5931821690,sneha_style97,2025-07-04 12:25:18,Reel,78,7,1,1,"Bali, Indonesia",#fashion #trending #travel
IG_6160466618,suresh_fitness70,2025-07-04 16:36:37,Image,1066,107,78,112,,#photography #trending
IG_1211706487,kavita_art49,2025-07-04 18:36:34,Carousel,1125,114,49,231,"Bengaluru, Karnataka",#fitness #lifestyle #music #love #viral
IG_0139526094,kavita_art7,2025-07-04 21:08:39,Reel,443,45,2,57,"Bali, Indonesia",#fitness #fashion #music #viral #instagood #nature
IG_4550723545,the_wanderer23,2025-07-04 23:00:45,Carousel,5,0,0,0,"Mumbai, Maharashtra",#art #nature #fashion #photography #love #travel
IG_0890191344,ramesh_vlogs45,2025-07-05 00:47:45,Image,64,10,4,3,"Goa, India",#nature #lifestyle #love #fitness #art
IG_9273558348,kavita_art73,2025-07-05 10:40:37,Reel,1070,74,50,32,"Bali, Indonesia",#instagood #travel #trending #photooftheday
IG_9286408937,rahul_rocks40,2025-07-05 13:08:17,Video,22,3,1,3,,#music #fitness #viral #art
IG_9204559270,amit_travels7,2025-07-05 19:13:39,Image,209,34,4,28,"Ahmedabad, Gujarat",#foodie #instagood #music #travel
IG_7298369590,sneha_style67,2025-07-06 05:33:38,Image,13,1,1,1,"Goa, India",#nature #art #music #instagood
IG_3445995367,the_wanderer63,2025-07-06 07:44:18,Image,76,10,3,4,,#love #fitness #photography #viral
IG_5245478859,rohit_tech14,2025-07-06 09:52:40,Image,77,8,2,5,"Mumbai, Maharashtra",#foodie #fashion
IG_9336577666,sneha_style87,2025-07-06 14:26:40,Video,11,1,0,2,"Pune, Maharashtra",#photography #instagood
IG_1464364436,sneha_style33,2025-07-06 15:20:39,Video,360,60,19,9,,#fitness #fashion #love
IG_6952291549,suresh_fitness68,2025-07-06 17:52:38,Reel,209,31,17,30,"Bengaluru, Karnataka",#lifestyle #travel #photography #music #art #fashion
IG_7168410551,ramesh_vlogs22,2025-07-07 16:28:44,Reel,303,18,12,64,,#love #fitness #music #foodie
IG_7359309164,rohit_tech52,2025-07-07 16:57:59,Image,62,8,5,9,,#fashion #instagood #love #nature
IG_6093042875,priya_daily30,2025-07-08 09:26:52,Reel,90,11,6,2,"Bali, Indonesia",#nature #music
IG_3329047456,priya_daily46,2025-07-08 10:05:24,Video,347,29,10,44,,#music #fitness #fashion #foodie
IG_8014050779,foodie_anjali78,2025-07-08 12:37:22,Reel,68,12,2,1,,#foodie #nature #travel #music #fashion #lifestyle
IG_7598412147,amit_travels45,2025-07-08 14:34:41,Video,255,43,15,5,,#nature #photography
IG_8721950504,amit_travels32,2025-07-08 14:44:32,Video,10,1,0,1,"Paris, France",#photography #art #photooftheday
IG_3497811601,rahul_rocks19,2025-07-08 14:52:51,Reel,733,24,24,137,,#photooftheday #lifestyle #nature #viral #instagood #fitness
IG_6857942323,rahul_rocks61,2025-07-09 02:27:44,Carousel,40,2,3,1,,#music #travel #love #foodie #fitness
IG_5588983748,style_icon82,2025-07-09 02:28:36,Image,38,0,3,1,"Delhi, India",#photooftheday #photography #viral #foodie
IG_5711901984,kavita_art48,2025-07-09 03:26:42,Video,27,2,1,0,"Jaipur, Rajasthan",#travel #nature #art #photooftheday #fitness #music
IG_5499863421,sneha_style24,2025-07-09 03:35:30,Carousel,3,0,0,0,,#art #photooftheday #foodie #lifestyle #fitness #viral
IG_2063685675,kavita_art95,2025-07-09 08:27:04,Video,33,2,2,2,"Mumbai, Maharashtra",#photography #fashion #foodie #nature #lifestyle
IG_2712716311,sneha_style5,2025-07-09 14:01:01,Image,105,9,10,7,"Jaipur, Rajasthan",#lifestyle #trending #travel #photooftheday #music
IG_8919219756,ramesh_vlogs6,2025-07-09 14:46:25,Video,24,2,0,5,,#photography #trending #music #travel #photooftheday
IG_2926849955,ramesh_vlogs42,2025-07-09 16:21:43,Image,786,136,62,141,,#nature #instagood
IG_1362431349,the_wanderer13,2025-07-09 17:14:53,Video,114,6,1,22,,#instagood #fashion #love
IG_6715625413,sneha_style6,2025-07-10 04:14:37,Video,38,3,2,4,,#music #viral #instagood #photooftheday
IG_0650702576,kavita_art44,2025-07-10 17:49:18,Reel,14,1,1,1,"Paris, France",#fashion #travel #nature #instagood #art
IG_1780307306,style_icon11,2025-07-11 00:51:13,Carousel,2081,360,192,150,"Bengaluru, Karnataka",#viral #travel #fitness #trending
IG_7222112704,amit_travels21,2025-07-11 10:06:13,Image,15153,648,932,2679,"Paris, France",#trending #art #foodie #photooftheday #instagood
IG_9407121444,suresh_fitness89,2025-07-11 14:02:35,Video,395,39,20,52,,#photooftheday #foodie #art #travel #fitness #nature
IG_3573109086,priya_daily53,2025-07-11 21:05:00,Image,60,3,4,8,,#foodie #fashion #instagood
IG_1582471730,the_wanderer17,2025-07-11 21:15:32,Video,73,3,5,18,,#photooftheday #art #trending #photography
IG_1232203489,rahul_rocks12,2025-07-12 06:27:07,Reel,142,15,1,30,,#art #love #nature
IG_5325490773,priya_daily3,2025-07-12 16:48:41,Image,17,2,0,0,,#trending #fitness #photooftheday
IG_4691147412,the_wanderer83,2025-07-12 18:50:30,Video,6,0,0,0,"Ahmedabad, Gujarat",#fashion #foodie #love #travel #lifestyle #photography
IG_3431340712,amit_travels72,2025-07-13 02:04:36,Carousel,7,1,0,0,"Delhi, India",#travel #photography #love #fitness #trending
IG_1982803053,suresh_fitness63,2025-07-13 04:59:54,Image,7,0,0,0,,#foodie #fashion
IG_8857674592,rahul_rocks84,2025-07-13 08:45:39,Image,93,16,4,16,"Mumbai, Maharashtra",#foodie #fitness
IG_9280380653,style_icon40,2025-07-13 12:49:09,Carousel,487,79,18,52,"Jaipur, Rajasthan",#photography #love #fitness
IG_6869899328,priya_daily1,2025-07-13 16:13:34,Image,58,8,2,9,"Mumbai, Maharashtra",#trending #music #photooftheday
IG_4715284367,rahul_rocks91,2025-07-13 17:16:14,Carousel,190,34,9,27,"Jaipur, Rajasthan",#fitness #love #photography #art
IG_7761927002,style_icon62,2025-07-13 18:08:50,Carousel,227,15,9,45,"Delhi, India",#fitness #fashion #art #instagood #love
IG_4120807348,rahul_rocks34,2025-07-14 04:16:57,Image,181,2,5,30,"Bengaluru, Karnataka",#fashion #travel #fitness #foodie #instagood #lifestyle
IG_7286043477,rohit_tech11,2025-07-14 10:42:19,Image,606,60,15,146,,#foodie #music #travel #lifestyle #viral #fashion
IG_7336473992,amit_travels59,2025-07-14 20:20:37,Image,1065,44,102,173,"Delhi, India",#instagood #photography #foodie #art #music
IG_6798350990,style_icon23,2025-07-14 21:26:02,Reel,64,9,0,13,,#instagood #photooftheday #photography #travel
IG_2034462005,kavita_art10,2025-07-14 22:52:58,Image,979,135,70,25,"Mumbai, Maharashtra",#photography #photooftheday #foodie #trending #viral #lifestyle
IG_7443760062,priya_daily32,2025-07-15 02:07:58,Image,119,22,4,2,,#nature #travel
IG_5041943285,rahul_rocks28,2025-07-15 03:40:41,Carousel,435,48,37,78,"Pune, Maharashtra",#instagood #photography #foodie #music #lifestyle #fitness
IG_9605716540,amit_travels23,2025-07-15 05:06:36,Reel,92,1,8,6,"Delhi, India",#photooftheday #trending #travel #viral #foodie #lifestyle
IG_5751076711,rahul_rocks66,2025-07-15 05:46:40,Image,1522,286,11,32,"Bali, Indonesia",#lifestyle #love #photography
IG_9806609179,kavita_art87,2025-07-15 07:56:26,Carousel,550,106,38,101,,#photooftheday #photography #viral #travel #trending #art
IG_8958216242,sneha_style16,2025-07-15 10:42:57,Reel,103,6,2,25,"Bengaluru, Karnataka",#fashion #instagood #fitness #foodie #viral
IG_1064564287,amit_travels32,2025-07-15 22:06:16,Image,22,2,0,2,"Dubai, UAE",#foodie #fitness #fashion
IG_3552604112,style_icon53,2025-07-16 02:20:14,Reel,26,3,2,6,,#fitness #fashion #travel
IG_0477329157,sneha_style73,2025-07-16 03:50:01,Image,44,0,0,3,"Goa, India",#nature #love #travel
IG_1384485007,kavita_art91,2025-07-16 10:34:32,Image,1064,76,56,98,,#fashion #travel #viral
IG_5940319770,style_icon15,2025-07-16 14:32:12,Carousel,133,23,9,30,,#fashion #travel #nature #photooftheday
IG_6755005958,amit_travels64,2025-07-16 17:16:55,Image,42,2,3,10,,#viral #trending
IG_2200218346,foodie_anjali97,2025-07-16 20:01:43,Video,19,1,1,3,"Paris, France",#photography #music #love #lifestyle #instagood
IG_3901810246,rohit_tech10,2025-07-16 23:31:45,Image,12,0,0,2,,#trending #nature #viral
IG_6393405744,suresh_fitness26,2025-07-17 04:47:49,Reel,8,0,0,0,,#travel #photography #nature #fitness
IG_5051352645,kavita_art99,2025-07-17 08:49:22,Video,18,3,1,2,,#trending #art #fitness #viral #photooftheday #nature
IG_6002214302,foodie_anjali27,2025-07-17 11:40:17,Carousel,99,7,0,19,"Delhi, India",#photography #art #travel #music
IG_8527627093,foodie_anjali44,2025-07-17 12:36:35,Reel,62,9,4,11,,#foodie #instagood
IG_1600956535,foodie_anjali49,2025-07-17 20:09:41,Image,61,3,4,5,,#photography #music #instagood #fashion #lifestyle #travel
IG_0393936029,amit_travels15,2025-07-17 22:02:02,Reel,222,8,15,9,,#nature #fitness
IG_9308661305,ramesh_vlogs80,2025-07-18 05:38:46,Image,179,23,9,37,"Jaipur, Rajasthan",#viral #instagood #photography #lifestyle
IG_7132883213,rohit_tech63,2025-07-18 07:55:03,Image,29,0,2,6,"Ahmedabad, Gujarat",#music #fitness #art #travel #photography
IG_5332434434,rahul_rocks23,2025-07-18 10:30:59,Reel,132,25,12,29,"Paris, France",#art #fitness #music #love #fashion #trending
IG_4412314225,priya_daily26,2025-07-18 15:35:17,Image,370,29,6,16,"Dubai, UAE",#art #fitness #nature
IG_6792640265,rahul_rocks69,2025-07-18 17:06:11,Video,1118,155,11,31,"Ahmedabad, Gujarat",#foodie #love #instagood
IG_1593083140,sneha_style73,2025-07-18 20:00:04,Reel,26,3,1,5,"Paris, France",#love #travel
IG_9067700147,rohit_tech95,2025-07-18 21:25:13,Image,4628,604,83,418,,#viral #instagood #art #photooftheday #fashion
IG_0912981228,the_wanderer60,2025-07-18 23:31:10,Image,78,13,6,5,,#love #photography #viral #nature #foodie #instagood
IG_7019212854,amit_travels55,2025-07-18 23:38:08,Reel,2153,115,70,333,"Jaipur, Rajasthan",#foodie #instagood #travel
IG_3835495260,rohit_tech34,2025-07-19 06:28:56,Carousel,9,1,0,1,"Ahmedabad, Gujarat",#photooftheday #fitness #nature #lifestyle #viral #photography
IG_1536907648,kavita_art25,2025-07-19 09:53:28,Carousel,39,6,2,1,"Goa, India",#instagood #viral
IG_6718964940,suresh_fitness22,2025-07-19 11:02:25,Image,103,3,8,8,"Ahmedabad, Gujarat",#instagood #photooftheday #photography #foodie
IG_0701837742,kavita_art58,2025-07-19 13:22:16,Video,672,22,53,122,,#fashion #photography #love #trending #art #fitness
IG_1119491758,amit_travels20,2025-07-19 14:13:32,Image,1612,111,43,235,"Pune, Maharashtra",#lifestyle #art #fitness
IG_3013324049,kavita_art56,2025-07-19 17:57:58,Video,34,1,0,1,"Pune, Maharashtra",#fashion #lifestyle
IG_0877981080,rahul_rocks45,2025-07-19 23:02:53,Image,121,13,11,27,,#music #fashion #foodie #instagood
IG_9605551007,rahul_rocks77,2025-07-19 23:52:46,Video,1452,240,13,157,"Goa, India",#love #nature #photography #photooftheday #fitness
IG_0056304476,priya_daily32,2025-07-20 01:10:20,Video,271,21,1,61,,#love #instagood
IG_0392386536,ramesh_vlogs83,2025-07-20 05:14:43,Carousel,21,2,1,1,"Delhi, India",#viral #instagood #photography #lifestyle #nature #trending
IG_2087620185,amit_travels96,2025-07-20 07:27:39,Image,482,92,6,45,"Pune, Maharashtra",#photooftheday #instagood #fitness #lifestyle #fashion #love
IG_6001115513,amit_travels53,2025-07-20 12:25:26,Video,10,0,0,2,,#travel #photooftheday
IG_1616023955,sneha_style41,2025-07-20 21:10:35,Reel,822,30,20,16,,#lifestyle #photography #fitness #photooftheday #fashion
IG_5987589633,rohit_tech72,2025-07-21 02:04:59,Carousel,12,1,0,0,,#art #photography #love #viral #nature
IG_9279988366,kavita_art94,2025-07-21 06:06:40,Image,44,1,3,10,"Paris, France",#fashion #instagood #trending
IG_1811488005,priya_daily38,2025-07-21 06:57:06,Image,307,37,20,76,"Delhi, India",#nature #love #trending #fitness #instagood
IG_8519170331,the_wanderer60,2025-07-21 08:52:58,Reel,228,29,21,16,"Mumbai, Maharashtra",#photography #fashion #viral #art #trending
IG_7951261987,kavita_art61,2025-07-21 12:16:39,Carousel,716,44,55,117,"Jaipur, Rajasthan",#nature #photography
IG_5907725629,kavita_art44,2025-07-21 15:13:16,Video,184,36,9,19,"Bengaluru, Karnataka",#instagood #trending #travel #music
IG_7323241207,foodie_anjali10,2025-07-22 01:50:56,Carousel,85,11,2,15,,#art #instagood #love
IG_7470535478,suresh_fitness67,2025-07-22 06:42:52,Image,38,5,0,6,"Paris, France",#lifestyle #trending #fitness #viral #photooftheday
IG_7566633807,rohit_tech37,2025-07-22 20:32:16,Reel,44,5,1,10,"Ahmedabad, Gujarat",#art #instagood
IG_8101401717,rahul_rocks81,2025-07-23 00:09:16,Reel,49,7,1,6,,#photooftheday #foodie #lifestyle #travel
IG_2994773168,suresh_fitness24,2025-07-23 15:09:20,Video,128,21,3,30,,#foodie #lifestyle #fashion #photooftheday
IG_7959164271,the_wanderer2,2025-07-23 23:20:22,Reel,755,57,46,88,,#instagood #photooftheday
IG_0773106313,priya_daily97,2025-07-24 02:34:01,Image,1089,29,100,27,"Delhi, India",#lifestyle #love #photography #instagood
IG_4532911731,sneha_style69,2025-07-24 02:40:47,Image,17,0,1,2,,#art #photooftheday #photography #fitness #travel #foodie
IG_5603392859,style_icon38,2025-07-24 02:53:15,Image,243,14,2,50,,#fashion #instagood
IG_7289795375,suresh_fitness64,2025-07-24 03:01:56,Image,373,54,22,91,,#lifestyle #travel
IG_9424167760,rahul_rocks81,2025-07-24 04:59:12,Reel,4287,492,37,530,,#nature #viral #fitness
IG_2412022327,kavita_art61,2025-07-24 05:37:54,Video,287,35,23,38,,#foodie #love
IG_6321830109,rahul_rocks50,2025-07-24 05:52:47,Image,136,3,12,10,,#love #lifestyle
IG_8720286231,rahul_rocks48,2025-07-24 09:12:41,Image,24,0,1,2,"Ahmedabad, Gujarat",#travel #music #foodie #trending #love #instagood
IG_1761751210,style_icon16,2025-07-24 14:26:46,Image,25,2,1,3,"Jaipur, Rajasthan",#nature #instagood #fashion #music #foodie #lifestyle
IG_6300817057,priya_daily96,2025-07-24 20:55:49,Reel,121,17,6,22,"Bali, Indonesia",#fashion #foodie
IG_9805311169,rahul_rocks21,2025-07-25 01:51:10,Image,8,1,0,1,"Paris, France",#fashion #foodie #nature #instagood #music
IG_7438618322,priya_daily72,2025-07-25 07:04:27,Image,49,3,4,1,"Goa, India",#foodie #nature
IG_8291156819,suresh_fitness81,2025-07-25 07:19:40,Image,71,12,1,3,,#photography #viral #instagood #travel
IG_1827326071,foodie_anjali38,2025-07-25 13:09:27,Reel,5,0,0,1,"Delhi, India",#nature #music #photooftheday #art #fashion #foodie
IG_2540569361,sneha_style86,2025-07-25 14:30:57,Image,2264,38,100,61,"Jaipur, Rajasthan",#fitness #travel #instagood #photography #music #nature
IG_2894675183,the_wanderer2,2025-07-26 04:28:00,Carousel,165,8,11,30,"Jaipur, Rajasthan",#love #fashion #trending #lifestyle #art
IG_8906244768,priya_daily28,2025-07-26 12:03:06,Carousel,19,1,1,3,"Paris, France",#instagood #photooftheday #nature
IG_3080602644,suresh_fitness62,2025-07-26 14:44:52,Reel,379,56,33,15,"Bengaluru, Karnataka",#music #fashion
IG_3034842041,rahul_rocks74,2025-07-26 15:30:04,Video,243,11,16,11,,#fashion #art #love #nature #fitness #travel
IG_1537066436,style_icon87,2025-07-26 16:20:07,Reel,190,15,13,4,,#love #nature #foodie #photooftheday
IG_4746271777,the_wanderer43,2025-07-26 16:55:34,Image,147,5,5,17,,#photography #music #love #nature
IG_1875383468,rahul_rocks89,2025-07-26 19:19:31,Carousel,407,71,18,24,,#nature #trending
IG_7121445297,priya_daily96,2025-07-26 20:36:46,Image,36,3,2,6,"Bengaluru, Karnataka",#love #travel #fashion #instagood
IG_3537797892,sneha_style17,2025-07-26 22:54:37,Image,53,3,4,2,"Paris, France",#travel #photography #love #photooftheday
IG_6125030888,the_wanderer71,2025-07-27 03:18:59,Image,175,27,1,39,"Ahmedabad, Gujarat",#foodie #music #travel
IG_7653630178,rohit_tech7,2025-07-27 05:23:44,Image,17,2,1,0,,#nature #foodie #photography
IG_6781066876,ramesh_vlogs91,2025-07-27 16:05:20,Image,841,79,33,30,"Jaipur, Rajasthan",#instagood #foodie #fitness #love
IG_5881946993,kavita_art29,2025-07-28 00:27:39,Video,38,2,2,4,"Jaipur, Rajasthan",#photooftheday #fitness #trending
IG_0601854000,rahul_rocks59,2025-07-28 00:58:12,Image,596,21,57,33,"Dubai, UAE",#photooftheday #travel #foodie #fashion #nature
IG_6521139406,ramesh_vlogs95,2025-07-28 09:59:27,Image,64,8,5,10,"Delhi, India",#fashion #photography #nature
IG_3611019081,style_icon69,2025-07-28 12:39:59,Image,23,3,2,1,,#travel #photography #viral
IG_2912617485,ramesh_vlogs29,2025-07-28 13:20:31,Image,63,8,5,6,"Paris, France",#fitness #fashion #love #photography
IG_6622127124,rahul_rocks88,2025-07-28 16:31:38,Carousel,78,11,0,13,,#fashion #fitness #music #trending #viral #art
IG_7929140089,suresh_fitness12,2025-07-28 17:01:23,Image,105,10,8,14,,#fitness #photography #trending #instagood
IG_0785740209,rahul_rocks90,2025-07-28 17:11:50,Image,151,1,14,22,"Pune, Maharashtra",#instagood #travel #lifestyle
IG_3081172727,rahul_rocks14,2025-07-28 18:01:16,Image,84,12,4,7,,#trending #music #photooftheday #love
IG_8814242704,ramesh_vlogs6,2025-07-28 20:53:33,Image,330,31,29,69,,#photography #love #foodie #fitness
IG_5312482766,priya_daily63,2025-07-28 21:19:34,Reel,150,23,8,23,"Pune, Maharashtra",#trending #fashion #instagood #music
IG_4988604468,ramesh_vlogs32,2025-07-29 10:18:05,Image,724,138,37,166,"Ahmedabad, Gujarat",#music #foodie #fitness #lifestyle #trending
IG_6929863840,rohit_tech38,2025-07-29 14:44:51,Reel,132,6,4,26,"Delhi, India",#viral #trending #music #fashion #travel
IG_7342645985,ramesh_vlogs43,2025-07-30 00:15:35,Image,508,68,26,88,"Dubai, UAE",#nature #trending #art #photooftheday
IG_5368634842,the_wanderer31,2025-07-30 00:27:28,Video,260,30,21,59,,#music #lifestyle
IG_8051963822,suresh_fitness27,2025-07-30 01:07:13,Video,856,84,26,196,,#viral #nature #love #music
IG_1183352147,amit_travels39,2025-07-30 03:01:08,Video,257,7,23,19,"Ahmedabad, Gujarat",#music #fashion #photooftheday
IG_8540619851,kavita_art47,2025-07-30 04:20:52,Carousel,267,27,7,13,"Paris, France",#lifestyle #travel #love
IG_8321626925,suresh_fitness81,2025-07-30 05:24:40,Image,251,6,17,13,"Paris, France",#lifestyle #fashion
IG_3008178684,rohit_tech91,2025-07-30 07:46:43,Image,91,9,6,6,"Delhi, India",#trending #travel #fashion #foodie #lifestyle
IG_3873162909,rahul_rocks1,2025-07-30 10:36:40,Image,2016,277,146,189,"Paris, France",#music #love #viral #fitness
IG_1676089274,rahul_rocks88,2025-07-30 13:22:38,Carousel,1495,274,23,83,,#love #photooftheday #lifestyle
IG_1813010075,the_wanderer33,2025-07-30 21:05:41,Image,41,1,2,3,"Mumbai, Maharashtra",#fashion #love
IG_3097785644,sneha_style84,2025-07-30 21:31:16,Image,172,14,14,42,"Mumbai, Maharashtra",#travel #nature #lifestyle
IG_5103352760,sneha_style96,2025-07-30 21:56:41,Image,128,9,11,23,"Bengaluru, Karnataka",#nature #travel #photooftheday #fitness #instagood
IG_7942466969,priya_daily5,2025-07-31 04:22:10,Image,1831,252,25,330,"Mumbai, Maharashtra",#lifestyle #photooftheday
IG_3206996897,rahul_rocks30,2025-07-31 09:42:23,Carousel,919,174,80,23,"Bali, Indonesia",#viral #fitness #music #photooftheday #nature #instagood
IG_9059478357,amit_travels66,2025-07-31 19:14:30,Reel,49,3,1,9,,#nature #lifestyle #love #viral
IG_0417348718,rohit_tech76,2025-07-31 21:46:02,Image,169,22,14,10,"Bengaluru, Karnataka",#love #fitness #nature #instagood #trending #lifestyle
IG_9638362808,rahul_rocks56,2025-08-01 02:15:55,Carousel,189,24,13,35,"Delhi, India",#travel #instagood #art #love #trending
IG_3557260579,foodie_anjali47,2025-08-01 02:25:02,Carousel,317,44,13,34,,#viral #trending
IG_5314721289,rohit_tech85,2025-08-01 03:37:45,Image,51,2,0,4,,#music #fashion #viral #instagood
IG_6974136023,ramesh_vlogs57,2025-08-01 14:56:01,Video,101,13,5,21,"Paris, France",#lifestyle #photography #instagood #love
IG_5506598795,rohit_tech35,2025-08-01 16:52:12,Image,35,6,1,4,,#foodie #fitness #nature #fashion #photography #viral
IG_9811925581,amit_travels35,2025-08-01 19:23:05,Image,581,29,52,68,,#fitness #lifestyle #love #fashion #viral #trending
IG_7777937329,rohit_tech77,2025-08-01 21:38:56,Reel,7,0,0,0,"Goa, India",#instagood #fitness #love
IG_4219772205,rohit_tech8,2025-08-01 22:15:01,Video,1122,44,106,42,"Paris, France",#photooftheday #trending #nature #fashion
IG_2467585336,kavita_art87,2025-08-02 11:42:28,Video,131,5,12,9,"Mumbai, Maharashtra",#fitness #fashion #art
IG_6729174050,ramesh_vlogs54,2025-08-02 16:08:09,Video,181,19,5,4,,#nature #foodie #instagood #trending #art
IG_7142585212,kavita_art28,2025-08-02 18:21:16,Image,67,4,5,6,"Bengaluru, Karnataka",#fitness #instagood #viral #fashion #photooftheday #foodie
IG_6858176002,kavita_art89,2025-08-02 20:26:32,Video,292,39,20,49,,#music #fashion #foodie
IG_0291477195,rahul_rocks37,2025-08-02 20:43:18,Image,36,2,1,0,,#music #lifestyle #art #fitness
IG_3027909337,foodie_anjali86,2025-08-02 22:58:56,Image,59,6,5,3,"Mumbai, Maharashtra",#photooftheday #art #photography #love
IG_1333183303,rohit_tech55,2025-08-02 23:14:36,Carousel,293,40,24,15,"Dubai, UAE",#art #lifestyle #nature #foodie
IG_2660816728,suresh_fitness63,2025-08-03 05:29:08,Reel,328,65,14,74,"Pune, Maharashtra",#nature #art #fitness #fashion
IG_4397916666,kavita_art44,2025-08-03 10:38:16,Video,365,39,16,14,"Bali, Indonesia",#viral #art #fashion #foodie #photooftheday
IG_5743586525,the_wanderer82,2025-08-03 10:41:07,Image,71,9,2,13,,#viral #art #love
IG_7417653384,foodie_anjali34,2025-08-03 12:36:37,Reel,200,36,1,29,,#fitness #viral #fashion #nature
IG_7143618452,foodie_anjali85,2025-08-03 20:33:31,Reel,3724,124,149,447,,#photooftheday #viral #instagood
IG_7066257273,priya_daily20,2025-08-03 21:18:52,Image,1877,178,72,253,"Paris, France",#fashion #fitness #nature #love #music #travel
IG_1815638924,sneha_style36,2025-08-04 00:41:37,Image,234,21,20,47,,#music #love #art #viral
IG_5682108807,sneha_style31,2025-08-04 04:34:39,Image,108,5,9,15,"Ahmedabad, Gujarat",#fitness #photooftheday #photography
IG_4422669068,ramesh_vlogs6,2025-08-04 14:51:03,Image,93,6,4,8,,#trending #nature #fitness #travel
IG_4617415652,sneha_style96,2025-08-04 14:55:22,Reel,391,67,24,60,,#love #photography
IG_5878340651,priya_daily62,2025-08-04 16:11:40,Image,244,14,15,37,"Goa, India",#photooftheday #photography
IG_7387751363,rahul_rocks92,2025-08-04 20:10:43,Image,16,0,1,2,,#instagood #foodie #trending #nature
IG_0803507354,foodie_anjali23,2025-08-05 15:27:32,Video,330,58,13,10,"Paris, France",#photooftheday #nature #viral #art #lifestyle #love
IG_1186943628,sneha_style20,2025-08-05 15:32:34,Video,50,3,2,6,"Delhi, India",#fitness #photography #foodie #fashion #music
IG_3399669968,sneha_style61,2025-08-05 15:42:16,Image,32,2,1,6,"Goa, India",#love #fashion #foodie #viral #trending
IG_0000164198,foodie_anjali18,2025-08-05 21:03:50,Video,136,5,2,11,,#love #fitness
IG_0792427397,amit_travels10,2025-08-05 23:56:29,Image,38,1,2,7,,#trending #fitness #fashion
IG_3547120517,rohit_tech55,2025-08-06 01:16:18,Image,67,4,5,3,"Pune, Maharashtra",#viral #foodie #art #love #photooftheday
IG_9970470553,suresh_fitness27,2025-08-06 09:07:27,Reel,336,33,32,57,,#photography #fitness
IG_6917326944,kavita_art92,2025-08-06 11:00:49,Carousel,115,8,3,20,"Jaipur, Rajasthan",#travel #photooftheday #trending #fitness #fashion
IG_8767904789,sneha_style65,2025-08-06 12:44:41,Carousel,1712,62,25,122,"Mumbai, Maharashtra",#lifestyle #fitness #art
IG_3671861678,ramesh_vlogs16,2025-08-06 13:57:48,Reel,10,1,0,2,"Mumbai, Maharashtra",#viral #photooftheday #fitness
IG_8251306520,priya_daily75,2025-08-06 16:14:59,Image,107,8,3,11,"Bali, Indonesia",#trending #viral #fashion #instagood #lifestyle #fitness
IG_0865078615,sneha_style7,2025-08-06 16:38:51,Carousel,202,9,14,39,"Goa, India",#viral #love #photography
IG_5973949796,priya_daily28,2025-08-06 21:54:41,Image,58,2,5,2,,#photography #trending #music #foodie #lifestyle
IG_9986757044,the_wanderer98,2025-08-07 03:10:33,Reel,29,3,1,5,,#travel #nature #instagood #photography
IG_4770924592,ramesh_vlogs31,2025-08-07 03:50:55,Image,19,1,0,2,"Bengaluru, Karnataka",#foodie #photography #viral #nature
IG_9485385260,ramesh_vlogs77,2025-08-07 12:56:29,Reel,148,9,2,21,"Goa, India",#instagood #nature #foodie #photooftheday #art #lifestyle
IG_2450610778,kavita_art46,2025-08-07 15:56:26,Reel,376,67,32,12,,#travel #art #fitness #fashion #viral #nature
IG_4068164120,sneha_style49,2025-08-07 17:25:44,Carousel,54,5,2,4,,#fitness #nature
IG_5310466996,suresh_fitness43,2025-08-07 20:37:46,Image,167,26,5,19,,#instagood #nature
IG_8340515188,rohit_tech80,2025-08-07 23:59:24,Reel,73,14,6,14,"Mumbai, Maharashtra",#instagood #photography #lifestyle #love #nature #music
IG_3888519907,rahul_rocks8,2025-08-08 02:45:52,Image,52,1,4,7,,#nature #art #foodie #travel #fashion
IG_0705846218,suresh_fitness81,2025-08-08 03:59:33,Reel,25,3,1,2,,#fitness #nature #viral #instagood #trending #music
IG_1196228379,foodie_anjali37,2025-08-08 04:14:04,Reel,1341,19,13,47,"Jaipur, Rajasthan",#photooftheday #photography #instagood #fitness #nature
IG_7336690642,rahul_rocks39,2025-08-08 06:36:45,Video,1221,59,113,242,,#trending #art #photography
IG_5205610208,amit_travels5,2025-08-08 08:33:18,Video,264,38,6,16,,#nature #music #foodie #love #photooftheday #instagood
IG_6879350660,priya_daily67,2025-08-08 19:13:52,Image,8,0,0,0,"Bengaluru, Karnataka",#photography #trending #instagood #foodie #love #fitness
IG_1407497890,foodie_anjali1,2025-08-08 21:40:00,Video,135,21,13,31,"Dubai, UAE",#trending #fashion #art
IG_7970618165,priya_daily3,2025-08-08 21:40:28,Image,96,4,8,8,"Ahmedabad, Gujarat",#fashion #lifestyle #instagood
IG_8966572852,priya_daily82,2025-08-08 23:09:36,Image,74,3,1,15,"Bali, Indonesia",#art #photooftheday #nature #music
IG_6497183959,rohit_tech24,2025-08-09 04:53:27,Reel,34,4,0,5,,#instagood #love #viral #trending
IG_1968606043,foodie_anjali82,2025-08-09 05:44:30,Reel,91,10,8,14,"Pune, Maharashtra",#trending #art #photography
IG_4813015772,sneha_style85,2025-08-09 08:21:18,Carousel,141,4,6,28,,#foodie #lifestyle #art #viral #travel #photography
IG_1668765869,style_icon82,2025-08-09 09:44:26,Reel,193,38,9,24,,#music #nature #foodie #love
IG_7565093330,style_icon45,2025-08-09 10:27:43,Reel,2043,76,190,291,"Pune, Maharashtra",#fitness #lifestyle #foodie #viral
IG_4998765666,suresh_fitness44,2025-08-09 11:06:21,Image,275,19,12,36,"Pune, Maharashtra",#foodie #instagood #trending
IG_9188533423,style_icon25,2025-08-09 12:26:35,Carousel,130,22,3,3,,#photooftheday #instagood #photography #fashion
IG_1210547796,foodie_anjali10,2025-08-09 15:38:11,Reel,761,114,58,58,,#lifestyle #fitness #love #foodie #photography
IG_0344928949,ramesh_vlogs71,2025-08-09 16:57:58,Reel,28,0,1,6,"Delhi, India",#photooftheday #trending #music #photography #fitness
IG_0605991830,amit_travels51,2025-08-09 17:23:32,Image,80,13,3,12,,#foodie #lifestyle #art #fitness #music #photooftheday
IG_6974943483,suresh_fitness35,2025-08-09 17:47:42,Image,260,6,17,64,"Mumbai, Maharashtra",#lifestyle #viral #trending
IG_8742215393,priya_daily19,2025-08-09 19:48:51,Video,25,0,0,1,,#viral #lifestyle #photooftheday #travel #fitness
IG_0430236264,foodie_anjali97,2025-08-09 20:34:13,Image,60,3,0,7,"Pune, Maharashtra",#art #nature
IG_0852889075,suresh_fitness58,2025-08-10 04:16:35,Carousel,229,6,5,50,"Goa, India",#viral #love #music
IG_4521396964,the_wanderer32,2025-08-10 05:04:18,Reel,2603,85,192,350,"Bengaluru, Karnataka",#travel #lifestyle
IG_1725346404,the_wanderer5,2025-08-10 10:05:39,Carousel,54,4,0,5,"Goa, India",#viral #photography #foodie #music
IG_7059203884,rahul_rocks22,2025-08-10 16:22:31,Image,502,55,2,65,"Pune, Maharashtra",#travel #photography #nature #love
IG_0033377481,ramesh_vlogs85,2025-08-10 23:36:26,Image,49,6,1,6,"Goa, India",#photography #fashion #viral #art #travel #nature
IG_6916521149,priya_daily26,2025-08-11 00:57:35,Reel,3112,161,154,722,"Goa, India",#trending #photography #viral #instagood #fashion #art
IG_6716694209,kavita_art15,2025-08-11 10:33:42,Image,71,7,6,9,"Pune, Maharashtra",#nature #foodie #trending #music
IG_3978404903,ramesh_vlogs16,2025-08-11 11:00:00,Image,1535,82,28,286,"Mumbai, Maharashtra",#love #fitness #foodie #photooftheday #fashion #lifestyle
IG_6067708717,foodie_anjali54,2025-08-11 12:14:39,Image,141,24,4,27,,#viral #lifestyle #photography
IG_6406584055,rahul_rocks96,2025-08-11 19:06:24,Image,168,6,6,9,"Delhi, India",#art #travel #lifestyle #nature #love #viral
IG_3787536763,suresh_fitness74,2025-08-11 19:41:19,Image,78,13,6,6,,#instagood #art #nature #viral #fashion
IG_7420202461,foodie_anjali23,2025-08-12 11:57:39,Reel,13,2,0,0,"Ahmedabad, Gujarat",#lifestyle #photography
IG_6601055001,amit_travels50,2025-08-12 12:42:18,Image,403,6,36,98,,#art #viral #fitness #love
IG_0631827769,suresh_fitness75,2025-08-12 14:15:33,Carousel,92,14,0,17,"Delhi, India",#art #travel #fitness #fashion #trending
IG_4021428485,sneha_style55,2025-08-12 16:03:22,Carousel,159,16,6,10,"Ahmedabad, Gujarat",#fitness #love #foodie
IG_3526300737,ramesh_vlogs93,2025-08-12 21:02:43,Carousel,87,11,7,5,"Bali, Indonesia",#trending #travel #foodie
IG_5829036622,the_wanderer43,2025-08-12 21:50:51,Video,725,18,31,142,,#music #instagood #fashion #lifestyle
IG_4722106970,rohit_tech58,2025-08-13 04:58:37,Image,23,1,1,5,"Jaipur, Rajasthan",#fitness #music #art #viral #trending
IG_5702193583,rohit_tech46,2025-08-13 08:03:30,Reel,224,37,11,31,,#nature #travel #lifestyle #viral #photography
IG_4278898566,kavita_art71,2025-08-13 09:06:39,Reel,6,0,0,1,"Delhi, India",#foodie #love #travel #viral #instagood #nature
IG_2360344931,rahul_rocks34,2025-08-13 11:39:56,Image,204,38,3,18,,#fashion #music
IG_4998166321,style_icon55,2025-08-13 12:17:55,Carousel,84,11,7,18,,#fashion #art #fitness #instagood #foodie #nature
IG_8071172417,rahul_rocks33,2025-08-13 12:57:59,Carousel,1424,92,123,179,"Jaipur, Rajasthan",#nature #photooftheday #instagood
IG_5098486561,rohit_tech6,2025-08-13 15:03:55,Video,221,15,15,45,,#instagood #viral #lifestyle #trending #art
IG_4006363866,foodie_anjali28,2025-08-13 17:11:39,Video,62,1,4,10,"Bali, Indonesia",#instagood #music #nature #love #art #fashion
IG_2023385898,rohit_tech66,2025-08-13 20:47:14,Image,1447,114,73,59,,#music #nature #trending #photooftheday
IG_0139973756,rahul_rocks99,2025-08-13 21:14:55,Video,895,146,71,19,"Paris, France",#foodie #love #nature #fashion #photooftheday #travel
IG_4894111293,amit_travels54,2025-08-14 09:39:46,Image,127,25,10,14,"Delhi, India",#art #love
IG_0601751884,amit_travels93,2025-08-14 13:21:10,Image,107,10,9,5,"Jaipur, Rajasthan",#foodie #art #fitness #love
IG_3941286176,foodie_anjali36,2025-08-14 13:48:48,Image,58,9,1,12,"Jaipur, Rajasthan",#music #art
IG_7651599299,foodie_anjali76,2025-08-14 17:00:42,Reel,263,34,13,39,"Delhi, India",#travel #love
IG_0384030024,style_icon32,2025-08-14 18:20:06,Image,407,6,24,88,"Ahmedabad, Gujarat",#travel #instagood #trending #art #photography
IG_6014185509,rahul_rocks37,2025-08-14 19:25:12,Reel,9,0,0,1,,#photooftheday #nature
IG_2672303145,priya_daily28,2025-08-14 21:14:42,Carousel,783,113,50,149,"Dubai, UAE",#travel #art #fashion #instagood
IG_6867644033,the_wanderer38,2025-08-14 21:29:52,Carousel,117,8,9,2,,#travel #photography #fitness
IG_8114370858,sneha_style42,2025-08-14 22:59:03,Reel,696,46,33,44,,#fitness #photooftheday #travel #love #fashion #photography
IG_1448947626,ramesh_vlogs57,2025-08-15 00:30:16,Reel,2120,162,30,447,"Bengaluru, Karnataka",#fitness #lifestyle
IG_2553077700,foodie_anjali88,2025-08-15 01:19:48,Carousel,156,4,13,34,"Jaipur, Rajasthan",#fashion #foodie #lifestyle #photooftheday #music #trending
IG_0941509601,ramesh_vlogs23,2025-08-15 02:44:36,Reel,26,4,1,4,,#art #photography
IG_6001733599,the_wanderer17,2025-08-15 10:53:49,Carousel,12,1,0,2,"Paris, France",#fashion #lifestyle #foodie #travel #love
IG_6728520167,the_wanderer62,2025-08-15 11:57:08,Video,214,36,1,36,"Bali, Indonesia",#art #love #photography #travel #photooftheday
IG_5168831405,style_icon54,2025-08-15 12:00:24,Image,234,35,4,29,,#photography #music #instagood #lifestyle #love #foodie
IG_4512869946,amit_travels95,2025-08-15 20:40:12,Reel,4,0,0,0,,#fitness #lifestyle #viral #love #travel
IG_0850297599,the_wanderer61,2025-08-15 22:56:37,Image,34,2,2,8,"Jaipur, Rajasthan",#foodie #lifestyle #music #travel #instagood #love
IG_5178767610,style_icon57,2025-08-16 04:43:15,Reel,227,40,20,36,"Bali, Indonesia",#travel #music #fitness #love #fashion #trending
IG_4602541530,the_wanderer42,2025-08-16 05:17:21,Reel,108,9,6,14,,#photography #music #viral #nature #love #lifestyle
IG_7336079491,style_icon69,2025-08-16 07:51:43,Image,305,13,5,51,"Paris, France",#love #fitness
IG_5204150998,suresh_fitness25,2025-08-16 14:11:36,Carousel,17,2,0,1,,#viral #foodie #fashion #instagood
IG_1331438740,the_wanderer30,2025-08-16 19:20:11,Image,198,27,12,34,,#travel #lifestyle #music #foodie
IG_8696839932,foodie_anjali62,2025-08-16 19:37:10,Carousel,50,4,0,11,"Ahmedabad, Gujarat",#foodie #fitness #photography #nature #music
IG_6156967578,rohit_tech33,2025-08-17 01:41:17,Video,1869,153,68,424,"Dubai, UAE",#music #lifestyle #trending #art
IG_4168079379,style_icon72,2025-08-17 02:54:23,Carousel,38,4,0,8,"Jaipur, Rajasthan",#love #photography #art
IG_3151649613,ramesh_vlogs39,2025-08-17 04:33:24,Carousel,214,22,14,31,"Goa, India",#love #fitness #foodie #fashion #music #travel
IG_1740200422,foodie_anjali92,2025-08-17 09:57:47,Reel,68,1,3,16,"Bengaluru, Karnataka",#fashion #viral #art
IG_6233884897,amit_travels2,2025-08-17 10:23:54,Video,53,3,3,5,,#photooftheday #love #music #trending #travel
IG_1986932125,rahul_rocks65,2025-08-17 10:29:47,Reel,277,42,13,28,"Delhi, India",#art #travel #foodie
IG_2587155108,ramesh_vlogs11,2025-08-17 15:44:07,Carousel,249,29,2,60,"Delhi, India",#love #viral #trending #travel #instagood
IG_8103825197,suresh_fitness33,2025-08-18 02:38:49,Video,135,20,5,32,,#nature #fitness
IG_0064126498,priya_daily27,2025-08-18 03:02:09,Reel,2201,240,48,540,"Bali, Indonesia",#art #music #travel #foodie #fashion
IG_0820359100,foodie_anjali20,2025-08-18 05:51:42,Reel,450,31,30,83,,#trending #lifestyle #fitness #photooftheday #viral
IG_4790643836,kavita_art91,2025-08-18 06:23:56,Video,167,7,8,18,,#love #fashion #travel #fitness
IG_1517005405,the_wanderer24,2025-08-18 06:32:44,Image,162,3,6,16,"Mumbai, Maharashtra",#lifestyle #fashion #art #photography #love
IG_8309932010,style_icon96,2025-08-18 07:00:13,Reel,239,40,6,8,,#trending #fitness #art #love
IG_8098955902,rohit_tech86,2025-08-18 09:30:33,Carousel,744,148,65,52,"Jaipur, Rajasthan",#viral #fashion #art #lifestyle
IG_4023072937,rahul_rocks4,2025-08-18 11:51:47,Reel,75,12,4,3,"Goa, India",#travel #trending
IG_4550773570,amit_travels66,2025-08-18 14:51:37,Image,1232,67,29,159,"Pune, Maharashtra",#nature #travel
IG_7713043764,priya_daily3,2025-08-18 21:39:18,Carousel,31,0,2,5,"Ahmedabad, Gujarat",#viral #art #trending #photography
IG_3581035187,style_icon6,2025-08-19 04:15:43,Video,4263,266,136,267,"Dubai, UAE",#fashion #viral
IG_2839706378,style_icon75,2025-08-19 05:43:17,Carousel,48,8,4,9,,#fitness #trending #love #art
IG_2093766448,foodie_anjali57,2025-08-19 12:23:56,Video,189,11,7,36,"Goa, India",#art #trending #lifestyle
IG_4709003492,rahul_rocks37,2025-08-19 12:39:21,Carousel,301,55,17,18,,#instagood #fashion
IG_9079016758,kavita_art56,2025-08-19 13:26:38,Image,370,57,33,74,"Ahmedabad, Gujarat",#fitness #music #photooftheday
IG_6927547087,foodie_anjali11,2025-08-19 16:04:54,Image,170,4,4,39,,#nature #photography #viral #travel #instagood #love
IG_8449755671,foodie_anjali63,2025-08-19 16:41:44,Image,24,2,1,4,"Paris, France",#lifestyle #travel #nature #fitness #foodie
IG_7221104508,amit_travels98,2025-08-19 20:53:23,Image,5491,829,27,241,"Mumbai, Maharashtra",#trending #fashion #lifestyle
IG_9998707228,sneha_style86,2025-08-19 22:49:45,Image,22,1,0,5,,#fitness #lifestyle
IG_3997402102,ramesh_vlogs90,2025-08-20 04:14:10,Reel,51,10,3,6,,#instagood #trending #viral #lifestyle #foodie
IG_6330355134,suresh_fitness34,2025-08-20 04:21:04,Reel,127,16,11,15,,#photooftheday #trending #foodie #viral #photography
IG_5332333359,rahul_rocks59,2025-08-20 08:23:48,Reel,126,19,2,19,"Bengaluru, Karnataka",#foodie #travel
IG_8498282369,style_icon19,2025-08-20 09:20:31,Carousel,144,27,4,26,,#fashion #foodie #lifestyle #instagood #photography
IG_1438734836,style_icon70,2025-08-20 11:44:29,Image,229,30,3,43,"Paris, France",#viral #photography #art #foodie #lifestyle
IG_8360175947,style_icon12,2025-08-20 16:24:42,Image,3,0,0,0,"Delhi, India",#lifestyle #art #instagood #trending #photooftheday
IG_5150916895,style_icon24,2025-08-20 16:34:23,Reel,440,65,2,37,"Paris, France",#love #foodie #fashion #photooftheday #viral
IG_1539852458,style_icon2,2025-08-20 17:28:21,Image,204,5,17,41,,#trending #art #fashion #fitness #travel #photooftheday
IG_3886473630,ramesh_vlogs77,2025-08-20 20:16:57,Video,872,104,55,170,,#viral #instagood #photooftheday #fitness #nature #foodie
IG_8889086450,the_wanderer32,2025-08-21 01:28:38,Image,283,39,16,29,"Mumbai, Maharashtra",#trending #photography #foodie #love #music #fashion
IG_7126819890,rahul_rocks75,2025-08-21 01:30:16,Image,45,3,3,7,"Paris, France",#art #fashion
IG_5545275366,suresh_fitness24,2025-08-21 03:54:27,Image,48,5,2,10,"Ahmedabad, Gujarat",#instagood #photooftheday
IG_6255459890,sneha_style86,2025-08-21 05:14:53,Video,3,0,0,0,"Goa, India",#music #trending #lifestyle #nature #viral
IG_4189847804,the_wanderer40,2025-08-21 06:23:44,Reel,121,3,8,8,,#photooftheday #foodie #fashion #travel
IG_7872940976,ramesh_vlogs18,2025-08-21 08:09:01,Image,82,6,3,10,"Pune, Maharashtra",#art #travel
IG_5478964501,rahul_rocks3,2025-08-21 10:37:43,Carousel,55,3,3,10,"Bali, Indonesia",#nature #music #art #fitness #foodie
IG_5581139067,rahul_rocks76,2025-08-21 14:37:14,Image,167,3,1,40,"Bali, Indonesia",#viral #trending #fashion
IG_5971805637,rahul_rocks99,2025-08-21 15:22:36,Image,132,23,9,13,,#lifestyle #love #travel #fashion #photooftheday
IG_7121067791,style_icon74,2025-08-21 16:02:44,Reel,193,30,14,44,"Bengaluru, Karnataka",#lifestyle #fashion #trending #viral #nature
IG_3019648113,rahul_rocks15,2025-08-21 22:51:54,Reel,155,29,12,35,"Bali, Indonesia",#instagood #art #travel #photooftheday #music
IG_0490862533,priya_daily30,2025-08-22 02:42:20,Video,25,4,2,2,"Pune, Maharashtra",#viral #foodie #fitness #art #fashion
IG_5366890935,style_icon5,2025-08-22 04:09:33,Image,103,12,2,7,,#instagood #love #foodie #photooftheday
IG_0557727070,priya_daily37,2025-08-22 04:54:44,Reel,22,1,1,1,"Bali, Indonesia",#fashion #music #nature #foodie #viral
IG_4007424667,foodie_anjali90,2025-08-22 15:01:48,Carousel,15,0,0,0,"Pune, Maharashtra",#fitness #love
IG_7563325748,amit_travels7,2025-08-22 15:29:49,Image,502,68,45,85,"Dubai, UAE",#trending #foodie #photography #lifestyle #love #fitness
IG_2746413976,rohit_tech10,2025-08-22 17:26:12,Image,1011,186,38,145,"Bali, Indonesia",#nature #instagood #lifestyle #fashion
IG_4746369094,suresh_fitness6,2025-08-22 18:23:35,Reel,260,40,15,19,"Paris, France",#music #love #art #instagood
IG_3545631918,foodie_anjali80,2025-08-22 18:41:15,Image,177,10,9,23,"Paris, France",#nature #fashion #lifestyle #love
IG_0863641682,kavita_art4,2025-08-22 18:42:30,Carousel,53,8,0,3,"Paris, France",#photooftheday #foodie #love
IG_2350453513,rahul_rocks53,2025-08-22 19:28:08,Carousel,34,6,1,4,,#lifestyle #fitness #photography #music #photooftheday
IG_7142398685,amit_travels87,2025-08-23 06:48:59,Image,169,28,1,4,"Paris, France",#nature #viral
IG_5212725175,ramesh_vlogs76,2025-08-23 10:39:39,Carousel,60,7,2,11,"Paris, France",#foodie #fashion
IG_6962301344,foodie_anjali67,2025-08-23 10:41:14,Carousel,50,6,2,4,,#viral #photography #instagood #lifestyle #fashion
IG_8230340289,foodie_anjali74,2025-08-23 15:08:33,Reel,72,8,0,14,"Ahmedabad, Gujarat",#foodie #lifestyle #photooftheday
IG_8654472017,ramesh_vlogs94,2025-08-23 17:46:07,Video,14513,2633,276,1564,"Ahmedabad, Gujarat",#love #photooftheday
IG_0468550419,rohit_tech34,2025-08-24 00:22:24,Image,191,30,4,47,,#trending #viral
IG_6225834039,the_wanderer24,2025-08-24 07:03:27,Carousel,595,18,18,32,"Bali, Indonesia",#photooftheday #foodie #fitness #art #instagood
IG_3992779037,ramesh_vlogs87,2025-08-24 07:26:04,Carousel,78,2,5,9,"Ahmedabad, Gujarat",#fitness #fashion #lifestyle #travel #nature
IG_9866413367,priya_daily49,2025-08-25 03:05:45,Image,47,5,0,1,"Pune, Maharashtra",#viral #photography #love #lifestyle #fashion #trending
IG_4133264414,suresh_fitness99,2025-08-25 13:40:21,Carousel,21,3,1,0,"Bali, Indonesia",#fitness #music #love #nature
IG_7733574506,foodie_anjali7,2025-08-25 14:31:06,Reel,354,40,15,54,,#fashion #nature #music #trending
IG_6487871321,rohit_tech89,2025-08-25 14:33:51,Video,805,87,13,112,"Ahmedabad, Gujarat",#trending #nature #fashion #love
IG_7287483985,kavita_art15,2025-08-25 14:35:34,Video,44,1,0,9,"Mumbai, Maharashtra",#photography #instagood
IG_8540128337,rohit_tech96,2025-08-25 16:26:05,Image,41,5,1,5,,#travel #trending #fashion #fitness #photography
IG_6964398424,foodie_anjali50,2025-08-25 17:44:40,Carousel,190,25,2,20,,#travel #trending #fitness
IG_0227999328,priya_daily48,2025-08-26 01:17:00,Image,33,0,0,6,,#music #fashion #foodie #photooftheday #travel #nature
IG_5379820372,rohit_tech17,2025-08-26 02:16:11,Image,437,48,23,98,"Pune, Maharashtra",#fitness #nature
IG_3799140511,rohit_tech90,2025-08-26 08:02:49,Carousel,466,56,42,77,"Jaipur, Rajasthan",#love #nature #viral #instagood #fitness #lifestyle
IG_5508034506,amit_travels28,2025-08-26 09:22:59,Image,77,8,5,9,"Bali, Indonesia",#fashion #art
IG_7538133801,sneha_style68,2025-08-26 09:59:35,Video,6,0,0,0,"Delhi, India",#photography #fitness
IG_3784483519,kavita_art34,2025-08-26 11:05:30,Image,11,1,0,1,,#nature #trending #photooftheday #fashion #music
IG_9893432968,rohit_tech71,2025-08-26 16:14:41,Carousel,25,0,0,4,"Pune, Maharashtra",#viral #photooftheday
IG_9064460859,amit_travels58,2025-08-26 17:53:35,Video,1223,215,83,59,,#lifestyle #travel #love #photooftheday #foodie #viral
IG_0100405737,foodie_anjali31,2025-08-26 19:35:52,Reel,595,109,45,95,,#lifestyle #fashion
IG_5808329495,sneha_style64,2025-08-27 02:15:26,Carousel,45,5,1,7,,#nature #photography
IG_0191436446,foodie_anjali31,2025-08-27 06:07:26,Reel,35,1,0,1,"Mumbai, Maharashtra",#foodie #lifestyle
IG_1585318494,amit_travels14,2025-08-27 10:17:39,Reel,170,13,14,29,,#love #foodie #trending #travel
IG_8089160512,style_icon89,2025-08-27 12:26:06,Video,96,18,8,20,,#foodie #viral #trending #nature
IG_8003063062,ramesh_vlogs68,2025-08-27 15:09:05,Carousel,588,117,44,59,,#photography #art #music #fashion #travel
IG_6528175908,rahul_rocks15,2025-08-27 18:36:11,Image,21,1,0,1,"Bengaluru, Karnataka",#nature #travel #photography
IG_0312706161,rohit_tech59,2025-08-27 23:24:47,Reel,75,10,6,17,,#foodie #fashion #trending #fitness #art
IG_1965061854,kavita_art11,2025-08-28 04:18:38,Carousel,24,1,0,4,"Pune, Maharashtra",#photography #nature
IG_8539011128,rohit_tech9,2025-08-28 10:13:28,Image,87,11,5,4,"Bali, Indonesia",#photography #music #nature #travel #foodie
IG_9805115691,rohit_tech77,2025-08-28 11:07:43,Image,20,0,0,4,,#photography #fashion
IG_2939982958,sneha_style62,2025-08-28 14:13:38,Image,759,92,44,68,"Dubai, UAE",#instagood #fashion
IG_6475541098,sneha_style90,2025-08-28 16:21:42,Carousel,9,1,0,1,"Goa, India",#fitness #instagood #foodie #travel #lifestyle #trending
IG_7281637901,style_icon67,2025-08-28 20:48:30,Image,167,2,6,39,,#photography #nature
IG_1356867814,style_icon33,2025-08-29 00:18:15,Image,29,2,2,2,,#foodie #love #art #nature #trending #photography
IG_8185469699,priya_daily67,2025-08-29 01:09:05,Image,100,19,8,10,"Mumbai, Maharashtra",#photooftheday #fitness #trending #foodie #photography #instagood
IG_1325237400,rohit_tech36,2025-08-29 03:35:54,Image,88,3,6,18,"Jaipur, Rajasthan",#love #lifestyle
IG_6906113076,amit_travels66,2025-08-29 07:00:57,Carousel,88,14,6,2,,#travel #art #fitness #lifestyle #viral #fashion
IG_4071676583,ramesh_vlogs24,2025-08-29 08:06:31,Carousel,347,25,22,74,"Paris, France",#photooftheday #photography #lifestyle #nature #music #viral
IG_4424564007,rohit_tech28,2025-08-29 11:12:45,Carousel,315,11,12,38,,#photooftheday #foodie #love
IG_5258214158,kavita_art99,2025-08-29 13:52:16,Video,244,9,19,54,"Delhi, India",#photooftheday #fitness #trending #music #fashion
IG_3351953163,rohit_tech40,2025-08-29 16:59:43,Image,319,61,16,75,"Bengaluru, Karnataka",#photography #nature
IG_4531622999,sneha_style11,2025-08-29 19:57:14,Image,44,5,1,0,"Pune, Maharashtra",#fashion #lifestyle #music #love #trending #viral
IG_9312785223,ramesh_vlogs55,2025-08-29 20:02:05,Reel,103,10,4,19,"Pune, Maharashtra",#trending #foodie #photooftheday
IG_5772824880,style_icon92,2025-08-30 02:09:53,Image,115,13,3,9,"Mumbai, Maharashtra",#love #fashion #music
IG_9737797580,foodie_anjali95,2025-08-30 03:23:50,Reel,175,11,11,18,,#nature #instagood #photography #love
IG_4061045927,style_icon10,2025-08-30 14:04:41,Carousel,220,25,9,45,"Jaipur, Rajasthan",#fitness #photography #trending
IG_5557850249,the_wanderer70,2025-08-30 16:41:57,Carousel,125,8,6,12,,#fitness #viral
IG_3206880840,rahul_rocks82,2025-08-30 17:45:29,Carousel,1130,222,112,186,,#love #trending #instagood #travel
IG_6097870038,suresh_fitness46,2025-08-30 22:31:43,Image,111,21,8,6,,#trending #fashion #photography
IG_3348407155,style_icon17,2025-08-30 22:39:47,Reel,20,2,0,4,,#lifestyle #nature #music #photooftheday #viral
IG_0065844446,suresh_fitness74,2025-08-30 23:49:19,Reel,2471,351,29,312,,#travel #lifestyle #photography
IG_4876984150,priya_daily31,2025-08-31 00:25:11,Carousel,1184,23,74,155,"Ahmedabad, Gujarat",#love #fitness #foodie #lifestyle #photography
IG_1239232369,ramesh_vlogs46,2025-08-31 03:40:35,Reel,131,9,2,9,,#viral #trending #travel #art
IG_7097598198,priya_daily79,2025-08-31 08:12:38,Image,19,0,0,3,,#lifestyle #trending #photography #viral
IG_0615869933,suresh_fitness57,2025-08-31 15:32:17,Reel,30,3,2,3,,#art #photooftheday #fitness #photography #foodie
IG_7616759807,rohit_tech57,2025-08-31 15:32:39,Image,370,58,5,58,"Mumbai, Maharashtra",#music #foodie #art #viral #photooftheday
IG_6622698915,the_wanderer68,2025-08-31 16:40:24,Image,35,2,0,0,"Mumbai, Maharashtra",#trending #travel #photography #photooftheday #love #fitness
IG_4384931300,foodie_anjali33,2025-09-01 00:32:06,Reel,479,23,45,86,"Goa, India",#photooftheday #music #photography
IG_5635181986,style_icon86,2025-09-01 01:10:55,Video,266,9,11,62,,#photography #art #lifestyle
IG_3420353082,foodie_anjali16,2025-09-01 04:20:40,Image,1179,208,25,167,,#foodie #music #instagood #nature
IG_2959596822,the_wanderer39,2025-09-01 19:48:50,Reel,274,22,24,17,,#art #instagood #photooftheday
IG_1531422788,style_icon86,2025-09-01 21:44:10,Image,105,14,5,16,"Bali, Indonesia",#fitness #nature #photography #viral #fashion
IG_5793923533,rahul_rocks82,2025-09-02 05:02:41,Image,254,35,8,49,"Dubai, UAE",#lifestyle #instagood #photography #trending
IG_8184333894,priya_daily44,2025-09-02 07:16:20,Image,443,32,8,110,,#trending #instagood #nature #fitness
IG_4050377041,the_wanderer9,2025-09-02 12:28:58,Reel,68,7,6,12,"Bengaluru, Karnataka",#foodie #music #photography
IG_9459480169,sneha_style64,2025-09-02 12:43:50,Video,26,4,2,6,"Ahmedabad, Gujarat",#foodie #photooftheday #fitness #instagood
IG_3658409883,amit_travels88,2025-09-02 15:35:58,Reel,42,4,1,9,"Jaipur, Rajasthan",#viral #trending #love #lifestyle
IG_2429686390,priya_daily53,2025-09-02 16:34:25,Image,357,44,31,14,"Goa, India",#nature #travel #fashion #love #music #viral
IG_1764447538,rahul_rocks59,2025-09-02 18:41:40,Image,138,14,1,22,"Pune, Maharashtra",#photography #art #foodie
IG_5082721877,foodie_anjali38,2025-09-03 02:20:03,Reel,1119,107,76,71,"Mumbai, Maharashtra",#music #foodie #viral
IG_4761847191,suresh_fitness51,2025-09-03 06:04:56,Image,29,4,1,7,"Paris, France",#lifestyle #photography #nature #music #photooftheday #fitness
IG_8667740292,priya_daily68,2025-09-03 13:25:09,Image,124,20,5,22,"Mumbai, Maharashtra",#fashion #foodie
IG_0840238674,foodie_anjali47,2025-09-03 14:49:59,Reel,93,9,6,4,"Dubai, UAE",#music #foodie #viral #love
IG_6090573646,suresh_fitness33,2025-09-03 16:12:59,Image,6871,96,66,1222,"Bali, Indonesia",#music #instagood #travel #lifestyle #fitness #love
IG_6120537308,kavita_art24,2025-09-03 19:28:50,Image,17,0,0,2,"Goa, India",#art #love #fashion #fitness #foodie
IG_2449474335,amit_travels56,2025-09-03 21:17:26,Image,9633,1892,925,2338,,#music #trending
IG_8654727291,kavita_art2,2025-09-03 22:20:08,Image,440,22,7,56,"Pune, Maharashtra",#viral #fitness #travel #lifestyle #photography
IG_1218570156,ramesh_vlogs51,2025-09-03 23:24:47,Reel,204,10,8,29,"Delhi, India",#love #photography
IG_1042273002,kavita_art20,2025-09-03 23:32:01,Carousel,852,86,77,75,"Delhi, India",#trending #travel #lifestyle #fitness
IG_2270462501,kavita_art98,2025-09-04 00:18:28,Image,12,1,0,1,"Pune, Maharashtra",#fitness #photography #lifestyle #love #fashion
IG_6838696687,style_icon91,2025-09-04 04:21:21,Reel,23,0,2,4,"Ahmedabad, Gujarat",#viral #photooftheday
IG_2866722919,suresh_fitness98,2025-09-04 04:23:18,Image,37,6,0,5,"Goa, India",#instagood #photography
IG_4294129918,kavita_art48,2025-09-04 06:04:33,Reel,532,86,30,13,"Bali, Indonesia",#photooftheday #foodie #fashion #fitness #instagood #photography
IG_4828591668,amit_travels55,2025-09-04 06:34:44,Reel,1822,332,40,396,"Pune, Maharashtra",#photography #lifestyle #nature #viral #travel #music
IG_7345066579,ramesh_vlogs69,2025-09-04 10:15:37,Image,7,1,0,1,"Pune, Maharashtra",#fitness #love #art #viral #instagood
IG_0568242957,suresh_fitness78,2025-09-04 12:09:23,Video,15,1,1,3,"Mumbai, Maharashtra",#trending #photooftheday #photography #nature
IG_4827901761,kavita_art54,2025-09-04 13:12:16,Image,87,13,2,9,,#music #photooftheday #instagood #foodie #trending #photography
IG_0709955092,the_wanderer82,2025-09-04 20:16:36,Video,150,6,14,26,,#travel #lifestyle
IG_2942709949,foodie_anjali31,2025-09-04 22:01:32,Reel,697,13,53,33,,#music #fitness #viral #nature #fashion
IG_7619891390,the_wanderer95,2025-09-04 23:56:42,Image,13,1,0,2,"Delhi, India",#lifestyle #foodie #fashion #viral
IG_3873873313,amit_travels60,2025-09-05 00:57:12,Image,3767,687,238,368,"Paris, France",#fashion #art #photooftheday #fitness
IG_0052577261,foodie_anjali72,2025-09-05 00:58:45,Reel,46,4,3,2,,#foodie #lifestyle #photooftheday #fashion
IG_8295933856,rahul_rocks47,2025-09-05 02:58:03,Carousel,51,6,2,12,,#trending #love #photography #viral #travel #art
IG_0933900297,ramesh_vlogs54,2025-09-05 04:51:07,Reel,525,41,39,107,"Pune, Maharashtra",#trending #love #instagood #fashion #photography
IG_4081348171,foodie_anjali70,2025-09-05 10:15:29,Reel,10,1,0,0,"Ahmedabad, Gujarat",#trending #instagood
IG_1727619766,rahul_rocks80,2025-09-05 11:22:27,Carousel,246,18,23,44,"Bali, Indonesia",#photography #photooftheday
IG_8646141991,priya_daily76,2025-09-05 17:31:27,Image,58,10,4,8,"Pune, Maharashtra",#foodie #trending #music #instagood #fashion
IG_5062021909,amit_travels82,2025-09-05 17:49:48,Image,205,27,13,31,,#love #fitness #foodie #nature #fashion
IG_0340975587,foodie_anjali89,2025-09-05 20:15:57,Reel,323,37,14,61,"Ahmedabad, Gujarat",#love #lifestyle #photooftheday #nature #viral
IG_1551765918,priya_daily36,2025-09-05 22:10:37,Image,1047,151,103,136,,#viral #travel #instagood
IG_8624603849,priya_daily71,2025-09-06 04:42:44,Reel,1461,197,111,316,"Paris, France",#travel #music #foodie #art
IG_2656329387,suresh_fitness8,2025-09-06 05:23:36,Reel,81,13,6,3,,#trending #foodie #art
IG_8884151719,suresh_fitness27,2025-09-06 11:05:13,Image,1933,81,143,482,"Paris, France",#foodie #nature
IG_2398745039,kavita_art13,2025-09-06 13:11:34,Video,69,5,2,3,"Goa, India",#foodie #photography #viral #travel #art
IG_8599725684,priya_daily82,2025-09-06 13:31:54,Carousel,18,0,0,3,,#photography #nature #lifestyle #instagood
IG_3141079076,rohit_tech75,2025-09-06 13:45:59,Carousel,150,12,9,18,,#travel #fashion #instagood #photooftheday
IG_2371408204,kavita_art95,2025-09-06 13:55:06,Image,39,3,0,7,,#photography #travel #music #photooftheday #art
IG_4717377189,suresh_fitness99,2025-09-06 15:50:40,Image,127,17,10,12,,#nature #travel #viral
IG_4449355539,style_icon23,2025-09-06 20:50:33,Video,441,59,25,22,"Goa, India",#travel #fashion #photooftheday #music
IG_9787524997,kavita_art90,2025-09-07 00:36:06,Image,191,36,7,30,"Pune, Maharashtra",#instagood #photography #travel
IG_8928554332,rohit_tech11,2025-09-07 04:02:40,Image,139,8,11,5,,#nature #music #fashion #photography #foodie #photooftheday
IG_0512300372,amit_travels90,2025-09-07 06:13:10,Image,77,10,2,7,,#viral #trending
IG_8666816106,ramesh_vlogs97,2025-09-07 09:16:49,Image,163,31,8,12,,#instagood #music
IG_8288618323,the_wanderer15,2025-09-07 14:57:37,Reel,339,59,29,10,,#fitness #photooftheday #nature #art
IG_7626088741,priya_daily94,2025-09-07 17:44:48,Carousel,773,112,46,87,"Bali, Indonesia",#fitness #fashion #foodie #love #travel
IG_0712988048,suresh_fitness26,2025-09-07 22:19:00,Carousel,265,45,11,7,,#travel #art
IG_5816375022,rohit_tech36,2025-09-08 00:22:20,Carousel,1190,128,112,187,"Mumbai, Maharashtra",#photooftheday #lifestyle #instagood #art #trending
IG_4198854101,rahul_rocks28,2025-09-08 02:54:03,Reel,10,1,0,1,"Bengaluru, Karnataka",#foodie #instagood #trending #viral #fitness #fashion
IG_2611651226,the_wanderer19,2025-09-08 03:02:39,Reel,69,13,2,7,,#photography #music #nature #fashion #fitness
IG_0731504019,the_wanderer10,2025-09-08 05:38:05,Video,55,7,4,7,,#photooftheday #music #foodie #trending #photography #fashion
IG_8779307314,suresh_fitness79,2025-09-08 12:25:37,Image,530,32,36,126,"Delhi, India",#instagood #viral #love #trending #nature
IG_9639164426,priya_daily46,2025-09-08 15:54:46,Carousel,248,31,11,9,"Mumbai, Maharashtra",#music #love #viral #nature #fashion
IG_7322073360,ramesh_vlogs72,2025-09-08 16:33:39,Image,35,1,2,3,"Goa, India",#foodie #viral #art #love
IG_6599863846,the_wanderer63,2025-09-08 17:21:28,Carousel,172,29,5,20,"Jaipur, Rajasthan",#instagood #fashion #photography #travel
IG_0813405389,ramesh_vlogs63,2025-09-08 21:07:04,Reel,330,6,6,72,"Mumbai, Maharashtra",#lifestyle #nature
IG_6005828044,the_wanderer95,2025-09-08 22:37:34,Image,381,22,21,10,,#instagood #photography #music #fitness #fashion
IG_3644373705,kavita_art11,2025-09-08 23:26:42,Image,900,166,5,178,"Pune, Maharashtra",#fashion #love #instagood #photography #art #travel
IG_3693665203,amit_travels33,2025-09-09 01:26:32,Video,6432,821,606,1197,,#love #photooftheday
IG_6744169366,kavita_art73,2025-09-09 01:41:56,Video,272,14,26,46,"Ahmedabad, Gujarat",#fashion #art #foodie
IG_9545631145,ramesh_vlogs66,2025-09-09 06:49:35,Video,132,3,7,32,,#nature #fitness #fashion
IG_8709967378,style_icon94,2025-09-09 07:01:15,Image,134,3,3,23,,#instagood #lifestyle #photooftheday #photography #fitness #trending
IG_6138050493,suresh_fitness35,2025-09-09 07:26:59,Reel,452,49,37,29,,#viral #travel #photography #lifestyle #fitness
IG_9697693532,kavita_art62,2025-09-09 12:15:50,Reel,231,15,14,37,,#art #music
IG_6413215319,ramesh_vlogs5,2025-09-09 12:53:14,Reel,98,17,6,14,,#lifestyle #fashion #fitness #music #photography #photooftheday
IG_7624196082,rahul_rocks44,2025-09-09 15:59:24,Video,638,73,24,100,"Jaipur, Rajasthan",#lifestyle #music
IG_7099491809,suresh_fitness99,2025-09-09 16:29:59,Reel,46,5,2,3,,#instagood #lifestyle #photography #viral #trending #art
IG_9385889450,rahul_rocks42,2025-09-10 12:08:10,Reel,214,29,14,30,"Ahmedabad, Gujarat",#photooftheday #viral #art #lifestyle #instagood #foodie
IG_5853854025,rohit_tech23,2025-09-10 12:18:17,Video,14,2,0,1,"Delhi, India",#photography #love #music #trending #art #travel
IG_6810730112,rohit_tech9,2025-09-10 12:27:37,Reel,137,26,7,20,"Bali, Indonesia",#music #viral #photooftheday #art
IG_7565412567,suresh_fitness52,2025-09-10 22:00:49,Image,8,1,0,0,,#art #travel #love #trending #viral
IG_3788386402,rahul_rocks51,2025-09-11 04:42:07,Image,279,9,1,6,"Dubai, UAE",#travel #music #instagood #photooftheday
IG_0761929401,style_icon46,2025-09-11 11:55:15,Reel,601,86,27,100,"Pune, Maharashtra",#nature #photooftheday #viral
IG_9667632220,priya_daily98,2025-09-11 15:48:19,Image,114,19,9,14,"Jaipur, Rajasthan",#love #instagood #fitness #viral
IG_8167755524,ramesh_vlogs10,2025-09-11 16:08:10,Image,28,4,0,6,,#travel #fitness #fashion
IG_4681193344,suresh_fitness44,2025-09-11 18:26:19,Image,502,95,47,29,,#fashion #art
IG_7582534906,suresh_fitness10,2025-09-11 20:08:16,Image,61,9,3,12,"Goa, India",#instagood #fashion #trending #photooftheday #travel #love
IG_1669061513,style_icon28,2025-09-12 05:22:25,Carousel,21,2,0,2,,#foodie #viral
IG_1869736064,the_wanderer11,2025-09-12 06:28:26,Reel,2,0,0,0,"Delhi, India",#trending #photooftheday #lifestyle #instagood
IG_2326732092,ramesh_vlogs92,2025-09-12 06:54:35,Video,28,5,2,1,"Goa, India",#lifestyle #instagood #fashion #travel #music #photography
IG_9153837494,kavita_art39,2025-09-12 11:19:15,Image,130,12,5,21,"Bengaluru, Karnataka",#fitness #lifestyle #foodie
IG_6531102616,rahul_rocks14,2025-09-12 11:27:26,Reel,30,3,0,2,,#art #nature #travel #love #lifestyle
IG_9902173786,priya_daily76,2025-09-12 11:56:24,Carousel,76,9,3,11,"Mumbai, Maharashtra",#fashion #fitness #art #photography
IG_1673244059,foodie_anjali54,2025-09-12 11:59:48,Video,93,1,8,21,,#love #fashion
IG_4099588891,style_icon65,2025-09-12 13:18:03,Image,314,39,10,56,"Paris, France",#travel #art
IG_6211032768,rohit_tech7,2025-09-12 15:04:31,Reel,42,6,1,3,"Jaipur, Rajasthan",#fitness #travel #fashion #trending
IG_3690854935,foodie_anjali61,2025-09-12 22:02:00,Video,80,5,4,8,"Jaipur, Rajasthan",#art #nature #viral
IG_2517811861,the_wanderer44,2025-09-13 04:36:11,Image,1422,250,62,150,"Bali, Indonesia",#love #viral #music #travel
IG_7763713109,foodie_anjali9,2025-09-13 06:28:14,Image,160,19,7,15,,#art #viral #instagood
IG_4487909640,kavita_art83,2025-09-13 09:25:01,Image,260,14,11,5,"Pune, Maharashtra",#love #viral #photooftheday
IG_8674650424,kavita_art80,2025-09-13 12:39:37,Image,868,149,22,64,"Bali, Indonesia",#music #trending #photography
IG_6510953972,rahul_rocks55,2025-09-13 15:06:13,Image,21,3,0,3,"Bengaluru, Karnataka",#travel #lifestyle #photooftheday
IG_7315100094,kavita_art81,2025-09-13 19:54:03,Image,39,1,0,9,"Pune, Maharashtra",#love #foodie #photography #instagood #lifestyle #photooftheday
IG_2066227241,rahul_rocks92,2025-09-14 07:26:52,Carousel,34,1,1,1,,#travel #foodie #viral
IG_9454352244,the_wanderer24,2025-09-14 10:27:24,Reel,48,7,3,11,"Ahmedabad, Gujarat",#photooftheday #instagood #art #music #lifestyle
IG_1338400783,rohit_tech9,2025-09-14 16:24:12,Reel,363,45,6,64,"Goa, India",#music #nature #fashion
IG_1454766624,rohit_tech38,2025-09-14 17:34:42,Reel,422,74,7,15,"Bengaluru, Karnataka",#nature #love #lifestyle #viral #art #travel
IG_5520110090,kavita_art41,2025-09-14 17:45:49,Image,2161,134,186,333,"Bali, Indonesia",#foodie #instagood #viral
IG_4478428190,kavita_art57,2025-09-15 02:32:45,Reel,423,84,28,42,"Jaipur, Rajasthan",#foodie #fashion #photooftheday #nature #viral #photography
IG_4467233297,foodie_anjali24,2025-09-15 02:34:20,Carousel,702,74,29,72,"Delhi, India",#fitness #lifestyle #art
IG_9637424266,amit_travels28,2025-09-15 08:41:52,Image,12252,967,93,2748,"Bali, Indonesia",#instagood #lifestyle #travel #foodie #nature
IG_6241948132,suresh_fitness80,2025-09-15 09:03:06,Reel,139,19,5,25,"Dubai, UAE",#love #trending #foodie #photography #travel #viral
IG_7285434356,rohit_tech75,2025-09-15 09:10:44,Image,64,7,0,15,"Goa, India",#love #photography #fitness #instagood #fashion
IG_9097844836,amit_travels19,2025-09-15 10:07:49,Image,1426,231,46,36,"Ahmedabad, Gujarat",#photography #trending #photooftheday #travel #fashion #lifestyle
IG_8172014039,suresh_fitness43,2025-09-15 20:55:23,Reel,12,1,0,1,,#photooftheday #viral #fashion #foodie
IG_3792911611,amit_travels42,2025-09-16 00:29:09,Reel,15,0,1,2,,#lifestyle #travel #fashion #trending #nature
IG_8586869749,rohit_tech57,2025-09-16 01:00:02,Image,786,107,23,160,,#travel #fashion
IG_2927120755,sneha_style75,2025-09-16 01:12:12,Video,18,0,1,3,"Delhi, India",#photooftheday #instagood #photography #travel #love #fashion
IG_9220200021,suresh_fitness51,2025-09-16 14:35:29,Reel,402,24,3,44,"Jaipur, Rajasthan",#viral #photooftheday #foodie #nature
IG_6518419381,amit_travels39,2025-09-16 15:54:59,Reel,553,58,29,47,"Paris, France",#travel #photography #love
IG_5203883250,foodie_anjali46,2025-09-16 16:42:44,Image,1176,72,39,62,"Paris, France",#trending #photography #fitness #photooftheday #foodie #nature
IG_9768915685,ramesh_vlogs70,2025-09-16 19:50:44,Video,101,7,6,18,"Ahmedabad, Gujarat",#trending #music #art #nature #travel
IG_5593335158,priya_daily16,2025-09-17 00:54:55,Image,637,80,30,17,"Paris, France",#instagood #fashion #fitness #nature
IG_9822591366,amit_travels34,2025-09-17 01:41:26,Carousel,91,12,6,6,,#lifestyle #fitness #viral #foodie #music #travel
IG_1757989303,the_wanderer65,2025-09-17 03:27:51,Image,595,33,23,123,"Jaipur, Rajasthan",#music #art #nature #instagood
IG_6385912518,suresh_fitness93,2025-09-17 09:12:08,Image,189,20,9,18,"Paris, France",#art #nature
IG_0044236946,kavita_art63,2025-09-17 19:05:21,Image,4820,628,177,391,,#foodie #instagood #photooftheday #lifestyle #photography
IG_2861777040,style_icon57,2025-09-18 10:26:55,Image,773,80,50,87,"Goa, India",#art #fashion #instagood #nature #love #fitness
IG_0734639558,kavita_art85,2025-09-18 14:12:35,Image,45,4,3,1,"Bali, Indonesia",#travel #photooftheday
IG_4442186438,priya_daily28,2025-09-18 19:10:06,Image,276,20,5,24,"Paris, France",#art #foodie #photooftheday #fitness #music
IG_6677751244,rahul_rocks66,2025-09-18 19:14:07,Image,49,9,1,3,"Dubai, UAE",#fitness #lifestyle #love
IG_7419764844,style_icon6,2025-09-19 02:13:14,Image,97,9,5,9,,#trending #music
IG_7314895684,amit_travels65,2025-09-19 03:02:17,Carousel,283,51,3,37,,#love #viral
IG_6013608640,foodie_anjali9,2025-09-19 03:55:41,Image,312,12,5,30,"Paris, France",#fitness #fashion #photooftheday
IG_6698266796,ramesh_vlogs80,2025-09-19 05:06:53,Image,177,29,5,35,,#love #viral #foodie
IG_3140979973,amit_travels16,2025-09-19 06:30:56,Video,17,2,0,0,"Bengaluru, Karnataka",#art #nature #love #photography #foodie
IG_2401187519,priya_daily72,2025-09-19 11:43:46,Reel,59,8,3,7,"Jaipur, Rajasthan",#art #music #trending #travel #love #lifestyle
IG_9309267029,ramesh_vlogs53,2025-09-19 12:15:12,Image,397,56,2,13,"Mumbai, Maharashtra",#nature #photooftheday #fitness #foodie #fashion #art
IG_4977820498,kavita_art29,2025-09-19 12:59:10,Image,158,28,5,37,,#fashion #fitness #music #instagood #travel
IG_0820084310,suresh_fitness81,2025-09-19 16:04:37,Carousel,631,28,29,18,"Delhi, India",#fitness #nature #instagood
IG_0753634479,style_icon75,2025-09-19 16:59:00,Video,37,0,0,5,"Bengaluru, Karnataka",#instagood #photooftheday #viral
IG_2322616096,kavita_art72,2025-09-19 19:31:11,Image,346,31,13,57,"Bali, Indonesia",#viral #lifestyle #foodie #travel
IG_9576899969,rohit_tech67,2025-09-20 00:33:08,Image,296,12,24,15,,#photography #viral #fashion #photooftheday #travel #fitness
IG_8392858280,kavita_art9,2025-09-20 00:36:48,Reel,5789,473,132,505,,#trending #photography #photooftheday #nature #instagood #viral
IG_1530526932,ramesh_vlogs87,2025-09-20 05:00:29,Image,22,0,2,4,"Bengaluru, Karnataka",#photooftheday #instagood #travel #fitness #love #nature
IG_6955661348,sneha_style83,2025-09-20 08:54:59,Reel,56,4,1,12,"Bengaluru, Karnataka",#travel #viral #love #photography
IG_2569981712,priya_daily33,2025-09-20 12:00:59,Image,1729,52,149,370,,#instagood #nature #photooftheday #foodie #art
IG_6046846084,the_wanderer14,2025-09-20 13:18:36,Reel,53,7,4,8,"Bali, Indonesia",#fashion #art #nature #fitness
IG_0650665025,style_icon52,2025-09-20 16:57:18,Reel,242,28,16,27,"Ahmedabad, Gujarat",#fitness #trending #photography #music
IG_9242607507,amit_travels39,2025-09-21 09:01:55,Image,315,49,26,17,,#photography #love #art #fashion
IG_2793898630,suresh_fitness38,2025-09-21 09:27:35,Reel,1533,92,48,153,,#photooftheday #trending #love
IG_2064263549,sneha_style56,2025-09-21 12:09:46,Reel,119,8,1,29,"Delhi, India",#viral #foodie
IG_1904768478,kavita_art24,2025-09-21 13:14:02,Image,68,9,6,10,,#photooftheday #nature #foodie
IG_5581806243,sneha_style66,2025-09-21 16:54:32,Image,422,57,30,98,,#love #fashion #photooftheday
IG_8747491816,the_wanderer33,2025-09-21 19:51:38,Video,80,11,2,15,"Bali, Indonesia",#lifestyle #trending #photooftheday
IG_2386385641,kavita_art56,2025-09-22 05:56:41,Reel,4425,79,168,571,"Paris, France",#photography #viral #music
IG_7006344195,style_icon27,2025-09-22 08:39:13,Image,115,8,11,21,,#photography #fashion
IG_6028026910,rahul_rocks68,2025-09-22 09:54:47,Reel,310,25,24,71,,#love #lifestyle #photography #nature #music #photooftheday
IG_1103384308,amit_travels61,2025-09-22 15:35:10,Image,242,17,4,19,"Goa, India",#viral #lifestyle
IG_5819727745,style_icon97,2025-09-22 21:19:28,Reel,250,4,5,7,"Jaipur, Rajasthan",#art #photooftheday
IG_7030269758,style_icon59,2025-09-22 22:51:29,Carousel,110,6,10,25,"Pune, Maharashtra",#photooftheday #fitness #trending #viral #lifestyle
IG_9092735475,amit_travels4,2025-09-22 23:17:36,Image,17,0,0,0,"Goa, India",#nature #photooftheday
IG_2316047156,rahul_rocks88,2025-09-23 02:11:39,Image,493,62,37,109,"Pune, Maharashtra",#love #photography #instagood #travel #fitness #trending
IG_5522168697,the_wanderer65,2025-09-23 02:46:41,Carousel,2159,427,181,84,,#fitness #lifestyle
IG_9918818877,style_icon47,2025-09-23 07:34:14,Video,121,8,8,10,"Bengaluru, Karnataka",#fitness #foodie #photooftheday #music
IG_3319931782,foodie_anjali91,2025-09-23 10:26:10,Image,520,100,7,75,"Bengaluru, Karnataka",#trending #foodie #instagood #viral #photography #fashion
IG_7927907062,amit_travels46,2025-09-23 19:09:07,Reel,108,12,9,8,,#photooftheday #music #foodie #photography #nature
IG_5361709312,rohit_tech93,2025-09-24 01:15:57,Carousel,13,1,0,1,"Mumbai, Maharashtra",#foodie #viral #lifestyle #nature #photooftheday #photography
IG_5079703877,amit_travels32,2025-09-24 11:13:00,Reel,252,10,21,60,"Delhi, India",#foodie #trending #photooftheday
IG_5792407675,rohit_tech91,2025-09-24 13:06:14,Reel,586,101,14,50,,#foodie #love
IG_2259875012,ramesh_vlogs8,2025-09-25 01:22:50,Reel,85,12,2,7,,#art #foodie #photooftheday
IG_5732062921,suresh_fitness69,2025-09-25 03:20:03,Carousel,238,18,10,50,,#fashion #viral #fitness #travel #love
IG_0306176394,the_wanderer13,2025-09-25 07:17:15,Image,300,37,6,25,,#trending #love #photography #instagood #fitness #travel
IG_4834266898,kavita_art57,2025-09-25 07:57:23,Carousel,210,18,1,28,"Delhi, India",#instagood #love
IG_6657914999,suresh_fitness89,2025-09-25 10:27:17,Image,193,16,17,11,"Bali, Indonesia",#foodie #photography #trending #travel
IG_6332033478,suresh_fitness77,2025-09-25 11:08:33,Carousel,19,1,0,2,"Delhi, India",#fashion #fitness #foodie
IG_3712333609,priya_daily41,2025-09-25 11:41:48,Image,23,4,1,3,,#fitness #photography #fashion
IG_7599652140,suresh_fitness5,2025-09-25 16:18:04,Carousel,24,3,2,5,"Ahmedabad, Gujarat",#nature #travel #fitness
IG_5706774384,amit_travels31,2025-09-25 17:20:29,Image,2355,286,130,139,"Goa, India",#trending #photooftheday
IG_5419675911,suresh_fitness69,2025-09-25 19:50:16,Image,62,9,0,15,"Paris, France",#lifestyle #instagood #trending #art #travel
IG_7346461938,the_wanderer16,2025-09-25 20:26:02,Image,497,94,31,33,"Goa, India",#lifestyle #photography #foodie #travel #music #trending
IG_3362013597,sneha_style50,2025-09-26 08:36:18,Image,2,0,0,0,,#nature #foodie
IG_8976697217,foodie_anjali68,2025-09-26 12:50:13,Reel,202,15,1,4,"Delhi, India",#travel #music
IG_2730439893,priya_daily68,2025-09-26 14:18:23,Reel,20,2,1,3,,#trending #photooftheday #lifestyle #music #fitness #viral
IG_7030514609,foodie_anjali66,2025-09-26 14:26:27,Reel,214,8,7,33,,#fitness #art #trending #lifestyle #travel
IG_2718806408,rahul_rocks55,2025-09-26 14:37:32,Carousel,28,2,0,2,"Jaipur, Rajasthan",#travel #nature #music #photooftheday
IG_6040468124,the_wanderer72,2025-09-26 19:15:25,Image,131,16,6,14,"Paris, France",#art #instagood #viral #music #fitness
IG_3834989756,amit_travels22,2025-09-26 20:14:56,Reel,8,1,0,1,"Bengaluru, Karnataka",#photography #love #foodie #fitness #nature #photooftheday
IG_3626087536,suresh_fitness78,2025-09-27 00:54:43,Image,452,64,35,54,"Jaipur, Rajasthan",#photooftheday #love #fashion #instagood #viral #lifestyle
IG_3035781890,kavita_art33,2025-09-27 01:41:53,Reel,804,99,75,175,"Pune, Maharashtra",#travel #trending #love #photooftheday #art
IG_7242384789,kavita_art34,2025-09-27 03:21:44,Video,27,0,1,5,"Dubai, UAE",#fashion #viral #photography #love #instagood #trending
IG_8054022712,amit_travels86,2025-09-27 04:07:21,Reel,3887,119,278,971,"Goa, India",#trending #travel
IG_0922964917,kavita_art41,2025-09-27 04:16:36,Reel,45,3,3,10,"Jaipur, Rajasthan",#music #fashion #photooftheday #instagood
IG_8921041903,rohit_tech39,2025-09-27 04:39:42,Reel,111,5,5,3,"Dubai, UAE",#art #nature
IG_8918998113,style_icon39,2025-09-27 09:23:25,Image,189,26,9,13,,#love #fitness #trending #foodie #instagood #lifestyle
IG_9115409349,rohit_tech71,2025-09-27 09:43:33,Video,194,31,8,45,,#photooftheday #art #fashion #music #nature
IG_4780858781,rahul_rocks25,2025-09-27 12:00:42,Video,486,22,6,64,,#viral #fitness #photography #nature #instagood
IG_0108786138,sneha_style33,2025-09-27 21:26:15,Image,122,4,7,29,"Delhi, India",#nature #foodie
IG_3513159717,kavita_art14,2025-09-27 21:50:24,Carousel,61,0,2,8,"Jaipur, Rajasthan",#music #art #love #lifestyle #travel
IG_9319824824,amit_travels83,2025-09-28 02:39:22,Image,96,18,9,20,,#photooftheday #music #trending #fashion
IG_1907743499,sneha_style74,2025-09-28 04:36:26,Reel,1346,201,21,322,,#photooftheday #love
IG_9592291516,foodie_anjali32,2025-09-28 06:01:43,Reel,163,28,15,17,"Jaipur, Rajasthan",#travel #trending #foodie
IG_4917104309,foodie_anjali17,2025-09-28 08:18:37,Image,408,49,10,94,,#lifestyle #photooftheday #instagood #trending #travel #fitness
IG_9340175412,amit_travels27,2025-09-28 11:24:23,Image,114,4,11,26,"Delhi, India",#nature #fitness
IG_1309350872,foodie_anjali45,2025-09-28 11:33:59,Image,226,6,7,38,"Goa, India",#lifestyle #travel #foodie #art
IG_5254745626,suresh_fitness58,2025-09-28 13:33:30,Image,85,14,4,3,"Delhi, India",#trending #foodie #nature
IG_2134918811,kavita_art92,2025-09-28 17:04:00,Image,464,71,29,72,"Pune, Maharashtra",#love #fashion #fitness #photooftheday
IG_2881168948,kavita_art32,2025-09-28 17:58:12,Carousel,148,21,8,25,,#trending #travel #art #music
IG_9990982988,the_wanderer20,2025-09-28 18:12:23,Image,443,10,12,32,"Delhi, India",#viral #trending #instagood #lifestyle #photography
IG_9540667990,suresh_fitness24,2025-09-28 21:23:50,Image,1793,86,37,66,,#fitness #trending #art #instagood
IG_9091353241,style_icon72,2025-09-28 23:13:31,Carousel,34,5,1,6,"Pune, Maharashtra",#foodie #fitness #photooftheday #nature #photography #travel
IG_2976891270,amit_travels36,2025-09-29 00:49:03,Video,449,17,42,104,"Mumbai, Maharashtra",#photography #travel #viral #trending #love #fitness
IG_7395936264,priya_daily3,2025-09-29 10:42:26,Image,223,27,2,7,"Delhi, India",#foodie #photooftheday #viral
IG_7723271428,foodie_anjali83,2025-09-29 13:58:03,Reel,142,18,0,12,"Bengaluru, Karnataka",#instagood #viral
IG_4195570219,suresh_fitness69,2025-09-29 19:18:57,Image,217,3,7,40,"Paris, France",#lifestyle #instagood #travel #viral #photooftheday #fitness
IG_2299718677,style_icon58,2025-09-29 19:34:42,Image,68,5,4,12,"Delhi, India",#fashion #foodie #art #instagood
IG_7428687324,priya_daily26,2025-09-29 19:58:33,Video,225,11,18,6,"Bengaluru, Karnataka",#photography #photooftheday #fashion #art
IG_5318736553,amit_travels44,2025-09-30 02:31:51,Reel,91,10,5,13,,#music #fitness
IG_7465490126,kavita_art47,2025-09-30 12:12:34,Image,4299,86,134,436,,#music #travel #photography #instagood #foodie #fashion
IG_8193208277,amit_travels52,2025-09-30 12:30:57,Image,133,9,9,27,,#foodie #nature #fashion #love #fitness
IG_8205041391,kavita_art31,2025-09-30 13:23:52,Carousel,23,1,1,4,"Ahmedabad, Gujarat",#instagood #viral
IG_5701138142,amit_travels32,2025-09-30 13:26:57,Image,31,2,0,1,,#photooftheday #love #photography #art
IG_7417290230,priya_daily1,2025-09-30 13:40:55,Image,142,22,13,27,"Mumbai, Maharashtra",#love #travel #fashion
IG_8671841136,amit_travels11,2025-09-30 15:34:54,Carousel,110,20,7,6,,#photooftheday #nature #foodie #travel #fitness #trending
IG_3205582365,priya_daily8,2025-09-30 15:54:53,Reel,744,99,60,174,"Delhi, India",#music #fitness #lifestyle #foodie
IG_6780993546,ramesh_vlogs81,2025-09-30 20:50:44,Reel,551,71,50,65,"Mumbai, Maharashtra",#music #photooftheday #lifestyle #photography #travel #art
IG_3689895287,amit_travels98,2025-09-30 20:57:51,Reel,122,24,10,20,,#nature #lifestyle #instagood #viral #music #fashion
IG_5028760695,style_icon85,2025-09-30 20:58:54,Image,174,27,1,5,"Paris, France",#viral #instagood
IG_3262276037,suresh_fitness38,2025-10-01 04:10:25,Reel,67,2,3,3,"Goa, India",#love #art #nature
IG_1076446022,priya_daily43,2025-10-01 07:42:09,Carousel,2,0,0,0,"Paris, France",#travel #nature #foodie #fitness #trending
IG_9249260673,foodie_anjali31,2025-10-01 11:45:06,Image,477,68,43,45,,#photooftheday #art
IG_3937232704,the_wanderer23,2025-10-01 17:36:48,Image,232,16,7,15,,#trending #nature #viral
IG_0345937328,ramesh_vlogs39,2025-10-01 19:41:46,Carousel,439,23,5,77,,#lifestyle #photography
IG_7369417454,foodie_anjali55,2025-10-01 23:03:03,Reel,40,1,1,1,"Pune, Maharashtra",#lifestyle #music #fashion #viral #travel #fitness
IG_4423941541,ramesh_vlogs98,2025-10-02 03:27:58,Reel,73,5,3,12,"Mumbai, Maharashtra",#photooftheday #love
IG_2600731183,suresh_fitness20,2025-10-02 10:32:21,Image,890,159,70,134,,#fitness #fashion #photography #foodie #nature
IG_5803507777,rahul_rocks83,2025-10-02 10:37:50,Image,205,23,7,17,"Bali, Indonesia",#art #photooftheday #love
IG_4556239352,foodie_anjali62,2025-10-02 10:42:09,Reel,159,28,10,26,"Goa, India",#instagood #foodie
IG_4035479143,style_icon20,2025-10-02 12:00:36,Reel,1152,104,17,151,"Paris, France",#trending #fitness #travel #art #photooftheday #foodie
IG_7378008075,style_icon49,2025-10-02 13:09:12,Image,893,102,43,110,,#fitness #viral #lifestyle #instagood
IG_3003672211,rohit_tech76,2025-10-02 21:20:19,Image,21,3,0,3,"Goa, India",#fashion #travel
IG_5940423895,rahul_rocks73,2025-10-03 00:14:36,Video,615,36,36,137,"Bali, Indonesia",#viral #travel #instagood #photooftheday
IG_3974000331,style_icon14,2025-10-03 01:57:34,Image,469,17,35,10,"Dubai, UAE",#trending #instagood #nature #viral #love
IG_8744689268,ramesh_vlogs36,2025-10-03 02:12:42,Reel,270,9,5,34,"Mumbai, Maharashtra",#trending #nature #love #photooftheday #photography
IG_1831738124,amit_travels96,2025-10-03 03:56:45,Reel,982,137,77,81,,#viral #art #music #trending #nature
IG_4104489375,rahul_rocks51,2025-10-03 06:31:00,Carousel,2545,39,252,168,"Pune, Maharashtra",#travel #photooftheday
IG_7267343076,the_wanderer94,2025-10-03 12:16:38,Image,71,1,4,12,"Paris, France",#nature #music
IG_2827348720,amit_travels5,2025-10-03 12:29:19,Image,5018,838,222,982,"Jaipur, Rajasthan",#music #viral #fashion #lifestyle #fitness
IG_1362139974,amit_travels79,2025-10-03 19:13:29,Carousel,229,28,22,44,,#nature #instagood
IG_8179408896,priya_daily19,2025-10-03 20:30:40,Reel,88,11,8,19,,#travel #music #viral
IG_2419489363,amit_travels7,2025-10-03 22:35:35,Reel,14,1,0,0,"Jaipur, Rajasthan",#photooftheday #trending
IG_1786187330,rohit_tech65,2025-10-03 23:37:00,Carousel,40,6,3,6,"Goa, India",#photooftheday #foodie
IG_3892202251,kavita_art15,2025-10-04 02:00:48,Reel,356,4,32,16,"Dubai, UAE",#photography #viral
IG_6507322295,rahul_rocks25,2025-10-04 02:17:10,Reel,722,87,51,85,"Jaipur, Rajasthan",#travel #instagood
IG_0894478388,foodie_anjali24,2025-10-04 07:38:56,Reel,123,16,1,30,"Goa, India",#fitness #nature #music #lifestyle #foodie
IG_9600783371,style_icon57,2025-10-04 09:40:24,Carousel,590,71,31,100,"Goa, India",#love #trending #music
IG_8297838892,foodie_anjali63,2025-10-04 10:01:00,Image,188,13,6,40,,#nature #lifestyle
IG_3586287167,rahul_rocks25,2025-10-04 12:40:14,Image,125,13,1,12,"Goa, India",#trending #music #nature #photooftheday
IG_1459818964,rohit_tech83,2025-10-04 22:25:41,Video,118,21,8,29,"Bali, Indonesia",#lifestyle #fashion #music
IG_8330755089,sneha_style57,2025-10-05 06:56:11,Reel,2662,521,209,463,,#fashion #nature #photography #travel #love #photooftheday
IG_9529301353,sneha_style13,2025-10-05 08:32:06,Image,438,24,41,40,"Pune, Maharashtra",#lifestyle #foodie #music #instagood #photography
IG_7766981140,rahul_rocks90,2025-10-05 09:54:35,Image,332,7,18,80,,#trending #music #love #instagood #travel
IG_0758989810,rahul_rocks4,2025-10-05 11:31:32,Image,946,10,51,158,"Bengaluru, Karnataka",#travel #love #art #photography
IG_3117844366,kavita_art62,2025-10-05 14:24:05,Reel,253,13,14,27,,#fitness #love #foodie #travel #viral
IG_8617124392,the_wanderer93,2025-10-05 18:03:07,Image,378,23,10,77,"Paris, France",#photooftheday #foodie
IG_4393084490,foodie_anjali32,2025-10-05 22:43:07,Image,565,56,43,17,"Jaipur, Rajasthan",#nature #fashion #love #viral #photography #photooftheday
IG_8579992951,amit_travels31,2025-10-06 04:43:31,Reel,310,28,29,59,"Bengaluru, Karnataka",#instagood #nature #fitness
IG_5932849610,rahul_rocks43,2025-10-06 07:47:25,Reel,108,12,3,13,,#art #foodie #nature #fashion #fitness
IG_9034933746,amit_travels60,2025-10-06 17:02:36,Image,200,15,12,12,"Jaipur, Rajasthan",#instagood #fashion #fitness #viral #foodie
IG_6955933163,foodie_anjali94,2025-10-06 17:06:36,Video,653,8,3,85,,#fashion #instagood
IG_0344477081,priya_daily6,2025-10-06 17:14:51,Video,587,19,13,41,,#love #photography
IG_6497871025,kavita_art11,2025-10-06 18:59:11,Reel,63,3,0,13,,#lifestyle #viral #art
IG_1229877180,suresh_fitness4,2025-10-06 22:43:41,Video,23,4,1,2,"Ahmedabad, Gujarat",#trending #foodie #viral
IG_3864758699,priya_daily66,2025-10-07 12:26:32,Image,310,30,14,65,"Mumbai, Maharashtra",#photooftheday #nature #photography #lifestyle
IG_4659424331,rohit_tech71,2025-10-07 12:40:09,Video,128,13,0,21,"Jaipur, Rajasthan",#instagood #photography #fitness #music #nature #photooftheday
IG_9379538654,style_icon27,2025-10-07 16:24:53,Reel,293,30,18,71,"Bali, Indonesia",#instagood #music
IG_5879155153,rahul_rocks63,2025-10-07 23:08:18,Image,433,46,5,95,"Jaipur, Rajasthan",#viral #photography #fashion #trending
IG_8365770398,priya_daily94,2025-10-08 06:42:01,Image,42,6,1,3,,#lifestyle #viral #photooftheday #trending #love #art
IG_9067887455,priya_daily53,2025-10-08 08:17:38,Image,92,12,2,20,"Mumbai, Maharashtra",#fashion #photography #trending #art #nature
IG_6502676246,ramesh_vlogs21,2025-10-08 08:18:08,Reel,261,26,23,20,"Ahmedabad, Gujarat",#viral #travel #photography #photooftheday #music #art
IG_9723851071,rohit_tech2,2025-10-08 08:39:52,Video,23,1,0,5,,#music #foodie
IG_8465467296,priya_daily48,2025-10-08 12:34:47,Reel,15,0,1,1,"Mumbai, Maharashtra",#music #travel #lifestyle #viral #photography #foodie
IG_8281920641,kavita_art79,2025-10-08 14:01:07,Image,103,5,8,21,"Mumbai, Maharashtra",#photooftheday #music #photography #fashion #travel
IG_7887860496,style_icon25,2025-10-08 19:59:22,Carousel,81,1,6,6,,#photooftheday #lifestyle #art #foodie #music #nature
IG_0487059157,style_icon59,2025-10-09 03:16:59,Carousel,299,21,10,21,,#music #trending #fashion #travel
IG_6663567178,suresh_fitness27,2025-10-09 04:32:52,Video,322,41,8,77,"Ahmedabad, Gujarat",#love #foodie #fashion
IG_2235368475,the_wanderer68,2025-10-09 19:53:55,Image,309,19,14,75,"Bali, Indonesia",#travel #lifestyle #nature #photooftheday
IG_7738411402,rohit_tech99,2025-10-09 21:13:50,Reel,388,44,8,90,"Mumbai, Maharashtra",#travel #music #fitness #fashion #photooftheday #trending
IG_0890756654,priya_daily42,2025-10-09 21:30:34,Image,99,2,6,4,,#photooftheday #travel
IG_0101922377,rohit_tech1,2025-10-10 17:16:04,Reel,59,7,2,4,,#art #viral #photography #foodie #trending #instagood
IG_2189385274,ramesh_vlogs92,2025-10-10 18:25:15,Carousel,1222,122,58,85,"Delhi, India",#photography #art #lifestyle #nature #music #photooftheday
IG_2703493810,rohit_tech10,2025-10-10 20:27:51,Reel,153,9,8,9,"Pune, Maharashtra",#instagood #nature #art #fashion
IG_7835442503,amit_travels55,2025-10-10 20:50:51,Image,2204,227,117,387,"Dubai, UAE",#lifestyle #fitness
IG_1526319137,ramesh_vlogs45,2025-10-10 22:54:26,Video,13,0,0,0,"Paris, France",#travel #fashion #music #foodie #lifestyle #viral
IG_9074108454,amit_travels10,2025-10-11 04:33:42,Carousel,811,17,76,118,,#foodie #lifestyle #travel #love #nature
IG_6805173308,kavita_art36,2025-10-11 06:51:45,Image,25,1,1,1,"Jaipur, Rajasthan",#viral #instagood
IG_9088228271,foodie_anjali94,2025-10-11 08:21:26,Image,263,6,5,45,"Jaipur, Rajasthan",#fitness #art #love #instagood #photography #travel
IG_7633068231,sneha_style23,2025-10-11 14:14:05,Image,931,53,21,87,,#travel #nature #art #lifestyle #instagood
IG_9842413313,sneha_style91,2025-10-11 20:04:35,Reel,117,12,4,9,,#lifestyle #love #photooftheday #photography #travel
IG_3513953635,the_wanderer85,2025-10-12 05:34:10,Reel,121,3,4,9,,#trending #love #foodie #photooftheday #fitness #art
IG_1939198532,rahul_rocks94,2025-10-12 11:24:21,Carousel,448,57,29,43,"Bengaluru, Karnataka",#art #music #fashion
IG_9285214425,suresh_fitness38,2025-10-12 17:29:41,Reel,26,2,0,0,"Goa, India",#travel #photography #fashion
IG_3602291262,kavita_art48,2025-10-12 17:50:31,Image,314,12,4,43,"Mumbai, Maharashtra",#nature #art #photography #fitness
IG_7894273496,foodie_anjali15,2025-10-12 18:50:43,Video,1020,189,19,54,"Bengaluru, Karnataka",#viral #travel #music #fashion
IG_0375768100,sneha_style63,2025-10-12 18:54:14,Carousel,58,1,0,12,"Goa, India",#lifestyle #fitness #foodie
IG_0286392741,the_wanderer61,2025-10-12 20:10:13,Carousel,17,0,1,2,"Goa, India",#photography #nature #viral
IG_9274054375,rohit_tech64,2025-10-12 23:04:38,Video,15,2,0,1,,#travel #trending #photooftheday #lifestyle #nature
IG_2595234552,kavita_art34,2025-10-13 03:49:01,Reel,86,17,6,17,,#fashion #viral #fitness #art
IG_9140341348,foodie_anjali35,2025-10-13 04:22:01,Reel,192,3,9,9,,#art #trending #instagood #music #photooftheday
IG_9923386640,sneha_style1,2025-10-13 05:17:52,Image,533,11,7,84,"Delhi, India",#viral #art
IG_0063014103,suresh_fitness85,2025-10-13 06:30:09,Carousel,120,17,11,11,,#foodie #travel
IG_8226568116,rohit_tech73,2025-10-13 06:52:05,Image,62,10,5,4,,#photooftheday #love #music #fitness #fashion #foodie
IG_2883890247,suresh_fitness43,2025-10-13 07:53:52,Video,41,8,3,10,"Pune, Maharashtra",#fitness #fashion
IG_0528203738,the_wanderer48,2025-10-13 11:29:14,Carousel,93,7,5,8,,#fitness #art #photography #instagood #nature #photooftheday
IG_4186714946,the_wanderer27,2025-10-13 21:08:20,Image,3602,128,287,568,,#foodie #love #photography #photooftheday
IG_9724433023,ramesh_vlogs70,2025-10-13 23:01:00,Carousel,83,2,0,19,"Bali, Indonesia",#foodie #fashion #trending
IG_5937878454,ramesh_vlogs34,2025-10-14 06:20:42,Image,316,27,28,19,"Bali, Indonesia",#viral #photography #instagood #fitness #travel
IG_9751301519,rohit_tech68,2025-10-14 20:31:18,Image,30,5,1,4,,#trending #photography #travel #instagood #music #photooftheday
IG_0984868922,kavita_art5,2025-10-15 06:09:48,Video,43,5,2,4,,#travel #music #fashion #love #lifestyle
IG_7419921041,suresh_fitness90,2025-10-15 13:30:54,Reel,85,11,8,3,,#art #music #travel #photography
IG_7455851745,rahul_rocks47,2025-10-15 13:59:08,Image,107,8,6,18,,#instagood #trending #photooftheday #fashion #love
IG_6498602587,kavita_art91,2025-10-15 23:21:33,Image,236,13,20,12,"Ahmedabad, Gujarat",#trending #instagood #foodie #photography #love
IG_7227546516,sneha_style14,2025-10-16 00:18:50,Reel,11,0,0,1,"Bengaluru, Karnataka",#lifestyle #photooftheday
IG_3095309768,priya_daily23,2025-10-16 03:06:27,Carousel,256,20,23,17,"Paris, France",#foodie #love #travel
IG_9260643766,amit_travels29,2025-10-16 04:22:48,Image,40,3,1,9,"Ahmedabad, Gujarat",#foodie #instagood #viral #art
IG_5345868185,foodie_anjali43,2025-10-16 04:33:57,Image,386,75,35,18,"Delhi, India",#fitness #photography #foodie #love #travel #viral
IG_9800403072,amit_travels82,2025-10-16 05:17:05,Image,62,3,3,1,"Delhi, India",#love #instagood #lifestyle #music
IG_6063790810,kavita_art41,2025-10-16 10:19:40,Video,208,3,9,40,"Dubai, UAE",#lifestyle #photography #nature #photooftheday
IG_1795000108,kavita_art86,2025-10-16 10:35:15,Reel,557,22,27,26,"Bengaluru, Karnataka",#photography #fashion #trending
IG_9032163248,suresh_fitness93,2025-10-16 18:15:21,Reel,846,41,15,92,,#foodie #photography #lifestyle #trending #photooftheday
IG_9830165294,rahul_rocks52,2025-10-16 21:24:17,Image,303,41,27,53,"Bali, Indonesia",#foodie #instagood #fashion #trending #photooftheday
IG_7564409751,the_wanderer14,2025-10-17 05:34:35,Reel,18,3,0,0,,#nature #instagood #lifestyle #travel #art
IG_3868474706,rahul_rocks14,2025-10-17 06:10:05,Image,1148,12,82,107,,#viral #trending #lifestyle #fashion #love #travel
IG_8778978083,ramesh_vlogs49,2025-10-17 06:52:11,Image,195,26,19,14,"Mumbai, Maharashtra",#music #photography #fashion #travel #photooftheday #nature
IG_8283409611,the_wanderer63,2025-10-17 11:14:29,Image,70,2,6,12,"Jaipur, Rajasthan",#viral #art
IG_1180767730,kavita_art32,2025-10-17 15:16:38,Image,192,25,5,43,"Dubai, UAE",#nature #fitness #music #love
IG_8868599659,priya_daily85,2025-10-17 17:04:25,Carousel,53,7,3,2,,#instagood #travel #photooftheday #love
IG_9702587100,the_wanderer86,2025-10-17 20:06:04,Image,166,33,9,4,,#nature #travel #love #music
IG_8575567952,the_wanderer83,2025-10-17 22:21:59,Reel,66,10,1,4,,#music #fitness #foodie #fashion #trending
IG_8532876452,foodie_anjali80,2025-10-17 22:29:06,Image,20,0,1,3,,#foodie #instagood #art #lifestyle #love #photooftheday
IG_4286902651,style_icon75,2025-10-18 03:30:18,Video,42,2,2,10,"Goa, India",#nature #travel
IG_1620760641,foodie_anjali53,2025-10-18 07:49:44,Image,32,3,1,2,"Mumbai, Maharashtra",#instagood #love #lifestyle #nature
IG_1756957525,rohit_tech47,2025-10-18 09:38:47,Reel,118,6,3,7,"Paris, France",#viral #love #photooftheday
IG_3441097125,rahul_rocks18,2025-10-18 16:05:16,Carousel,86,1,7,14,"Dubai, UAE",#music #viral #fitness
IG_0492679777,rohit_tech78,2025-10-18 16:41:25,Reel,595,88,45,82,"Mumbai, Maharashtra",#fitness #love #lifestyle #viral
IG_3582782059,the_wanderer95,2025-10-18 18:29:59,Reel,222,36,3,33,,#music #fitness #love
IG_4108167388,priya_daily68,2025-10-18 20:44:20,Carousel,128,18,4,5,"Dubai, UAE",#photooftheday #art #love #instagood
IG_5706756633,the_wanderer31,2025-10-18 23:46:30,Carousel,501,95,33,70,"Bali, Indonesia",#photography #viral #fitness
IG_5781355463,rahul_rocks16,2025-10-19 01:14:25,Video,164,6,1,7,,#trending #art #nature #travel #love #foodie
IG_0779419623,ramesh_vlogs67,2025-10-19 02:30:18,Image,37,0,0,2,"Bengaluru, Karnataka",#love #lifestyle #viral
IG_1749402717,foodie_anjali39,2025-10-19 04:46:15,Image,17,2,1,3,"Pune, Maharashtra",#trending #photooftheday #fashion #love #viral
IG_4608815078,amit_travels13,2025-10-19 08:26:55,Image,148,17,9,6,"Pune, Maharashtra",#music #foodie #lifestyle #love
IG_7566087015,rohit_tech89,2025-10-19 08:56:51,Carousel,242,8,18,58,"Ahmedabad, Gujarat",#foodie #nature #photooftheday #lifestyle
IG_3678479606,style_icon40,2025-10-19 13:49:54,Carousel,1627,162,60,315,"Bali, Indonesia",#foodie #fitness #viral
IG_7210026094,foodie_anjali51,2025-10-19 14:01:07,Carousel,221,19,8,32,"Jaipur, Rajasthan",#viral #photooftheday #trending #art
IG_1704778309,amit_travels97,2025-10-19 15:13:16,Image,184,11,5,9,"Ahmedabad, Gujarat",#viral #instagood #love #fashion #fitness #music
IG_7629140946,suresh_fitness9,2025-10-19 16:55:49,Image,473,64,28,112,"Bali, Indonesia",#travel #viral
IG_5437139549,foodie_anjali52,2025-10-19 21:03:51,Reel,1311,39,113,188,"Dubai, UAE",#photography #lifestyle #fitness #music
IG_8823557555,rahul_rocks36,2025-10-19 23:11:26,Image,49,3,0,7,,#trending #photography #travel #art #foodie #photooftheday
IG_2367009445,the_wanderer16,2025-10-20 09:16:28,Video,423,33,6,78,,#instagood #fashion #viral #art #foodie #love
IG_0773956762,foodie_anjali3,2025-10-20 09:26:46,Video,439,14,14,30,"Delhi, India",#music #photography #travel #fashion
IG_4703724322,rahul_rocks39,2025-10-20 16:46:49,Video,419,19,19,26,"Bengaluru, Karnataka",#lifestyle #art
IG_2324635826,amit_travels53,2025-10-21 02:13:55,Video,228,25,22,20,,#foodie #nature #love #fashion #photography
IG_2532456453,foodie_anjali39,2025-10-21 06:10:32,Reel,1000,94,22,223,"Paris, France",#art #music #photooftheday #instagood #viral #fashion
IG_6580323789,rohit_tech7,2025-10-21 08:00:28,Image,12,1,0,2,"Dubai, UAE",#travel #trending #music
IG_2206412046,amit_travels60,2025-10-21 09:23:50,Reel,28,0,0,6,"Bali, Indonesia",#art #viral
IG_2014708671,style_icon60,2025-10-21 14:49:05,Video,724,111,15,37,"Dubai, UAE",#lifestyle #fitness #instagood #art
IG_1850889405,rahul_rocks83,2025-10-21 15:28:09,Image,27,1,0,4,"Ahmedabad, Gujarat",#lifestyle #travel #love
IG_7254627142,priya_daily47,2025-10-21 17:09:29,Carousel,840,11,71,135,"Delhi, India",#art #music #fashion #love #lifestyle #travel
IG_8230383964,rohit_tech74,2025-10-21 18:50:28,Image,418,74,15,63,"Goa, India",#photography #trending #love #instagood #photooftheday
IG_1217631624,style_icon47,2025-10-21 23:23:02,Video,10,0,0,0,,#fashion #fitness #photooftheday #photography
IG_7219672634,rahul_rocks52,2025-10-22 02:43:31,Carousel,394,48,3,87,"Bengaluru, Karnataka",#music #travel #nature #photooftheday
IG_6520657788,priya_daily95,2025-10-22 03:57:47,Image,300,46,15,12,"Pune, Maharashtra",#love #art #lifestyle #fashion
IG_4961776033,kavita_art95,2025-10-22 04:00:14,Image,1185,184,42,274,,#trending #photooftheday #art #travel #lifestyle #music
IG_4226392169,rahul_rocks98,2025-10-22 08:23:04,Reel,430,52,18,19,,#photooftheday #travel #trending #love
IG_0155029371,kavita_art7,2025-10-22 11:29:49,Image,128,23,9,22,,#viral #fashion #travel #fitness
IG_2147172064,rohit_tech96,2025-10-22 12:42:13,Video,88,12,5,10,,#music #fashion #trending #lifestyle #nature #photooftheday
IG_2742666015,rohit_tech74,2025-10-22 19:04:14,Image,502,33,9,60,"Bengaluru, Karnataka",#art #trending #nature #photography
IG_2837266325,kavita_art36,2025-10-22 22:38:04,Image,2694,338,188,350,,#trending #instagood #art
IG_0444421038,style_icon48,2025-10-22 23:28:35,Image,43,5,2,5,"Goa, India",#instagood #lifestyle
IG_3853475187,priya_daily63,2025-10-23 00:40:15,Reel,490,76,29,120,,#fitness #love #art #music #instagood #viral
IG_5738463149,priya_daily77,2025-10-23 03:57:59,Image,2215,238,38,465,"Paris, France",#lifestyle #fitness
IG_7961801811,foodie_anjali55,2025-10-23 10:05:22,Carousel,35,3,1,5,"Paris, France",#music #photooftheday
IG_1077707533,ramesh_vlogs98,2025-10-23 10:37:58,Image,8,1,0,0,,#instagood #photooftheday #fitness #viral #lifestyle
IG_0695705746,the_wanderer79,2025-10-23 19:13:19,Image,110,12,8,2,,#trending #lifestyle
IG_5965490797,ramesh_vlogs28,2025-10-23 21:06:40,Video,506,51,11,93,"Ahmedabad, Gujarat",#viral #travel #foodie #instagood #fitness #photooftheday
IG_9822494636,priya_daily22,2025-10-23 21:40:13,Carousel,37,1,2,5,"Bali, Indonesia",#art #fashion
IG_2083184946,rohit_tech12,2025-10-23 22:20:53,Carousel,540,97,53,100,,#photooftheday #instagood #foodie
IG_7091702749,amit_travels92,2025-10-24 01:15:01,Reel,999,123,78,58,"Delhi, India",#photooftheday #foodie
IG_0689754130,suresh_fitness26,2025-10-24 03:13:05,Reel,75,12,4,14,"Dubai, UAE",#foodie #trending
IG_7829791212,rahul_rocks5,2025-10-24 08:42:20,Video,43,1,4,5,"Bengaluru, Karnataka",#photography #nature #instagood #art #love
IG_2174122042,sneha_style76,2025-10-24 09:31:35,Carousel,667,120,60,162,"Goa, India",#photooftheday #photography #lifestyle
IG_9190689901,foodie_anjali71,2025-10-24 13:03:08,Reel,116,12,3,6,,#viral #photography #art #love #instagood
IG_0860842216,kavita_art22,2025-10-24 15:17:10,Image,107,2,8,4,"Goa, India",#music #lifestyle
IG_3367648410,ramesh_vlogs86,2025-10-25 03:39:06,Image,199,11,9,45,"Dubai, UAE",#art #love #lifestyle #fashion #nature
IG_9932031344,foodie_anjali89,2025-10-25 03:51:02,Video,1827,296,87,359,"Jaipur, Rajasthan",#nature #lifestyle
IG_5208833289,suresh_fitness12,2025-10-25 06:47:35,Image,244,44,4,55,"Goa, India",#photooftheday #trending #travel #nature #photography
IG_5730593820,suresh_fitness33,2025-10-25 12:19:28,Image,580,103,13,59,,#travel #trending #viral #instagood #fashion #lifestyle
IG_8325834272,ramesh_vlogs34,2025-10-26 02:48:05,Reel,45,5,4,8,"Bengaluru, Karnataka",#fashion #viral #love #trending #photooftheday #photography
IG_4977698578,style_icon70,2025-10-26 03:13:32,Image,83,15,1,6,"Delhi, India",#fashion #nature #love
IG_1287918240,suresh_fitness8,2025-10-26 03:18:50,Carousel,562,76,43,34,"Bali, Indonesia",#lifestyle #music #viral #photooftheday #trending
IG_9117327926,foodie_anjali61,2025-10-26 04:05:26,Video,658,99,16,26,"Jaipur, Rajasthan",#photooftheday #photography
IG_9201328305,style_icon20,2025-10-26 08:55:06,Image,88,3,7,18,,#art #fitness
IG_7129404010,sneha_style66,2025-10-26 09:28:09,Video,52,7,0,5,,#music #photooftheday #photography #travel #art #viral
IG_6720180579,rahul_rocks4,2025-10-26 11:45:43,Carousel,121,13,7,17,"Jaipur, Rajasthan",#instagood #foodie
IG_8345601911,sneha_style4,2025-10-26 14:40:01,Reel,58,4,0,6,,#fitness #instagood #trending
IG_7433321953,rohit_tech15,2025-10-26 14:52:28,Image,3293,644,52,526,,#music #love
IG_9855823661,rohit_tech25,2025-10-26 18:51:04,Reel,58,2,1,8,"Mumbai, Maharashtra",#fitness #trending #photooftheday #fashion #foodie #travel
IG_0721204573,amit_travels46,2025-10-26 20:36:53,Image,480,17,9,14,"Dubai, UAE",#trending #love #fitness #travel
IG_7600391140,ramesh_vlogs44,2025-10-26 22:10:08,Image,285,46,21,57,"Bengaluru, Karnataka",#nature #fitness #travel
IG_6364743693,amit_travels70,2025-10-26 23:10:00,Reel,41,5,1,3,"Mumbai, Maharashtra",#instagood #travel #music #foodie
IG_3882354606,kavita_art73,2025-10-26 23:18:04,Reel,39,3,3,8,,#viral #foodie
IG_4591030370,ramesh_vlogs22,2025-10-26 23:33:23,Video,81,1,6,6,"Bengaluru, Karnataka",#music #foodie #fitness #photography #instagood
IG_0960591426,the_wanderer46,2025-10-27 08:25:28,Image,163,16,14,26,"Pune, Maharashtra",#art #fitness #photography #travel
IG_6293823032,rahul_rocks40,2025-10-27 11:20:28,Reel,130,25,6,12,,#trending #music #nature
IG_7058381239,sneha_style83,2025-10-27 14:48:00,Video,15,1,0,0,"Bali, Indonesia",#fitness #nature
IG_8448446467,amit_travels44,2025-10-27 18:15:55,Reel,1360,124,74,76,,#art #photooftheday
IG_2189846816,rohit_tech12,2025-10-27 18:36:17,Reel,98,19,9,17,"Mumbai, Maharashtra",#lifestyle #photography #trending #instagood #music #fashion
IG_6025933358,the_wanderer12,2025-10-28 08:12:35,Image,531,46,48,130,,#instagood #nature #travel #photography
IG_9070820802,foodie_anjali26,2025-10-28 08:22:54,Reel,6,0,0,0,"Dubai, UAE",#instagood #love #nature #art
IG_6298651919,sneha_style3,2025-10-28 09:35:41,Reel,389,45,34,40,"Mumbai, Maharashtra",#lifestyle #photography
IG_2306364506,rahul_rocks44,2025-10-28 10:19:04,Reel,38,1,3,3,,#art #photooftheday #trending #nature #photography
IG_5130365394,the_wanderer60,2025-10-28 11:07:38,Carousel,124,10,9,10,"Goa, India",#travel #love
IG_3837477393,ramesh_vlogs98,2025-10-28 11:14:07,Reel,63,11,2,2,"Ahmedabad, Gujarat",#photography #photooftheday #art #viral #music
IG_0234872084,kavita_art30,2025-10-28 14:55:39,Image,136,19,7,7,,#trending #music #photooftheday #travel
IG_4612211786,sneha_style75,2025-10-28 16:42:56,Image,1157,125,53,268,"Dubai, UAE",#art #trending #photography #photooftheday #love
IG_4779207051,kavita_art61,2025-10-29 06:38:03,Video,8,1,0,1,"Delhi, India",#travel #photooftheday #art #trending #love
IG_4365846015,rahul_rocks97,2025-10-29 07:00:00,Image,397,42,9,76,"Delhi, India",#fitness #photography #music #travel
IG_4110934160,foodie_anjali13,2025-10-29 08:47:59,Image,976,169,86,204,,#foodie #nature #music
IG_0575684879,suresh_fitness45,2025-10-29 09:37:51,Image,16,2,0,1,"Bali, Indonesia",#viral #travel #fashion #fitness #photography
IG_3235821651,foodie_anjali85,2025-10-29 10:03:01,Carousel,2095,28,102,396,"Mumbai, Maharashtra",#viral #fitness #nature #trending #love #foodie
IG_9267212441,amit_travels24,2025-10-29 10:22:54,Image,1075,57,97,176,"Paris, France",#fitness #viral
IG_7082819842,foodie_anjali49,2025-10-29 10:34:21,Video,4,0,0,0,,#art #nature #love
IG_4797691799,suresh_fitness51,2025-10-29 12:46:22,Reel,673,113,23,36,"Mumbai, Maharashtra",#foodie #music
IG_7804676841,style_icon18,2025-10-29 14:30:27,Image,66,1,3,2,"Ahmedabad, Gujarat",#love #trending
IG_9433734251,kavita_art39,2025-10-29 17:34:46,Carousel,220,17,19,19,,#photography #travel #viral
IG_8192253723,suresh_fitness9,2025-10-30 02:45:53,Image,1047,57,40,189,,#fashion #lifestyle
IG_1674498363,suresh_fitness67,2025-10-30 04:21:40,Image,585,53,12,86,,#fashion #art #fitness #viral
IG_2040944549,ramesh_vlogs95,2025-10-30 19:00:44,Video,162,29,11,16,,#photography #love #fitness #music #travel #instagood
IG_0790625688,the_wanderer15,2025-10-30 23:37:59,Reel,165,13,1,21,"Bengaluru, Karnataka",#lifestyle #photography
IG_7479386791,sneha_style32,2025-10-31 03:12:27,Image,45,6,1,6,,#fitness #lifestyle #travel #love
IG_6013482772,suresh_fitness99,2025-10-31 04:42:33,Reel,62,4,2,2,,#lifestyle #nature #music
IG_1789531565,amit_travels10,2025-10-31 08:38:30,Video,31,1,1,0,,#love #art #nature #fashion #foodie
IG_0827320072,ramesh_vlogs75,2025-10-31 11:25:42,Carousel,90,12,5,6,"Ahmedabad, Gujarat",#instagood #viral #music #love
IG_9807739593,amit_travels83,2025-10-31 12:02:59,Image,23,4,0,5,"Dubai, UAE",#music #travel #photography
IG_1382641600,sneha_style22,2025-10-31 13:59:13,Reel,83,15,0,1,,#fashion #viral #instagood #nature
IG_1653968502,rohit_tech71,2025-10-31 15:52:36,Image,389,41,5,24,"Ahmedabad, Gujarat",#love #foodie #photooftheday
IG_9673072196,amit_travels58,2025-10-31 23:56:30,Image,140,2,1,30,"Goa, India",#fitness #music #trending #instagood #viral #travel
IG_0802559032,ramesh_vlogs1,2025-11-01 03:06:07,Image,133,14,2,5,,#fitness #love #trending #photooftheday #viral
IG_8970659954,suresh_fitness19,2025-11-01 06:35:34,Image,94,5,8,19,"Ahmedabad, Gujarat",#nature #foodie #fashion #love
IG_0419593228,the_wanderer18,2025-11-01 09:15:11,Reel,231,37,15,20,"Pune, Maharashtra",#photography #art #viral
IG_5463013234,foodie_anjali70,2025-11-01 16:05:05,Carousel,94,6,1,8,"Goa, India",#viral #instagood #foodie #trending #music #lifestyle
IG_6314854566,sneha_style66,2025-11-02 09:23:41,Reel,373,73,12,55,,#viral #music #love #trending
IG_6483247198,amit_travels78,2025-11-02 09:36:24,Image,81,10,4,3,,#viral #fashion #foodie
IG_0833063802,amit_travels51,2025-11-02 12:20:26,Image,96,4,2,12,"Pune, Maharashtra",#music #instagood #foodie #lifestyle
IG_2673408726,rohit_tech73,2025-11-02 13:12:01,Carousel,488,20,20,10,"Delhi, India",#fashion #instagood #nature
IG_8435496581,amit_travels76,2025-11-02 16:58:23,Image,254,31,21,47,"Paris, France",#travel #viral
IG_1459715356,amit_travels17,2025-11-02 19:50:55,Image,544,46,37,65,,#trending #fashion #viral
IG_0696473029,foodie_anjali60,2025-11-03 00:39:29,Reel,98,12,8,15,,#foodie #love #viral
IG_1008565060,amit_travels5,2025-11-03 02:43:01,Video,95,2,3,2,"Dubai, UAE",#photography #music #foodie #trending #fitness
IG_8131277706,kavita_art2,2025-11-03 04:56:57,Carousel,222,15,9,40,,#instagood #lifestyle
IG_2437633053,the_wanderer74,2025-11-03 06:40:32,Reel,30,5,0,1,"Pune, Maharashtra",#instagood #photooftheday #fitness #viral
IG_2187352395,rohit_tech81,2025-11-03 12:48:23,Image,44,8,1,9,,#instagood #photography #viral #travel #lifestyle #fitness
IG_4280886735,amit_travels9,2025-11-03 15:42:27,Reel,19,3,0,1,"Ahmedabad, Gujarat",#art #nature
IG_8681223183,style_icon92,2025-11-03 16:00:46,Image,170,26,2,32,,#travel #trending #music #nature #fitness
IG_2070148395,amit_travels83,2025-11-03 17:45:18,Reel,462,24,40,14,"Bali, Indonesia",#art #photography #nature
IG_1422003130,amit_travels67,2025-11-03 20:42:07,Carousel,8,1,0,1,"Goa, India",#photooftheday #fitness #travel #music
IG_5867709999,style_icon30,2025-11-04 01:38:52,Image,2335,228,82,359,"Delhi, India",#photography #art #instagood #trending #photooftheday #viral
IG_3856810132,foodie_anjali41,2025-11-04 07:26:38,Image,314,29,4,73,"Delhi, India",#travel #nature #trending #love
IG_2390237484,foodie_anjali42,2025-11-04 07:50:15,Reel,754,86,55,135,,#fashion #nature #fitness #photooftheday #trending #viral
IG_8163935316,rohit_tech81,2025-11-04 10:53:42,Carousel,228,24,11,53,"Bali, Indonesia",#foodie #nature #photooftheday #music #love
IG_2933934591,priya_daily22,2025-11-04 13:48:35,Video,239,45,15,54,,#lifestyle #art #music #fitness #foodie #fashion
IG_1068334638,suresh_fitness75,2025-11-05 04:43:58,Video,622,72,30,133,,#fashion #music #fitness #lifestyle #trending
IG_2006240213,suresh_fitness58,2025-11-05 07:24:22,Video,51,6,2,12,"Dubai, UAE",#fitness #lifestyle
IG_8392303396,priya_daily66,2025-11-05 10:38:09,Image,8,1,0,1,,#nature #instagood #photography #foodie
IG_9157573809,suresh_fitness70,2025-11-05 13:02:55,Image,189,18,14,26,"Jaipur, Rajasthan",#trending #fitness #love #instagood #art #travel
IG_7899037883,foodie_anjali9,2025-11-05 15:04:13,Image,157,19,3,11,,#trending #music #art
IG_7610928884,ramesh_vlogs95,2025-11-05 16:31:45,Image,38,3,3,2,,#nature #love
IG_3359677478,suresh_fitness17,2025-11-05 20:31:37,Image,32,4,1,7,"Ahmedabad, Gujarat",#fashion #trending #viral #love #instagood
IG_5678962468,priya_daily66,2025-11-06 02:07:06,Video,113,2,3,27,"Pune, Maharashtra",#instagood #travel #art #love #fashion
IG_9072399560,kavita_art23,2025-11-06 04:43:00,Image,1028,14,101,47,,#trending #foodie #instagood #travel #art #photography
IG_2402559063,suresh_fitness77,2025-11-06 12:10:36,Image,309,60,25,32,"Dubai, UAE",#fitness #instagood #photooftheday #love #viral
IG_1492319199,the_wanderer1,2025-11-06 15:26:41,Image,32,3,1,3,"Goa, India",#love #photography #viral #art #fitness
IG_5698367531,rohit_tech53,2025-11-06 17:06:53,Image,871,55,80,83,"Dubai, UAE",#photography #lifestyle #nature #foodie #fitness #photooftheday
IG_4556298701,sneha_style20,2025-11-06 17:35:17,Reel,78,2,1,8,"Delhi, India",#music #photography #lifestyle
IG_6093835142,kavita_art12,2025-11-06 19:01:33,Image,112,2,11,27,"Bali, Indonesia",#fashion #music #nature #viral #lifestyle #art
IG_7737785836,foodie_anjali65,2025-11-06 19:04:30,Image,89,14,2,10,"Paris, France",#instagood #music
IG_5373444607,priya_daily59,2025-11-06 21:37:20,Reel,20,3,0,2,"Delhi, India",#love #trending #lifestyle #photooftheday #photography
IG_4873929663,sneha_style88,2025-11-07 09:43:48,Image,23,3,1,5,"Goa, India",#fitness #love #music #lifestyle #travel #photooftheday
IG_1572688112,sneha_style33,2025-11-07 13:35:16,Reel,107,19,6,16,,#travel #music #trending #foodie
IG_4463177495,style_icon88,2025-11-07 13:57:17,Image,28,1,1,4,,#viral #foodie #art #travel #fitness #music
IG_3339284259,suresh_fitness72,2025-11-07 19:51:32,Image,31,3,1,1,"Bali, Indonesia",#photography #fitness #music #trending #viral #foodie
IG_9770841001,suresh_fitness4,2025-11-08 00:41:54,Video,124,17,5,4,"Bali, Indonesia",#travel #music #trending #love #foodie
IG_4809711795,kavita_art99,2025-11-08 05:28:49,Image,38,6,2,8,"Pune, Maharashtra",#lifestyle #travel #viral
IG_2991835141,rahul_rocks46,2025-11-08 11:34:35,Carousel,85,5,8,8,"Paris, France",#viral #photography #foodie
IG_8032635887,rahul_rocks44,2025-11-08 11:42:17,Image,602,84,52,32,,#photooftheday #fashion #travel
IG_8555229326,the_wanderer83,2025-11-08 11:43:17,Carousel,73,8,5,12,"Paris, France",#love #lifestyle
IG_4664884616,foodie_anjali94,2025-11-08 12:20:58,Carousel,271,13,14,19,,#trending #instagood #photooftheday #fitness
IG_6423550579,sneha_style75,2025-11-08 13:35:34,Image,730,88,4,109,,#nature #foodie #instagood #trending #art
IG_5755731692,style_icon32,2025-11-08 16:53:14,Image,138,6,2,28,"Delhi, India",#travel #trending #fashion #fitness #instagood #love
IG_9399667766,rahul_rocks59,2025-11-08 18:25:47,Image,870,21,48,158,"Delhi, India",#viral #photography #art
IG_5794541851,kavita_art59,2025-11-08 21:59:16,Carousel,886,35,41,129,,#lifestyle #fashion
IG_4982062514,sneha_style96,2025-11-08 23:05:17,Carousel,94,15,8,15,"Pune, Maharashtra",#trending #viral #travel #photooftheday
IG_1768826153,sneha_style15,2025-11-08 23:43:53,Image,85,15,0,16,"Jaipur, Rajasthan",#viral #foodie #lifestyle
IG_6130289376,suresh_fitness76,2025-11-09 02:10:38,Reel,294,20,29,57,"Delhi, India",#viral #art #music #photography
IG_3288497600,style_icon72,2025-11-09 06:02:35,Image,906,37,56,128,,#travel #nature #art
IG_9087044387,priya_daily28,2025-11-09 09:20:42,Video,693,35,11,60,"Ahmedabad, Gujarat",#foodie #fitness #nature #photooftheday #photography #travel
IG_3244063855,rahul_rocks41,2025-11-09 11:08:14,Carousel,1215,43,108,53,"Paris, France",#lifestyle #instagood
IG_5903957012,rohit_tech82,2025-11-09 14:22:21,Image,135,16,10,12,,#instagood #fitness
IG_5226732526,the_wanderer73,2025-11-09 14:53:39,Reel,177,19,15,22,,#lifestyle #music #viral #love #nature
IG_9783301600,the_wanderer35,2025-11-09 15:53:16,Video,76,1,7,16,"Paris, France",#fashion #nature #trending #instagood #photooftheday #lifestyle
IG_0922456595,style_icon9,2025-11-09 16:48:48,Image,69,6,3,10,"Goa, India",#music #trending #foodie
IG_2730451453,foodie_anjali79,2025-11-09 18:59:37,Reel,23,2,1,5,,#art #trending #viral #love
IG_5773566915,priya_daily62,2025-11-10 06:14:04,Image,596,6,12,27,"Jaipur, Rajasthan",#love #travel
IG_2437831462,suresh_fitness36,2025-11-10 06:23:17,Carousel,56,7,2,10,"Jaipur, Rajasthan",#photooftheday #travel #trending #instagood #art #lifestyle
IG_4936385779,the_wanderer57,2025-11-10 06:43:14,Image,144,27,7,22,,#trending #nature #love #photography
IG_4224530028,suresh_fitness34,2025-11-10 10:15:36,Reel,462,23,3,55,"Bali, Indonesia",#viral #photooftheday #music #fashion #love
IG_3063388641,style_icon4,2025-11-10 11:24:50,Carousel,550,100,46,52,"Mumbai, Maharashtra",#lifestyle #nature #art #fitness
IG_5787136308,priya_daily53,2025-11-10 11:51:29,Video,27,4,2,3,,#photography #trending #fashion
IG_9341286368,suresh_fitness46,2025-11-10 12:15:05,Video,57,9,2,5,,#instagood #art #foodie #nature
IG_8699579579,rahul_rocks63,2025-11-10 12:59:26,Carousel,67,6,6,10,,#nature #photooftheday
IG_4207754645,rahul_rocks96,2025-11-10 13:51:01,Reel,925,79,53,38,"Delhi, India",#fitness #foodie #travel
IG_3397649004,style_icon52,2025-11-10 14:13:13,Reel,256,12,15,21,"Mumbai, Maharashtra",#travel #lifestyle #photography #instagood
IG_6225324183,ramesh_vlogs39,2025-11-10 18:00:35,Reel,329,14,17,73,,#music #viral #instagood
IG_3141996938,rahul_rocks52,2025-11-10 20:14:11,Video,326,22,6,33,,#music #instagood #photooftheday
IG_8928653100,foodie_anjali96,2025-11-11 04:06:44,Reel,1192,129,6,65,"Paris, France",#foodie #instagood #fitness #viral #nature #love
IG_1430680194,the_wanderer93,2025-11-11 05:35:31,Image,29,4,0,0,,#lifestyle #nature #photography #fashion #foodie
IG_8502494319,suresh_fitness63,2025-11-11 08:05:22,Reel,16,0,0,0,"Bali, Indonesia",#fashion #love #fitness #music #art
IG_8796908106,kavita_art65,2025-11-11 08:38:59,Image,1075,52,68,26,"Bali, Indonesia",#instagood #photooftheday
IG_9457634351,ramesh_vlogs24,2025-11-11 17:07:51,Video,96,12,7,9,"Ahmedabad, Gujarat",#viral #art #fashion #travel
IG_3055234017,foodie_anjali16,2025-11-11 18:31:02,Image,56,1,4,8,"Mumbai, Maharashtra",#love #fitness
IG_1373536424,the_wanderer36,2025-11-12 00:07:33,Video,121,21,2,8,"Bali, Indonesia",#viral #photography #foodie #fitness #photooftheday #art
IG_4235761984,priya_daily15,2025-11-12 07:02:37,Reel,12,0,0,2,,#photooftheday #instagood #music
IG_3846921494,the_wanderer35,2025-11-12 07:08:50,Image,598,79,24,51,"Paris, France",#music #foodie #travel #art #love #fashion
IG_0704065094,kavita_art28,2025-11-12 12:54:19,Carousel,355,5,13,16,"Pune, Maharashtra",#foodie #fashion #love
IG_0294368161,suresh_fitness34,2025-11-12 18:35:24,Image,405,31,17,41,"Bali, Indonesia",#foodie #fitness
IG_8497179810,rahul_rocks57,2025-11-13 01:09:02,Video,155,29,9,30,"Delhi, India",#instagood #fitness
IG_5555186086,rohit_tech74,2025-11-13 04:44:04,Image,1094,11,15,153,"Bali, Indonesia",#fitness #lifestyle #trending #photooftheday #foodie
IG_8946720082,foodie_anjali91,2025-11-13 05:31:33,Reel,3261,49,198,122,"Pune, Maharashtra",#fashion #foodie #photooftheday
IG_6273194220,rohit_tech93,2025-11-13 07:25:49,Video,260,48,10,17,,#fashion #music #photography #foodie #instagood
IG_4732241615,rohit_tech59,2025-11-13 09:21:27,Reel,122,6,4,28,"Pune, Maharashtra",#viral #art #photography #foodie #photooftheday
IG_6579547083,ramesh_vlogs90,2025-11-14 06:26:09,Carousel,50,6,3,5,"Bengaluru, Karnataka",#music #art #trending
IG_9842551623,sneha_style17,2025-11-14 09:36:12,Carousel,207,13,17,49,,#fashion #art #instagood #photography
IG_3884721236,kavita_art70,2025-11-14 18:51:12,Video,28,2,1,1,"Bali, Indonesia",#music #fitness
IG_0272552849,rohit_tech22,2025-11-15 02:26:49,Carousel,9,0,0,0,"Bali, Indonesia",#photooftheday #travel
IG_5532651771,foodie_anjali93,2025-11-15 09:45:55,Image,2328,56,198,135,"Ahmedabad, Gujarat",#lifestyle #instagood #art #love
IG_4572632087,rohit_tech93,2025-11-15 10:24:55,Reel,4,0,0,0,"Pune, Maharashtra",#music #foodie #nature #lifestyle #love
IG_6118746625,rohit_tech35,2025-11-15 14:22:19,Image,349,47,11,52,"Goa, India",#nature #trending #photooftheday #photography
IG_8440628104,rohit_tech27,2025-11-15 16:05:46,Image,7,0,0,1,,#instagood #photooftheday #fashion
IG_5976675503,amit_travels70,2025-11-15 16:54:43,Image,434,51,21,41,"Bengaluru, Karnataka",#viral #music #fashion #nature #foodie
IG_5017711847,rahul_rocks76,2025-11-15 17:11:27,Image,65,2,5,5,"Ahmedabad, Gujarat",#lifestyle #viral #instagood #trending #photography
IG_9239568489,foodie_anjali37,2025-11-15 19:12:10,Image,408,22,7,31,"Bengaluru, Karnataka",#photooftheday #nature #photography #viral
IG_8722814978,the_wanderer60,2025-11-15 19:24:29,Reel,191,16,10,8,,#art #travel #fitness #music
IG_8801056391,suresh_fitness62,2025-11-15 21:07:03,Carousel,14,0,1,0,"Ahmedabad, Gujarat",#lifestyle #fashion #instagood #love
IG_2002469160,rahul_rocks29,2025-11-16 01:41:24,Image,794,56,77,190,"Jaipur, Rajasthan",#instagood #fitness
IG_8354911869,kavita_art36,2025-11-16 03:39:17,Image,74,1,0,11,,#fitness #viral #photography
IG_8307458194,rohit_tech12,2025-11-16 18:33:14,Reel,36,5,1,1,,#instagood #travel #lifestyle #love
IG_3729238157,the_wanderer75,2025-11-16 19:58:06,Image,281,5,10,37,"Dubai, UAE",#fashion #instagood #photography #art #music
IG_3334525617,rohit_tech25,2025-11-16 20:41:27,Video,3581,647,292,108,"Paris, France",#fashion #foodie #travel #photography #nature
IG_8643391496,rohit_tech35,2025-11-16 22:58:14,Reel,130,23,8,18,"Dubai, UAE",#music #fitness
IG_1311339186,amit_travels54,2025-11-17 02:26:25,Reel,90,14,8,9,,#fashion #viral #lifestyle #travel #foodie
IG_1084330248,style_icon42,2025-11-17 03:58:47,Reel,37,1,0,5,"Goa, India",#music #photooftheday
IG_5063077690,the_wanderer17,2025-11-17 08:40:12,Reel,512,43,17,71,"Mumbai, Maharashtra",#trending #nature
IG_5736334687,ramesh_vlogs31,2025-11-17 12:10:33,Image,147,23,4,5,,#fashion #music #foodie #photography
IG_7179539040,priya_daily12,2025-11-17 14:24:38,Reel,249,21,9,37,"Mumbai, Maharashtra",#fashion #photooftheday #viral #lifestyle
IG_9910624299,ramesh_vlogs53,2025-11-17 14:29:01,Reel,1486,68,43,289,,#photooftheday #fitness #art #lifestyle
IG_2528099476,rahul_rocks54,2025-11-17 14:40:02,Image,9,1,0,1,,#music #nature #lifestyle #viral #instagood #photography
IG_4265150333,rahul_rocks70,2025-11-17 17:46:18,Image,14,1,0,0,"Ahmedabad, Gujarat",#music #photography #art #fitness #nature #foodie
IG_6988361953,foodie_anjali93,2025-11-17 18:09:07,Video,53,3,2,3,,#fashion #foodie #art
IG_1921064835,foodie_anjali75,2025-11-17 18:34:50,Image,1065,146,44,177,"Dubai, UAE",#foodie #fitness
IG_7715681762,suresh_fitness33,2025-11-17 19:14:19,Reel,435,68,21,55,"Dubai, UAE",#trending #lifestyle #nature #fitness
IG_3851468023,priya_daily96,2025-11-17 21:33:17,Image,959,61,52,205,"Pune, Maharashtra",#lifestyle #art #viral #foodie #instagood #fitness
IG_6087746649,ramesh_vlogs55,2025-11-18 02:07:11,Image,35,1,3,4,"Ahmedabad, Gujarat",#nature #foodie
IG_6323387819,style_icon99,2025-11-18 03:24:26,Carousel,222,37,17,50,"Goa, India",#nature #viral #fitness
IG_7875025258,style_icon93,2025-11-18 03:35:53,Video,81,15,4,19,"Pune, Maharashtra",#foodie #fashion #photography #instagood #art #fitness
IG_7258611603,foodie_anjali5,2025-11-18 05:40:12,Image,157,23,8,7,"Mumbai, Maharashtra",#trending #fashion #foodie #photography #instagood #lifestyle
IG_0084462730,ramesh_vlogs19,2025-11-18 08:23:07,Reel,40,5,1,1,,#fashion #foodie #viral
IG_9900867335,amit_travels68,2025-11-18 13:24:25,Image,467,74,25,81,"Mumbai, Maharashtra",#travel #nature #fashion
IG_4663396695,suresh_fitness49,2025-11-18 13:49:15,Image,217,22,17,11,,#trending #art #travel #lifestyle #music #foodie
IG_6802353061,the_wanderer17,2025-11-18 15:23:53,Reel,798,94,32,198,,#photography #viral #foodie #instagood #fitness #nature
IG_8462063785,the_wanderer93,2025-11-18 15:47:46,Image,1335,183,80,120,"Jaipur, Rajasthan",#music #fitness
IG_2334020885,sneha_style66,2025-11-18 16:18:14,Image,1016,140,90,197,,#instagood #fitness
IG_4527461913,rahul_rocks29,2025-11-18 23:48:27,Video,130,5,8,4,"Dubai, UAE",#foodie #fashion #viral #love #lifestyle #nature
IG_4228102302,priya_daily46,2025-11-19 00:19:37,Image,49,1,2,12,,#trending #foodie #art #photography #instagood #nature
IG_9783129670,foodie_anjali35,2025-11-19 08:15:20,Carousel,418,12,35,51,"Bali, Indonesia",#photooftheday #fitness #viral #fashion #lifestyle
IG_8998577661,kavita_art75,2025-11-19 09:47:59,Carousel,81,1,2,7,"Bengaluru, Karnataka",#fashion #travel #fitness #lifestyle #photooftheday #photography
IG_9869142544,ramesh_vlogs46,2025-11-19 11:29:14,Image,10,1,0,2,"Dubai, UAE",#nature #photography #art
IG_6821610444,amit_travels80,2025-11-19 13:56:59,Carousel,814,9,13,140,"Goa, India",#nature #music
IG_8919232792,the_wanderer85,2025-11-19 14:21:03,Reel,620,32,26,141,"Pune, Maharashtra",#photooftheday #viral #fashion #music #fitness #trending
IG_0965656451,amit_travels88,2025-11-19 14:52:27,Carousel,725,85,60,169,"Bali, Indonesia",#photooftheday #viral
IG_1296838038,ramesh_vlogs99,2025-11-19 19:12:37,Image,230,42,13,49,,#music #nature #art #foodie
IG_5244346124,style_icon16,2025-11-19 22:57:30,Video,63,10,1,11,"Delhi, India",#instagood #art
IG_4066143056,suresh_fitness70,2025-11-19 23:51:00,Image,121,22,11,23,"Bali, Indonesia",#nature #photography #music #love
IG_5899166022,suresh_fitness9,2025-11-20 03:41:12,Carousel,28,4,1,0,"Bengaluru, Karnataka",#fashion #trending #instagood #photooftheday #music #art
IG_1489862128,priya_daily70,2025-11-20 05:09:30,Image,21,0,1,0,,#lifestyle #fitness
IG_0586317856,the_wanderer51,2025-11-20 06:00:42,Carousel,351,47,29,31,"Paris, France",#nature #music #fitness #love
IG_7109875457,rohit_tech20,2025-11-20 09:38:40,Image,44,7,1,5,"Mumbai, Maharashtra",#photography #fitness #fashion #nature #love
IG_2125482339,rohit_tech60,2025-11-20 11:59:36,Carousel,46,8,1,8,"Mumbai, Maharashtra",#nature #lifestyle #instagood #viral #photography #foodie
IG_0050802948,priya_daily26,2025-11-20 21:34:25,Image,751,107,6,54,,#art #love #nature #photooftheday #music #instagood
IG_0324633555,foodie_anjali85,2025-11-21 02:38:22,Carousel,71,9,3,14,"Mumbai, Maharashtra",#fitness #art #instagood #photooftheday #lifestyle #viral
IG_1656323967,style_icon45,2025-11-21 04:54:59,Reel,535,65,17,85,"Goa, India",#travel #instagood
IG_1979645076,style_icon23,2025-11-21 08:36:30,Image,86,10,0,4,"Goa, India",#trending #viral #lifestyle
IG_4667134210,style_icon26,2025-11-21 10:40:35,Image,123,23,2,3,,#foodie #fitness #travel #nature
IG_3651774599,rohit_tech61,2025-11-21 11:25:24,Image,496,77,5,26,"Dubai, UAE",#travel #instagood #photography
IG_3461129567,kavita_art51,2025-11-22 09:10:35,Carousel,84,3,8,7,"Jaipur, Rajasthan",#fitness #foodie #nature #love #fashion #viral
IG_3923673451,sneha_style69,2025-11-22 10:27:19,Video,213,12,10,52,,#travel #foodie
IG_7263361774,rahul_rocks24,2025-11-22 13:13:34,Image,99,14,7,3,"Bengaluru, Karnataka",#trending #foodie #viral #fashion #instagood #travel
IG_7495761891,priya_daily72,2025-11-22 19:16:50,Reel,7,0,0,1,"Mumbai, Maharashtra",#photooftheday #travel #fitness #viral #nature
IG_5649598191,amit_travels13,2025-11-22 21:00:53,Image,257,49,5,29,"Bengaluru, Karnataka",#photooftheday #nature
IG_1762252406,priya_daily67,2025-11-22 21:56:47,Image,2513,493,195,581,"Bali, Indonesia",#love #art #fitness
IG_7837273286,suresh_fitness25,2025-11-23 04:49:57,Carousel,174,24,12,13,,#trending #travel
IG_0060059191,the_wanderer19,2025-11-23 09:03:05,Carousel,374,54,23,68,"Dubai, UAE",#fashion #trending #love #music #photooftheday #viral
IG_5170515477,rahul_rocks44,2025-11-23 09:04:53,Image,76,5,3,14,"Jaipur, Rajasthan",#foodie #instagood #viral #photooftheday #fashion
IG_5138631848,kavita_art45,2025-11-23 10:50:06,Reel,444,47,3,28,,#lifestyle #photooftheday #foodie #love #viral
IG_1749897618,suresh_fitness84,2025-11-23 15:26:51,Reel,332,7,20,19,,#fitness #nature #photooftheday #lifestyle #art
IG_2035785608,the_wanderer2,2025-11-23 16:23:17,Reel,136,2,3,27,"Dubai, UAE",#photography #fashion #foodie
IG_8402609969,foodie_anjali66,2025-11-23 18:40:49,Image,62,3,1,10,"Pune, Maharashtra",#travel #instagood #photography #lifestyle
IG_4197927215,rahul_rocks63,2025-11-23 23:16:00,Image,644,73,12,139,"Paris, France",#travel #fashion #photography #viral #lifestyle #foodie
IG_8056877615,sneha_style24,2025-11-24 00:14:46,Reel,131,6,8,3,"Paris, France",#travel #viral #photooftheday #nature
IG_1912970265,amit_travels29,2025-11-24 00:52:55,Carousel,119,21,2,7,,#art #photooftheday #instagood
IG_5885286888,kavita_art5,2025-11-24 01:47:14,Carousel,23,2,0,3,"Jaipur, Rajasthan",#lifestyle #nature #love #fashion #photooftheday
IG_9886975157,priya_daily95,2025-11-24 07:48:54,Image,195,10,15,4,,#music #travel #art #foodie
IG_0528075811,foodie_anjali81,2025-11-24 08:54:30,Image,113,21,5,8,"Mumbai, Maharashtra",#photography #fashion
IG_2390750169,suresh_fitness51,2025-11-24 10:19:05,Reel,177,15,6,28,"Delhi, India",#lifestyle #music #trending
IG_9086155421,kavita_art69,2025-11-24 14:58:21,Carousel,80,11,2,10,"Jaipur, Rajasthan",#nature #love #music #travel #photography #fitness
IG_5561756358,sneha_style72,2025-11-24 16:14:46,Image,486,26,17,115,,#foodie #love #photography #travel
IG_5095482516,foodie_anjali45,2025-11-24 21:13:48,Reel,188,9,12,4,,#instagood #art #photooftheday
IG_9673979211,style_icon18,2025-11-25 01:00:06,Image,36,0,0,3,"Jaipur, Rajasthan",#photography #travel #fashion #love #trending #viral
IG_9591545382,rohit_tech10,2025-11-25 05:17:04,Image,216,9,12,8,"Mumbai, Maharashtra",#viral #fitness #love #travel #nature #art
IG_5240204225,rohit_tech10,2025-11-25 07:11:25,Image,135,3,5,24,"Pune, Maharashtra",#foodie #nature #love #fashion #photography #lifestyle
IG_0978992311,amit_travels55,2025-11-25 09:40:06,Image,99,11,4,24,,#travel #music
IG_0062249649,amit_travels17,2025-11-25 14:33:23,Carousel,21,1,1,5,,#instagood #photooftheday #fitness
IG_2189477900,foodie_anjali51,2025-11-25 20:00:39,Reel,192,30,14,4,"Paris, France",#travel #music
IG_6086223044,amit_travels57,2025-11-25 21:35:42,Video,70,10,5,7,"Bali, Indonesia",#fitness #trending #instagood #photooftheday #art
IG_0161712838,suresh_fitness4,2025-11-26 07:31:41,Carousel,6546,691,197,1372,"Ahmedabad, Gujarat",#nature #fitness #foodie
IG_3571343549,sneha_style52,2025-11-26 08:40:35,Reel,332,33,16,21,"Mumbai, Maharashtra",#photooftheday #art #instagood #love #fashion #fitness
IG_8299923690,kavita_art27,2025-11-26 14:34:56,Carousel,392,39,5,20,"Paris, France",#viral #fashion #art #fitness #nature
IG_9602413952,rohit_tech70,2025-11-27 04:45:34,Image,65,7,0,3,"Delhi, India",#trending #photography #instagood #lifestyle
IG_3883321262,ramesh_vlogs12,2025-11-27 06:25:21,Reel,823,13,45,163,"Jaipur, Rajasthan",#love #lifestyle #fitness
IG_7243459606,sneha_style57,2025-11-27 10:40:07,Reel,17,0,1,3,"Goa, India",#travel #viral #lifestyle #photography #love #nature
IG_6251854350,style_icon6,2025-11-27 14:18:47,Reel,345,33,23,32,"Mumbai, Maharashtra",#fashion #music #photooftheday #fitness #nature
IG_3696302692,style_icon34,2025-11-27 14:47:48,Image,1056,77,28,28,"Jaipur, Rajasthan",#foodie #fashion #travel #photooftheday #photography #fitness
IG_2344889835,sneha_style93,2025-11-27 21:27:53,Reel,55,8,2,6,,#trending #viral #fitness
IG_6598911746,foodie_anjali81,2025-11-27 23:34:49,Carousel,179,33,12,39,,#art #instagood
IG_3583561181,kavita_art52,2025-11-28 01:25:22,Reel,41,4,3,4,,#love #instagood #viral #trending #foodie
IG_0375468709,ramesh_vlogs86,2025-11-28 02:21:16,Image,398,18,13,17,,#music #instagood #fitness #photooftheday #nature #art
IG_6542032806,ramesh_vlogs16,2025-11-28 04:03:46,Video,57,3,3,2,"Delhi, India",#fashion #music #trending
IG_7813559798,suresh_fitness8,2025-11-28 04:13:18,Reel,73,3,6,17,"Ahmedabad, Gujarat",#viral #fitness #foodie #trending #travel
IG_9344664957,suresh_fitness44,2025-11-28 05:15:13,Video,130,23,7,4,"Pune, Maharashtra",#nature #photooftheday #instagood #viral #fitness #art
IG_3109239372,rohit_tech89,2025-11-28 07:25:48,Video,113,5,8,9,,#music #photography #fashion
IG_5178703018,rohit_tech28,2025-11-28 09:19:44,Image,79,7,1,6,,#music #fashion #trending #art #fitness #lifestyle
IG_2420898702,kavita_art15,2025-11-28 09:22:28,Image,3966,270,309,825,"Dubai, UAE",#art #trending #fitness #viral
IG_9550964994,foodie_anjali58,2025-11-28 10:38:03,Video,226,18,16,27,"Ahmedabad, Gujarat",#travel #photography #instagood #trending #fashion
IG_5688225737,suresh_fitness84,2025-11-28 16:19:26,Image,299,41,19,36,"Pune, Maharashtra",#lifestyle #love #music #travel #photooftheday
IG_3432803740,rahul_rocks48,2025-11-28 19:53:33,Carousel,123,17,2,15,"Jaipur, Rajasthan",#photooftheday #photography
IG_4019439704,rahul_rocks83,2025-11-29 03:24:26,Image,215,15,14,23,"Ahmedabad, Gujarat",#instagood #love #photography
IG_4652748567,rahul_rocks86,2025-11-29 07:15:12,Reel,183,23,16,15,"Bengaluru, Karnataka",#photography #viral #fashion #nature
IG_7349789069,foodie_anjali21,2025-11-29 10:31:54,Reel,109,11,3,18,"Pune, Maharashtra",#music #fashion #trending #instagood #love #foodie
IG_4739854762,sneha_style82,2025-11-29 11:38:15,Image,256,37,2,23,"Delhi, India",#foodie #fitness #photography
IG_2627614589,rohit_tech71,2025-11-29 12:27:01,Image,203,2,8,10,"Dubai, UAE",#fitness #viral #love #nature #instagood
IG_8625478310,priya_daily18,2025-11-29 12:50:30,Reel,410,72,17,96,"Bali, Indonesia",#trending #photography #music #fitness #lifestyle
IG_3473731029,rohit_tech53,2025-11-29 16:39:35,Image,12,1,0,1,"Pune, Maharashtra",#photooftheday #nature #art #travel
IG_6562126747,the_wanderer98,2025-11-29 18:52:09,Image,76,3,1,6,"Jaipur, Rajasthan",#fitness #music #lifestyle #nature #travel #photography
IG_4212508342,suresh_fitness13,2025-11-29 20:33:10,Image,10,1,0,2,,#fashion #music
IG_7871300689,foodie_anjali83,2025-11-29 21:49:02,Image,435,66,6,23,,#art #music
IG_8880922132,suresh_fitness39,2025-11-29 21:53:51,Reel,406,66,12,67,,#photography #art #viral #fitness #photooftheday
IG_2442791887,rahul_rocks21,2025-11-30 04:00:45,Image,27,5,0,5,"Bali, Indonesia",#photography #love #instagood
IG_9812892957,amit_travels19,2025-11-30 04:26:41,Reel,966,11,24,129,"Ahmedabad, Gujarat",#art #music #nature #photography #photooftheday #fitness
IG_2425318388,style_icon28,2025-11-30 05:07:31,Reel,87,8,2,20,,#travel #fitness
IG_7451522843,style_icon12,2025-11-30 05:55:53,Reel,4079,185,108,694,,#foodie #art #love #lifestyle #trending #fitness
IG_2512286349,ramesh_vlogs75,2025-11-30 21:32:28,Reel,206,23,13,6,,#fitness #instagood #art #trending
IG_9618926211,kavita_art60,2025-12-01 04:08:53,Reel,5151,800,146,688,"Mumbai, Maharashtra",#photooftheday #photography #music #fitness
IG_8620437508,rahul_rocks85,2025-12-01 08:30:00,Reel,57,1,1,10,,#photooftheday #foodie #art
IG_8726204705,sneha_style32,2025-12-01 09:04:24,Image,168,6,16,17,"Dubai, UAE",#music #fashion
IG_9827155721,amit_travels26,2025-12-01 09:13:13,Video,583,114,4,54,"Bali, Indonesia",#nature #photooftheday #music
IG_7289256445,kavita_art31,2025-12-01 12:01:28,Image,52,2,1,8,"Dubai, UAE",#travel #lifestyle
IG_7749638076,priya_daily97,2025-12-01 14:31:32,Reel,98,9,2,5,,#lifestyle #love #photooftheday #art #instagood
IG_4554580860,style_icon72,2025-12-01 17:53:26,Reel,174,29,3,36,,#photooftheday #lifestyle #photography #art
IG_6066658669,rohit_tech32,2025-12-01 23:05:10,Carousel,1109,96,8,252,,#nature #lifestyle #love
IG_8087893835,ramesh_vlogs47,2025-12-01 23:56:06,Carousel,84,15,7,7,,#fashion #art #trending
IG_9666447787,foodie_anjali14,2025-12-02 00:29:33,Video,672,36,17,125,,#music #art #photooftheday
IG_4834358931,kavita_art23,2025-12-02 00:38:54,Reel,358,23,5,44,"Mumbai, Maharashtra",#travel #photography #photooftheday #lifestyle #music #instagood
IG_6759342053,amit_travels83,2025-12-02 06:09:46,Video,246,37,5,52,,#photooftheday #love #nature
IG_4751828798,rohit_tech79,2025-12-02 06:12:42,Image,380,72,28,17,,#travel #trending #fashion
IG_0150695543,kavita_art4,2025-12-02 07:31:07,Image,34,4,2,6,,#foodie #lifestyle
IG_3699593870,style_icon45,2025-12-02 13:42:27,Reel,15,2,1,3,"Mumbai, Maharashtra",#trending #love #foodie
IG_3776394670,rohit_tech23,2025-12-02 14:29:41,Carousel,63,0,3,14,"Paris, France",#art #nature #viral #photooftheday #foodie
IG_4242459947,suresh_fitness74,2025-12-02 19:11:28,Reel,50,1,2,6,,#photooftheday #viral #lifestyle #music
IG_5887007969,the_wanderer52,2025-12-03 01:15:31,Image,804,45,62,195,"Bengaluru, Karnataka",#foodie #travel #photooftheday #viral #nature #music
IG_9460898402,suresh_fitness23,2025-12-03 12:30:45,Image,210,11,3,41,"Goa, India",#instagood #art #photography #lifestyle
IG_4139754766,foodie_anjali27,2025-12-03 12:46:22,Image,64,2,5,12,"Delhi, India",#lifestyle #fashion #music
IG_4628916695,style_icon5,2025-12-03 13:09:25,Carousel,31,3,2,6,,#instagood #travel #trending
IG_1681326737,priya_daily82,2025-12-03 14:06:44,Carousel,737,39,57,23,"Bengaluru, Karnataka",#travel #instagood #viral
IG_8554903108,priya_daily43,2025-12-03 16:53:22,Image,268,47,24,15,,#travel #photooftheday #viral
IG_6471236444,ramesh_vlogs89,2025-12-03 20:33:41,Image,529,72,9,41,"Delhi, India",#trending #fitness
IG_3149656369,kavita_art39,2025-12-03 23:19:45,Image,786,17,67,112,,#love #photooftheday #instagood #foodie
IG_2218112682,amit_travels47,2025-12-04 00:01:36,Reel,18,2,1,0,"Delhi, India",#photooftheday #fitness
IG_1361519447,foodie_anjali84,2025-12-04 13:07:41,Carousel,165,29,16,5,"Mumbai, Maharashtra",#fitness #nature #fashion #travel #art #trending
IG_9837421642,style_icon58,2025-12-04 18:38:31,Reel,126,24,5,13,"Bali, Indonesia",#trending #photography #fitness
IG_4144305761,ramesh_vlogs34,2025-12-04 20:40:19,Reel,15,2,0,0,"Jaipur, Rajasthan",#nature #travel #music #love #art #viral
IG_6440978430,sneha_style52,2025-12-04 22:03:52,Carousel,41,6,0,8,,#music #trending #art #foodie
IG_4795875196,amit_travels90,2025-12-05 01:56:57,Carousel,59,9,1,10,"Bengaluru, Karnataka",#fashion #fitness #lifestyle
IG_3026169968,suresh_fitness31,2025-12-05 02:43:07,Video,691,108,11,141,"Goa, India",#viral #music #nature #foodie #photography
IG_7346234299,rohit_tech63,2025-12-05 07:57:04,Image,205,6,8,24,,#lifestyle #music #fitness #viral #foodie #photooftheday
IG_0809922619,style_icon24,2025-12-05 10:15:05,Reel,20,3,0,0,"Jaipur, Rajasthan",#travel #viral #photooftheday #instagood
IG_4370953602,foodie_anjali28,2025-12-05 11:54:03,Carousel,8,0,0,0,"Dubai, UAE",#art #photooftheday #fashion
IG_2302442201,foodie_anjali39,2025-12-05 17:37:35,Carousel,144,12,0,24,,#lifestyle #art #love #fitness
IG_3520551599,rohit_tech94,2025-12-05 18:01:08,Video,49,1,0,1,,#nature #love #music #photooftheday #lifestyle #trending
IG_7305466675,kavita_art3,2025-12-05 21:46:34,Reel,43,8,3,5,"Bengaluru, Karnataka",#fitness #fashion #photography #trending #music
IG_4445433958,style_icon83,2025-12-06 07:00:43,Reel,82,6,1,14,"Bengaluru, Karnataka",#lifestyle #photography
IG_4082123383,the_wanderer11,2025-12-06 10:41:29,Image,838,10,50,61,"Pune, Maharashtra",#viral #love #photooftheday #foodie #art #music
IG_8715375162,amit_travels98,2025-12-06 11:38:24,Video,30,5,1,4,"Pune, Maharashtra",#music #art #fitness #viral #photography
IG_5952064030,rahul_rocks69,2025-12-06 12:28:14,Video,446,6,19,38,"Delhi, India",#foodie #lifestyle #trending
IG_2068765817,the_wanderer14,2025-12-06 13:27:49,Reel,81,15,2,11,,#trending #foodie #travel #photography #art #viral
IG_4642866329,sneha_style81,2025-12-06 15:27:35,Reel,8,0,0,1,,#fashion #love
IG_4237029909,sneha_style50,2025-12-06 19:49:04,Image,18,1,1,3,,#foodie #nature #trending #art #travel #photooftheday
IG_5242153769,style_icon61,2025-12-07 07:43:37,Carousel,17,0,1,3,"Paris, France",#lifestyle #nature #photooftheday #photography #instagood
IG_6394604628,rahul_rocks35,2025-12-07 09:08:59,Image,42,7,3,4,"Jaipur, Rajasthan",#love #photography
IG_0406150433,priya_daily25,2025-12-07 09:37:35,Reel,1762,54,105,187,,#viral #trending
IG_2434487958,ramesh_vlogs34,2025-12-07 10:29:27,Image,14,2,1,2,"Goa, India",#fashion #music
IG_4418268774,rohit_tech11,2025-12-07 14:40:07,Carousel,261,17,15,53,,#trending #travel #photooftheday #lifestyle
IG_0486773580,the_wanderer90,2025-12-07 16:28:32,Image,35,3,3,3,"Bengaluru, Karnataka",#nature #fitness #trending
IG_2413908300,rahul_rocks9,2025-12-07 18:40:54,Image,937,164,62,130,,#photography #fashion #viral #trending #fitness
IG_3816375152,foodie_anjali39,2025-12-07 19:05:17,Reel,302,51,11,55,"Pune, Maharashtra",#fitness #viral
IG_6491364712,foodie_anjali47,2025-12-07 22:42:58,Carousel,1067,36,65,236,,#instagood #travel #viral #nature #music #photooftheday
IG_2820240899,kavita_art89,2025-12-08 01:44:37,Image,14,1,0,1,"Dubai, UAE",#viral #art #foodie #fashion
IG_4455511276,amit_travels33,2025-12-08 05:09:23,Image,111,2,4,17,,#fashion #lifestyle #instagood #foodie #love #trending
IG_0378925137,the_wanderer49,2025-12-08 07:56:55,Reel,89,2,3,12,,#travel #photography #lifestyle #love #music #instagood
IG_8009126967,sneha_style73,2025-12-08 10:37:22,Carousel,1609,321,17,395,,#instagood #lifestyle
IG_6020683185,kavita_art56,2025-12-08 16:26:32,Image,105,9,1,2,"Ahmedabad, Gujarat",#lifestyle #fashion #nature #photooftheday
IG_3983356642,the_wanderer49,2025-12-08 16:35:21,Video,1494,78,39,308,"Ahmedabad, Gujarat",#viral #photooftheday #love #fitness #photography
IG_1226404711,rahul_rocks70,2025-12-09 03:00:52,Image,164,9,3,12,,#fitness #photooftheday #lifestyle #art #nature #travel
IG_7742245067,ramesh_vlogs85,2025-12-09 03:54:04,Image,14,1,0,1,"Bali, Indonesia",#fitness #nature
IG_7284313711,foodie_anjali90,2025-12-09 09:23:21,Carousel,238,20,4,25,,#foodie #travel #instagood #art
IG_5527582253,sneha_style92,2025-12-09 10:28:25,Image,40,0,3,0,"Bengaluru, Karnataka",#foodie #music #love
IG_0094213703,amit_travels99,2025-12-09 10:30:38,Image,245,43,11,44,"Jaipur, Rajasthan",#photography #fitness #foodie #photooftheday #viral #instagood
IG_0506379145,style_icon83,2025-12-09 14:16:08,Image,417,33,24,94,,#foodie #instagood #trending
IG_8128716631,sneha_style14,2025-12-09 17:44:26,Image,169,18,2,5,"Paris, France",#photooftheday #viral #foodie #photography #fitness #music
IG_8019800852,ramesh_vlogs21,2025-12-10 00:20:52,Video,858,84,11,200,"Dubai, UAE",#nature #viral #art #trending #fashion #foodie
IG_4445602903,suresh_fitness16,2025-12-10 00:30:29,Video,61,5,3,9,"Bali, Indonesia",#photooftheday #fitness #photography #art
IG_3205690396,kavita_art89,2025-12-10 11:17:13,Reel,315,24,30,70,,#photooftheday #fitness #trending #instagood
IG_2731927889,ramesh_vlogs48,2025-12-10 17:48:48,Reel,10605,1752,792,1106,"Mumbai, Maharashtra",#art #fashion #trending
IG_0246652221,priya_daily44,2025-12-10 19:50:14,Image,141,13,2,10,"Dubai, UAE",#viral #fitness #love #foodie
IG_3065510574,suresh_fitness8,2025-12-10 21:12:54,Image,34,3,1,2,"Dubai, UAE",#photooftheday #nature
IG_9729643774,ramesh_vlogs48,2025-12-11 01:11:33,Reel,695,32,12,104,,#music #fashion #photooftheday #lifestyle #foodie #instagood
IG_3278915474,sneha_style56,2025-12-11 04:12:23,Carousel,285,13,5,41,,#foodie #art #instagood #music
IG_3492221309,the_wanderer21,2025-12-11 04:26:59,Carousel,1332,214,7,173,,#photooftheday #lifestyle #trending #foodie #nature #art
IG_7968521558,priya_daily71,2025-12-11 06:13:27,Carousel,94,6,7,3,"Jaipur, Rajasthan",#viral #travel #instagood #photooftheday
IG_0981094535,rohit_tech37,2025-12-12 01:07:59,Image,172,25,13,21,"Bengaluru, Karnataka",#photography #viral #instagood
IG_2129347316,suresh_fitness49,2025-12-12 10:24:42,Reel,252,27,11,20,"Dubai, UAE",#travel #instagood #photography #foodie
IG_9661728732,rahul_rocks55,2025-12-12 10:53:57,Reel,142,9,8,22,,#photography #love #music #nature
IG_0313597506,priya_daily65,2025-12-12 18:41:28,Image,8,1,0,1,,#music #foodie #fitness #fashion #viral #instagood
IG_4217241258,rahul_rocks71,2025-12-12 21:57:54,Video,428,20,35,21,"Jaipur, Rajasthan",#trending #fashion
IG_7916659497,rahul_rocks88,2025-12-12 23:31:18,Reel,77,10,2,10,"Goa, India",#instagood #music #nature #viral
IG_8222494917,ramesh_vlogs13,2025-12-12 23:53:50,Image,72,9,3,16,,#foodie #love #music #trending #fashion #fitness
IG_5316555794,the_wanderer61,2025-12-13 00:41:39,Reel,11,0,0,2,,#love #instagood #foodie
IG_7339647435,rahul_rocks31,2025-12-13 00:51:05,Carousel,678,46,10,49,"Dubai, UAE",#love #music #photography
IG_7595200301,foodie_anjali64,2025-12-13 00:53:08,Image,178,13,4,17,"Delhi, India",#photography #travel #photooftheday #lifestyle #love
IG_2467238818,foodie_anjali93,2025-12-13 02:47:04,Image,23,2,1,4,"Goa, India",#nature #trending #instagood
IG_7697427318,ramesh_vlogs50,2025-12-13 08:45:11,Carousel,16,2,1,0,"Bali, Indonesia",#fitness #art #photooftheday #nature
IG_8943080428,kavita_art88,2025-12-13 10:52:45,Reel,769,60,72,176,,#fitness #fashion #photooftheday #lifestyle
IG_6748745326,foodie_anjali5,2025-12-13 11:34:05,Reel,340,17,33,53,,#fashion #viral #love #photography #art
IG_4609350240,priya_daily48,2025-12-13 12:33:36,Carousel,84,15,0,3,"Paris, France",#music #nature #travel #foodie #love #viral
IG_3863735386,suresh_fitness86,2025-12-13 13:44:08,Image,18,3,0,3,,#art #nature #photooftheday #fitness
IG_2949643106,foodie_anjali91,2025-12-13 16:08:41,Image,27,3,0,4,"Dubai, UAE",#music #photooftheday #nature #foodie
IG_2217126518,ramesh_vlogs69,2025-12-13 16:14:06,Image,996,184,26,188,,#photooftheday #foodie
IG_3476276755,ramesh_vlogs97,2025-12-13 16:27:00,Reel,373,34,37,80,,#love #trending
IG_8788167674,suresh_fitness17,2025-12-13 17:15:09,Carousel,140,3,2,22,"Delhi, India",#trending #instagood #art #viral
IG_1281705021,the_wanderer21,2025-12-14 00:09:34,Reel,5602,970,97,316,,#love #nature #art
IG_3229589107,foodie_anjali94,2025-12-14 03:40:43,Reel,34,5,0,8,,#nature #love #fashion
IG_7769100390,sneha_style42,2025-12-14 04:28:47,Carousel,51,4,3,1,"Bali, Indonesia",#viral #fashion #trending
IG_2666831750,style_icon80,2025-12-15 05:25:48,Video,30,0,2,2,"Goa, India",#instagood #nature
IG_4195306832,rohit_tech43,2025-12-15 10:04:11,Image,218,39,6,9,,#photography #fitness #instagood
IG_6963871751,rohit_tech25,2025-12-15 10:05:28,Reel,363,14,13,85,"Jaipur, Rajasthan",#travel #fashion #instagood #nature #trending #lifestyle
IG_7909468095,sneha_style13,2025-12-15 17:32:03,Reel,5918,1032,567,499,"Mumbai, Maharashtra",#lifestyle #instagood #travel
IG_8504825164,suresh_fitness80,2025-12-15 17:45:03,Carousel,17,0,0,2,,#photooftheday #fitness #travel #viral
IG_1775286619,the_wanderer30,2025-12-15 23:51:32,Image,56,6,0,6,"Paris, France",#fashion #instagood #travel #photooftheday #art #nature
IG_1874650213,rohit_tech71,2025-12-16 00:53:20,Image,691,65,31,55,"Bali, Indonesia",#lifestyle #nature
IG_7691550083,ramesh_vlogs82,2025-12-16 02:46:15,Reel,263,11,11,25,,#love #fashion
IG_2071966911,style_icon84,2025-12-16 03:36:53,Reel,92,10,3,10,"Bengaluru, Karnataka",#lifestyle #nature
IG_1586854908,rohit_tech49,2025-12-16 09:25:32,Image,198,15,13,16,"Jaipur, Rajasthan",#nature #music
IG_6603147460,priya_daily31,2025-12-16 09:35:29,Image,188,24,7,7,"Bali, Indonesia",#nature #music #trending #fashion #travel
IG_5254477942,amit_travels64,2025-12-16 11:18:06,Image,377,20,29,71,"Mumbai, Maharashtra",#love #foodie #photography #music
IG_5391667512,ramesh_vlogs87,2025-12-16 11:56:21,Image,63,5,6,9,"Bali, Indonesia",#trending #fitness
IG_6201372108,style_icon87,2025-12-16 12:56:50,Image,2274,426,27,278,,#fashion #art #lifestyle #instagood #music #foodie
IG_8102365259,suresh_fitness43,2025-12-16 16:38:36,Reel,465,56,19,73,"Bengaluru, Karnataka",#instagood #music #nature #trending #photooftheday
IG_4877729750,rohit_tech95,2025-12-16 23:12:13,Image,36,3,2,1,"Jaipur, Rajasthan",#viral #photooftheday #trending #fashion
IG_3263368780,rahul_rocks9,2025-12-17 05:01:22,Carousel,20,2,1,1,"Mumbai, Maharashtra",#art #lifestyle #viral #photography #travel
IG_3360744737,ramesh_vlogs70,2025-12-17 09:28:11,Carousel,883,41,9,135,"Dubai, UAE",#foodie #fitness #fashion
IG_3861332897,amit_travels96,2025-12-17 16:45:33,Reel,642,44,43,55,,#viral #love #fitness #trending #foodie #travel
IG_0557528265,rahul_rocks56,2025-12-17 22:41:56,Reel,114,21,10,3,,#music #photography #instagood #fitness #fashion #travel
IG_5340884459,ramesh_vlogs83,2025-12-18 01:25:57,Image,136,23,6,18,,#art #music
IG_2163431274,rohit_tech58,2025-12-18 01:30:14,Reel,79,8,3,2,,#foodie #art #instagood #viral
IG_6642902391,rohit_tech2,2025-12-18 03:28:28,Image,243,5,21,28,"Jaipur, Rajasthan",#music #art #love #photography #instagood
IG_0424559817,amit_travels82,2025-12-18 18:17:09,Reel,197,19,6,44,,#music #fitness
IG_3229563793,rohit_tech67,2025-12-18 20:37:46,Image,108,18,8,3,"Pune, Maharashtra",#fitness #lifestyle #love #trending
IG_6370782882,suresh_fitness97,2025-12-18 23:12:06,Image,12,0,0,0,"Delhi, India",#photooftheday #fashion #music #instagood
IG_0747369195,suresh_fitness59,2025-12-19 01:40:21,Video,625,97,34,34,,#nature #fashion #travel #photography
IG_6259444375,ramesh_vlogs36,2025-12-19 04:08:21,Video,493,31,37,63,"Jaipur, Rajasthan",#fitness #photooftheday
IG_7973962663,sneha_style32,2025-12-19 11:19:16,Video,14,2,0,1,"Bengaluru, Karnataka",#music #fashion #instagood #art #trending #fitness
IG_2157343251,style_icon47,2025-12-19 12:56:08,Image,60,2,3,2,"Bali, Indonesia",#love #trending #nature
IG_9494194821,the_wanderer24,2025-12-19 23:22:19,Carousel,106,5,10,15,"Ahmedabad, Gujarat",#art #foodie
IG_0007414423,foodie_anjali59,2025-12-20 05:29:05,Video,2866,174,82,692,,#nature #trending
IG_6080495535,foodie_anjali50,2025-12-20 05:50:17,Image,580,17,10,21,"Pune, Maharashtra",#lifestyle #instagood
IG_9409790298,ramesh_vlogs5,2025-12-20 13:27:58,Reel,13833,765,719,2305,"Paris, France",#trending #viral #art
IG_1003091978,style_icon90,2025-12-20 16:11:01,Carousel,132,1,1,21,"Ahmedabad, Gujarat",#love #photography #music #nature #trending
IG_2891954326,the_wanderer32,2025-12-21 06:39:21,Reel,80,7,1,7,,#photography #music #travel #love #nature #viral
IG_3278522792,ramesh_vlogs81,2025-12-21 12:28:06,Carousel,144,21,4,29,"Paris, France",#lifestyle #nature #viral
IG_6221151034,amit_travels47,2025-12-22 00:49:59,Image,57,7,3,7,"Goa, India",#nature #instagood #fashion #art #lifestyle
IG_8439458546,ramesh_vlogs37,2025-12-22 02:50:48,Reel,655,43,17,157,,#lifestyle #music #instagood #photooftheday
IG_1460875014,ramesh_vlogs81,2025-12-22 05:08:05,Image,299,54,28,37,"Jaipur, Rajasthan",#art #fitness
IG_4852387071,amit_travels21,2025-12-22 11:00:38,Image,59,8,5,6,"Goa, India",#viral #photography
IG_4045662433,style_icon12,2025-12-22 11:15:54,Image,48,8,3,3,"Goa, India",#viral #love #music #foodie #art
IG_0967317237,sneha_style2,2025-12-22 11:55:22,Image,136,5,1,29,"Ahmedabad, Gujarat",#fashion #love #lifestyle #fitness #nature #foodie
IG_4926640710,kavita_art61,2025-12-22 14:17:20,Reel,32,5,2,7,"Ahmedabad, Gujarat",#trending #lifestyle
IG_7711303056,foodie_anjali31,2025-12-22 15:12:03,Video,81,8,2,8,,#viral #travel #love #fitness #music #photography
IG_5740340748,ramesh_vlogs12,2025-12-22 20:44:45,Image,682,116,3,118,"Paris, France",#music #art #nature #trending #love
IG_3752871334,the_wanderer25,2025-12-22 23:26:34,Image,915,48,57,162,,#foodie #love #lifestyle
IG_9791063904,ramesh_vlogs66,2025-12-23 00:18:29,Carousel,25,0,1,4,,#travel #photography
IG_0599732742,the_wanderer2,2025-12-23 02:18:02,Image,102,7,8,11,,#fitness #photooftheday
IG_7022360378,ramesh_vlogs71,2025-12-23 04:58:42,Video,309,33,14,72,,#foodie #fashion #trending #photooftheday #travel
IG_8849765348,amit_travels82,2025-12-23 10:59:19,Carousel,55,7,2,8,"Delhi, India",#trending #art #lifestyle
IG_3155875937,amit_travels31,2025-12-23 12:36:41,Reel,18,0,0,1,,#lifestyle #art #music #instagood #foodie #travel
IG_2470760332,style_icon8,2025-12-23 13:30:11,Reel,1587,285,114,284,"Dubai, UAE",#viral #fashion #travel
IG_9263761393,priya_daily6,2025-12-23 23:52:13,Image,240,40,19,38,"Delhi, India",#photography #art #travel #music
IG_3069621777,ramesh_vlogs32,2025-12-24 06:53:33,Image,244,46,14,15,,#foodie #viral #art #fitness
IG_5301055301,style_icon16,2025-12-24 10:41:01,Image,252,27,25,45,"Paris, France",#art #photography #photooftheday #lifestyle
IG_6206604639,priya_daily47,2025-12-24 14:12:36,Image,2393,271,170,538,"Bengaluru, Karnataka",#instagood #foodie
IG_7011154626,sneha_style34,2025-12-24 22:55:03,Image,90,10,6,6,"Delhi, India",#viral #photography
IG_0802335548,foodie_anjali32,2025-12-24 23:48:49,Image,6,0,0,0,,#lifestyle #art #fashion
IG_6101092812,rohit_tech58,2025-12-25 00:59:52,Image,1119,161,77,77,,#photography #viral #fashion
IG_1964936837,sneha_style75,2025-12-25 03:49:10,Image,33,4,0,1,"Paris, France",#trending #fashion #photography #fitness
IG_2539361217,suresh_fitness13,2025-12-25 04:06:53,Image,76,3,2,5,"Paris, France",#photooftheday #love
IG_1173323609,foodie_anjali82,2025-12-25 05:12:35,Image,64,6,4,6,"Bali, Indonesia",#music #trending #viral #fashion #photooftheday #lifestyle
IG_7090141370,priya_daily54,2025-12-25 15:38:01,Carousel,82,10,7,9,,#fashion #nature #photography
IG_6627407630,style_icon49,2025-12-25 17:28:33,Carousel,337,25,7,81,"Bali, Indonesia",#music #fashion
IG_4161029599,amit_travels59,2025-12-25 17:43:29,Image,333,28,15,70,"Dubai, UAE",#travel #photooftheday #viral #photography #fitness #love
IG_9005070957,foodie_anjali7,2025-12-25 18:05:06,Reel,127,16,5,17,"Ahmedabad, Gujarat",#photography #trending
IG_5068696557,rohit_tech5,2025-12-25 23:17:29,Image,7,1,0,1,,#instagood #nature #viral #photooftheday #photography
IG_0069385189,priya_daily65,2025-12-26 09:45:48,Reel,171,27,5,4,,#photography #fitness
IG_3094207635,amit_travels86,2025-12-26 10:05:14,Image,34,0,0,6,"Delhi, India",#travel #music #lifestyle #fashion #nature
IG_8286673869,priya_daily27,2025-12-26 11:24:30,Video,659,10,33,104,,#lifestyle #viral #love #instagood #nature
IG_1917477845,the_wanderer68,2025-12-26 12:52:10,Image,80,3,0,2,"Bengaluru, Karnataka",#art #instagood
IG_9303083226,foodie_anjali38,2025-12-26 18:23:49,Reel,522,66,33,127,"Dubai, UAE",#love #nature #fitness #travel
IG_4488295616,rahul_rocks52,2025-12-26 20:00:45,Reel,611,43,43,81,,#photooftheday #viral #nature #art #travel #photography
IG_0476042107,amit_travels50,2025-12-26 21:13:04,Carousel,206,6,9,5,"Pune, Maharashtra",#nature #music #love #travel
IG_0654370135,rahul_rocks76,2025-12-26 23:06:25,Image,55,3,4,13,"Paris, France",#instagood #fitness #photography
IG_1089505765,priya_daily72,2025-12-27 03:07:09,Video,55,2,2,3,"Bali, Indonesia",#trending #lifestyle #viral #nature #love
IG_2781095712,priya_daily3,2025-12-27 19:16:42,Video,429,72,14,88,"Dubai, UAE",#viral #photooftheday #love #travel
IG_4672217360,priya_daily72,2025-12-28 01:55:00,Reel,18,1,0,1,"Dubai, UAE",#nature #instagood
IG_9223052281,kavita_art87,2025-12-28 03:20:40,Image,55,8,3,7,,#music #art #viral #photography #fitness
IG_6247066573,kavita_art11,2025-12-28 11:32:06,Reel,79,12,4,4,"Jaipur, Rajasthan",#fashion #travel
IG_5794678539,rahul_rocks30,2025-12-28 12:49:48,Reel,251,37,23,22,"Ahmedabad, Gujarat",#fashion #music
IG_7684756956,kavita_art32,2025-12-28 13:53:32,Image,42,4,3,7,,#foodie #photography
IG_0552009376,sneha_style70,2025-12-28 15:21:58,Image,378,50,5,29,,#travel #photography #music #lifestyle #art #fashion
IG_7327909384,style_icon83,2025-12-28 17:44:26,Image,114,13,1,20,,#viral #travel
IG_4865644899,foodie_anjali25,2025-12-28 18:17:57,Video,53,4,3,5,"Ahmedabad, Gujarat",#photooftheday #travel #fitness #music
IG_2953642958,ramesh_vlogs56,2025-12-29 07:11:01,Image,30,5,0,4,,#music #trending #nature #viral
IG_2224821231,rahul_rocks89,2025-12-29 07:34:25,Carousel,1007,136,31,188,"Dubai, UAE",#fitness #photography
IG_0182734923,amit_travels15,2025-12-29 15:15:37,Reel,297,8,21,59,,#viral #travel
IG_8470283489,rahul_rocks86,2025-12-29 19:33:56,Image,51,8,1,1,"Bali, Indonesia",#fitness #foodie
IG_7062640553,rahul_rocks9,2025-12-30 00:08:04,Video,122,19,11,13,"Ahmedabad, Gujarat",#music #instagood #viral #photooftheday #art
IG_3085250565,amit_travels82,2025-12-30 03:23:31,Reel,19,1,1,3,,#music #travel #lifestyle #nature
IG_5617586153,foodie_anjali15,2025-12-30 04:19:32,Image,56,10,3,6,,#fitness #instagood #trending
IG_3384812069,priya_daily8,2025-12-30 05:03:45,Image,50,5,4,9,,#fashion #music #art #photooftheday #viral #travel
IG_9084165256,ramesh_vlogs20,2025-12-30 05:32:47,Reel,23,1,0,0,,#lifestyle #fashion #trending #viral #travel #nature
IG_2534847763,rahul_rocks2,2025-12-30 09:00:30,Reel,119,8,0,28,"Bali, Indonesia",#instagood #photography #music
IG_0634161977,amit_travels82,2025-12-30 11:10:33,Video,22,1,1,2,,#foodie #art #love #fitness #trending #lifestyle
IG_1219357850,rohit_tech9,2025-12-30 18:26:43,Reel,832,73,41,98,"Bengaluru, Karnataka",#travel #music #fashion #trending #foodie
IG_1431932472,rahul_rocks19,2025-12-31 12:18:19,Carousel,421,31,11,56,,#photography #lifestyle #music
IG_7090940902,suresh_fitness80,2025-12-31 14:30:49,Carousel,31,4,2,6,,#lifestyle #trending #music
IG_2975543400,style_icon21,2025-12-31 15:51:51,Image,1085,105,20,256,,#instagood #art #travel #lifestyle #fitness
IG_9491303451,kavita_art54,2025-12-31 20:36:26,Reel,116,16,10,2,"Mumbai, Maharashtra",#fashion #music #viral #love #photography
IG_2648027914,foodie_anjali19,2026-01-01 05:45:36,Image,4,0,0,0,,#instagood #lifestyle #fashion #art
IG_6288809910,priya_daily49,2026-01-01 11:38:23,Reel,36,3,2,6,"Goa, India",#fitness #viral #trending #love
IG_6042142594,priya_daily53,2026-01-01 12:53:30,Carousel,153,15,4,9,,#travel #photography
IG_7269624711,style_icon98,2026-01-01 14:49:29,Image,131,21,0,28,"Paris, France",#instagood #fitness #lifestyle #photography #travel
IG_7560625826,style_icon33,2026-01-01 19:28:17,Video,149,14,10,6,"Goa, India",#travel #photography
IG_5831737581,amit_travels17,2026-01-01 23:17:29,Reel,998,184,85,34,,#instagood #nature #love #viral #music #photooftheday
IG_6641639137,style_icon93,2026-01-01 23:53:40,Image,261,30,10,53,"Jaipur, Rajasthan",#travel #trending
IG_5376301663,amit_travels80,2026-01-02 01:10:34,Reel,88,10,1,7,"Dubai, UAE",#instagood #fashion #photooftheday
IG_1104670720,sneha_style35,2026-01-02 03:58:33,Reel,374,58,9,70,,#photography #lifestyle #nature #fashion #viral
IG_7574140591,style_icon53,2026-01-02 04:32:35,Reel,82,4,2,3,,#trending #nature #fashion
IG_5672596317,the_wanderer63,2026-01-02 12:36:40,Image,221,3,5,44,"Goa, India",#photography #fashion #lifestyle #trending
IG_9302828592,foodie_anjali91,2026-01-02 14:15:04,Image,15,1,0,1,"Mumbai, Maharashtra",#lifestyle #fashion #travel
IG_5630503449,rohit_tech81,2026-01-02 20:41:57,Video,562,87,46,116,"Pune, Maharashtra",#photooftheday #photography #music
IG_9905969945,kavita_art84,2026-01-03 06:13:59,Reel,82,12,4,4,"Delhi, India",#lifestyle #music #love #photography #nature #art
IG_7478228981,foodie_anjali88,2026-01-03 07:50:31,Image,211,33,16,34,"Jaipur, Rajasthan",#foodie #music #travel
IG_8572529245,ramesh_vlogs60,2026-01-03 09:14:46,Carousel,933,171,75,166,"Paris, France",#travel #photooftheday
IG_5356903874,amit_travels34,2026-01-03 09:37:38,Image,703,51,54,127,"Ahmedabad, Gujarat",#nature #photography
IG_6748840374,ramesh_vlogs82,2026-01-03 11:36:27,Reel,273,3,11,47,"Goa, India",#art #foodie
IG_6215627473,foodie_anjali35,2026-01-03 12:28:50,Image,163,23,11,29,,#foodie #fitness
IG_9319995192,suresh_fitness87,2026-01-03 13:58:50,Image,31,2,2,7,,#lifestyle #trending
IG_1613143245,the_wanderer56,2026-01-03 15:53:16,Image,154,4,7,6,"Bengaluru, Karnataka",#fashion #travel #photography
IG_1451189991,amit_travels80,2026-01-03 18:18:34,Reel,3438,185,304,176,,#photography #instagood #fashion #foodie #love #viral
IG_6629536745,style_icon64,2026-01-03 19:45:11,Image,78,1,7,9,,#trending #art #fitness
IG_2372053358,rahul_rocks90,2026-01-04 02:27:03,Image,709,78,22,149,"Delhi, India",#instagood #foodie #trending #photography #fashion
IG_8846203744,amit_travels5,2026-01-04 05:10:27,Carousel,3,0,0,0,"Bengaluru, Karnataka",#fitness #love #music #art
IG_8786325752,style_icon56,2026-01-04 07:57:55,Image,9,1,0,1,,#trending #love #photography #lifestyle
IG_7831099115,ramesh_vlogs72,2026-01-04 10:20:36,Image,46,2,1,1,"Dubai, UAE",#viral #love #photography #music
IG_6989466982,rahul_rocks6,2026-01-04 10:26:28,Image,409,41,26,66,,#love #travel
IG_2209825268,kavita_art78,2026-01-04 14:50:58,Image,77,7,2,8,"Dubai, UAE",#instagood #trending #foodie #lifestyle #photooftheday #fashion
IG_4711975695,rahul_rocks65,2026-01-04 18:23:13,Video,468,18,20,56,"Paris, France",#viral #foodie #travel #love #photography #fitness
IG_9648052752,the_wanderer13,2026-01-04 20:19:38,Reel,55,6,2,3,,#instagood #nature #foodie #fitness
IG_1853120950,priya_daily95,2026-01-05 00:28:33,Image,1702,159,100,51,"Jaipur, Rajasthan",#trending #viral #fashion #foodie #love
IG_2823092752,style_icon91,2026-01-05 03:43:58,Video,285,23,18,11,"Delhi, India",#music #instagood #trending #art
IG_6826238900,sneha_style48,2026-01-05 06:46:23,Image,62,4,2,12,"Jaipur, Rajasthan",#music #travel
IG_7012315853,priya_daily30,2026-01-05 09:23:26,Carousel,111,22,3,3,"Pune, Maharashtra",#art #instagood #love #fitness
IG_1581231046,rahul_rocks5,2026-01-05 10:55:16,Reel,79,10,1,6,"Bengaluru, Karnataka",#instagood #lifestyle
IG_3314068593,priya_daily9,2026-01-05 21:17:54,Video,16,3,1,1,,#photography #music
IG_2237132080,rahul_rocks70,2026-01-05 21:45:59,Reel,93,14,1,9,,#art #instagood
IG_1001611158,rohit_tech43,2026-01-06 00:02:34,Reel,4791,141,308,1076,"Bali, Indonesia",#photography #instagood #viral #photooftheday #fitness
IG_6907163903,amit_travels83,2026-01-06 06:38:55,Image,121,7,7,27,,#travel #foodie #love
IG_5572393377,the_wanderer26,2026-01-06 16:03:41,Video,13,1,0,0,"Bali, Indonesia",#instagood #foodie #fitness #lifestyle #love #fashion
IG_5244554449,priya_daily35,2026-01-06 21:19:22,Carousel,308,55,17,72,"Ahmedabad, Gujarat",#lifestyle #fitness #instagood #nature #trending
IG_0881364753,the_wanderer65,2026-01-06 21:21:02,Image,722,88,58,31,"Dubai, UAE",#fitness #trending #music #nature
IG_0777573597,the_wanderer57,2026-01-07 02:26:07,Image,733,39,26,178,,#travel #nature #art #fashion
IG_9551333166,sneha_style85,2026-01-07 15:19:16,Image,939,139,84,123,,#foodie #nature #lifestyle #love #trending #art
IG_1228976651,amit_travels53,2026-01-07 19:54:29,Reel,803,148,35,169,,#foodie #art
IG_8273760705,foodie_anjali65,2026-01-07 19:58:20,Carousel,191,27,12,18,"Jaipur, Rajasthan",#photooftheday #trending #photography #music #fashion #foodie
IG_3748853121,amit_travels51,2026-01-07 22:43:01,Carousel,453,83,6,37,"Mumbai, Maharashtra",#instagood #love
IG_3528250599,rahul_rocks8,2026-01-07 22:43:13,Video,83,3,4,13,"Delhi, India",#instagood #viral
IG_1720569683,priya_daily9,2026-01-07 22:57:02,Video,57,9,3,9,,#trending #nature #instagood
IG_7633793993,amit_travels7,2026-01-08 03:11:53,Reel,1571,69,88,186,"Bengaluru, Karnataka",#instagood #love #photography #fashion
IG_6676770660,kavita_art92,2026-01-08 03:36:32,Carousel,146,11,9,28,,#love #lifestyle
IG_3583967149,amit_travels60,2026-01-08 03:58:23,Video,38,6,1,3,,#photooftheday #foodie #instagood #viral #music
IG_3724965951,suresh_fitness57,2026-01-08 07:33:18,Reel,456,31,27,34,"Goa, India",#photography #fashion
IG_6444798483,the_wanderer67,2026-01-08 07:36:14,Video,59,3,3,9,,#travel #nature #fashion #foodie #photooftheday
IG_2142673667,rahul_rocks78,2026-01-08 07:47:33,Reel,290,22,14,53,,#art #trending
IG_1007740498,kavita_art86,2026-01-08 08:17:12,Image,30,4,1,1,"Pune, Maharashtra",#photography #music #love #art #fitness #foodie
IG_3386815781,suresh_fitness32,2026-01-08 13:35:50,Image,2397,229,52,530,,#viral #art #lifestyle #fashion #photooftheday #foodie
IG_5067027759,style_icon10,2026-01-08 20:08:12,Carousel,422,47,30,92,,#travel #music
IG_6241439433,the_wanderer39,2026-01-08 22:44:17,Image,161,15,2,18,"Ahmedabad, Gujarat",#art #love #music #trending #instagood
IG_7690999966,amit_travels81,2026-01-08 22:59:15,Image,32,4,2,4,"Jaipur, Rajasthan",#viral #trending
IG_6461355559,rahul_rocks90,2026-01-09 00:33:41,Carousel,1674,78,137,386,"Jaipur, Rajasthan",#viral #nature #foodie #instagood #music #fashion
IG_3909538704,amit_travels89,2026-01-09 05:55:07,Carousel,76,9,0,18,,#trending #foodie #love #instagood #travel #photography
IG_4983548737,ramesh_vlogs65,2026-01-09 06:37:27,Reel,61,10,0,4,"Goa, India",#fitness #art #instagood #foodie
IG_8528872095,style_icon82,2026-01-09 08:24:02,Carousel,253,14,12,32,"Dubai, UAE",#foodie #trending #photooftheday #travel
IG_7729679326,rahul_rocks34,2026-01-09 10:16:32,Image,17,3,1,0,,#instagood #photooftheday
IG_6624886717,style_icon20,2026-01-09 12:34:29,Carousel,199,15,19,7,"Pune, Maharashtra",#viral #foodie #music #fitness
IG_7531071719,style_icon19,2026-01-09 14:40:24,Image,10,0,0,2,"Goa, India",#instagood #nature #photography #trending
IG_3452614533,foodie_anjali83,2026-01-10 03:34:25,Reel,101,10,7,3,"Bengaluru, Karnataka",#foodie #fashion
IG_0620416285,sneha_style22,2026-01-10 06:28:25,Image,60,5,3,5,"Delhi, India",#photooftheday #viral #nature
IG_3833853771,suresh_fitness92,2026-01-10 07:45:02,Reel,1297,13,127,217,,#lifestyle #fitness
IG_7212194525,priya_daily75,2026-01-10 12:19:25,Carousel,626,7,6,138,,#lifestyle #instagood
IG_9064505458,priya_daily54,2026-01-10 14:11:00,Image,223,11,12,22,"Dubai, UAE",#photography #fashion #trending #foodie #viral #fitness
IG_2435677920,ramesh_vlogs46,2026-01-10 14:17:07,Image,171,26,6,42,"Bengaluru, Karnataka",#music #travel #photography #art #fashion #fitness
IG_6021337789,amit_travels28,2026-01-10 14:47:20,Image,52,1,4,8,,#fitness #nature #trending
IG_0265716692,suresh_fitness47,2026-01-10 14:56:51,Carousel,1086,195,16,107,"Goa, India",#love #music #fashion #trending #art #photography
IG_5501517319,the_wanderer28,2026-01-10 16:58:40,Video,100,15,3,6,,#travel #photooftheday #photography #foodie #fitness #instagood
IG_9046113884,rahul_rocks17,2026-01-10 21:56:46,Image,45,2,3,5,"Jaipur, Rajasthan",#instagood #fitness #love
IG_6136320049,kavita_art88,2026-01-11 01:27:28,Video,88,5,5,2,,#love #art #trending
IG_2018404925,rohit_tech31,2026-01-11 03:47:13,Image,19,3,1,0,"Jaipur, Rajasthan",#photography #nature #lifestyle #fitness
IG_0216527738,rohit_tech30,2026-01-11 05:56:14,Reel,70,13,5,8,,#lifestyle #fashion #foodie #nature
IG_3016174456,sneha_style10,2026-01-11 06:20:22,Image,889,143,22,32,"Mumbai, Maharashtra",#love #travel
IG_7539902221,sneha_style46,2026-01-11 11:03:50,Image,139,8,12,9,,#photooftheday #viral #love
IG_5990785394,priya_daily93,2026-01-11 21:14:46,Carousel,674,41,36,36,"Pune, Maharashtra",#lifestyle #art #photography
IG_9088774299,rahul_rocks22,2026-01-12 01:46:33,Video,136,20,4,31,"Jaipur, Rajasthan",#lifestyle #nature #love #photooftheday
IG_8990207837,style_icon9,2026-01-12 03:06:35,Reel,53,5,3,10,"Mumbai, Maharashtra",#nature #art #viral #trending #photography #love
IG_7910767955,priya_daily90,2026-01-12 16:04:20,Video,235,5,9,17,,#foodie #art #viral #travel #instagood #love
IG_3377110357,rahul_rocks15,2026-01-12 16:53:57,Carousel,66,12,2,9,"Pune, Maharashtra",#photooftheday #photography #foodie
IG_4340570804,style_icon54,2026-01-12 19:01:20,Reel,158,12,8,5,,#music #fitness #fashion #art #photooftheday #nature
IG_9703028141,priya_daily9,2026-01-12 20:50:34,Video,394,30,6,59,"Dubai, UAE",#fashion #love #fitness
IG_6235170271,kavita_art87,2026-01-12 21:47:12,Video,112,10,8,3,"Jaipur, Rajasthan",#trending #lifestyle
IG_2633125844,ramesh_vlogs40,2026-01-12 23:54:59,Reel,47,1,3,6,,#art #fitness #photooftheday
IG_8413708014,amit_travels91,2026-01-13 02:46:08,Image,21,1,0,4,"Dubai, UAE",#love #music #trending #fitness #travel #fashion
IG_7745493196,sneha_style93,2026-01-13 06:09:19,Video,629,17,24,109,,#love #travel #art
IG_1273486739,ramesh_vlogs49,2026-01-13 09:30:43,Reel,242,18,13,6,"Mumbai, Maharashtra",#foodie #travel #music #trending #photooftheday #art
IG_5640284732,style_icon43,2026-01-13 13:37:22,Video,647,35,25,111,,#nature #fitness
IG_1275704354,sneha_style7,2026-01-13 14:11:20,Image,34,5,0,2,"Bali, Indonesia",#travel #love #fitness #nature
IG_8903783789,style_icon4,2026-01-13 21:00:37,Image,136,22,0,25,"Pune, Maharashtra",#fitness #music #art #nature #photooftheday #fashion
IG_7563983642,rahul_rocks7,2026-01-14 02:34:00,Image,9,0,0,2,"Bali, Indonesia",#foodie #fitness #photography
IG_3370269984,rohit_tech99,2026-01-14 03:00:18,Image,2132,21,54,305,,#instagood #trending #viral
IG_1098768805,kavita_art9,2026-01-14 03:15:51,Reel,336,33,3,22,,#nature #love #lifestyle #photography
IG_6894367742,style_icon81,2026-01-14 04:11:44,Carousel,737,119,37,139,"Bengaluru, Karnataka",#viral #fashion #photooftheday #foodie #photography #nature
IG_2823432925,suresh_fitness65,2026-01-14 08:07:42,Reel,1173,156,60,255,"Bali, Indonesia",#instagood #lifestyle
IG_6615534327,suresh_fitness65,2026-01-14 08:45:16,Carousel,1788,23,44,108,,#lifestyle #instagood #love #photooftheday
IG_4030826288,sneha_style95,2026-01-14 10:27:19,Reel,5,0,0,0,"Jaipur, Rajasthan",#viral #foodie #fashion #nature #lifestyle
IG_6111327387,foodie_anjali43,2026-01-14 10:32:02,Image,121,2,6,23,"Bengaluru, Karnataka",#fitness #art #instagood #trending #music
IG_7901090751,style_icon81,2026-01-14 14:40:53,Image,338,5,4,39,"Goa, India",#foodie #instagood #music #travel
IG_4882977182,rahul_rocks33,2026-01-14 17:44:25,Reel,148,21,8,5,,#lifestyle #love #travel
IG_7731758371,priya_daily62,2026-01-14 19:44:35,Reel,397,63,34,14,"Delhi, India",#travel #instagood
IG_0769386997,style_icon19,2026-01-14 20:20:36,Carousel,6,0,0,0,,#photooftheday #music #fashion #viral #photography
IG_3634916962,suresh_fitness10,2026-01-14 21:20:35,Reel,3942,208,223,575,"Pune, Maharashtra",#viral #love #photooftheday #nature #travel #lifestyle
IG_5097019818,rohit_tech66,2026-01-14 23:39:55,Reel,26,1,2,4,"Bali, Indonesia",#photooftheday #fitness #love #lifestyle #nature
IG_1521711280,foodie_anjali75,2026-01-15 00:04:25,Image,138,5,0,8,"Jaipur, Rajasthan",#viral #foodie
IG_2524190933,rohit_tech68,2026-01-15 04:07:52,Image,6561,830,233,438,"Pune, Maharashtra",#travel #fashion
IG_6608713061,style_icon8,2026-01-15 07:07:00,Image,71,5,5,13,"Mumbai, Maharashtra",#instagood #art #photography #music #travel #foodie
IG_5280250234,kavita_art87,2026-01-15 09:52:23,Carousel,82,11,5,18,"Bengaluru, Karnataka",#travel #fitness #photooftheday #foodie
IG_9426669580,amit_travels23,2026-01-15 10:43:32,Image,47,7,0,10,"Jaipur, Rajasthan",#lifestyle #love #music #fashion
IG_3714073506,priya_daily37,2026-01-15 18:19:15,Carousel,38,3,1,4,,#fashion #lifestyle #nature #foodie #photography #love
IG_1648974590,sneha_style8,2026-01-15 22:15:52,Image,111,2,8,27,,#trending #travel
IG_6497576000,foodie_anjali41,2026-01-16 01:03:12,Image,278,7,22,26,,#art #photography #viral #fashion
IG_6883010937,priya_daily53,2026-01-16 01:57:10,Reel,733,86,47,59,"Delhi, India",#fitness #lifestyle
IG_2902871781,rahul_rocks4,2026-01-16 02:29:35,Reel,41,7,1,9,"Paris, France",#travel #foodie #fitness #love #photography
IG_2246438870,rohit_tech33,2026-01-16 03:27:54,Image,1149,229,24,175,,#foodie #trending #lifestyle
IG_7190201440,foodie_anjali97,2026-01-16 06:00:55,Video,76,8,5,6,,#nature #travel
IG_0717459825,the_wanderer76,2026-01-16 11:00:47,Reel,50,9,4,10,,#trending #photooftheday #viral #lifestyle #fashion #foodie
IG_9428505285,foodie_anjali57,2026-01-16 12:05:46,Reel,13,0,0,1,"Pune, Maharashtra",#art #viral #travel #fitness
IG_6502484681,style_icon74,2026-01-16 12:16:30,Video,51,2,4,10,"Mumbai, Maharashtra",#lifestyle #travel #nature #fashion
IG_6858705653,kavita_art61,2026-01-16 13:53:01,Reel,960,132,64,47,"Delhi, India",#photography #travel
IG_3105702805,rohit_tech81,2026-01-17 06:41:11,Reel,95,4,4,23,,#lifestyle #foodie #viral #fashion
IG_3477631848,sneha_style27,2026-01-17 07:15:55,Image,634,56,31,37,"Bali, Indonesia",#photography #viral #photooftheday #nature #travel
IG_2799461262,rahul_rocks69,2026-01-17 08:45:17,Reel,2162,274,49,289,"Dubai, UAE",#foodie #photooftheday #fitness #art #fashion #instagood
IG_6305989556,priya_daily77,2026-01-17 13:41:25,Image,262,10,17,53,"Bengaluru, Karnataka",#instagood #nature #photography
IG_7765733773,rohit_tech51,2026-01-17 18:12:24,Image,128,17,6,14,"Bali, Indonesia",#foodie #art #travel #fashion #photography
IG_5390572938,style_icon30,2026-01-17 22:00:17,Reel,1554,175,80,244,"Mumbai, Maharashtra",#travel #love
IG_7873571410,rahul_rocks38,2026-01-17 22:26:29,Image,31,2,0,5,"Jaipur, Rajasthan",#travel #fashion #photooftheday #trending #love #viral
IG_7652650702,suresh_fitness29,2026-01-18 13:52:05,Image,76,12,3,7,"Jaipur, Rajasthan",#fashion #trending #music #fitness
IG_2457553622,priya_daily95,2026-01-18 15:03:13,Reel,49,2,1,3,"Goa, India",#music #instagood
IG_2604737912,foodie_anjali87,2026-01-18 16:38:42,Reel,384,39,23,56,"Bengaluru, Karnataka",#viral #lifestyle #nature
IG_4799010845,sneha_style41,2026-01-19 02:08:30,Carousel,89,5,7,10,,#photooftheday #love #lifestyle
IG_7912253051,the_wanderer23,2026-01-19 03:02:18,Image,507,48,49,123,"Dubai, UAE",#lifestyle #travel #viral
IG_3074321716,priya_daily13,2026-01-19 05:47:54,Video,11470,560,1095,1799,"Jaipur, Rajasthan",#trending #travel
IG_6275631413,style_icon8,2026-01-19 09:54:28,Carousel,803,137,10,196,"Delhi, India",#fitness #instagood #photography #music #foodie #lifestyle
IG_6517756220,amit_travels84,2026-01-19 13:30:29,Image,175,9,15,43,"Bali, Indonesia",#fitness #photooftheday #trending #art #fashion #music
IG_1816109388,rahul_rocks75,2026-01-19 13:36:24,Carousel,1256,95,91,82,,#fashion #music #travel #trending
IG_2533311325,kavita_art27,2026-01-19 17:07:39,Video,86,10,7,7,"Bengaluru, Karnataka",#music #art #foodie #photooftheday #nature #viral
IG_6926047610,sneha_style15,2026-01-19 19:51:30,Carousel,15,2,1,3,"Dubai, UAE",#lifestyle #trending #fashion #fitness
IG_2907259049,style_icon56,2026-01-19 22:18:23,Image,737,84,22,29,,#photooftheday #nature #trending
IG_2669204608,amit_travels92,2026-01-20 00:31:34,Carousel,219,26,1,43,"Pune, Maharashtra",#fashion #photooftheday #nature #art #fitness #instagood
IG_8762873761,priya_daily30,2026-01-20 08:37:19,Image,329,39,26,77,"Delhi, India",#fitness #trending #music #love #photooftheday
IG_9557993829,priya_daily51,2026-01-20 16:57:36,Reel,35,4,2,1,"Paris, France",#trending #love #music #fashion
IG_9085507316,rahul_rocks40,2026-01-20 17:30:31,Image,13,0,0,1,,#nature #love #trending #lifestyle
IG_4940525358,sneha_style36,2026-01-20 21:04:17,Video,378,74,8,15,,#love #art #foodie #viral #travel
IG_3114357222,the_wanderer49,2026-01-20 21:35:38,Carousel,448,79,27,14,"Goa, India",#music #fashion #photooftheday #trending
IG_9348839885,rohit_tech96,2026-01-21 02:11:09,Carousel,77,9,6,15,"Delhi, India",#photography #trending #photooftheday #nature
IG_0123992369,amit_travels78,2026-01-21 05:38:16,Carousel,381,73,19,78,"Dubai, UAE",#love #nature #art #photooftheday
IG_6682643688,kavita_art17,2026-01-21 12:43:41,Video,106,9,9,21,"Ahmedabad, Gujarat",#viral #instagood #nature #love #lifestyle #fashion
IG_9079670189,sneha_style25,2026-01-21 14:02:03,Image,39,3,1,2,"Mumbai, Maharashtra",#fashion #art
IG_8428684445,the_wanderer31,2026-01-21 15:47:53,Image,192,8,1,18,"Pune, Maharashtra",#instagood #fitness #nature #lifestyle #art #photooftheday
IG_1044436314,the_wanderer20,2026-01-21 20:31:55,Reel,1,0,0,0,"Jaipur, Rajasthan",#fitness #trending #viral #photooftheday
IG_0606359440,amit_travels29,2026-01-21 20:37:32,Video,411,70,6,10,"Jaipur, Rajasthan",#fashion #viral #foodie #instagood #photography #travel
IG_9944248567,kavita_art11,2026-01-22 02:39:02,Carousel,18,3,0,2,"Mumbai, Maharashtra",#trending #lifestyle #foodie
IG_8788317852,ramesh_vlogs10,2026-01-22 12:38:55,Carousel,213,7,2,17,"Delhi, India",#nature #trending #instagood #foodie
IG_7310106775,suresh_fitness93,2026-01-22 17:32:32,Carousel,71,11,2,6,"Jaipur, Rajasthan",#foodie #travel #trending #art
IG_9450273325,priya_daily54,2026-01-23 03:57:03,Reel,497,55,37,46,"Pune, Maharashtra",#fitness #photooftheday #photography #trending #foodie #art
IG_2090257369,kavita_art9,2026-01-23 09:43:05,Video,693,137,42,133,"Bali, Indonesia",#fitness #photography #art #lifestyle #love
IG_6978254790,suresh_fitness19,2026-01-23 10:40:22,Video,134,5,9,24,"Pune, Maharashtra",#art #photography #trending
IG_0682697797,foodie_anjali2,2026-01-23 11:57:51,Image,735,36,6,110,"Bali, Indonesia",#instagood #lifestyle
IG_6643442813,amit_travels70,2026-01-23 14:45:12,Carousel,408,5,31,67,,#photooftheday #nature #travel #lifestyle
IG_1236059784,the_wanderer90,2026-01-23 21:48:55,Carousel,507,20,3,74,,#foodie #art #music #photooftheday
IG_7781970557,amit_travels80,2026-01-24 04:36:37,Image,26,0,2,4,"Bengaluru, Karnataka",#photooftheday #fitness #photography #fashion #lifestyle #foodie
IG_1371551708,sneha_style82,2026-01-24 06:56:28,Video,181,34,17,14,"Jaipur, Rajasthan",#travel #photooftheday #trending #lifestyle #fitness
IG_7411685262,kavita_art32,2026-01-24 20:18:50,Carousel,97,1,3,7,,#foodie #music #trending #nature
IG_4888366514,suresh_fitness52,2026-01-24 21:02:35,Image,447,72,10,87,"Goa, India",#fitness #photography #travel #lifestyle
IG_4156363377,amit_travels2,2026-01-25 00:59:22,Carousel,75,9,1,7,"Paris, France",#fashion #photography #love
IG_8109927192,sneha_style43,2026-01-25 03:30:27,Reel,118,18,5,23,"Ahmedabad, Gujarat",#foodie #trending #lifestyle #fashion #nature #travel
IG_0837323803,suresh_fitness66,2026-01-25 04:36:31,Reel,97,8,3,15,"Jaipur, Rajasthan",#photooftheday #travel
IG_2872600624,foodie_anjali25,2026-01-25 14:52:09,Video,59,2,1,12,,#trending #photooftheday #lifestyle #fitness #instagood #fashion
IG_4870168022,rohit_tech83,2026-01-25 18:44:29,Image,371,62,17,42,"Bengaluru, Karnataka",#nature #viral #fitness #photooftheday #music
IG_4417412164,the_wanderer55,2026-01-25 20:01:05,Reel,145,3,6,27,,#fashion #fitness
IG_6283663272,rohit_tech28,2026-01-26 01:35:04,Carousel,27,0,0,2,,#music #viral #instagood #travel #photography
IG_1558938045,rahul_rocks50,2026-01-26 09:25:35,Image,222,44,15,48,"Paris, France",#fashion #trending
IG_5816487265,suresh_fitness47,2026-01-26 10:25:39,Image,22,0,2,1,,#instagood #love #nature #photography #viral #fitness
IG_9736136061,ramesh_vlogs46,2026-01-26 10:49:32,Carousel,195,17,11,12,"Bali, Indonesia",#music #instagood #travel #love #nature
IG_1666752329,amit_travels7,2026-01-26 11:38:46,Video,71,1,1,3,,#fitness #travel #fashion #music
IG_0549768805,sneha_style33,2026-01-26 18:53:08,Carousel,18,0,1,3,"Pune, Maharashtra",#love #music #instagood #viral #fitness #nature
IG_2480319271,amit_travels5,2026-01-26 19:30:06,Reel,650,57,45,31,"Goa, India",#photooftheday #art
IG_0646388350,style_icon97,2026-01-26 21:26:39,Reel,264,22,11,18,"Goa, India",#trending #nature
IG_0696918424,priya_daily36,2026-01-27 02:30:53,Reel,32,3,0,4,"Delhi, India",#fashion #viral #nature #art #music
IG_4455039634,sneha_style99,2026-01-27 08:39:18,Image,92,7,2,2,"Pune, Maharashtra",#photooftheday #lifestyle #art #trending #photography
IG_7600253341,ramesh_vlogs35,2026-01-27 10:02:18,Image,457,44,22,40,"Bengaluru, Karnataka",#art #trending #travel #photooftheday #fashion
IG_4341358623,style_icon12,2026-01-27 14:12:29,Carousel,55,5,4,1,,#trending #fitness
IG_9445485635,rohit_tech98,2026-01-27 18:55:23,Image,44,3,2,7,"Ahmedabad, Gujarat",#fashion #lifestyle #love #photooftheday #viral #instagood
IG_7775652063,ramesh_vlogs72,2026-01-27 20:03:03,Reel,293,45,21,42,,#trending #foodie #instagood #art #fitness #photooftheday
IG_3509591661,sneha_style15,2026-01-27 21:39:08,Video,693,54,18,21,,#instagood #fashion #trending
IG_5348058861,suresh_fitness86,2026-01-28 02:54:04,Carousel,104,12,5,4,"Dubai, UAE",#fashion #instagood
IG_6937434498,ramesh_vlogs95,2026-01-28 02:59:31,Image,59,11,1,1,,#viral #love
IG_0200196878,amit_travels17,2026-01-28 03:24:51,Carousel,15,1,1,0,,#lifestyle #instagood #travel
IG_2605249381,rahul_rocks49,2026-01-28 04:36:15,Reel,172,14,9,13,,#nature #art
IG_5137723491,sneha_style49,2026-01-28 09:33:18,Image,61,12,2,1,"Bengaluru, Karnataka",#nature #fashion #instagood
IG_3336236872,the_wanderer3,2026-01-28 14:01:50,Image,152,19,13,24,"Ahmedabad, Gujarat",#fashion #fitness #instagood
IG_4429174301,style_icon35,2026-01-28 20:23:49,Reel,6,0,0,0,,#love #viral #fitness #travel #foodie
IG_7340548779,style_icon93,2026-01-28 21:16:53,Image,195,29,12,29,,#fashion #nature #instagood
IG_3013293459,rahul_rocks8,2026-01-28 22:57:33,Image,474,66,12,37,,#photography #viral
IG_8527853188,kavita_art65,2026-01-29 00:08:21,Carousel,162,5,2,28,,#photography #lifestyle #instagood #love #trending
IG_5104607914,amit_travels11,2026-01-29 01:17:43,Image,135,24,5,33,"Bengaluru, Karnataka",#love #nature #lifestyle
IG_0661651369,the_wanderer77,2026-01-29 03:30:53,Carousel,594,103,8,57,,#music #fashion #art #photography #travel #lifestyle
IG_6424452380,rohit_tech8,2026-01-29 06:22:37,Carousel,27,0,2,1,,#fitness #viral
IG_8310491089,kavita_art63,2026-01-29 07:24:47,Carousel,1088,15,43,166,"Dubai, UAE",#fashion #art #instagood #lifestyle
IG_8878359124,amit_travels63,2026-01-29 13:54:54,Image,221,3,7,13,,#lifestyle #photography #viral #instagood
IG_6309943181,foodie_anjali3,2026-01-29 14:46:32,Carousel,404,34,36,81,,#music #photooftheday #travel #nature #photography #foodie
IG_9328304375,style_icon75,2026-01-29 18:32:21,Image,299,25,16,60,"Delhi, India",#photography #love #photooftheday #music
IG_6552905110,style_icon60,2026-01-29 19:31:43,Reel,266,40,10,52,"Mumbai, Maharashtra",#music #travel #instagood #foodie
IG_9740466917,the_wanderer16,2026-01-29 19:42:46,Image,88,6,1,14,"Goa, India",#fashion #viral #trending #nature #foodie
IG_4606258454,sneha_style34,2026-01-29 22:00:46,Image,86,8,1,3,"Bali, Indonesia",#art #photooftheday
IG_3788149631,rahul_rocks82,2026-01-29 22:56:23,Carousel,487,18,36,113,"Ahmedabad, Gujarat",#fitness #instagood #art #trending
IG_5066511080,suresh_fitness32,2026-01-30 03:21:09,Reel,30,4,2,4,,#photooftheday #travel
IG_6728992377,suresh_fitness54,2026-01-30 03:26:06,Reel,2305,165,84,550,"Dubai, UAE",#fitness #nature #fashion #love
IG_5674469171,the_wanderer55,2026-01-30 12:31:58,Image,68,12,6,8,"Bali, Indonesia",#fitness #love #instagood #nature #trending #viral
IG_0503301935,foodie_anjali91,2026-01-30 14:50:12,Image,140,24,8,34,,#love #travel #art #lifestyle #photooftheday #viral
IG_6335091359,foodie_anjali60,2026-01-30 16:30:39,Carousel,204,36,10,4,,#viral #nature
IG_8669907549,style_icon30,2026-01-31 01:24:48,Video,310,20,28,21,,#lifestyle #fashion
IG_0404770822,rahul_rocks47,2026-01-31 04:23:24,Reel,1,0,0,0,"Bengaluru, Karnataka",#trending #photooftheday #music
IG_2832846419,sneha_style16,2026-01-31 08:50:11,Carousel,38,6,0,3,"Goa, India",#love #trending #viral #music #photography #instagood
IG_7744532003,rohit_tech94,2026-01-31 12:48:12,Image,36,1,2,2,"Pune, Maharashtra",#music #trending
IG_6112346127,priya_daily76,2026-01-31 15:01:07,Carousel,421,7,40,14,"Pune, Maharashtra",#art #lifestyle #viral #instagood #foodie
IG_7653497380,the_wanderer90,2026-01-31 21:13:03,Carousel,241,9,14,49,,#viral #music #fitness #lifestyle #art #love
IG_5799422481,priya_daily93,2026-02-01 04:12:08,Image,18,1,0,2,,#music #travel #fitness #trending #fashion #lifestyle
IG_7110377404,priya_daily48,2026-02-01 10:26:29,Carousel,32,4,2,1,,#instagood #fitness
IG_1832907784,rahul_rocks23,2026-02-01 13:19:01,Carousel,92,2,5,13,"Goa, India",#fashion #instagood #travel
IG_4519713768,sneha_style19,2026-02-01 14:13:29,Image,184,6,1,26,"Pune, Maharashtra",#trending #photography #instagood
IG_2475369136,amit_travels2,2026-02-01 15:08:37,Video,8,0,0,1,"Ahmedabad, Gujarat",#nature #instagood #music #fitness #trending
IG_6264892275,style_icon48,2026-02-01 17:23:00,Video,225,35,1,52,,#photography #nature
IG_6225692327,foodie_anjali3,2026-02-02 01:06:44,Carousel,767,101,47,54,,#love #fitness #foodie
IG_0935263880,the_wanderer98,2026-02-02 03:22:54,Reel,677,90,42,123,,#fitness #art #love #trending
IG_5054972391,kavita_art38,2026-02-02 11:26:12,Reel,34,2,0,6,,#trending #music #fitness #art #travel #lifestyle
IG_9127934537,rohit_tech2,2026-02-02 18:49:04,Carousel,313,48,8,28,,#photography #fitness #viral
IG_4661771754,foodie_anjali72,2026-02-03 02:40:37,Carousel,4,0,0,0,"Bengaluru, Karnataka",#photography #travel #fitness #love #viral
IG_8643977773,style_icon59,2026-02-03 12:15:44,Carousel,159,21,3,30,"Jaipur, Rajasthan",#music #instagood #fashion #art #nature
IG_5349223030,ramesh_vlogs30,2026-02-03 17:22:06,Video,52,6,3,8,"Goa, India",#nature #travel #fitness
IG_0685249063,the_wanderer80,2026-02-03 21:41:33,Video,211,12,8,19,,#love #instagood #fitness #music #foodie #fashion
IG_8716217775,ramesh_vlogs17,2026-02-03 22:31:18,Video,1249,132,124,203,,#travel #photooftheday #fitness
IG_8259869245,priya_daily63,2026-02-04 04:25:59,Video,184,26,11,15,,#photography #foodie #nature #fashion #travel
IG_8764280807,foodie_anjali81,2026-02-04 16:00:04,Image,53,9,3,12,,#nature #photography
IG_3654056964,rohit_tech70,2026-02-04 16:43:14,Image,126,20,10,30,"Bali, Indonesia",#travel #foodie #fitness #fashion
IG_9818268921,ramesh_vlogs20,2026-02-04 17:38:27,Image,62,4,1,12,"Goa, India",#nature #art #instagood
IG_8932272089,ramesh_vlogs73,2026-02-04 17:44:17,Image,245,43,15,41,,#music #viral #nature
IG_0767364563,sneha_style3,2026-02-04 18:50:27,Image,44,2,1,5,,#music #travel #trending
IG_7243546530,ramesh_vlogs15,2026-02-05 10:48:40,Carousel,275,14,2,43,,#music #trending #fitness #photooftheday
IG_8004933709,suresh_fitness5,2026-02-05 11:22:08,Image,84,12,2,10,"Delhi, India",#music #photooftheday #art #love #nature
IG_5011145097,style_icon26,2026-02-05 12:17:25,Image,1209,67,106,228,"Delhi, India",#trending #viral #art #love #foodie
IG_0311227093,priya_daily38,2026-02-05 14:23:02,Reel,1315,246,19,135,,#fitness #fashion #photooftheday #art #love #lifestyle
IG_8435988592,amit_travels13,2026-02-05 21:12:50,Carousel,77,14,2,5,"Bengaluru, Karnataka",#photography #love #fashion #art
IG_7100814375,amit_travels53,2026-02-06 01:46:40,Carousel,38,5,2,5,,#art #travel
IG_4060470303,kavita_art75,2026-02-06 06:52:25,Image,105,18,9,13,,#trending #music #photography #art #love
IG_1531091768,kavita_art63,2026-02-06 08:18:37,Carousel,22,3,0,4,,#viral #art #instagood
IG_5099517017,sneha_style66,2026-02-06 08:50:09,Image,75,11,3,10,"Bali, Indonesia",#foodie #fashion
IG_0504730467,kavita_art82,2026-02-06 10:28:41,Reel,35,0,0,5,"Delhi, India",#photooftheday #fashion #viral #photography #nature #art
IG_5306144204,priya_daily69,2026-02-06 15:43:20,Video,913,91,38,35,"Bengaluru, Karnataka",#nature #photooftheday #trending #fitness #love #fashion
IG_9477201915,style_icon49,2026-02-06 17:26:22,Image,108,13,9,2,,#viral #fashion #art
IG_0364441680,suresh_fitness30,2026-02-06 17:44:02,Image,178,9,12,31,"Goa, India",#music #instagood #foodie #nature
IG_1267309052,ramesh_vlogs45,2026-02-06 18:35:56,Reel,138,22,13,19,"Bengaluru, Karnataka",#music #art #viral #trending #photography #nature
IG_5955403429,foodie_anjali98,2026-02-06 20:26:47,Image,1434,112,78,76,"Dubai, UAE",#travel #foodie #fashion #lifestyle
IG_2559002522,suresh_fitness35,2026-02-06 20:45:14,Image,309,43,11,36,"Ahmedabad, Gujarat",#nature #photography #photooftheday #viral
IG_0321659045,amit_travels56,2026-02-06 20:53:32,Image,216,35,17,33,"Bali, Indonesia",#art #instagood
IG_0355707635,ramesh_vlogs36,2026-02-07 00:25:39,Image,253,40,11,43,"Bengaluru, Karnataka",#love #photooftheday #travel
IG_3436375484,sneha_style55,2026-02-07 01:37:12,Image,557,108,38,74,"Dubai, UAE",#instagood #art
IG_6422420513,rohit_tech3,2026-02-07 01:57:51,Image,305,12,27,26,,#instagood #music #fitness #trending
IG_2800588282,kavita_art69,2026-02-07 05:44:03,Image,167,10,5,18,"Pune, Maharashtra",#art #travel #love #photography #lifestyle #trending
IG_9375416809,sneha_style1,2026-02-07 08:04:33,Image,679,42,31,85,,#music #travel #viral
IG_2976590596,rohit_tech66,2026-02-07 16:19:33,Reel,236,22,7,53,,#love #foodie
IG_7616434123,the_wanderer85,2026-02-08 01:35:34,Video,1921,377,154,256,,#fitness #photooftheday #lifestyle #foodie
IG_2259274952,ramesh_vlogs80,2026-02-08 04:05:26,Image,144,19,12,30,"Jaipur, Rajasthan",#nature #photography #fitness #instagood
IG_4046964829,amit_travels43,2026-02-08 21:18:17,Reel,189,31,9,46,"Goa, India",#fitness #travel
IG_6261481364,kavita_art34,2026-02-08 21:21:06,Carousel,252,20,2,16,,#travel #art #foodie #fashion #love #lifestyle
IG_9665462217,rohit_tech29,2026-02-08 23:46:59,Image,48,6,3,10,"Jaipur, Rajasthan",#foodie #love #lifestyle
IG_0119867516,priya_daily47,2026-02-09 00:24:33,Reel,1109,111,86,29,,#instagood #lifestyle #music #photography #fitness #nature
IG_0260249326,ramesh_vlogs50,2026-02-09 00:46:58,Reel,71,3,2,11,"Paris, France",#music #viral
IG_8199663666,suresh_fitness20,2026-02-09 13:36:15,Image,507,37,40,49,,#fashion #travel #viral #instagood #trending
IG_9749892205,amit_travels29,2026-02-09 15:34:05,Image,1854,104,121,236,,#trending #nature #travel #music
IG_0939881531,suresh_fitness91,2026-02-09 17:16:03,Carousel,8,0,0,0,,#lifestyle #instagood #photooftheday #fitness #foodie #trending
IG_6733061725,the_wanderer42,2026-02-09 18:11:10,Reel,97,12,8,13,"Mumbai, Maharashtra",#fitness #music #photooftheday #instagood
IG_5502247625,foodie_anjali29,2026-02-10 13:11:38,Image,740,31,68,175,"Dubai, UAE",#art #trending #viral #music #nature
IG_2707478548,rahul_rocks82,2026-02-10 20:48:47,Video,591,70,46,145,,#nature #photography #fashion
IG_3058503255,rohit_tech12,2026-02-11 04:11:52,Reel,61,9,4,9,,#photography #love #photooftheday #nature
IG_7473398898,priya_daily49,2026-02-11 05:22:54,Image,56,8,2,1,"Paris, France",#lifestyle #photography
IG_9572296006,sneha_style23,2026-02-11 07:01:45,Image,160,24,5,12,"Bali, Indonesia",#photooftheday #art #foodie
IG_7109972214,priya_daily39,2026-02-11 07:45:03,Carousel,89,10,6,20,"Paris, France",#love #photography #fashion
IG_9178534009,the_wanderer7,2026-02-11 07:46:26,Reel,108,3,0,8,"Mumbai, Maharashtra",#trending #fitness #nature
IG_0015890802,sneha_style4,2026-02-11 07:53:12,Video,137,23,11,12,,#viral #photooftheday #fashion #art
IG_3658229128,ramesh_vlogs17,2026-02-11 23:41:17,Image,11,1,1,1,,#travel #art #foodie #viral #music #lifestyle
IG_7561457891,the_wanderer43,2026-02-12 00:29:54,Image,67,9,1,12,,#fashion #lifestyle #viral #love #nature
IG_8861335508,rohit_tech29,2026-02-12 00:58:19,Video,41,6,1,6,"Mumbai, Maharashtra",#music #viral #photooftheday #instagood #art #nature
IG_4188047640,rohit_tech18,2026-02-12 06:25:03,Video,604,59,22,23,"Paris, France",#trending #love #instagood
IG_2583600323,foodie_anjali67,2026-02-12 07:23:18,Carousel,123,12,6,14,"Delhi, India",#viral #travel #photooftheday #trending
IG_4193473306,foodie_anjali49,2026-02-12 12:17:44,Image,26,4,2,2,"Delhi, India",#photography #fashion #music #lifestyle #love #instagood
IG_7252650257,foodie_anjali63,2026-02-12 17:01:46,Image,476,90,46,61,"Bali, Indonesia",#fitness #love #foodie
IG_9114368096,suresh_fitness49,2026-02-12 21:05:01,Carousel,25,3,1,4,,#nature #instagood #love #fashion
IG_1702960717,kavita_art29,2026-02-13 05:39:37,Reel,38,5,0,3,,#music #art #travel #photooftheday #viral #love
IG_3822252052,style_icon95,2026-02-13 06:57:06,Video,271,51,2,20,,#art #foodie
IG_1527555971,priya_daily98,2026-02-13 07:52:35,Image,7,1,0,1,"Delhi, India",#lifestyle #trending #fashion #love #instagood #nature
IG_9790072138,the_wanderer75,2026-02-13 09:34:21,Image,142,28,2,15,"Goa, India",#photography #lifestyle
IG_2180974809,the_wanderer11,2026-02-13 16:38:18,Image,84,10,4,12,,#nature #foodie #lifestyle #fitness
IG_8408275762,kavita_art63,2026-02-14 03:31:47,Reel,240,13,16,52,,#photography #travel #viral
IG_7702783915,suresh_fitness28,2026-02-14 09:55:44,Video,227,3,8,52,,#viral #instagood
IG_0174656140,amit_travels56,2026-02-14 10:57:51,Video,2,0,0,0,,#instagood #trending #art
IG_7541456858,kavita_art42,2026-02-14 11:09:32,Video,208,16,6,9,,#photooftheday #love #fitness
IG_7825237213,sneha_style95,2026-02-14 11:46:01,Image,153,4,12,19,"Paris, France",#foodie #fashion
IG_6061170621,foodie_anjali3,2026-02-14 23:34:29,Carousel,182,28,17,33,,#fashion #nature #foodie #instagood #love #travel
IG_6622224645,suresh_fitness10,2026-02-15 00:05:07,Video,720,63,64,133,"Pune, Maharashtra",#fashion #viral
IG_9555229539,kavita_art5,2026-02-15 06:25:34,Image,895,178,55,19,"Paris, France",#art #photography #foodie
IG_6524999574,amit_travels76,2026-02-15 21:42:04,Image,50,0,0,11,"Delhi, India",#fashion #trending #foodie #art #photooftheday #lifestyle
IG_1065610115,the_wanderer24,2026-02-16 04:57:41,Carousel,141,9,13,27,"Goa, India",#photography #photooftheday #art #fashion
IG_1247380413,rahul_rocks49,2026-02-16 05:44:26,Image,234,22,21,27,"Bali, Indonesia",#trending #love
IG_9761853079,sneha_style9,2026-02-16 06:32:44,Image,89,11,0,19,,#music #viral #lifestyle #instagood
IG_4105055036,the_wanderer48,2026-02-16 12:40:59,Reel,110,5,10,20,"Jaipur, Rajasthan",#lifestyle #nature
IG_7361865992,rohit_tech50,2026-02-16 13:55:38,Video,36,2,1,4,"Dubai, UAE",#trending #foodie #photography #photooftheday #viral
IG_3117489736,the_wanderer27,2026-02-16 20:32:25,Reel,47,6,4,10,,#instagood #fitness #foodie #viral #love
IG_3860031187,ramesh_vlogs74,2026-02-17 00:27:37,Image,123,18,11,17,,#instagood #music #love #travel #lifestyle
IG_0954261545,suresh_fitness95,2026-02-17 04:53:17,Image,20,2,0,2,,#music #viral #foodie #photooftheday #photography #fashion
IG_2146478767,foodie_anjali73,2026-02-17 07:20:11,Video,856,149,44,42,,#nature #fashion #photography #music #travel #viral
IG_5754767841,sneha_style17,2026-02-17 10:07:24,Video,609,8,9,111,,#photography #trending #viral #photooftheday #foodie #nature
IG_4506496134,amit_travels82,2026-02-17 10:56:45,Reel,179,3,12,11,"Bengaluru, Karnataka",#photography #travel #instagood #love #viral
IG_0331427157,priya_daily87,2026-02-17 17:40:50,Video,1218,82,13,257,,#viral #fitness #instagood #music
IG_8337114986,foodie_anjali21,2026-02-17 19:14:03,Image,211,28,13,15,,#lifestyle #viral
IG_7626114977,priya_daily87,2026-02-18 02:26:02,Image,386,63,17,59,,#instagood #fitness
IG_8286567486,kavita_art91,2026-02-18 03:53:17,Carousel,502,35,38,13,"Pune, Maharashtra",#music #fashion #viral #photooftheday #lifestyle
IG_8460107697,rohit_tech89,2026-02-18 07:23:58,Image,1468,168,117,95,"Goa, India",#foodie #travel #fitness #photography #trending
IG_1511795326,priya_daily8,2026-02-18 07:34:42,Reel,114,19,10,7,,#instagood #fashion #photography #foodie
IG_1429893837,foodie_anjali16,2026-02-18 08:29:25,Reel,142,27,11,19,,#fitness #lifestyle #fashion #travel
IG_4245734399,ramesh_vlogs31,2026-02-18 15:16:38,Video,50,6,1,12,"Paris, France",#music #fitness
IG_7847135629,rohit_tech17,2026-02-18 18:22:10,Reel,168,26,13,13,,#instagood #photography #art #music #foodie #nature
IG_3662077270,kavita_art77,2026-02-19 03:27:50,Video,592,81,23,77,"Goa, India",#viral #art #fitness #foodie
IG_4227112581,rohit_tech35,2026-02-19 08:05:08,Reel,483,83,35,35,,#art #instagood #nature #photooftheday
IG_7020379482,rahul_rocks85,2026-02-19 08:22:19,Image,92,5,4,5,"Mumbai, Maharashtra",#fashion #fitness
IG_4254911726,foodie_anjali97,2026-02-19 09:30:13,Image,61,5,1,5,"Paris, France",#trending #travel
IG_9468102876,the_wanderer44,2026-02-19 09:44:16,Image,131,8,6,9,"Mumbai, Maharashtra",#viral #music #foodie #photooftheday
IG_1583707428,style_icon22,2026-02-19 11:23:29,Image,282,22,3,70,"Ahmedabad, Gujarat",#trending #lifestyle #instagood #art #photooftheday
IG_8306180942,priya_daily40,2026-02-19 12:32:05,Reel,132,15,5,27,"Pune, Maharashtra",#fashion #travel #art #lifestyle
IG_1998358092,rahul_rocks9,2026-02-19 12:45:02,Image,128,24,0,29,"Paris, France",#nature #photography #fashion #travel #fitness
IG_3664799209,suresh_fitness86,2026-02-19 15:39:02,Image,268,19,10,8,"Delhi, India",#music #travel #photography #fitness
IG_9195863154,rahul_rocks1,2026-02-19 17:08:25,Video,178,14,12,39,"Bengaluru, Karnataka",#love #photography #music #fashion #viral #photooftheday
IG_3351140364,sneha_style20,2026-02-20 01:55:23,Reel,61,8,5,12,"Ahmedabad, Gujarat",#music #travel
IG_4750730166,kavita_art32,2026-02-20 04:46:38,Video,89,5,1,21,"Bengaluru, Karnataka",#fitness #viral #love #lifestyle
IG_3051598586,rahul_rocks44,2026-02-20 05:21:45,Image,36,7,0,1,"Jaipur, Rajasthan",#viral #lifestyle
IG_3613119821,suresh_fitness81,2026-02-20 13:26:56,Carousel,21,2,0,3,"Mumbai, Maharashtra",#fashion #art #lifestyle
IG_4149126226,amit_travels6,2026-02-20 14:14:21,Video,2566,197,65,222,"Paris, France",#trending #nature #fitness #lifestyle #fashion #art
IG_3578251656,foodie_anjali3,2026-02-20 15:30:20,Image,185,20,9,36,,#trending #instagood #nature #lifestyle #fitness
IG_7335621466,style_icon61,2026-02-21 01:35:14,Image,76,12,4,13,"Goa, India",#fitness #lifestyle #trending
IG_8679247994,style_icon9,2026-02-21 05:20:01,Video,131,23,0,19,"Pune, Maharashtra",#love #trending #foodie #viral #fashion
IG_8488378161,sneha_style83,2026-02-21 12:55:49,Reel,86,13,3,15,"Jaipur, Rajasthan",#lifestyle #instagood
IG_4337760115,priya_daily53,2026-02-21 13:57:18,Image,56,6,5,3,"Bengaluru, Karnataka",#love #music #fitness
IG_9077076240,rahul_rocks32,2026-02-21 15:43:12,Carousel,528,45,27,118,"Delhi, India",#instagood #photooftheday #nature #trending
IG_7039709953,ramesh_vlogs28,2026-02-21 21:29:49,Carousel,152,12,4,36,"Ahmedabad, Gujarat",#love #lifestyle #photooftheday #art
IG_8561066505,the_wanderer36,2026-02-22 00:46:44,Reel,202,30,3,12,,#photooftheday #love #lifestyle #fashion #viral
IG_2643101896,priya_daily98,2026-02-22 03:05:44,Video,4,0,0,0,,#nature #photography #photooftheday
IG_8761515477,style_icon78,2026-02-22 03:23:11,Carousel,220,42,5,35,,#photooftheday #art
IG_4462926551,ramesh_vlogs50,2026-02-22 07:34:45,Carousel,274,23,23,15,,#fitness #photooftheday
IG_9955111802,suresh_fitness22,2026-02-22 13:38:09,Carousel,373,40,30,7,,#fashion #photography #art
IG_3459297596,foodie_anjali93,2026-02-22 15:23:02,Image,28,2,1,3,"Bali, Indonesia",#photooftheday #art #love #music
IG_7553117895,rahul_rocks42,2026-02-22 16:08:49,Reel,1052,66,33,64,"Mumbai, Maharashtra",#love #music #art #foodie #viral #nature
IG_9433651284,the_wanderer11,2026-02-23 08:06:58,Carousel,84,3,2,7,"Jaipur, Rajasthan",#music #photography #foodie #fitness #lifestyle
IG_0985644366,suresh_fitness90,2026-02-23 11:28:58,Carousel,207,4,19,14,"Delhi, India",#foodie #lifestyle #fashion
IG_5285700513,rahul_rocks3,2026-02-23 16:35:20,Video,35,1,2,7,"Bengaluru, Karnataka",#photography #trending #art
IG_2734789130,amit_travels23,2026-02-23 18:10:53,Video,56,6,0,11,"Mumbai, Maharashtra",#instagood #music #trending #foodie #nature
IG_5290036796,style_icon71,2026-02-23 18:45:07,Carousel,34,4,0,3,"Pune, Maharashtra",#travel #fitness #music #viral
IG_7971148361,sneha_style68,2026-02-23 23:38:48,Image,8049,531,575,636,,#fashion #fitness
IG_6343768080,rohit_tech83,2026-02-24 07:02:42,Image,42,2,1,8,"Paris, France",#photography #photooftheday
IG_2502667232,priya_daily92,2026-02-24 07:07:05,Carousel,57,9,4,4,,#foodie #fashion #music #lifestyle
IG_7136516724,priya_daily38,2026-02-24 10:58:04,Image,182,23,15,17,,#love #art #photooftheday #foodie #lifestyle
IG_6718279796,rohit_tech4,2026-02-24 12:29:58,Image,476,44,26,26,"Bengaluru, Karnataka",#nature #travel #fitness #trending #foodie #viral
IG_0269441153,suresh_fitness28,2026-02-24 15:30:00,Reel,3047,212,143,116,,#music #photography
IG_2617975636,rohit_tech24,2026-02-24 17:07:16,Image,756,56,16,103,"Jaipur, Rajasthan",#foodie #art #fashion
IG_5765777910,sneha_style35,2026-02-25 01:48:37,Video,23,2,0,2,"Bali, Indonesia",#art #foodie
IG_8458888485,kavita_art19,2026-02-25 13:02:33,Image,52,8,4,5,"Pune, Maharashtra",#fitness #nature
IG_4526496853,style_icon21,2026-02-25 16:08:26,Image,160,6,2,25,"Pune, Maharashtra",#fitness #love #photography #trending
IG_4022600311,sneha_style80,2026-02-25 16:57:34,Reel,438,35,22,46,"Paris, France",#photography #nature #instagood
IG_0166669694,style_icon33,2026-02-25 17:54:15,Carousel,101,17,8,15,"Goa, India",#photooftheday #love #art #music #fashion #photography
IG_8483941305,rohit_tech72,2026-02-26 00:12:45,Image,1064,17,76,104,,#travel #art
IG_7214115991,style_icon7,2026-02-26 02:02:27,Image,1,0,0,0,,#photography #love
IG_0442874538,amit_travels1,2026-02-26 02:17:58,Image,49,0,0,4,"Goa, India",#fashion #foodie #music #photography
IG_6050240515,foodie_anjali12,2026-02-26 03:51:40,Video,87,15,5,15,"Delhi, India",#photooftheday #music #trending #foodie
IG_1686839707,rohit_tech13,2026-02-26 08:11:53,Image,42,7,1,2,"Paris, France",#photography #art
IG_4200687920,rohit_tech5,2026-02-26 14:46:25,Reel,685,107,21,106,"Bengaluru, Karnataka",#nature #love #viral #music #foodie
IG_9499403632,amit_travels16,2026-02-27 00:29:07,Image,145,23,2,34,,#travel #love
IG_4879721038,style_icon98,2026-02-27 06:21:14,Carousel,128,5,6,22,"Goa, India",#photography #fashion #love #music #nature #fitness
IG_4864735882,rohit_tech55,2026-02-27 09:14:00,Image,1134,47,97,240,,#instagood #trending #fitness
IG_5017067752,priya_daily4,2026-02-27 14:14:30,Image,568,27,4,78,"Jaipur, Rajasthan",#nature #instagood
IG_5635908046,rohit_tech80,2026-02-27 16:52:52,Reel,18,1,1,1,,#photography #fashion
IG_6879857461,suresh_fitness73,2026-02-28 04:51:28,Video,58,2,3,8,,#art #photography
IG_7847593175,the_wanderer25,2026-02-28 07:04:16,Image,214,28,4,6,"Bengaluru, Karnataka",#instagood #lifestyle #trending #viral #photography #nature
IG_5597203892,priya_daily96,2026-02-28 14:39:51,Image,58,6,5,6,,#travel #viral #trending #nature
IG_3438996767,suresh_fitness3,2026-02-28 21:45:46,Carousel,153,17,14,35,"Paris, France",#viral #instagood #love #trending
IG_2575023330,style_icon13,2026-03-01 04:29:41,Image,75,2,2,14,,#love #fitness #photography #travel #fashion #music
IG_0168076401,the_wanderer59,2026-03-01 06:55:22,Image,83,12,3,7,,#trending #music #fitness #viral #travel #lifestyle
IG_0334186585,ramesh_vlogs89,2026-03-01 07:35:59,Carousel,1221,176,87,43,"Paris, France",#fashion #viral #trending
IG_0215435858,kavita_art39,2026-03-01 09:52:30,Reel,32,4,2,3,,#music #lifestyle #nature #art
IG_7312782239,kavita_art34,2026-03-01 21:48:04,Image,1478,257,140,171,"Bengaluru, Karnataka",#nature #art #instagood #lifestyle #music #foodie
IG_3409170364,kavita_art31,2026-03-01 23:37:43,Image,961,63,33,174,,#fitness #instagood #art #fashion
IG_8217963767,the_wanderer75,2026-03-02 02:43:48,Image,279,43,15,23,,#travel #instagood #photooftheday
IG_8589375748,amit_travels50,2026-03-02 02:44:16,Video,417,6,17,104,"Dubai, UAE",#fitness #travel #art
IG_5425406436,rohit_tech62,2026-03-02 03:10:51,Carousel,203,14,19,41,"Jaipur, Rajasthan",#instagood #love #trending #photography #fashion #music
IG_0260360799,priya_daily84,2026-03-02 07:32:59,Reel,25,4,1,3,"Ahmedabad, Gujarat",#art #lifestyle #travel #trending
IG_4154915947,foodie_anjali96,2026-03-02 08:35:55,Reel,2514,138,166,411,"Ahmedabad, Gujarat",#instagood #lifestyle
IG_6059809692,foodie_anjali91,2026-03-02 11:55:25,Reel,17,1,0,3,"Dubai, UAE",#fitness #music #fashion
IG_0854773950,priya_daily25,2026-03-02 16:04:44,Image,159,6,15,22,,#trending #photography #photooftheday
IG_4650258927,amit_travels23,2026-03-02 17:21:22,Image,10,1,0,1,"Ahmedabad, Gujarat",#fashion #travel #foodie #viral #love
IG_6091463949,ramesh_vlogs55,2026-03-02 18:12:08,Image,144,25,14,17,"Goa, India",#love #fitness
IG_2640835184,kavita_art62,2026-03-02 19:43:30,Carousel,65,4,0,2,"Delhi, India",#instagood #nature #travel #foodie
IG_2941424740,priya_daily4,2026-03-02 22:25:12,Carousel,465,66,16,45,,#art #lifestyle #viral #photography
IG_9751283144,ramesh_vlogs99,2026-03-03 00:12:00,Reel,156,26,12,21,"Bengaluru, Karnataka",#photography #lifestyle #love
IG_1901900577,rahul_rocks64,2026-03-03 01:24:08,Reel,1291,225,34,91,"Ahmedabad, Gujarat",#nature #fashion
IG_1391775015,sneha_style98,2026-03-03 01:36:25,Carousel,113,8,8,5,"Bengaluru, Karnataka",#art #travel #music #viral #trending
IG_1240302626,kavita_art98,2026-03-03 01:40:19,Image,419,14,11,64,,#music #fashion
IG_2111733239,style_icon66,2026-03-03 16:03:18,Carousel,105,4,6,9,,#nature #instagood
IG_1452242016,suresh_fitness79,2026-03-03 18:07:35,Video,12,2,0,2,"Paris, France",#viral #travel #lifestyle #foodie #fashion #fitness
IG_4464651324,amit_travels77,2026-03-03 18:25:50,Reel,1027,128,42,53,"Jaipur, Rajasthan",#fashion #photooftheday #viral #instagood #love #music
IG_9893079156,ramesh_vlogs22,2026-03-03 18:33:00,Image,89,2,2,3,,#trending #fashion #music #lifestyle
IG_1062754614,rahul_rocks76,2026-03-04 02:19:34,Reel,1497,69,145,306,,#nature #instagood #foodie
IG_5514508673,priya_daily81,2026-03-04 03:43:22,Image,45,0,3,6,,#lifestyle #photography #instagood
IG_0536504998,the_wanderer58,2026-03-04 03:51:38,Video,97,8,8,16,,#foodie #travel #music
IG_6940121153,rahul_rocks3,2026-03-04 04:50:03,Image,14,1,1,1,"Ahmedabad, Gujarat",#nature #lifestyle #instagood #music #art #foodie
IG_8705278500,sneha_style52,2026-03-04 05:55:12,Video,22,1,1,4,,#music #fashion
IG_6956633097,suresh_fitness62,2026-03-04 06:21:41,Reel,40,7,0,7,,#nature #viral
IG_2501799248,rohit_tech99,2026-03-04 10:41:33,Image,277,24,3,45,,#art #photooftheday #love #travel
IG_3815808977,ramesh_vlogs54,2026-03-04 18:28:20,Image,110,21,5,6,"Bali, Indonesia",#music #trending #art #fashion #foodie
IG_2888413202,suresh_fitness79,2026-03-04 20:01:02,Reel,1437,167,25,128,"Mumbai, Maharashtra",#fitness #nature #viral
IG_9296309673,sneha_style8,2026-03-05 08:03:47,Reel,78,15,5,10,"Bengaluru, Karnataka",#fashion #trending #nature #love
IG_4384328149,foodie_anjali2,2026-03-05 09:37:21,Carousel,62,5,2,11,"Goa, India",#foodie #trending #photography #fitness
IG_4360017258,rahul_rocks45,2026-03-05 13:08:40,Image,111,20,10,8,,#foodie #lifestyle #nature #fashion
IG_8230596321,style_icon61,2026-03-05 13:13:38,Image,129,16,8,12,,#travel #viral #nature
IG_6553383559,rohit_tech32,2026-03-05 14:17:36,Image,416,74,17,100,"Bali, Indonesia",#instagood #art #lifestyle #travel
IG_2021189021,style_icon57,2026-03-05 16:44:54,Carousel,312,50,27,70,"Mumbai, Maharashtra",#art #photooftheday #fitness #lifestyle #photography #music
IG_5555993027,style_icon55,2026-03-05 18:08:25,Video,35,4,2,0,,#fitness #art
IG_4766216843,style_icon80,2026-03-05 22:38:12,Image,102,16,0,3,"Jaipur, Rajasthan",#nature #foodie #lifestyle #trending #photography
IG_6079327755,priya_daily90,2026-03-06 00:56:33,Reel,16,2,1,1,"Goa, India",#fashion #trending #viral #instagood #photooftheday
IG_2080679220,the_wanderer34,2026-03-06 03:22:35,Video,47,7,3,6,"Paris, France",#instagood #viral #music #photooftheday
IG_7508146180,foodie_anjali37,2026-03-06 05:37:53,Video,109,13,7,16,"Dubai, UAE",#trending #photooftheday
IG_4537854020,sneha_style56,2026-03-06 12:30:24,Image,71,10,5,2,"Delhi, India",#travel #fashion #photography #fitness #viral #instagood
IG_0227662978,the_wanderer68,2026-03-06 15:34:29,Reel,480,52,45,34,,#instagood #art #travel
IG_0569649177,rahul_rocks13,2026-03-06 20:29:48,Image,45,2,2,9,,#fashion #fitness #instagood #lifestyle #photooftheday
IG_1694837420,the_wanderer81,2026-03-06 21:23:30,Carousel,480,39,46,68,"Bali, Indonesia",#love #foodie #trending #viral #photooftheday
IG_7520505622,style_icon19,2026-03-06 23:42:41,Carousel,38,5,0,6,,#nature #foodie #travel #fitness
IG_0296467858,rahul_rocks19,2026-03-07 00:19:26,Reel,44,3,2,5,,#love #trending
IG_5504479024,sneha_style98,2026-03-07 00:23:47,Carousel,54,7,0,10,"Delhi, India",#fashion #travel #art #photooftheday #photography #nature
IG_8854418264,priya_daily17,2026-03-07 02:03:07,Image,637,111,14,29,"Pune, Maharashtra",#photooftheday #photography #foodie #lifestyle #fitness #fashion
IG_0329865530,kavita_art53,2026-03-07 02:34:29,Reel,76,5,5,16,,#lifestyle #fitness #photography #instagood #fashion
IG_6565690129,rahul_rocks76,2026-03-07 06:36:48,Image,48,8,3,5,"Bengaluru, Karnataka",#love #instagood #travel
IG_4112148523,sneha_style48,2026-03-07 10:46:11,Reel,1708,23,40,107,"Delhi, India",#music #nature #fitness #art
IG_1864401599,rahul_rocks63,2026-03-07 11:52:27,Carousel,93,6,6,19,"Dubai, UAE",#art #photooftheday #fashion #trending #travel
IG_0712606296,the_wanderer94,2026-03-07 21:19:19,Video,1334,260,46,150,,#lifestyle #fitness #foodie
IG_1349563029,suresh_fitness54,2026-03-07 21:49:14,Reel,101,16,9,14,,#viral #art #love #travel #instagood
IG_2595950340,ramesh_vlogs8,2026-03-07 23:01:54,Image,692,35,10,141,"Delhi, India",#fitness #trending #travel #photooftheday #nature
IG_0317686137,rohit_tech88,2026-03-08 00:22:07,Carousel,776,90,39,124,,#art #photography #instagood #lifestyle
IG_6367881103,the_wanderer94,2026-03-08 02:49:20,Image,1118,104,18,126,"Ahmedabad, Gujarat",#music #instagood #photooftheday
IG_0443887026,style_icon37,2026-03-08 08:16:51,Carousel,14,1,0,2,,#photography #travel #foodie
IG_3516021883,suresh_fitness63,2026-03-08 10:38:35,Image,428,81,5,86,"Jaipur, Rajasthan",#photography #viral #trending #photooftheday
IG_3034870711,suresh_fitness74,2026-03-08 11:49:10,Image,40,0,2,9,"Pune, Maharashtra",#fashion #foodie
IG_5692638082,priya_daily63,2026-03-08 18:29:52,Carousel,149,17,1,30,,#instagood #travel #lifestyle #photography #viral #fitness
IG_7128814000,priya_daily25,2026-03-09 01:49:13,Carousel,103,20,2,21,,#foodie #lifestyle #instagood
IG_1024796592,foodie_anjali7,2026-03-09 02:46:16,Image,21,2,0,2,"Ahmedabad, Gujarat",#music #fitness #photooftheday #art #nature
IG_8633736184,sneha_style45,2026-03-09 05:08:04,Image,16,2,0,3,,#viral #travel
IG_2696733447,the_wanderer89,2026-03-09 05:36:01,Reel,59,1,2,14,"Dubai, UAE",#music #lifestyle #trending #art #fitness #photography
IG_4202036205,kavita_art89,2026-03-09 11:11:58,Image,67,3,1,11,"Delhi, India",#fashion #travel #viral #lifestyle #photography
IG_4422196455,rohit_tech81,2026-03-09 15:31:11,Image,1370,47,35,282,"Pune, Maharashtra",#travel #fashion #nature
IG_8666772993,ramesh_vlogs77,2026-03-09 22:07:23,Reel,67,7,3,15,,#fitness #photography #travel #trending
IG_6584395386,ramesh_vlogs27,2026-03-10 08:27:46,Reel,555,53,50,91,,#art #foodie #nature
IG_5586503113,priya_daily10,2026-03-10 13:28:22,Image,264,34,8,29,,#love #foodie #trending #instagood
IG_9423421737,ramesh_vlogs65,2026-03-10 17:57:36,Reel,9,1,0,1,,#fitness #instagood #nature #viral
IG_9905336454,suresh_fitness55,2026-03-11 01:08:20,Reel,723,77,29,135,,#fitness #trending #music
IG_2505934408,the_wanderer41,2026-03-11 01:36:05,Reel,2958,222,193,414,,#travel #fashion #lifestyle #music #foodie #viral
IG_5981939588,priya_daily30,2026-03-11 04:28:14,Image,3932,485,214,784,,#lifestyle #love #viral #trending
IG_4839256234,kavita_art99,2026-03-11 05:14:53,Reel,256,49,5,7,,#fitness #love #trending #travel #nature
IG_6960502459,suresh_fitness58,2026-03-11 07:48:04,Image,98,4,7,6,"Pune, Maharashtra",#music #lifestyle #photooftheday
IG_6647529806,priya_daily3,2026-03-11 12:19:30,Reel,1863,31,46,222,"Jaipur, Rajasthan",#fashion #love #art #photography #foodie #viral
IG_1525139530,kavita_art21,2026-03-12 03:30:27,Image,1598,41,11,343,"Dubai, UAE",#travel #fitness
IG_2552969688,suresh_fitness9,2026-03-12 04:11:08,Reel,6,0,0,0,"Jaipur, Rajasthan",#viral #fashion #foodie
IG_3198916551,sneha_style28,2026-03-12 08:49:08,Image,567,82,11,56,,#love #travel #photooftheday #lifestyle #instagood #viral
IG_9529264050,kavita_art90,2026-03-12 19:00:25,Carousel,50,5,3,6,,#photooftheday #fitness #foodie #art
IG_2802812588,ramesh_vlogs53,2026-03-13 04:06:49,Reel,52,9,5,8,,#viral #fitness #lifestyle #instagood #nature #love
IG_5127577011,amit_travels7,2026-03-13 05:31:11,Image,198,11,7,40,"Dubai, UAE",#lifestyle #art #fashion #music #photooftheday
IG_5088246864,suresh_fitness95,2026-03-13 08:17:07,Image,291,55,19,36,"Mumbai, Maharashtra",#lifestyle #nature #photooftheday
IG_7061509230,the_wanderer42,2026-03-13 08:55:24,Reel,11,0,0,2,,#fitness #nature #foodie #music
IG_2902804590,priya_daily58,2026-03-13 13:47:53,Image,1065,35,49,211,"Goa, India",#photooftheday #photography #lifestyle #art
IG_7611422227,kavita_art27,2026-03-14 03:44:44,Image,656,58,22,41,"Bali, Indonesia",#art #fitness #instagood #fashion #music #nature
IG_3648331903,foodie_anjali76,2026-03-14 05:51:51,Image,194,26,5,23,"Pune, Maharashtra",#music #lifestyle #photography #viral
IG_9488507175,the_wanderer88,2026-03-14 12:35:02,Image,652,33,42,116,,#art #nature #photography
IG_0076144784,sneha_style85,2026-03-14 17:50:11,Image,1664,51,94,99,"Goa, India",#nature #foodie #art #viral #instagood
IG_3681318904,kavita_art81,2026-03-14 22:25:01,Image,34,5,1,6,"Bengaluru, Karnataka",#travel #fashion #foodie #trending
IG_1548600394,amit_travels20,2026-03-15 00:34:36,Image,289,53,20,36,,#fitness #fashion
IG_3199601206,foodie_anjali60,2026-03-15 09:46:34,Image,148,8,2,22,"Ahmedabad, Gujarat",#trending #lifestyle #love
IG_6346818346,kavita_art5,2026-03-15 20:40:16,Carousel,74,9,4,6,,#foodie #travel #fashion
IG_1059498451,sneha_style92,2026-03-15 21:02:27,Image,27,2,0,2,,#foodie #music #viral #photooftheday
IG_3350328173,the_wanderer62,2026-03-15 22:35:49,Image,238,9,16,49,"Goa, India",#travel #fitness #fashion #nature #photooftheday
IG_6553660417,ramesh_vlogs14,2026-03-16 04:54:11,Image,140,15,6,18,,#art #foodie
IG_3955977839,rohit_tech25,2026-03-16 05:48:56,Reel,96,6,1,23,"Dubai, UAE",#trending #photography
IG_7461895596,amit_travels89,2026-03-16 07:40:59,Image,116,10,7,11,"Dubai, UAE",#foodie #lifestyle #trending
IG_2657234291,foodie_anjali40,2026-03-16 13:14:49,Video,1237,177,121,137,"Bengaluru, Karnataka",#music #foodie #fashion #nature
IG_0964179360,the_wanderer88,2026-03-16 16:05:27,Carousel,108,11,5,17,"Paris, France",#fitness #foodie
IG_8976909683,rohit_tech58,2026-03-16 17:50:23,Reel,7,0,0,1,,#travel #foodie #instagood #viral
IG_1105852071,suresh_fitness38,2026-03-16 18:31:57,Carousel,9,0,0,0,"Ahmedabad, Gujarat",#nature #instagood #lifestyle #photography #trending #fitness
IG_6405170437,foodie_anjali55,2026-03-16 22:03:38,Video,2725,306,49,206,"Paris, France",#art #music #trending #love #instagood #travel
IG_1635299486,kavita_art88,2026-03-16 23:28:14,Video,44,2,4,8,"Dubai, UAE",#music #travel
IG_8069176166,suresh_fitness10,2026-03-17 08:01:32,Image,6,0,0,0,,#love #fashion
IG_2465581842,sneha_style45,2026-03-17 12:05:10,Video,1,0,0,0,,#travel #trending #foodie #fashion #nature
IG_3668827103,rohit_tech24,2026-03-17 12:39:15,Image,1484,149,11,266,"Bengaluru, Karnataka",#fashion #travel #foodie #viral #photography
IG_3601132387,ramesh_vlogs59,2026-03-17 14:50:36,Video,462,56,21,106,,#photography #fashion
IG_0415553446,rohit_tech93,2026-03-17 18:46:48,Reel,228,43,15,46,,#foodie #nature
IG_9704149171,kavita_art47,2026-03-17 21:47:57,Reel,83,4,4,4,"Bali, Indonesia",#art #trending #instagood #love
IG_1723647995,priya_daily64,2026-03-17 22:44:37,Image,2276,264,188,219,,#instagood #nature #photography #photooftheday #trending
IG_1575506539,amit_travels78,2026-03-18 00:13:52,Video,2,0,0,0,"Bengaluru, Karnataka",#love #viral #lifestyle
IG_5903326070,rahul_rocks64,2026-03-18 05:22:05,Image,4690,813,330,271,"Jaipur, Rajasthan",#photography #travel #instagood #fitness #fashion #lifestyle
IG_4026308773,suresh_fitness96,2026-03-18 05:40:47,Image,973,131,76,202,"Dubai, UAE",#foodie #instagood #love #fashion #music #nature
IG_4393892286,ramesh_vlogs7,2026-03-18 09:09:24,Reel,227,12,2,20,"Bengaluru, Karnataka",#art #love #music
IG_1668927950,suresh_fitness5,2026-03-18 12:51:53,Image,11,1,0,2,,#photooftheday #nature #art #music #fashion
IG_7277094834,kavita_art35,2026-03-18 14:25:38,Carousel,16,0,0,2,,#love #photography #viral
IG_2050709173,kavita_art54,2026-03-18 15:19:44,Reel,97,9,3,6,"Bali, Indonesia",#love #nature #instagood
IG_9746839682,foodie_anjali50,2026-03-18 16:59:23,Image,664,39,38,81,,#music #trending #nature #fitness #travel
IG_0779696161,kavita_art70,2026-03-18 21:15:33,Video,132,24,4,29,,#lifestyle #photooftheday
IG_3578566616,priya_daily65,2026-03-18 23:00:12,Image,2808,192,231,132,"Ahmedabad, Gujarat",#trending #art #foodie #photooftheday
IG_6691656152,style_icon62,2026-03-18 23:53:58,Reel,169,23,15,26,"Dubai, UAE",#photography #lifestyle #travel
IG_7577195368,style_icon25,2026-03-19 03:07:34,Image,18,1,1,4,"Dubai, UAE",#photography #lifestyle #love
IG_9359466440,rahul_rocks89,2026-03-19 06:28:56,Carousel,98,15,0,4,,#fitness #art #love
IG_7591489852,sneha_style19,2026-03-19 11:18:44,Reel,456,38,5,82,"Goa, India",#travel #viral #love #music
IG_8303757584,foodie_anjali64,2026-03-19 11:33:02,Reel,76,12,1,10,"Mumbai, Maharashtra",#fashion #viral #trending #travel #photography
IG_1190478940,amit_travels98,2026-03-19 18:17:19,Image,116,20,5,10,,#fitness #music #fashion #travel
IG_2008121158,amit_travels7,2026-03-19 18:49:38,Image,114,9,4,16,"Ahmedabad, Gujarat",#photooftheday #lifestyle #nature #love
IG_8105612748,amit_travels88,2026-03-20 00:01:55,Reel,124,20,10,17,"Delhi, India",#instagood #viral #fitness #photography
IG_9375277112,suresh_fitness46,2026-03-20 00:21:43,Image,139,26,9,31,"Delhi, India",#nature #photooftheday
IG_3096445857,foodie_anjali39,2026-03-20 05:30:23,Image,89,6,2,6,"Goa, India",#viral #love #fashion #travel
IG_1819357727,sneha_style98,2026-03-20 13:43:40,Image,179,6,12,23,"Dubai, UAE",#fitness #love #travel #lifestyle #photooftheday
IG_2154163461,rahul_rocks16,2026-03-20 14:04:16,Video,48,6,2,6,"Pune, Maharashtra",#nature #music #lifestyle
IG_0590305700,ramesh_vlogs22,2026-03-20 20:04:47,Image,440,59,13,109,"Jaipur, Rajasthan",#fitness #nature #foodie #photooftheday #photography
IG_2788930125,suresh_fitness79,2026-03-20 20:15:05,Reel,115,11,10,12,"Paris, France",#foodie #photography #nature #travel
IG_9322342487,suresh_fitness91,2026-03-20 21:07:30,Carousel,76,5,2,7,,#travel #instagood #fashion #trending
IG_5225731517,rohit_tech7,2026-03-20 21:32:08,Image,33,5,3,3,"Bengaluru, Karnataka",#foodie #travel #love #trending #viral #fashion
IG_1849153753,rahul_rocks23,2026-03-20 23:09:53,Image,2305,48,38,400,"Goa, India",#viral #lifestyle #fashion #foodie #nature #music
IG_0140857437,suresh_fitness29,2026-03-21 00:43:14,Image,5547,875,346,844,"Dubai, UAE",#art #love #viral #foodie #instagood
IG_0694349046,ramesh_vlogs94,2026-03-21 01:56:53,Video,459,75,35,41,,#lifestyle #photography #love
IG_0884410849,suresh_fitness87,2026-03-21 02:59:23,Image,91,14,1,17,"Ahmedabad, Gujarat",#fitness #photooftheday
IG_9788649978,style_icon19,2026-03-21 04:06:47,Carousel,400,40,28,75,"Paris, France",#instagood #lifestyle #nature #love #fitness #music
IG_5316318548,amit_travels54,2026-03-21 08:47:29,Video,122,15,10,3,,#art #fitness #foodie
IG_2231554911,suresh_fitness44,2026-03-21 10:20:47,Image,132,8,7,31,"Ahmedabad, Gujarat",#love #travel #nature #foodie #fashion
IG_1014615981,suresh_fitness55,2026-03-21 12:15:34,Image,376,38,18,76,,#foodie #love #fashion #lifestyle #fitness #trending
IG_2590186761,kavita_art50,2026-03-21 12:27:55,Carousel,48,7,3,6,"Goa, India",#foodie #lifestyle
IG_3090459477,ramesh_vlogs38,2026-03-21 19:38:38,Carousel,63,10,3,12,,#photooftheday #fitness #fashion #art
IG_1582146153,suresh_fitness47,2026-03-21 22:15:57,Video,351,19,28,86,"Pune, Maharashtra",#instagood #photography #fitness #foodie
IG_3791622054,rahul_rocks64,2026-03-21 22:46:55,Carousel,1490,65,13,241,,#viral #love #photooftheday #instagood
IG_2567481516,ramesh_vlogs3,2026-03-22 03:14:01,Reel,4,0,0,0,"Mumbai, Maharashtra",#love #nature #music
IG_6287973990,priya_daily45,2026-03-22 03:19:01,Reel,389,15,4,52,,#music #trending #travel #art
IG_4878920046,rohit_tech64,2026-03-22 23:29:32,Reel,290,5,13,54,"Goa, India",#nature #fitness #instagood #art #photography #fashion
IG_7094026064,style_icon12,2026-03-23 00:46:42,Carousel,78,10,3,8,,#travel #photooftheday #music
IG_9085758580,priya_daily34,2026-03-23 01:40:38,Reel,147,22,10,25,,#fashion #love #nature
IG_1425603438,suresh_fitness46,2026-03-23 04:32:22,Carousel,254,24,7,40,,#travel #instagood #nature #viral #lifestyle #foodie
IG_1934212960,amit_travels57,2026-03-23 05:13:52,Reel,14,2,1,2,"Goa, India",#art #love
IG_6825769983,amit_travels15,2026-03-23 09:40:01,Video,334,33,19,7,,#instagood #fitness #love
IG_2299530766,sneha_style14,2026-03-23 13:32:27,Video,204,20,18,12,"Jaipur, Rajasthan",#foodie #art
IG_8029547167,sneha_style57,2026-03-23 19:36:24,Reel,201,5,6,41,,#art #photography #lifestyle #travel #photooftheday
IG_5876675798,suresh_fitness48,2026-03-23 21:08:46,Reel,557,15,10,45,"Bengaluru, Karnataka",#instagood #travel
IG_8299378151,priya_daily47,2026-03-23 22:14:10,Image,43,6,1,6,,#fashion #music
IG_8789920031,amit_travels97,2026-03-24 07:38:52,Carousel,2168,131,71,523,"Paris, France",#viral #lifestyle #nature #instagood
IG_5631103654,suresh_fitness81,2026-03-24 23:08:31,Carousel,99,18,7,21,,#nature #travel
IG_9662905778,the_wanderer95,2026-03-25 01:31:39,Reel,2408,51,58,70,,#photography #fashion #travel #lifestyle #music
IG_6499094118,kavita_art75,2026-03-25 03:50:15,Video,136,18,9,30,,#viral #fashion
IG_1686585849,ramesh_vlogs44,2026-03-25 04:49:33,Carousel,33,4,0,1,"Dubai, UAE",#art #love #fashion #fitness
IG_2433790573,sneha_style89,2026-03-25 05:49:45,Reel,1484,296,57,32,"Mumbai, Maharashtra",#trending #photooftheday
IG_2506292260,suresh_fitness1,2026-03-25 07:31:01,Image,239,45,16,26,"Delhi, India",#trending #travel #fashion
IG_9169008797,foodie_anjali91,2026-03-25 08:18:48,Video,255,23,14,19,"Bengaluru, Karnataka",#trending #viral #foodie #photooftheday #lifestyle
IG_3995575646,rahul_rocks10,2026-03-25 11:11:05,Image,213,10,20,27,"Bali, Indonesia",#lifestyle #travel #photography #art #love
IG_1801650959,rohit_tech80,2026-03-25 20:11:51,Reel,89,6,2,19,"Bengaluru, Karnataka",#photooftheday #music #instagood #photography
IG_3727583809,suresh_fitness42,2026-03-25 22:10:16,Reel,515,24,35,38,"Jaipur, Rajasthan",#trending #travel
IG_4375158365,kavita_art36,2026-03-26 01:21:56,Video,32,2,0,2,"Bengaluru, Karnataka",#love #nature #photography #trending #fitness
IG_2693852384,rahul_rocks89,2026-03-26 08:43:02,Carousel,2643,39,141,574,,#travel #photooftheday #trending #foodie
IG_3159323510,rohit_tech66,2026-03-26 17:47:28,Image,214,21,18,12,,#travel #photooftheday #foodie #nature #love #fitness
IG_1078357842,rohit_tech63,2026-03-26 18:16:55,Image,353,41,31,25,"Jaipur, Rajasthan",#foodie #fashion #lifestyle #viral
IG_8017916485,kavita_art33,2026-03-26 19:26:35,Reel,87,14,6,7,,#foodie #nature #photography #fitness #music #viral
IG_2956110217,priya_daily43,2026-03-26 19:58:01,Video,1470,220,140,164,"Goa, India",#art #photooftheday #instagood #love #trending #lifestyle
IG_2438929070,ramesh_vlogs20,2026-03-27 07:04:30,Reel,94,3,3,9,"Jaipur, Rajasthan",#foodie #travel #photooftheday #instagood #photography
IG_7019174470,suresh_fitness21,2026-03-27 17:35:45,Image,2415,307,143,364,"Paris, France",#fitness #art #photography
IG_8474434013,style_icon45,2026-03-27 18:37:30,Reel,257,24,17,7,,#trending #foodie #love #lifestyle #photography #music
IG_6008117737,foodie_anjali5,2026-03-27 22:37:53,Reel,139,22,11,32,"Goa, India",#viral #art #nature #trending #fitness
IG_7368449628,amit_travels20,2026-03-28 02:48:05,Image,2684,282,252,405,"Goa, India",#trending #art #viral #foodie
IG_5783309828,suresh_fitness55,2026-03-28 09:49:36,Image,849,105,8,88,"Mumbai, Maharashtra",#photography #photooftheday #love #travel
IG_0481957778,the_wanderer3,2026-03-28 14:18:31,Reel,1579,277,9,32,"Mumbai, Maharashtra",#love #instagood #foodie
IG_3284106790,kavita_art35,2026-03-28 21:26:37,Carousel,93,10,4,6,"Jaipur, Rajasthan",#photooftheday #photography #love #art
IG_8696994655,rohit_tech69,2026-03-28 21:41:07,Image,35,3,2,2,"Paris, France",#photooftheday #love #travel #music #fitness
IG_6839538202,suresh_fitness8,2026-03-28 23:22:05,Image,13,2,0,1,"Mumbai, Maharashtra",#music #lifestyle #fitness #foodie #travel
IG_9162639707,ramesh_vlogs21,2026-03-29 01:54:54,Reel,146,7,7,24,"Goa, India",#fitness #instagood
IG_6615600778,style_icon75,2026-03-29 04:33:35,Reel,15,1,0,2,"Jaipur, Rajasthan",#trending #love #foodie #instagood #art #fitness
IG_2987090463,priya_daily67,2026-03-29 05:13:03,Video,779,88,70,170,,#lifestyle #fitness #trending #viral
IG_9005256301,the_wanderer82,2026-03-29 08:19:40,Video,7,0,0,0,,#foodie #lifestyle #instagood
IG_9447055009,rohit_tech14,2026-03-29 11:40:56,Image,163,18,3,33,"Pune, Maharashtra",#fitness #music #trending #lifestyle
IG_1986601247,suresh_fitness16,2026-03-29 19:26:27,Reel,55,3,3,2,,#music #art #instagood
IG_7299560237,style_icon96,2026-03-29 21:17:48,Reel,1,0,0,0,,#nature #instagood
IG_6313921315,kavita_art73,2026-03-29 23:09:21,Image,68,10,4,15,"Jaipur, Rajasthan",#instagood #trending #art
IG_2738392382,priya_daily74,2026-03-30 02:49:09,Image,4700,387,92,869,,#foodie #nature #travel #music #trending
IG_4511757294,sneha_style45,2026-03-30 05:08:08,Carousel,452,45,4,22,"Paris, France",#trending #art
IG_4686609821,rahul_rocks27,2026-03-30 06:51:08,Carousel,14,0,1,2,,#foodie #love #trending
IG_7488610114,sneha_style47,2026-03-30 08:08:04,Video,396,64,13,57,"Jaipur, Rajasthan",#viral #foodie #photography #nature #fashion
IG_0734968095,sneha_style99,2026-03-30 08:31:55,Carousel,55,8,4,7,"Dubai, UAE",#photography #instagood #fashion
IG_2133163956,amit_travels50,2026-03-30 09:36:18,Reel,59,8,2,10,,#lifestyle #photography #trending #nature #foodie
IG_4337422756,ramesh_vlogs73,2026-03-30 14:12:02,Image,931,46,20,99,,#travel #foodie
IG_2602266282,the_wanderer83,2026-03-30 14:49:41,Image,98,0,5,17,,#foodie #photography #fashion #nature #travel
IG_4772265425,ramesh_vlogs15,2026-03-30 20:38:44,Reel,9,0,0,0,,#love #nature #music #art
IG_9754539261,kavita_art10,2026-03-30 22:24:49,Carousel,1493,76,100,162,"Bengaluru, Karnataka",#lifestyle #foodie #photography
IG_6981407199,amit_travels43,2026-03-30 23:10:54,Image,33,0,2,6,,#art #lifestyle
IG_7179768198,rohit_tech4,2026-03-31 00:09:31,Reel,22,1,0,4,"Dubai, UAE",#photooftheday #fashion #lifestyle #trending #nature #fitness
IG_6652215515,kavita_art78,2026-03-31 03:42:30,Image,26,2,1,1,"Bali, Indonesia",#foodie #love
IG_7508455932,amit_travels29,2026-03-31 05:59:30,Carousel,173,6,2,29,"Bali, Indonesia",#music #photography
IG_6812275487,style_icon53,2026-03-31 08:31:47,Video,1220,202,7,30,,#art #lifestyle #instagood #viral
IG_3991223506,style_icon57,2026-03-31 10:02:57,Video,141,18,6,17,"Pune, Maharashtra",#fashion #travel #trending #viral #instagood #love
IG_7892086093,suresh_fitness65,2026-03-31 11:39:14,Reel,424,62,16,81,"Jaipur, Rajasthan",#photooftheday #art #fitness #love #instagood
IG_1587482386,ramesh_vlogs43,2026-03-31 11:41:33,Carousel,24,0,1,5,"Delhi, India",#love #nature #travel #foodie #instagood
IG_2622285491,style_icon45,2026-03-31 15:52:01,Reel,5044,257,285,173,"Delhi, India",#fitness #nature
IG_1298058818,the_wanderer91,2026-03-31 21:20:11,Image,105,13,10,25,,#nature #travel
IG_9639938501,style_icon5,2026-03-31 21:39:40,Carousel,26,4,0,1,,#fitness #art
IG_2720580011,amit_travels2,2026-03-31 23:18:37,Image,538,83,40,23,,#photooftheday #love #lifestyle #art
IG_0026816998,kavita_art52,2026-04-01 00:39:34,Reel,102,14,3,24,,#travel #viral
IG_0167624444,ramesh_vlogs63,2026-04-01 00:41:55,Image,7,1,0,0,,#love #nature #fashion
IG_8774325683,priya_daily51,2026-04-01 02:32:29,Reel,139,25,8,29,"Pune, Maharashtra",#love #photography
IG_5542362936,the_wanderer84,2026-04-01 05:49:45,Reel,42,0,2,7,,#foodie #viral #trending #photography #art
IG_4935219364,suresh_fitness5,2026-04-01 07:05:17,Image,110,2,3,26,,#photography #love #fashion #trending #art #travel
IG_1473298200,sneha_style23,2026-04-01 08:46:05,Image,8420,465,721,1985,"Goa, India",#nature #love #travel #fitness
IG_9396715115,ramesh_vlogs93,2026-04-01 10:36:06,Image,658,8,41,129,"Jaipur, Rajasthan",#trending #photooftheday #love
IG_6689181136,rohit_tech33,2026-04-01 11:06:43,Reel,150,9,6,12,"Mumbai, Maharashtra",#lifestyle #music
IG_0217872573,style_icon76,2026-04-01 12:50:45,Image,493,13,33,15,"Bengaluru, Karnataka",#trending #love #lifestyle #photography #foodie #travel
IG_4086776247,sneha_style8,2026-04-01 21:07:20,Image,40,7,0,4,"Ahmedabad, Gujarat",#photography #trending #art #music
IG_1928168573,sneha_style38,2026-04-01 23:12:38,Carousel,157,29,6,5,,#photooftheday #trending #instagood #viral #nature
IG_3266262435,suresh_fitness84,2026-04-02 00:22:58,Image,83,8,0,10,"Pune, Maharashtra",#music #photography #viral #instagood #lifestyle #love
IG_1187454878,style_icon59,2026-04-02 00:33:17,Image,85,13,1,17,"Bali, Indonesia",#photography #lifestyle #viral
IG_9899217326,style_icon99,2026-04-02 01:56:13,Reel,115,1,2,18,"Pune, Maharashtra",#fitness #travel #art #fashion
IG_1954630950,kavita_art49,2026-04-02 04:52:27,Carousel,4,0,0,0,"Delhi, India",#lifestyle #viral #instagood
IG_7468258978,the_wanderer6,2026-04-02 05:29:59,Carousel,364,26,28,61,,#nature #photography #instagood
IG_5152490149,foodie_anjali55,2026-04-02 11:45:29,Reel,1827,326,141,102,,#instagood #travel #music #nature
IG_3027293217,rahul_rocks12,2026-04-02 21:51:58,Image,38,4,3,1,"Bengaluru, Karnataka",#fashion #lifestyle #trending #photography #instagood
IG_1393541560,style_icon95,2026-04-03 06:23:31,Image,141,10,1,7,"Goa, India",#travel #viral
IG_6140546201,rahul_rocks31,2026-04-03 10:39:42,Image,266,5,17,27,,#travel #foodie #music #love #art #nature
IG_8485014886,rohit_tech51,2026-04-03 11:05:18,Carousel,2064,181,143,212,"Bali, Indonesia",#music #foodie #instagood #lifestyle
IG_3962555827,amit_travels33,2026-04-03 14:14:05,Carousel,85,5,0,14,"Ahmedabad, Gujarat",#love #trending #lifestyle #viral #instagood
IG_6708307865,sneha_style13,2026-04-03 15:08:51,Video,17,1,0,3,"Dubai, UAE",#photooftheday #music
IG_7637974557,priya_daily70,2026-04-03 16:30:58,Reel,200,14,1,5,"Dubai, UAE",#music #art #fitness #love
IG_1109422855,style_icon58,2026-04-03 16:51:19,Image,30,1,2,2,"Jaipur, Rajasthan",#instagood #music #love #lifestyle
IG_9443000577,style_icon83,2026-04-03 21:57:04,Carousel,83,7,1,15,"Jaipur, Rajasthan",#photography #trending #love #travel #foodie #lifestyle
IG_0903344740,sneha_style47,2026-04-03 23:01:53,Image,187,13,9,31,,#lifestyle #fitness
IG_3369227558,sneha_style79,2026-04-04 02:38:58,Image,475,43,44,51,"Ahmedabad, Gujarat",#trending #travel #photography #fitness #foodie
IG_6665124215,style_icon82,2026-04-04 04:21:35,Reel,10,1,0,2,"Dubai, UAE",#nature #photooftheday #instagood #photography #viral #love
IG_8994779777,foodie_anjali77,2026-04-04 12:31:17,Carousel,100,18,5,17,,#nature #love #viral #lifestyle #fitness
IG_1189843461,ramesh_vlogs73,2026-04-04 17:09:31,Video,22,2,0,1,"Goa, India",#nature #photography #foodie #music
IG_5815252501,the_wanderer96,2026-04-05 01:56:07,Image,508,90,7,44,"Goa, India",#photooftheday #music #nature
IG_1238384823,rahul_rocks16,2026-04-05 07:27:16,Image,170,27,8,4,"Pune, Maharashtra",#foodie #nature #travel #fashion #photooftheday
IG_5631941248,sneha_style67,2026-04-05 08:40:38,Video,51,7,0,2,"Delhi, India",#art #foodie #love #fashion #photography
IG_3135045158,sneha_style65,2026-04-05 12:20:42,Image,94,6,0,7,"Bali, Indonesia",#fitness #instagood
IG_4573467859,rahul_rocks84,2026-04-05 13:20:43,Reel,87,5,3,4,"Jaipur, Rajasthan",#photooftheday #love #music #lifestyle #fitness
IG_7146891243,kavita_art74,2026-04-05 16:26:30,Image,362,64,6,61,"Paris, France",#fashion #lifestyle
IG_1884722014,rohit_tech34,2026-04-05 22:37:50,Image,1605,139,130,193,"Jaipur, Rajasthan",#travel #viral #art #fitness #foodie #love
IG_4546840408,style_icon48,2026-04-06 00:48:19,Reel,561,26,42,44,"Paris, France",#love #nature #fashion
IG_1198065025,sneha_style45,2026-04-07 02:58:33,Image,653,102,50,18,"Bengaluru, Karnataka",#lifestyle #love #instagood #travel #photography #nature
IG_9512796664,the_wanderer59,2026-04-07 06:15:24,Image,9,0,0,1,"Ahmedabad, Gujarat",#travel #trending
IG_2235115384,kavita_art5,2026-04-07 11:54:16,Reel,4,0,0,0,"Dubai, UAE",#viral #foodie #art
IG_3105581508,amit_travels56,2026-04-07 14:06:52,Carousel,209,2,3,28,"Ahmedabad, Gujarat",#nature #viral #art
IG_6145542308,rahul_rocks56,2026-04-07 23:14:59,Image,292,24,5,28,"Pune, Maharashtra",#music #lifestyle #nature #love #art
IG_5111905887,priya_daily13,2026-04-07 23:58:58,Image,18,2,1,3,,#trending #music
IG_1213837906,kavita_art31,2026-04-08 04:38:20,Image,76,14,3,1,"Pune, Maharashtra",#fashion #trending #love #foodie #nature
IG_8330259052,sneha_style37,2026-04-08 04:45:03,Carousel,142,26,7,11,"Jaipur, Rajasthan",#nature #viral #photooftheday #music #trending
IG_4854077878,kavita_art40,2026-04-08 09:06:42,Reel,44,3,1,2,,#travel #trending
IG_7823388469,rohit_tech66,2026-04-08 13:13:50,Image,119,13,5,23,,#photography #fitness #nature #fashion
IG_9142577865,suresh_fitness99,2026-04-08 18:42:44,Carousel,531,87,23,29,"Delhi, India",#fashion #love #viral #music
IG_5825019288,amit_travels92,2026-04-09 02:08:38,Carousel,145,15,7,2,,#fashion #photooftheday #nature #trending #love
IG_0949097405,ramesh_vlogs87,2026-04-09 07:14:03,Carousel,974,159,58,56,"Bengaluru, Karnataka",#foodie #trending #fitness #fashion
IG_8742265067,rahul_rocks88,2026-04-09 11:37:46,Image,3334,45,281,607,"Bengaluru, Karnataka",#lifestyle #fashion
IG_0752028004,amit_travels84,2026-04-09 12:25:22,Carousel,492,93,9,96,,#travel #love
IG_1819502715,style_icon79,2026-04-09 12:36:29,Carousel,570,52,5,43,"Mumbai, Maharashtra",#nature #fashion #instagood
IG_7849631290,sneha_style59,2026-04-09 14:26:49,Image,232,22,21,9,,#foodie #art #photooftheday #fashion #trending
IG_7775950202,rahul_rocks87,2026-04-09 16:03:07,Reel,260,38,16,10,"Bali, Indonesia",#travel #trending #art #nature #viral
IG_7929001910,priya_daily97,2026-04-09 23:56:39,Video,172,2,10,4,"Ahmedabad, Gujarat",#fashion #love #lifestyle #nature #photography
IG_3202187487,kavita_art8,2026-04-10 02:55:41,Reel,103,12,2,20,"Bali, Indonesia",#instagood #music #photography #nature
IG_8403960680,foodie_anjali86,2026-04-10 09:25:57,Image,402,9,39,53,"Bali, Indonesia",#fitness #photooftheday
IG_5746967202,style_icon79,2026-04-10 18:41:32,Carousel,30,2,0,5,,#instagood #music
IG_6574881326,sneha_style16,2026-04-10 19:28:25,Image,2657,428,186,525,"Dubai, UAE",#fitness #photooftheday #art #photography #love
IG_6537255270,kavita_art80,2026-04-10 20:11:12,Image,287,7,14,30,"Mumbai, Maharashtra",#travel #trending #art #foodie #fashion #instagood
IG_4766713693,style_icon49,2026-04-10 23:18:51,Image,177,21,2,14,,#fashion #photooftheday #instagood #music
IG_2478570131,rahul_rocks26,2026-04-11 02:47:58,Image,57,8,3,9,,#trending #foodie #lifestyle #viral #photography
IG_9802111758,foodie_anjali61,2026-04-11 05:27:23,Image,48,1,1,8,"Bengaluru, Karnataka",#love #music #viral #instagood #lifestyle #art
IG_9852277714,rohit_tech6,2026-04-11 10:28:58,Image,713,133,19,111,"Bengaluru, Karnataka",#nature #fitness #instagood #love #music #trending
IG_7964061731,priya_daily24,2026-04-11 13:24:27,Video,659,127,55,59,,#viral #foodie #travel #fitness
IG_6970162770,ramesh_vlogs76,2026-04-12 10:15:41,Reel,83,8,6,19,,#fashion #foodie
IG_9995585846,amit_travels68,2026-04-12 14:13:37,Video,608,102,38,106,,#lifestyle #instagood #photography #love #nature
IG_0889223222,ramesh_vlogs33,2026-04-12 15:06:38,Image,25,0,0,0,,#viral #nature #fashion #fitness #music #trending
IG_7327408992,kavita_art5,2026-04-12 16:41:33,Carousel,155,30,14,14,,#foodie #love
IG_3288755561,foodie_anjali98,2026-04-12 17:21:45,Carousel,131,25,12,26,"Delhi, India",#lifestyle #nature
IG_8973851213,suresh_fitness56,2026-04-13 01:28:32,Reel,252,30,7,15,"Goa, India",#art #nature #photography
IG_5506621641,foodie_anjali88,2026-04-13 15:18:15,Reel,81,6,2,3,,#trending #art
IG_9976207270,amit_travels7,2026-04-13 16:02:30,Image,130,23,1,14,"Mumbai, Maharashtra",#art #fitness #fashion
IG_4999184246,amit_travels37,2026-04-14 10:14:30,Reel,256,18,22,48,,#travel #trending #music
IG_1831806506,sneha_style19,2026-04-14 15:01:06,Carousel,20,2,0,1,"Mumbai, Maharashtra",#photooftheday #foodie #nature #trending
IG_9902117919,the_wanderer87,2026-04-14 17:16:06,Reel,1212,170,118,102,,#photography #foodie
IG_3233415376,rahul_rocks16,2026-04-15 05:18:18,Carousel,162,20,1,13,"Goa, India",#fashion #lifestyle #music #photooftheday #photography
IG_3641110505,amit_travels65,2026-04-15 20:59:26,Image,141,24,13,27,"Pune, Maharashtra",#foodie #photooftheday #art #fashion
IG_8482841563,rahul_rocks26,2026-04-16 00:59:28,Image,132,2,11,6,"Goa, India",#lifestyle #fitness #viral #trending #instagood #art
IG_5392388533,foodie_anjali38,2026-04-16 03:44:01,Image,276,54,18,5,"Delhi, India",#viral #music #travel #photooftheday #love
IG_4068681938,priya_daily92,2026-04-16 05:18:54,Image,76,14,5,16,"Paris, France",#photography #travel
IG_3316468851,amit_travels15,2026-04-16 08:52:48,Video,884,69,11,79,,#fitness #viral
IG_5586652400,rahul_rocks80,2026-04-16 09:42:03,Image,165,7,9,23,,#fashion #lifestyle #music #viral
IG_9671220758,suresh_fitness37,2026-04-16 09:42:27,Reel,3164,584,252,233,"Dubai, UAE",#art #fashion
IG_4274633050,kavita_art47,2026-04-16 13:40:21,Reel,304,46,26,11,"Bengaluru, Karnataka",#art #music #fashion #trending #love #lifestyle
IG_4568879860,priya_daily10,2026-04-16 13:58:12,Video,6802,793,91,967,"Bengaluru, Karnataka",#photography #art #travel
IG_9485515590,suresh_fitness10,2026-04-16 14:15:08,Image,651,93,24,47,"Jaipur, Rajasthan",#instagood #travel #nature #music #trending
IG_1618155700,the_wanderer12,2026-04-16 16:07:13,Carousel,254,13,3,7,,#music #love #trending
IG_1080494423,suresh_fitness24,2026-04-17 04:58:32,Image,350,22,30,41,"Paris, France",#foodie #music
IG_0575506024,rohit_tech71,2026-04-17 11:44:32,Carousel,104,5,9,4,"Jaipur, Rajasthan",#foodie #fashion #music
IG_3469610039,suresh_fitness23,2026-04-17 12:27:56,Reel,573,84,28,66,,#foodie #trending #music
IG_0652469572,priya_daily43,2026-04-17 22:14:58,Image,18,3,1,0,"Bali, Indonesia",#foodie #music #nature #viral
IG_7885062107,amit_travels94,2026-04-17 22:41:11,Image,324,41,20,64,,#fitness #music #trending #art #viral #photooftheday
IG_3816786089,rohit_tech97,2026-04-17 23:08:30,Carousel,90,5,8,20,,#music #photooftheday
IG_4664604761,suresh_fitness43,2026-04-18 02:02:39,Video,320,35,19,55,"Bengaluru, Karnataka",#fitness #music
IG_8575968421,the_wanderer1,2026-04-18 04:35:33,Video,181,15,7,17,"Bali, Indonesia",#love #photooftheday #travel #music #instagood
IG_8565705455,kavita_art62,2026-04-18 07:18:10,Image,56,5,2,8,"Ahmedabad, Gujarat",#lifestyle #photooftheday #photography #fashion
IG_7361104961,kavita_art79,2026-04-18 20:03:35,Image,992,188,33,150,,#nature #fitness #art #instagood
IG_3153241749,the_wanderer12,2026-04-19 02:17:33,Image,5,0,0,0,"Bali, Indonesia",#photooftheday #art #instagood #lifestyle
IG_0136517372,ramesh_vlogs18,2026-04-19 06:57:39,Video,33,3,2,6,"Jaipur, Rajasthan",#fitness #art #viral #foodie
IG_5763710358,style_icon18,2026-04-19 11:11:01,Image,318,19,10,52,"Mumbai, Maharashtra",#travel #lifestyle
IG_3196275431,kavita_art51,2026-04-19 13:14:17,Image,181,28,15,18,,#music #viral #photooftheday #photography #trending #art
IG_2500879712,rahul_rocks49,2026-04-19 15:16:48,Image,87,3,3,12,"Bali, Indonesia",#lifestyle #photography #trending #viral
IG_3998455002,priya_daily47,2026-04-19 17:02:38,Image,107,4,1,16,"Delhi, India",#photography #photooftheday #trending
IG_7260138833,the_wanderer78,2026-04-19 17:36:39,Reel,994,43,16,196,,#nature #love #fashion #travel #viral
IG_2918201772,amit_travels69,2026-04-20 04:32:37,Image,29,5,2,5,,#fashion #photooftheday #trending
IG_4066844734,priya_daily96,2026-04-20 06:46:18,Video,120,4,2,10,"Pune, Maharashtra",#fashion #viral
IG_0464530122,priya_daily8,2026-04-20 09:04:52,Image,410,36,17,74,,#travel #viral #instagood #music
IG_7945439186,amit_travels75,2026-04-20 09:25:18,Image,33,0,1,4,"Pune, Maharashtra",#music #fashion
IG_5344978074,amit_travels61,2026-04-20 16:11:10,Image,27,0,1,1,"Ahmedabad, Gujarat",#art #nature #trending #music #fitness #viral
IG_1397628556,the_wanderer95,2026-04-20 16:39:27,Image,538,9,5,24,"Bali, Indonesia",#fitness #photooftheday #trending #love #lifestyle #foodie
IG_6298358525,the_wanderer29,2026-04-20 18:57:20,Image,161,8,9,25,"Ahmedabad, Gujarat",#travel #fashion #viral #photography #photooftheday
IG_4855448680,sneha_style88,2026-04-21 15:57:09,Carousel,119,7,2,5,"Bali, Indonesia",#travel #music #photooftheday #instagood #love
IG_2860491490,sneha_style49,2026-04-21 16:21:54,Reel,30,4,0,4,"Ahmedabad, Gujarat",#fashion #foodie #instagood #art #nature
IG_4044595861,sneha_style78,2026-04-21 18:42:45,Image,7,0,0,1,"Mumbai, Maharashtra",#fashion #travel #art
IG_0097950903,rahul_rocks52,2026-04-21 20:38:03,Video,359,37,15,10,"Ahmedabad, Gujarat",#instagood #art #photography #fitness #fashion #music
IG_8683798423,ramesh_vlogs37,2026-04-21 20:49:43,Image,105,14,7,3,"Ahmedabad, Gujarat",#art #lifestyle #photooftheday #fitness #viral
IG_7775038432,sneha_style53,2026-04-21 23:50:23,Image,185,26,12,28,,#fashion #viral #nature #travel #art #photography
IG_4092325593,ramesh_vlogs42,2026-04-22 07:52:59,Image,115,10,9,9,,#art #nature #instagood #travel
IG_5636337487,the_wanderer46,2026-04-22 18:00:06,Image,68,2,3,3,"Jaipur, Rajasthan",#foodie #fitness #travel
IG_8638091198,kavita_art93,2026-04-22 18:56:55,Image,502,86,7,33,"Pune, Maharashtra",#travel #instagood #love #viral #fitness
IG_2282488795,suresh_fitness83,2026-04-22 23:57:51,Reel,194,32,17,34,"Ahmedabad, Gujarat",#instagood #love #fashion #nature #photooftheday
IG_8924136455,foodie_anjali40,2026-04-23 00:44:38,Image,106,7,7,22,"Bengaluru, Karnataka",#travel #lifestyle #photography
IG_8654905359,suresh_fitness72,2026-04-23 05:29:39,Video,13,0,0,2,,#fashion #trending #foodie #instagood
IG_6134865421,foodie_anjali31,2026-04-23 13:58:05,Image,81,4,6,14,"Goa, India",#fashion #photography #travel
IG_9141508568,suresh_fitness6,2026-04-23 16:08:33,Video,400,79,32,36,"Bali, Indonesia",#lifestyle #viral #art #photography
IG_9720980556,priya_daily78,2026-04-23 23:53:17,Reel,53,3,4,12,,#fitness #photooftheday
IG_5806067493,rahul_rocks60,2026-04-24 03:16:02,Image,170,12,16,3,"Pune, Maharashtra",#instagood #lifestyle #fashion #art #travel
IG_7892703878,suresh_fitness46,2026-04-24 10:38:46,Reel,606,119,21,40,,#photooftheday #lifestyle
IG_1227557702,priya_daily37,2026-04-24 12:22:21,Carousel,335,54,17,54,,#photooftheday #nature #fashion #art
IG_0114058224,foodie_anjali39,2026-04-24 18:55:51,Reel,153,16,6,11,"Delhi, India",#instagood #photography #travel #nature
IG_7299143103,sneha_style87,2026-04-25 01:10:20,Image,32,2,2,5,"Bali, Indonesia",#art #foodie #trending #viral
IG_7450763301,the_wanderer30,2026-04-25 02:28:42,Carousel,50,9,3,5,"Bali, Indonesia",#viral #love #travel #trending
IG_6602367140,sneha_style88,2026-04-25 03:17:03,Reel,211,28,4,46,,#trending #viral #art #instagood
IG_8731359454,suresh_fitness59,2026-04-25 14:41:19,Image,162,10,1,29,,#foodie #travel #viral #love #instagood #lifestyle
IG_2830747485,amit_travels23,2026-04-25 23:43:40,Carousel,10208,438,427,2007,"Bengaluru, Karnataka",#viral #fitness #trending #music
IG_8830051560,rohit_tech79,2026-04-26 00:39:39,Image,44,3,3,3,"Ahmedabad, Gujarat",#nature #trending #viral
IG_3625793041,suresh_fitness19,2026-04-26 04:17:21,Image,148,15,2,26,"Ahmedabad, Gujarat",#love #instagood #lifestyle #foodie #trending #travel
IG_3160554067,rohit_tech92,2026-04-26 08:43:21,Image,89,9,2,14,"Bali, Indonesia",#lifestyle #foodie #viral
IG_8108714040,kavita_art3,2026-04-26 08:44:48,Carousel,40,1,2,6,,#lifestyle #love
IG_9941973738,the_wanderer21,2026-04-26 14:19:06,Image,4094,494,168,89,"Paris, France",#instagood #nature #foodie #trending #music #lifestyle
IG_2979618757,sneha_style81,2026-04-27 02:14:14,Image,262,43,2,8,,#travel #instagood
IG_1515530740,the_wanderer28,2026-04-27 07:47:06,Reel,953,136,37,116,,#travel #fashion
IG_2889894204,the_wanderer1,2026-04-27 08:50:40,Carousel,105,17,1,17,,#foodie #travel #photography #viral #instagood #music
IG_7541313276,foodie_anjali85,2026-04-27 10:31:54,Image,305,49,19,58,"Jaipur, Rajasthan",#art #lifestyle #photooftheday
IG_0338709778,kavita_art75,2026-04-27 16:16:06,Image,233,14,19,45,,#nature #fitness #lifestyle #photooftheday #travel
IG_4005727368,rahul_rocks8,2026-04-27 19:07:52,Image,6,0,0,0,"Mumbai, Maharashtra",#trending #lifestyle
IG_9616709698,ramesh_vlogs28,2026-04-28 01:10:28,Video,2823,396,226,354,"Bali, Indonesia",#music #photography #travel #photooftheday #instagood #art
IG_8102260906,foodie_anjali72,2026-04-28 06:48:44,Video,221,3,19,14,,#nature #instagood #photooftheday
IG_2460814457,priya_daily79,2026-04-28 14:13:20,Image,17,0,1,2,"Dubai, UAE",#photooftheday #fashion
IG_7758325836,ramesh_vlogs88,2026-04-28 17:36:25,Image,85,3,1,11,,#fashion #nature #lifestyle #fitness #love
IG_8218547291,ramesh_vlogs54,2026-04-28 21:05:02,Video,267,39,12,8,"Goa, India",#love #music #art
IG_0000693839,amit_travels67,2026-04-29 07:03:29,Image,78,1,7,7,,#foodie #travel #lifestyle #nature #love #viral
IG_1680602935,rohit_tech10,2026-04-29 09:02:54,Image,123,17,4,21,"Mumbai, Maharashtra",#travel #photooftheday
IG_3412267356,the_wanderer97,2026-04-29 09:53:50,Image,59,7,5,12,"Delhi, India",#lifestyle #art #fitness #photooftheday
IG_9106512069,ramesh_vlogs70,2026-04-29 17:17:03,Video,207,13,18,11,"Paris, France",#fitness #trending
IG_4907404694,style_icon9,2026-04-29 18:39:06,Reel,30,5,1,3,"Bengaluru, Karnataka",#photooftheday #photography #lifestyle
IG_9804090441,priya_daily99,2026-04-29 21:40:56,Carousel,53,5,5,2,"Bengaluru, Karnataka",#music #instagood #foodie #fashion #travel
IG_5807328926,kavita_art1,2026-04-29 22:09:33,Image,243,33,10,21,,#photooftheday #nature #fitness #photography #travel #foodie
IG_0534793426,suresh_fitness25,2026-04-30 09:34:04,Reel,892,123,21,186,,#lifestyle #love #fitness #fashion #art #photography
IG_0023955546,kavita_art35,2026-04-30 16:08:14,Video,35,4,2,6,,#music #art #nature #instagood
IG_2830150125,suresh_fitness96,2026-04-30 16:50:20,Reel,246,22,7,20,,#foodie #photooftheday #art #trending #photography
IG_0953312486,the_wanderer29,2026-04-30 19:47:49,Image,498,54,19,73,"Jaipur, Rajasthan",#nature #lifestyle #travel #love #music
IG_5140720609,priya_daily60,2026-04-30 22:00:16,Image,1016,153,64,44,,#travel #trending #viral #nature
IG_6394133731,kavita_art59,2026-05-01 00:44:30,Image,90,1,0,1,"Bengaluru, Karnataka",#travel #viral #music
IG_6312932076,priya_daily54,2026-05-01 02:59:34,Image,555,36,5,67,"Ahmedabad, Gujarat",#photography #fashion
IG_5736874406,rahul_rocks99,2026-05-01 05:27:11,Video,288,30,28,71,"Mumbai, Maharashtra",#trending #music #travel #photography #fitness
IG_8997638158,sneha_style30,2026-05-01 09:03:31,Image,545,40,5,79,,#lifestyle #trending #nature #photography
IG_2481442597,sneha_style31,2026-05-01 09:59:21,Image,244,17,6,31,"Dubai, UAE",#foodie #photooftheday #photography #nature
IG_6873427071,suresh_fitness89,2026-05-01 19:49:31,Reel,61,0,0,5,,#photooftheday #viral #love #lifestyle #photography
IG_5055952891,ramesh_vlogs23,2026-05-01 23:18:36,Video,295,28,24,22,,#love #music #lifestyle
IG_8080527207,ramesh_vlogs30,2026-05-02 02:14:59,Carousel,65,12,5,4,"Paris, France",#art #foodie #photooftheday
IG_5352899571,amit_travels90,2026-05-02 03:47:21,Carousel,341,39,27,15,,#photography #nature #photooftheday #viral
IG_7415403636,ramesh_vlogs6,2026-05-02 04:56:01,Image,241,13,11,36,"Delhi, India",#lifestyle #nature #instagood #travel #love #fashion
IG_6450763220,sneha_style22,2026-05-02 18:48:31,Reel,179,21,6,6,"Mumbai, Maharashtra",#lifestyle #viral #music
IG_4400554844,ramesh_vlogs3,2026-05-02 19:55:15,Reel,24,3,0,1,"Bengaluru, Karnataka",#fashion #love
IG_0366898332,sneha_style79,2026-05-02 22:23:58,Image,229,39,4,11,,#love #travel #instagood #fashion #foodie
IG_8108473560,the_wanderer26,2026-05-03 01:05:17,Image,140,20,13,21,,#fitness #viral
IG_5141145961,sneha_style12,2026-05-03 04:15:11,Video,312,58,15,25,"Bali, Indonesia",#lifestyle #music #fashion #art #fitness
IG_1263157633,style_icon80,2026-05-03 05:59:42,Reel,334,55,16,24,"Pune, Maharashtra",#art #trending #travel #nature #viral
IG_6724170210,rohit_tech83,2026-05-03 06:41:23,Video,308,17,15,35,"Delhi, India",#love #photography #photooftheday #fashion
IG_4104901629,kavita_art86,2026-05-03 08:29:39,Reel,33,4,2,1,"Mumbai, Maharashtra",#photooftheday #instagood #love #fashion #viral
IG_5966147611,amit_travels97,2026-05-03 12:11:53,Image,636,74,23,54,,#love #foodie #nature
IG_3348160580,foodie_anjali8,2026-05-03 14:58:25,Reel,287,11,19,46,,#fitness #art
IG_4452332752,style_icon58,2026-05-03 15:47:40,Carousel,24,0,0,1,,#fashion #instagood
IG_4779213236,amit_travels79,2026-05-03 18:08:24,Video,487,38,14,52,"Dubai, UAE",#music #love #travel #photooftheday
IG_9426229343,sneha_style63,2026-05-04 09:24:47,Image,350,37,23,77,"Dubai, UAE",#nature #photooftheday #photography
IG_9032345334,rohit_tech68,2026-05-04 11:57:06,Image,25,4,0,2,"Ahmedabad, Gujarat",#foodie #instagood #love #lifestyle #viral
IG_4072939143,kavita_art51,2026-05-04 13:44:58,Image,204,8,18,18,,#fitness #foodie #photography #instagood
IG_8389174318,rahul_rocks76,2026-05-04 14:08:38,Image,6082,155,567,1325,,#photooftheday #lifestyle #instagood #photography #art
IG_3286437368,sneha_style77,2026-05-04 14:49:15,Image,74,4,3,2,"Goa, India",#love #music #travel #photooftheday #foodie #trending
IG_0164333587,sneha_style53,2026-05-04 19:22:17,Image,59,3,4,4,,#fashion #music #nature #instagood #foodie #photography
IG_7425441066,suresh_fitness47,2026-05-04 23:56:55,Video,22,3,0,0,,#love #trending #travel #foodie #instagood
IG_5603646866,kavita_art4,2026-05-05 01:52:40,Carousel,182,33,11,14,"Paris, France",#art #lifestyle #viral #travel #nature #fashion
IG_7877520547,amit_travels52,2026-05-05 04:48:16,Video,58,4,4,5,"Goa, India",#travel #foodie #fashion
IG_0660782278,style_icon79,2026-05-05 06:35:28,Image,31,1,2,4,"Ahmedabad, Gujarat",#viral #photography #nature
IG_1522835369,suresh_fitness28,2026-05-05 17:41:36,Video,19,1,1,0,"Pune, Maharashtra",#fashion #foodie #photooftheday
IG_8088620727,ramesh_vlogs2,2026-05-05 18:04:17,Image,23,1,0,4,"Delhi, India",#photooftheday #travel #trending #fashion
IG_3351878984,kavita_art90,2026-05-06 04:37:49,Image,337,36,3,23,,#foodie #instagood #trending
IG_3369507773,priya_daily71,2026-05-06 05:26:58,Reel,737,64,11,138,"Goa, India",#viral #photography #lifestyle #art
IG_3301699376,style_icon3,2026-05-06 06:24:45,Reel,4960,413,272,1196,,#art #fitness #lifestyle #love
IG_3048039528,suresh_fitness52,2026-05-06 07:12:20,Image,85,16,1,7,"Jaipur, Rajasthan",#art #travel #photography #fitness #viral
IG_4023370558,priya_daily99,2026-05-06 12:11:56,Image,567,37,26,58,,#instagood #trending #love #art
IG_0433964450,amit_travels98,2026-05-06 13:18:59,Reel,74,10,2,12,"Delhi, India",#fashion #photooftheday
IG_6980102864,sneha_style8,2026-05-06 13:27:43,Carousel,2010,44,168,369,"Bengaluru, Karnataka",#love #music #photooftheday #fashion #viral
IG_1867225574,sneha_style54,2026-05-06 21:07:03,Reel,186,25,4,7,,#photooftheday #foodie #nature
IG_4868931240,kavita_art70,2026-05-07 01:40:55,Image,1081,53,34,222,,#foodie #art #photooftheday
IG_2417586294,amit_travels65,2026-05-07 04:06:15,Reel,1614,272,82,268,"Ahmedabad, Gujarat",#fitness #foodie #nature #love #photooftheday #fashion
IG_0060523069,priya_daily20,2026-05-07 05:43:51,Reel,136,20,13,5,,#art #viral #music
IG_9501408171,foodie_anjali83,2026-05-07 10:27:12,Image,82,12,8,10,"Pune, Maharashtra",#fashion #photooftheday #photography #foodie #lifestyle #art
IG_5668001628,priya_daily37,2026-05-07 12:30:22,Reel,42,4,0,7,"Delhi, India",#fitness #viral #lifestyle
IG_4476427282,suresh_fitness64,2026-05-07 17:01:30,Image,435,20,10,56,"Pune, Maharashtra",#music #photography #viral
IG_9812235036,kavita_art76,2026-05-07 19:47:39,Image,332,61,30,53,"Bali, Indonesia",#music #lifestyle #trending
IG_4138500932,ramesh_vlogs88,2026-05-07 19:57:20,Image,125,11,8,27,,#photography #viral #nature #photooftheday #fashion #fitness
IG_3585443029,ramesh_vlogs85,2026-05-08 06:26:11,Carousel,205,35,2,33,"Bengaluru, Karnataka",#trending #love #instagood #foodie
IG_0436113479,kavita_art9,2026-05-08 09:27:58,Reel,476,10,38,67,,#foodie #lifestyle #viral
IG_7549438612,suresh_fitness95,2026-05-08 14:41:42,Reel,125,13,10,20,"Mumbai, Maharashtra",#fashion #art #travel #photooftheday
IG_2566334661,suresh_fitness3,2026-05-08 16:30:25,Video,653,16,64,66,"Goa, India",#lifestyle #art #nature
IG_3966749509,amit_travels20,2026-05-08 17:44:58,Reel,273,51,26,40,"Dubai, UAE",#art #nature #fitness #instagood
IG_6479631042,amit_travels88,2026-05-08 20:04:34,Image,209,10,14,43,"Delhi, India",#travel #fashion #lifestyle #nature #love
IG_8546435840,amit_travels95,2026-05-08 21:42:57,Image,1796,242,119,128,"Ahmedabad, Gujarat",#music #love #nature #foodie #fitness
IG_9034878963,sneha_style34,2026-05-09 01:31:42,Reel,315,21,20,31,"Dubai, UAE",#photooftheday #art #viral #fitness #foodie
IG_9532187967,style_icon75,2026-05-09 03:42:14,Reel,2447,212,235,56,,#travel #nature #fashion #foodie #love
IG_3894824550,ramesh_vlogs85,2026-05-09 09:50:17,Video,489,49,41,50,"Mumbai, Maharashtra",#travel #photography #art #foodie
IG_6406149307,priya_daily80,2026-05-09 14:53:49,Image,1364,82,114,148,"Paris, France",#lifestyle #trending #art #travel
IG_5211955228,suresh_fitness51,2026-05-09 15:37:40,Reel,164,17,3,10,,#nature #lifestyle #art #foodie
IG_3475231831,amit_travels28,2026-05-09 22:02:33,Image,79,7,2,10,,#instagood #music #trending #nature
IG_1137049807,rahul_rocks16,2026-05-10 01:46:00,Image,29,0,2,5,"Mumbai, Maharashtra",#photooftheday #photography
IG_9642290691,priya_daily57,2026-05-10 06:42:17,Image,166,18,3,30,,#travel #nature #trending #photography #lifestyle #love
IG_5365810655,the_wanderer23,2026-05-11 00:17:19,Carousel,9,0,0,1,"Pune, Maharashtra",#trending #instagood
IG_1909640334,suresh_fitness44,2026-05-11 00:22:25,Reel,671,129,30,82,"Jaipur, Rajasthan",#photooftheday #photography
IG_9980591483,rohit_tech87,2026-05-11 05:06:48,Video,293,38,2,37,"Bali, Indonesia",#viral #foodie #fashion #art #lifestyle #love
IG_2394021514,the_wanderer52,2026-05-11 06:39:47,Carousel,755,126,9,187,,#foodie #photography #love #art
IG_2819669878,style_icon8,2026-05-11 07:10:31,Image,55,9,2,7,,#viral #photooftheday
IG_9519953037,ramesh_vlogs27,2026-05-11 13:19:16,Image,54,6,0,9,,#trending #travel #foodie #viral #photooftheday #art
IG_0074145128,sneha_style63,2026-05-11 17:30:37,Carousel,194,35,14,39,,#fitness #photography #trending #art #instagood #lifestyle
IG_2826735197,style_icon33,2026-05-11 17:44:35,Video,40,0,1,6,"Pune, Maharashtra",#photography #photooftheday #lifestyle #instagood #trending
IG_0122148026,sneha_style50,2026-05-11 18:14:14,Image,1516,51,65,234,,#travel #lifestyle #photography
IG_1549960193,rohit_tech74,2026-05-11 21:20:28,Image,32,2,1,5,"Ahmedabad, Gujarat",#photooftheday #foodie #photography #fashion #love
IG_5063513507,rahul_rocks70,2026-05-11 21:45:49,Image,5,0,0,0,,#foodie #instagood
IG_5906871380,the_wanderer36,2026-05-12 03:49:21,Image,41,4,1,8,,#fitness #trending #foodie
IG_7110079435,style_icon77,2026-05-12 03:49:26,Image,369,13,33,20,"Goa, India",#fashion #photooftheday
IG_6334650268,sneha_style38,2026-05-12 05:07:23,Image,26,1,2,6,,#music #lifestyle
IG_2559633548,rohit_tech21,2026-05-12 05:11:23,Image,145,6,10,15,"Dubai, UAE",#photooftheday #music
IG_8272954531,style_icon22,2026-05-12 15:49:14,Carousel,40,0,0,6,,#viral #travel
IG_2794236309,suresh_fitness98,2026-05-12 16:56:39,Video,263,28,5,36,,#photooftheday #trending
IG_5815946064,style_icon2,2026-05-12 18:13:09,Video,111,22,9,25,"Bengaluru, Karnataka",#instagood #travel #photooftheday #music #love #foodie
IG_2295603787,suresh_fitness61,2026-05-12 18:38:20,Reel,100,3,2,2,"Pune, Maharashtra",#trending #travel #lifestyle
IG_5862053439,suresh_fitness26,2026-05-12 22:23:15,Reel,1366,40,38,310,,#instagood #fashion #photooftheday #lifestyle #nature #viral
IG_5660047998,sneha_style51,2026-05-12 23:11:47,Reel,39,5,3,5,,#viral #love #trending #fashion
IG_5298938600,sneha_style23,2026-05-13 02:26:47,Image,267,35,4,55,"Dubai, UAE",#travel #trending #foodie #nature #love #music
IG_0763230749,priya_daily85,2026-05-13 03:25:01,Video,140,19,12,13,,#lifestyle #love #fitness #nature #instagood
IG_0625404295,kavita_art40,2026-05-13 04:42:29,Image,28,4,1,1,"Bengaluru, Karnataka",#photooftheday #trending
IG_8902347674,foodie_anjali17,2026-05-13 10:19:48,Carousel,325,39,15,58,"Mumbai, Maharashtra",#trending #photography #instagood #art
IG_9866399157,ramesh_vlogs89,2026-05-13 16:46:44,Carousel,6185,927,49,179,,#nature #fashion #foodie #art #photography
IG_4574213905,style_icon12,2026-05-14 03:52:55,Video,261,45,18,20,,#travel #photooftheday #foodie #instagood
IG_5208576709,amit_travels49,2026-05-14 04:31:52,Reel,68,9,1,1,,#fashion #foodie #fitness #trending #instagood
IG_7933204525,sneha_style61,2026-05-14 08:33:56,Image,122,20,7,4,"Goa, India",#trending #art #music #photooftheday #fashion
IG_8416808030,the_wanderer82,2026-05-14 08:56:38,Image,107,4,7,19,,#trending #fitness #travel #fashion #nature
IG_0484282704,foodie_anjali45,2026-05-14 12:45:05,Video,696,87,3,118,,#photooftheday #travel #lifestyle #nature #music #art
IG_2270656105,kavita_art29,2026-05-14 13:08:17,Reel,20,2,0,3,,#instagood #fitness
IG_7304613377,rohit_tech11,2026-05-14 21:00:12,Image,181,13,11,39,"Goa, India",#trending #art #instagood #photography #viral
IG_0223061144,rahul_rocks29,2026-05-15 05:56:05,Reel,1238,39,88,278,,#travel #viral #fashion
IG_7227750565,suresh_fitness99,2026-05-15 07:57:55,Video,18,1,1,0,,#lifestyle #fashion #art
IG_3019706065,priya_daily61,2026-05-15 08:38:49,Reel,30,5,2,1,,#music #fitness #art #travel #love
IG_5120144460,foodie_anjali35,2026-05-15 10:27:47,Video,200,5,2,44,"Goa, India",#lifestyle #music #viral
IG_1244384541,foodie_anjali99,2026-05-16 02:42:33,Reel,40,6,2,2,,#instagood #lifestyle #nature #foodie
IG_1504305729,priya_daily18,2026-05-16 02:50:01,Video,69,12,0,4,"Bengaluru, Karnataka",#instagood #photography #foodie
IG_5884789912,ramesh_vlogs89,2026-05-16 07:14:16,Image,764,135,74,41,,#instagood #love #fashion
IG_7941880636,sneha_style21,2026-05-16 09:54:58,Video,69,6,4,7,"Pune, Maharashtra",#travel #nature #music #photography #art #fitness
IG_3854625561,ramesh_vlogs54,2026-05-17 01:28:06,Image,473,90,33,60,,#art #nature
IG_9912415618,priya_daily5,2026-05-17 03:09:04,Reel,4038,401,136,594,"Ahmedabad, Gujarat",#love #photography #fitness #viral #photooftheday #art
IG_4808741084,the_wanderer18,2026-05-17 03:57:13,Video,366,18,21,26,,#fashion #love #travel #music
IG_9419108317,foodie_anjali89,2026-05-17 05:18:11,Carousel,64,11,0,12,"Delhi, India",#nature #lifestyle #photography #fitness #viral #fashion
IG_5426399449,amit_travels46,2026-05-17 08:50:03,Image,69,2,5,9,,#fashion #trending #love #nature #photography
IG_2659288446,foodie_anjali23,2026-05-17 08:55:07,Video,48,8,4,2,"Ahmedabad, Gujarat",#foodie #love
IG_3173478179,sneha_style2,2026-05-17 11:45:55,Carousel,163,4,4,29,,#music #art #love #viral #fashion #foodie
IG_8002753830,ramesh_vlogs63,2026-05-18 05:45:52,Image,24,0,2,1,,#art #nature #fashion #foodie
IG_4721883826,priya_daily77,2026-05-18 11:09:25,Image,1180,80,40,31,"Goa, India",#art #photooftheday #lifestyle #fitness #nature
IG_8519425332,style_icon51,2026-05-18 17:37:15,Image,619,53,7,35,"Dubai, UAE",#love #nature #viral
IG_5961128288,foodie_anjali7,2026-05-18 22:19:24,Reel,21,3,0,3,"Paris, France",#love #fashion #trending #nature #lifestyle
IG_2212526625,style_icon18,2026-05-19 02:22:20,Video,399,53,21,55,,#foodie #love
IG_3046632307,the_wanderer18,2026-05-19 16:22:28,Video,52,7,3,9,"Delhi, India",#nature #fitness #art #lifestyle #trending
IG_3080094366,kavita_art70,2026-05-19 16:43:06,Image,299,11,18,66,"Jaipur, Rajasthan",#lifestyle #fitness #foodie #love
IG_8025586214,kavita_art71,2026-05-19 17:25:57,Image,1695,51,169,276,,#travel #viral #nature #music
IG_1935971574,sneha_style73,2026-05-19 17:59:29,Image,15,0,1,1,,#fashion #trending
IG_2032334519,rohit_tech88,2026-05-19 18:21:07,Image,141,1,8,24,,#nature #fashion #instagood #travel #viral
IG_0396130509,suresh_fitness67,2026-05-19 21:59:04,Image,173,30,14,13,"Pune, Maharashtra",#fitness #love #travel #photooftheday
IG_2045328686,style_icon99,2026-05-19 22:00:54,Reel,369,9,7,40,"Jaipur, Rajasthan",#lifestyle #travel #photography #instagood
IG_8260829620,amit_travels90,2026-05-19 22:40:47,Reel,174,14,5,19,,#photography #music #fashion #love #art #lifestyle
IG_8737569998,suresh_fitness49,2026-05-20 04:45:33,Reel,1561,20,86,123,"Bali, Indonesia",#fashion #love #foodie #art #music #lifestyle
IG_1897374110,foodie_anjali43,2026-05-20 06:11:30,Image,1128,152,42,265,,#instagood #photography #fitness #photooftheday
IG_2738147693,rohit_tech73,2026-05-20 10:50:46,Carousel,3362,471,329,448,"Jaipur, Rajasthan",#fitness #nature #art #lifestyle #travel
IG_1193210310,suresh_fitness61,2026-05-20 21:12:04,Reel,124,8,5,5,"Mumbai, Maharashtra",#instagood #trending #love
IG_3380618425,ramesh_vlogs77,2026-05-20 21:36:57,Video,15,1,0,1,"Dubai, UAE",#foodie #instagood #music #trending #nature
IG_6998702824,the_wanderer78,2026-05-21 00:38:47,Carousel,508,41,38,67,,#art #viral #fitness
IG_8361395785,foodie_anjali6,2026-05-21 01:47:13,Carousel,18,2,0,0,,#photography #music #foodie
IG_1659867922,sneha_style9,2026-05-21 03:03:17,Reel,42,7,0,8,"Goa, India",#instagood #travel #photooftheday #viral #art
IG_6518025471,suresh_fitness70,2026-05-21 05:14:26,Reel,99,16,9,23,,#fitness #instagood #love #viral #fashion
IG_9731314925,priya_daily49,2026-05-21 06:00:04,Video,235,46,17,43,"Pune, Maharashtra",#art #photooftheday #viral #fitness #foodie #music
IG_2152023691,sneha_style21,2026-05-21 08:37:25,Reel,143,11,5,26,"Mumbai, Maharashtra",#fashion #photography #fitness #photooftheday #lifestyle
IG_2415874073,ramesh_vlogs52,2026-05-21 09:43:47,Video,95,9,7,8,,#love #lifestyle #photography
IG_2266695638,suresh_fitness86,2026-05-21 14:09:21,Image,54,7,3,10,"Delhi, India",#music #foodie #viral
IG_9962452113,sneha_style42,2026-05-21 20:45:06,Image,873,28,56,75,,#fashion #art #instagood #viral
IG_3354491696,the_wanderer84,2026-05-21 20:50:22,Video,117,23,6,4,"Goa, India",#lifestyle #viral #foodie #photography #instagood #photooftheday
IG_5129550510,rohit_tech85,2026-05-22 04:59:14,Image,12,2,0,1,"Goa, India",#love #photooftheday #travel #photography #art #foodie
IG_8001068669,style_icon59,2026-05-22 07:46:34,Carousel,651,62,61,157,"Mumbai, Maharashtra",#love #photography #photooftheday #music #instagood
IG_1529334918,foodie_anjali66,2026-05-22 16:19:08,Image,1189,211,110,29,"Pune, Maharashtra",#photography #lifestyle #instagood #trending #fitness #nature
IG_6620396466,style_icon60,2026-05-22 17:11:12,Carousel,49,3,3,4,"Ahmedabad, Gujarat",#foodie #lifestyle #art #trending #fitness
IG_5742035635,rohit_tech46,2026-05-22 19:41:45,Image,47,0,1,9,"Pune, Maharashtra",#love #fashion #music #trending #lifestyle
IG_4063478574,the_wanderer49,2026-05-22 19:51:05,Carousel,61,10,3,12,,#love #fashion #nature #foodie
IG_9881066879,ramesh_vlogs66,2026-05-22 23:07:06,Video,107,10,2,18,,#travel #nature #love
IG_7510780958,ramesh_vlogs66,2026-05-23 06:43:45,Video,1745,88,126,367,"Ahmedabad, Gujarat",#nature #foodie #instagood #photography #photooftheday #fitness
IG_2495908574,foodie_anjali51,2026-05-23 08:27:00,Image,181,22,2,42,"Jaipur, Rajasthan",#art #trending #fitness #photography
IG_1214055040,style_icon43,2026-05-23 09:31:53,Carousel,1201,191,54,129,"Goa, India",#fashion #viral
IG_2585075624,style_icon4,2026-05-23 18:18:12,Video,652,32,52,64,,#art #instagood
IG_4853150319,rohit_tech74,2026-05-23 19:09:08,Video,280,46,21,46,,#lifestyle #fitness
IG_3119321340,rohit_tech44,2026-05-23 23:49:10,Image,993,79,10,164,"Dubai, UAE",#instagood #love #fitness #trending #foodie #photography
IG_5948399051,amit_travels26,2026-05-24 02:18:27,Video,85,2,7,12,"Jaipur, Rajasthan",#love #music #lifestyle #viral #fitness
IG_0951765163,ramesh_vlogs98,2026-05-24 06:18:29,Image,52,6,4,2,,#fitness #foodie #lifestyle #instagood #viral
IG_1041630793,foodie_anjali88,2026-05-24 14:07:14,Image,574,77,36,143,"Ahmedabad, Gujarat",#art #viral
IG_7555750053,foodie_anjali78,2026-05-24 15:13:55,Carousel,14,2,0,0,"Dubai, UAE",#fitness #trending
IG_7254252786,the_wanderer21,2026-05-24 19:29:25,Video,7,0,0,1,,#love #fitness #music
IG_8813293453,rohit_tech87,2026-05-24 20:28:16,Image,832,19,28,54,"Paris, France",#viral #fitness #love
IG_2068645515,kavita_art48,2026-05-25 09:53:59,Image,322,4,11,39,,#instagood #travel #viral #lifestyle
IG_9076791880,amit_travels2,2026-05-25 10:37:28,Image,2698,436,222,135,,#fashion #travel #lifestyle #love #photography #art
IG_2753709772,amit_travels36,2026-05-25 11:05:17,Reel,294,3,26,51,,#art #photography #instagood #music #viral #photooftheday
IG_2859249561,rahul_rocks4,2026-05-25 11:20:59,Image,207,23,8,50,,#love #art
IG_0641029215,ramesh_vlogs25,2026-05-25 16:53:07,Image,2255,149,136,498,"Goa, India",#art #viral #instagood #music #foodie #travel
IG_6567627784,foodie_anjali98,2026-05-26 00:59:16,Image,113,16,1,27,,#fitness #instagood #travel #art
IG_8522728129,rahul_rocks38,2026-05-26 01:40:48,Reel,203,24,6,37,"Bali, Indonesia",#foodie #travel #trending #music #lifestyle
IG_7091585658,rohit_tech73,2026-05-26 02:40:25,Image,6,0,0,0,"Pune, Maharashtra",#music #fashion
IG_0749766722,rohit_tech72,2026-05-26 02:44:18,Carousel,228,7,17,43,"Jaipur, Rajasthan",#travel #photography
IG_3158639552,rohit_tech65,2026-05-26 07:18:08,Image,395,70,2,95,"Goa, India",#art #fitness #instagood #photography #love
IG_5589202331,sneha_style50,2026-05-26 11:15:02,Image,5,0,0,1,,#lifestyle #nature
IG_2464052022,amit_travels90,2026-05-26 11:55:09,Video,497,40,15,14,"Dubai, UAE",#love #music #foodie #art
IG_6984230916,style_icon79,2026-05-26 17:34:46,Carousel,111,10,2,23,,#photography #nature #viral #photooftheday
IG_9276880533,rahul_rocks3,2026-05-27 06:39:14,Video,49,4,4,12,"Ahmedabad, Gujarat",#trending #music #fashion #photography #travel #instagood
IG_0465954375,sneha_style9,2026-05-27 08:58:24,Image,224,23,13,9,"Paris, France",#art #fashion #viral #instagood #nature #trending
IG_8562200100,ramesh_vlogs74,2026-05-27 12:08:03,Carousel,1134,15,41,248,"Mumbai, Maharashtra",#foodie #art
IG_6569534401,kavita_art16,2026-05-27 14:05:03,Image,139,19,7,24,,#photooftheday #fitness
IG_1930129131,priya_daily37,2026-05-27 14:14:15,Image,280,5,2,17,,#travel #foodie #photography #fashion #instagood #lifestyle
IG_5252389411,foodie_anjali25,2026-05-27 15:05:36,Video,254,24,8,47,"Ahmedabad, Gujarat",#nature #instagood #fitness #trending
IG_1613327340,foodie_anjali34,2026-05-27 16:58:49,Reel,609,66,39,136,"Bali, Indonesia",#fitness #music
IG_0575492864,priya_daily50,2026-05-27 19:39:21,Image,70,6,1,6,"Ahmedabad, Gujarat",#music #fitness #fashion #trending #love #foodie
IG_4925855352,sneha_style16,2026-05-27 19:41:09,Reel,62,4,2,14,"Goa, India",#music #lifestyle #photography #nature
IG_0037221642,the_wanderer14,2026-05-27 21:13:29,Image,264,39,3,30,"Jaipur, Rajasthan",#photooftheday #love
IG_6199293963,the_wanderer33,2026-05-27 23:39:30,Image,448,27,35,78,"Delhi, India",#instagood #lifestyle #photography #art #love
IG_0705623972,priya_daily2,2026-05-28 00:44:28,Carousel,68,3,2,4,,#fitness #trending #travel #music #art #instagood
IG_2910572400,foodie_anjali6,2026-05-28 06:43:46,Video,41,2,2,7,,#photooftheday #trending #photography #fitness #travel
IG_7590167328,priya_daily14,2026-05-28 06:51:35,Reel,686,37,36,22,"Jaipur, Rajasthan",#travel #fitness #viral
IG_0976636118,kavita_art45,2026-05-28 08:59:57,Image,9,1,0,1,"Bengaluru, Karnataka",#lifestyle #photography #photooftheday
IG_3081247442,style_icon75,2026-05-28 10:30:28,Video,727,40,19,86,,#travel #fashion #trending
IG_5111989407,kavita_art70,2026-05-28 14:30:06,Carousel,3361,452,322,508,"Delhi, India",#photography #art
IG_0496469878,the_wanderer99,2026-05-28 14:56:15,Video,559,90,16,43,"Paris, France",#art #fashion #photooftheday #photography
IG_5202174613,priya_daily2,2026-05-28 16:50:57,Image,67,12,2,16,"Dubai, UAE",#instagood #foodie #viral #art #photography
IG_1353242341,sneha_style62,2026-05-28 21:17:25,Reel,75,6,6,3,,#travel #nature
IG_2800070289,style_icon29,2026-05-29 02:05:36,Video,8,1,0,1,"Delhi, India",#viral #love #travel #art #lifestyle
IG_1275803671,sneha_style53,2026-05-29 08:01:02,Carousel,859,77,59,48,"Paris, France",#fitness #fashion #travel #photooftheday
IG_8561305528,sneha_style84,2026-05-29 08:05:09,Carousel,27,0,2,6,"Dubai, UAE",#travel #photography #fashion
IG_3090860421,amit_travels7,2026-05-29 09:15:47,Video,1235,53,35,114,"Delhi, India",#fitness #love #photography #photooftheday #foodie #nature
IG_0185810978,amit_travels62,2026-05-29 09:21:05,Image,62,1,1,14,"Delhi, India",#foodie #nature #love
IG_1261550486,style_icon10,2026-05-29 14:12:31,Carousel,359,42,7,62,,#photography #fashion #art #instagood #photooftheday
IG_7577067004,priya_daily90,2026-05-29 19:56:45,Carousel,294,41,27,46,"Dubai, UAE",#lifestyle #viral
IG_0658517137,style_icon53,2026-05-29 21:35:05,Carousel,1639,264,48,310,,#fitness #music
IG_8617072965,sneha_style11,2026-05-30 01:00:44,Reel,385,38,23,72,"Jaipur, Rajasthan",#lifestyle #travel #fashion #love
IG_6061693326,kavita_art43,2026-05-30 05:39:32,Video,831,13,52,164,,#fitness #trending #photography #fashion #lifestyle
IG_5469273363,amit_travels28,2026-05-30 06:54:24,Image,66,12,1,6,"Mumbai, Maharashtra",#photography #foodie #fitness #travel #viral
IG_0670838692,sneha_style40,2026-05-30 09:27:28,Carousel,37,5,1,3,,#foodie #photography
IG_1578610579,suresh_fitness32,2026-05-30 22:56:27,Image,53,3,1,10,,#viral #lifestyle
IG_0520545156,amit_travels29,2026-05-30 22:56:36,Image,354,4,13,64,"Jaipur, Rajasthan",#photography #art
IG_6792910657,priya_daily76,2026-05-31 02:47:56,Carousel,58,3,4,2,"Goa, India",#foodie #photooftheday
IG_8183416786,rahul_rocks17,2026-05-31 03:47:55,Image,56,3,3,11,"Paris, France",#trending #fashion #fitness
IG_2324590497,sneha_style51,2026-05-31 03:49:16,Image,450,36,27,82,,#viral #instagood #art #love
IG_3155595737,amit_travels52,2026-05-31 04:09:27,Reel,436,53,22,107,,#love #trending #art #music #fashion #viral
IG_2069720524,kavita_art15,2026-05-31 08:04:45,Image,1918,177,156,154,"Mumbai, Maharashtra",#music #instagood #foodie #viral
IG_8136370221,sneha_style46,2026-05-31 12:28:00,Carousel,31,0,0,4,,#photography #viral #lifestyle
IG_5772893805,amit_travels95,2026-05-31 14:23:17,Image,51,4,0,3,"Jaipur, Rajasthan",#viral #fitness #fashion #music
IG_5827593682,sneha_style77,2026-05-31 19:29:37,Reel,65,11,5,2,"Ahmedabad, Gujarat",#lifestyle #music #love
IG_1317311247,the_wanderer13,2026-06-01 01:12:07,Reel,1226,111,122,257,,#trending #photooftheday
IG_7381548499,rahul_rocks95,2026-06-01 02:25:29,Video,1216,172,73,68,,#nature #fashion #photooftheday #music
IG_6010896533,foodie_anjali31,2026-06-01 03:44:22,Reel,10156,854,325,1213,,#fitness #lifestyle #nature #art #trending #music
IG_5458026161,kavita_art34,2026-06-01 06:01:38,Reel,190,4,1,4,"Dubai, UAE",#love #art
IG_2508953290,suresh_fitness80,2026-06-01 06:18:19,Carousel,203,39,8,12,"Pune, Maharashtra",#music #viral #art #foodie #fashion
IG_2831888956,foodie_anjali23,2026-06-01 08:54:20,Reel,31,3,2,7,"Mumbai, Maharashtra",#viral #photography #instagood #fashion #trending #art
IG_0883004069,ramesh_vlogs80,2026-06-01 09:29:50,Image,98,16,4,2,,#viral #love #nature #music #foodie
IG_8019513802,foodie_anjali35,2026-06-01 12:23:54,Carousel,499,40,37,115,"Dubai, UAE",#trending #photooftheday #foodie #instagood
IG_4027897419,rohit_tech41,2026-06-01 20:14:04,Image,776,71,5,131,"Goa, India",#travel #instagood #love #lifestyle #foodie
IG_6657244796,sneha_style70,2026-06-01 21:32:42,Video,233,12,9,58,"Dubai, UAE",#nature #photography #music
IG_4512051812,kavita_art65,2026-06-02 04:00:04,Image,443,60,6,9,"Paris, France",#lifestyle #trending #music
IG_1939796780,kavita_art91,2026-06-02 04:29:42,Video,2801,297,193,66,,#photography #nature #music #fitness #love
IG_1302279745,amit_travels73,2026-06-02 15:26:38,Image,304,52,21,63,"Paris, France",#travel #viral #lifestyle #fashion #art
IG_4122839204,priya_daily55,2026-06-02 15:57:24,Reel,134,16,11,11,"Dubai, UAE",#music #nature
IG_2240152086,amit_travels51,2026-06-02 17:24:58,Carousel,928,59,73,204,,#music #fashion #foodie #instagood
IG_9941963546,foodie_anjali58,2026-06-02 23:29:11,Image,33,5,2,3,,#photooftheday #viral #fitness
IG_5953579130,style_icon80,2026-06-03 02:04:29,Image,1148,146,79,53,,#nature #photography #instagood #music
IG_3665452533,foodie_anjali12,2026-06-03 04:41:27,Image,58,8,5,9,,#fitness #nature #photooftheday
IG_7848964595,the_wanderer87,2026-06-03 05:01:50,Image,68,1,6,8,"Goa, India",#love #photooftheday #photography #fashion #lifestyle
IG_2772425589,suresh_fitness67,2026-06-03 12:14:56,Reel,22,1,1,4,"Bali, Indonesia",#instagood #love #art #viral #fitness #foodie
IG_9157100988,rahul_rocks71,2026-06-03 12:17:14,Image,26,1,1,1,"Dubai, UAE",#nature #viral #travel #photography #art #trending
IG_2578592176,suresh_fitness87,2026-06-03 15:03:07,Carousel,998,103,85,143,"Mumbai, Maharashtra",#fashion #fitness #instagood #viral #nature #photography
IG_0907891883,the_wanderer91,2026-06-03 15:12:09,Carousel,842,67,10,196,,#photooftheday #photography #fashion #lifestyle #instagood #foodie
IG_7064991210,style_icon50,2026-06-03 19:08:50,Image,294,3,24,46,"Jaipur, Rajasthan",#art #love #instagood
IG_4433354356,kavita_art94,2026-06-03 20:41:10,Reel,17,0,1,4,"Bengaluru, Karnataka",#travel #lifestyle #nature #art #photography #photooftheday
IG_1040394910,priya_daily47,2026-06-04 04:12:56,Video,88,3,6,8,,#instagood #viral #photooftheday
IG_3837868525,rahul_rocks24,2026-06-04 05:47:50,Video,142,26,11,35,"Mumbai, Maharashtra",#love #trending #lifestyle #travel #photooftheday #nature
IG_2986272252,suresh_fitness61,2026-06-04 09:41:30,Image,312,8,20,54,,#love #fitness #viral #trending #fashion #foodie
IG_3834303857,foodie_anjali39,2026-06-04 13:36:00,Reel,230,2,10,24,"Dubai, UAE",#fashion #love #nature #lifestyle #instagood
IG_5631132920,rohit_tech88,2026-06-04 13:37:08,Reel,157,14,9,18,"Delhi, India",#art #music
IG_5769064327,foodie_anjali37,2026-06-04 15:01:32,Reel,17,3,1,1,"Ahmedabad, Gujarat",#nature #fashion #photography
IG_1203401171,the_wanderer20,2026-06-04 15:21:19,Reel,82,0,8,19,"Pune, Maharashtra",#travel #photography #music #love #fashion
IG_7583857583,style_icon39,2026-06-04 15:32:34,Video,22,3,2,3,"Bali, Indonesia",#nature #photooftheday #love
IG_1187933231,priya_daily64,2026-06-05 00:24:30,Image,9,1,0,1,"Dubai, UAE",#viral #love #fitness
IG_5004366469,kavita_art82,2026-06-05 01:12:11,Image,227,14,22,29,"Ahmedabad, Gujarat",#foodie #viral #music #instagood
IG_0875134826,ramesh_vlogs62,2026-06-05 01:26:25,Image,196,20,10,46,"Dubai, UAE",#instagood #love #viral #photography #fitness
IG_9638499286,style_icon69,2026-06-05 09:29:35,Image,263,46,22,21,"Delhi, India",#travel #trending #love #fitness
IG_9361775519,kavita_art97,2026-06-05 17:09:14,Image,1269,24,99,27,,#art #viral #photography
IG_1304101682,the_wanderer91,2026-06-06 02:17:12,Image,1393,224,71,162,"Goa, India",#photooftheday #nature
IG_7119571319,foodie_anjali63,2026-06-06 02:33:09,Image,640,40,53,121,,#foodie #trending #lifestyle #photooftheday #viral #instagood
IG_6004481349,kavita_art79,2026-06-06 03:33:21,Video,254,30,5,43,"Delhi, India",#foodie #love #fashion #instagood #art #fitness
IG_2300257078,style_icon41,2026-06-06 05:37:52,Image,421,25,37,83,"Delhi, India",#music #foodie
IG_2135063295,amit_travels46,2026-06-06 08:18:37,Image,223,30,21,26,"Dubai, UAE",#music #travel #lifestyle #photooftheday
IG_8095894332,kavita_art9,2026-06-06 08:50:33,Image,130,3,9,5,"Dubai, UAE",#foodie #fashion #art #photooftheday #fitness
IG_1049772273,the_wanderer74,2026-06-06 11:12:22,Carousel,98,8,2,9,,#love #fitness
IG_2430523891,priya_daily85,2026-06-06 16:00:49,Video,175,22,15,30,"Mumbai, Maharashtra",#love #music
IG_3140932829,foodie_anjali69,2026-06-06 17:15:40,Video,38,4,1,7,,#fashion #photography #lifestyle
IG_8713970429,sneha_style59,2026-06-06 18:26:35,Image,189,17,15,31,"Dubai, UAE",#trending #viral #lifestyle #fitness
IG_3247005578,ramesh_vlogs55,2026-06-07 03:53:12,Image,95,14,6,15,,#nature #love #art #music
IG_8411638453,kavita_art67,2026-06-07 13:33:31,Video,226,35,21,38,,#instagood #travel #fashion #love #music
IG_5844725727,ramesh_vlogs28,2026-06-07 16:23:38,Image,76,13,6,8,,#photography #fashion #foodie #fitness #love
IG_5021723456,priya_daily51,2026-06-07 22:33:46,Image,171,32,7,40,,#fashion #art #fitness #instagood #foodie
IG_2566675623,suresh_fitness86,2026-06-08 04:37:28,Reel,370,7,10,65,"Goa, India",#art #photooftheday
IG_4632944595,foodie_anjali92,2026-06-08 16:54:18,Video,41,0,2,6,"Paris, France",#viral #music #lifestyle #instagood #love
IG_8780383631,ramesh_vlogs10,2026-06-09 00:43:11,Image,77,2,3,14,,#love #foodie #fitness #trending
IG_1426252065,amit_travels67,2026-06-09 02:13:40,Image,32,3,1,4,"Goa, India",#lifestyle #foodie #trending #fashion #music
IG_3480997594,foodie_anjali63,2026-06-09 05:29:51,Carousel,241,25,16,38,"Jaipur, Rajasthan",#viral #trending #travel
IG_9501626129,rahul_rocks6,2026-06-09 06:11:09,Video,96,10,3,3,"Bengaluru, Karnataka",#fashion #fitness #nature #art #foodie
IG_6125213374,priya_daily41,2026-06-09 11:21:30,Image,250,49,22,12,,#photooftheday #instagood #love #travel
IG_0112838507,style_icon74,2026-06-09 22:07:07,Image,137,23,1,27,,#photooftheday #lifestyle
IG_8457281840,foodie_anjali43,2026-06-10 05:39:36,Video,110,7,3,19,"Paris, France",#art #instagood #photooftheday
IG_8655201159,priya_daily82,2026-06-10 10:06:56,Image,189,13,6,16,"Pune, Maharashtra",#music #lifestyle #photography #trending #instagood
IG_9349436676,rahul_rocks46,2026-06-10 13:14:38,Reel,275,49,6,46,"Bali, Indonesia",#instagood #fitness #nature #foodie #viral
IG_3447096800,rahul_rocks26,2026-06-10 16:27:49,Image,591,105,43,85,,#fitness #instagood #foodie
IG_6094031100,foodie_anjali76,2026-06-10 19:23:12,Reel,54,9,3,2,,#love #travel
IG_5517725730,rohit_tech98,2026-06-10 23:09:18,Image,164,29,10,32,,#lifestyle #instagood
IG_8270675520,foodie_anjali64,2026-06-11 04:17:16,Reel,13,1,0,1,"Pune, Maharashtra",#viral #fitness #photooftheday #lifestyle
IG_7514948721,priya_daily99,2026-06-11 04:52:26,Carousel,673,112,31,157,"Bengaluru, Karnataka",#nature #music #art
IG_7472345956,sneha_style47,2026-06-11 05:34:43,Reel,10,1,0,0,"Pune, Maharashtra",#foodie #viral #lifestyle #nature
IG_3010296083,rahul_rocks45,2026-06-11 07:08:18,Image,142,8,12,28,,#photography #nature #art #love #viral
IG_5942209982,foodie_anjali44,2026-06-11 10:40:49,Carousel,46,1,3,1,,#trending #nature #foodie #fitness
IG_7627294453,ramesh_vlogs40,2026-06-11 12:10:45,Image,494,45,9,99,"Dubai, UAE",#art #trending #lifestyle #photooftheday #love #fitness
IG_7030409111,rohit_tech24,2026-06-11 15:15:36,Reel,40,2,0,5,,#music #instagood #foodie #art #viral
IG_2706393781,kavita_art61,2026-06-11 16:53:28,Video,502,53,11,48,,#nature #love #lifestyle #trending
IG_8017227333,style_icon72,2026-06-11 17:27:34,Image,38,5,1,0,"Dubai, UAE",#foodie #fitness #music
IG_9943953367,foodie_anjali87,2026-06-11 19:58:47,Reel,22,1,0,2,"Jaipur, Rajasthan",#photography #fashion
IG_5534714157,style_icon62,2026-06-11 23:50:38,Video,151,15,2,18,,#viral #travel
IG_7827108223,kavita_art27,2026-06-11 23:59:01,Reel,8,0,0,1,"Dubai, UAE",#foodie #music #travel #fashion #art
IG_9740586194,the_wanderer96,2026-06-12 04:54:24,Carousel,998,114,83,212,,#viral #trending #love #photography
IG_9547427575,suresh_fitness12,2026-06-12 11:54:33,Carousel,24,2,2,5,"Jaipur, Rajasthan",#trending #foodie #art #instagood
IG_5566266878,rohit_tech41,2026-06-12 15:48:35,Image,1362,189,6,264,"Paris, France",#foodie #fashion #instagood #trending
IG_1097958170,priya_daily76,2026-06-12 20:11:55,Reel,93,0,2,4,"Goa, India",#art #love #travel
IG_8447527789,amit_travels87,2026-06-13 01:30:44,Carousel,631,72,29,141,,#travel #viral
IG_5361419241,foodie_anjali34,2026-06-13 03:02:23,Reel,99,14,8,16,,#photooftheday #fitness
IG_9388876236,style_icon83,2026-06-13 03:59:12,Reel,518,39,8,10,,#photography #music #viral #fitness
IG_7642948383,amit_travels91,2026-06-13 04:35:39,Image,220,6,15,40,"Pune, Maharashtra",#fashion #foodie #music #travel #instagood #trending
IG_8883051435,kavita_art21,2026-06-13 09:08:18,Image,685,99,42,146,,#instagood #foodie #lifestyle #nature
IG_9562729407,priya_daily67,2026-06-13 10:12:57,Carousel,250,46,24,22,,#instagood #music #love #trending
IG_5972859333,kavita_art55,2026-06-13 12:11:42,Image,42,2,2,1,"Dubai, UAE",#foodie #love #travel #fitness
IG_8801032574,ramesh_vlogs45,2026-06-13 12:42:29,Video,200,17,1,22,"Paris, France",#viral #love #music #travel
IG_4720343744,foodie_anjali66,2026-06-13 13:27:47,Reel,105,20,3,20,"Ahmedabad, Gujarat",#nature #viral #photooftheday #photography #fashion
IG_5930557281,kavita_art51,2026-06-13 15:54:07,Reel,343,6,13,13,,#nature #travel #photooftheday
IG_8569197956,rohit_tech83,2026-06-13 18:34:34,Image,102,5,1,24,"Dubai, UAE",#fitness #photography #instagood #photooftheday #music #art
IG_4208345658,priya_daily19,2026-06-13 20:55:59,Video,138,15,9,33,"Dubai, UAE",#photography #viral #travel #instagood #fashion #fitness
IG_5905238868,rahul_rocks39,2026-06-13 21:17:09,Reel,35,2,0,2,"Ahmedabad, Gujarat",#art #lifestyle #love
IG_5935668055,rohit_tech16,2026-06-13 22:57:36,Reel,751,51,15,75,,#photooftheday #art #viral #fitness #lifestyle #trending
IG_5706435354,style_icon2,2026-06-14 01:27:21,Carousel,1232,198,40,274,"Paris, France",#foodie #travel #photography #viral
IG_8849482751,priya_daily42,2026-06-14 04:47:01,Reel,709,80,59,84,"Bengaluru, Karnataka",#photooftheday #viral
IG_6243308425,rohit_tech27,2026-06-14 05:49:21,Video,610,38,58,140,"Ahmedabad, Gujarat",#art #photooftheday #fitness #foodie #photography
IG_2476964369,sneha_style15,2026-06-14 06:20:26,Reel,1205,79,76,113,"Pune, Maharashtra",#instagood #photography #viral #lifestyle #photooftheday #nature
IG_2332267372,suresh_fitness86,2026-06-14 09:53:16,Video,139,26,8,14,"Paris, France",#trending #art #lifestyle #viral
IG_3402170363,rahul_rocks28,2026-06-14 11:16:24,Carousel,875,150,71,172,,#travel #foodie #nature #trending #fitness #viral
IG_2009030694,rahul_rocks79,2026-06-14 11:32:26,Video,314,60,1,38,"Pune, Maharashtra",#love #travel
IG_5587989004,suresh_fitness31,2026-06-14 15:40:10,Image,39,3,2,5,"Jaipur, Rajasthan",#instagood #fitness #fashion #music #foodie
IG_9245837948,kavita_art20,2026-06-14 18:27:25,Video,350,39,26,40,,#love #fitness #travel #lifestyle #fashion #trending
IG_9550918082,ramesh_vlogs44,2026-06-14 19:23:39,Image,156,6,12,6,"Bengaluru, Karnataka",#instagood #love #lifestyle
IG_2976653912,priya_daily64,2026-06-14 22:00:56,Video,117,6,10,20,,#photography #nature #foodie #viral #lifestyle
IG_3600824719,style_icon77,2026-06-15 01:56:49,Image,325,59,23,15,"Paris, France",#music #instagood #travel #foodie #art
IG_8271506170,amit_travels63,2026-06-15 04:50:27,Carousel,88,17,5,18,,#fashion #instagood #art #viral
IG_3218676272,the_wanderer58,2026-06-15 16:04:18,Video,395,57,9,90,"Goa, India",#fashion #lifestyle #nature #fitness #foodie #art
IG_8035907300,kavita_art46,2026-06-15 16:55:06,Video,385,36,2,68,"Pune, Maharashtra",#viral #nature #art #fitness #fashion
IG_5205072293,kavita_art35,2026-06-15 17:38:23,Video,128,11,1,3,,#fitness #art
IG_7947061378,rahul_rocks59,2026-06-15 20:15:09,Image,149,10,14,11,"Mumbai, Maharashtra",#trending #viral #fitness #travel
IG_5210300784,kavita_art97,2026-06-15 21:51:29,Image,57,8,4,9,"Dubai, UAE",#fitness #photography #love
IG_6481253610,sneha_style22,2026-06-16 02:21:22,Image,298,6,27,21,"Bali, Indonesia",#photooftheday #viral #foodie #travel #instagood
IG_7128830152,ramesh_vlogs79,2026-06-16 04:51:03,Image,35,4,3,7,,#instagood #love #trending #nature #photooftheday #viral
IG_2099261970,kavita_art12,2026-06-16 07:01:29,Carousel,76,1,2,17,,#music #nature #foodie #trending #love
IG_4335426323,suresh_fitness41,2026-06-16 09:14:05,Carousel,13,1,0,0,"Mumbai, Maharashtra",#photography #lifestyle
IG_3498061959,kavita_art16,2026-06-16 13:02:10,Image,276,15,18,13,"Bengaluru, Karnataka",#trending #art #foodie
IG_6473916369,priya_daily26,2026-06-16 13:07:59,Image,363,9,22,57,"Delhi, India",#art #lifestyle
IG_9658826262,rohit_tech46,2026-06-16 15:42:36,Reel,243,35,21,5,"Goa, India",#music #fitness #fashion #trending #photooftheday
IG_8505124436,rahul_rocks39,2026-06-16 18:53:58,Carousel,113,7,8,10,"Goa, India",#viral #music #art #fashion
IG_2258333597,the_wanderer60,2026-06-16 19:15:12,Image,58,9,1,14,"Mumbai, Maharashtra",#trending #viral #foodie #instagood #lifestyle #love
IG_6108538182,amit_travels89,2026-06-17 05:25:54,Video,765,10,7,111,,#trending #music #lifestyle
IG_6950284029,priya_daily8,2026-06-17 07:40:14,Reel,114,11,4,20,,#nature #viral #photography #fashion #instagood #fitness
IG_3170396668,foodie_anjali12,2026-06-17 16:36:29,Carousel,1373,139,107,255,,#trending #foodie #lifestyle #love #art
IG_1150455615,the_wanderer80,2026-06-17 16:58:14,Image,104,5,7,6,"Ahmedabad, Gujarat",#lifestyle #trending #music #instagood #art #viral
IG_0863576297,kavita_art30,2026-06-17 18:49:22,Reel,360,31,14,7,"Mumbai, Maharashtra",#photography #lifestyle #love #viral #fitness
IG_0395792680,style_icon41,2026-06-17 19:27:48,Reel,10,0,0,1,,#photography #travel #photooftheday #love
IG_0046285775,priya_daily98,2026-06-18 02:26:07,Reel,131,18,11,20,"Paris, France",#instagood #love #photooftheday #nature #viral #photography
IG_7667058154,kavita_art62,2026-06-18 05:27:38,Image,53,6,1,6,,#trending #instagood
IG_6403046969,kavita_art19,2026-06-18 05:36:25,Reel,145,11,5,13,"Paris, France",#love #photography #fashion
IG_7215289429,style_icon14,2026-06-18 07:34:31,Image,7,1,0,0,"Paris, France",#foodie #music
IG_7938940115,priya_daily46,2026-06-18 09:08:30,Reel,22,3,2,1,"Bali, Indonesia",#trending #viral
IG_5070162654,priya_daily20,2026-06-18 15:26:44,Image,77,3,3,10,"Dubai, UAE",#fitness #art
IG_6195952650,style_icon95,2026-06-18 15:39:03,Reel,235,37,6,11,"Dubai, UAE",#music #photography #photooftheday #lifestyle
IG_4718953524,rohit_tech84,2026-06-18 18:29:25,Video,62,3,2,2,,#foodie #photography #art
IG_1211925704,foodie_anjali36,2026-06-19 05:49:44,Image,284,15,14,60,"Dubai, UAE",#photography #viral #foodie #travel
IG_9121440758,the_wanderer28,2026-06-19 12:14:00,Image,225,41,8,28,,#love #art #instagood #foodie #fitness #viral
IG_1672014182,ramesh_vlogs48,2026-06-19 14:29:50,Carousel,18,3,0,2,"Pune, Maharashtra",#nature #viral #lifestyle #foodie #art
IG_6352302759,priya_daily12,2026-06-19 23:31:45,Reel,176,32,17,24,"Paris, France",#fitness #nature #music #fashion
IG_9810575971,sneha_style35,2026-06-20 05:20:10,Video,134,2,12,23,"Dubai, UAE",#lifestyle #love #fitness
IG_3073049619,priya_daily2,2026-06-20 05:41:31,Image,17,3,0,2,,#love #foodie #trending
IG_2577164275,sneha_style30,2026-06-20 06:52:02,Image,29,0,1,3,"Dubai, UAE",#photography #travel
IG_5284451276,style_icon72,2026-06-20 12:35:33,Reel,387,37,14,22,,#fitness #travel
IG_8906596154,kavita_art74,2026-06-20 12:39:11,Image,148,23,13,33,"Bali, Indonesia",#love #photography #art #foodie #viral
IG_6728641882,suresh_fitness57,2026-06-20 15:08:40,Carousel,76,3,5,12,"Bali, Indonesia",#viral #foodie #instagood #love #travel #trending
IG_3866439131,foodie_anjali82,2026-06-20 16:29:22,Carousel,491,24,47,46,"Mumbai, Maharashtra",#foodie #music
IG_3588327861,priya_daily1,2026-06-20 17:08:39,Reel,186,27,15,30,,#photooftheday #travel
IG_3033261615,priya_daily7,2026-06-21 00:50:49,Image,41,3,0,7,"Ahmedabad, Gujarat",#fashion #trending #fitness
IG_4561095564,rahul_rocks57,2026-06-21 02:34:11,Reel,137,15,4,3,"Ahmedabad, Gujarat",#photooftheday #viral
IG_8707573015,kavita_art27,2026-06-21 12:14:29,Image,8,0,0,1,"Ahmedabad, Gujarat",#viral #photography #photooftheday
IG_2259679225,ramesh_vlogs15,2026-06-21 12:30:17,Reel,478,7,42,103,"Pune, Maharashtra",#trending #fashion #instagood
IG_2149800167,sneha_style6,2026-06-21 14:45:08,Reel,12,0,0,1,,#photography #instagood #lifestyle
IG_0620588415,foodie_anjali77,2026-06-21 14:57:59,Reel,910,115,77,161,,#fitness #photography #art
IG_1303093547,kavita_art31,2026-06-21 18:02:54,Reel,272,28,5,28,"Paris, France",#lifestyle #love
IG_1866256628,amit_travels49,2026-06-21 22:35:30,Image,105,3,4,24,"Bali, Indonesia",#nature #fitness #instagood #travel
IG_5942970862,rahul_rocks19,2026-06-22 02:08:51,Reel,187,21,14,37,"Bengaluru, Karnataka",#music #photography
IG_7926047730,the_wanderer45,2026-06-22 06:38:38,Reel,210,11,3,23,"Bali, Indonesia",#instagood #viral #fitness #love #nature #lifestyle
IG_5429694055,priya_daily10,2026-06-22 07:28:53,Carousel,586,110,10,103,,#photography #art
IG_5222466212,foodie_anjali45,2026-06-22 08:15:59,Image,16,0,0,0,,#viral #lifestyle #fitness #fashion #love
IG_0615246613,priya_daily38,2026-06-22 10:06:27,Image,18,3,0,3,"Goa, India",#fitness #photography #lifestyle #instagood #travel
IG_5248052337,suresh_fitness89,2026-06-22 14:23:39,Video,490,7,8,28,"Mumbai, Maharashtra",#instagood #travel #nature #lifestyle #trending
IG_9262061224,style_icon2,2026-06-22 15:22:04,Image,102,14,9,5,"Pune, Maharashtra",#love #instagood #travel #nature #fitness
IG_2706122748,ramesh_vlogs46,2026-06-23 07:24:23,Video,1072,73,67,219,"Dubai, UAE",#trending #love
IG_9491829816,sneha_style61,2026-06-23 09:20:19,Reel,3532,388,158,850,"Bali, Indonesia",#trending #photooftheday #fashion #viral #photography
IG_3037323985,suresh_fitness41,2026-06-23 11:03:36,Reel,5,0,0,0,"Goa, India",#art #photooftheday #foodie
IG_6179618889,priya_daily89,2026-06-23 20:12:20,Image,960,176,62,222,"Pune, Maharashtra",#photography #photooftheday #travel #music #fitness
IG_3255319462,rohit_tech3,2026-06-24 00:35:52,Carousel,1270,136,51,254,"Paris, France",#trending #nature #viral #fashion #travel #photography
IG_1140087538,sneha_style16,2026-06-24 02:37:35,Image,264,50,22,12,"Bali, Indonesia",#instagood #viral #love #travel #music #art
IG_3071550118,style_icon22,2026-06-24 03:15:44,Image,1087,158,57,251,"Bali, Indonesia",#travel #foodie #trending
IG_9968510771,amit_travels38,2026-06-24 10:49:17,Image,14,1,1,1,,#lifestyle #trending #viral #photography #instagood #love
IG_7893526664,amit_travels84,2026-06-24 12:40:40,Carousel,1463,69,92,180,"Delhi, India",#photography #nature
IG_1362241110,foodie_anjali39,2026-06-24 12:52:49,Carousel,13,1,0,1,,#music #lifestyle
IG_6369318700,rohit_tech5,2026-06-24 19:01:07,Video,4490,794,51,98,,#fashion #photography #music #trending #viral #love
IG_3283867574,priya_daily1,2026-06-25 09:09:28,Reel,253,35,19,53,"Pune, Maharashtra",#trending #photooftheday #viral #music
IG_8833618324,sneha_style99,2026-06-25 18:58:15,Image,623,119,6,91,,#fashion #photooftheday #love #travel
IG_9828146358,style_icon68,2026-06-25 19:54:58,Video,729,106,34,131,,#photooftheday #viral #photography #fitness #nature
IG_3318874320,the_wanderer28,2026-06-25 20:57:37,Carousel,720,73,57,133,"Goa, India",#photography #photooftheday #travel #instagood #fitness #nature
IG_6765774485,kavita_art40,2026-06-26 11:31:56,Video,207,14,4,18,"Mumbai, Maharashtra",#foodie #fitness #music
IG_8765960552,sneha_style67,2026-06-27 00:56:06,Image,100,13,3,14,"Bali, Indonesia",#love #music #fashion #fitness #lifestyle
IG_5478864389,the_wanderer79,2026-06-27 03:52:32,Image,166,17,7,24,,#music #travel #viral
IG_6546958733,sneha_style21,2026-06-27 06:08:17,Video,525,85,43,120,,#fitness #travel
IG_7893634848,the_wanderer95,2026-06-27 08:19:37,Reel,7,1,0,0,,#art #lifestyle
IG_9133112224,ramesh_vlogs54,2026-06-27 13:26:43,Image,207,41,17,11,,#foodie #photography
IG_3268182605,rahul_rocks67,2026-06-27 13:38:46,Reel,16,0,0,3,,#foodie #music #art #love #travel #photooftheday
IG_8864169574,ramesh_vlogs10,2026-06-27 14:20:20,Carousel,242,5,8,9,,#music #trending #nature
IG_9241413119,foodie_anjali3,2026-06-27 17:12:30,Reel,22,0,1,0,"Bali, Indonesia",#nature #art #love
IG_8508418560,priya_daily64,2026-06-27 19:21:06,Reel,243,23,14,34,,#photography #instagood #travel
IG_9908203420,foodie_anjali1,2026-06-28 00:35:32,Reel,772,142,74,58,,#art #photooftheday
IG_4995671916,rahul_rocks1,2026-06-28 01:30:43,Image,8818,1456,418,1551,"Bengaluru, Karnataka",#music #photooftheday
IG_1426280284,foodie_anjali7,2026-06-28 02:56:40,Image,38,5,1,6,"Dubai, UAE",#lifestyle #music #viral #art #nature
IG_3636745655,the_wanderer75,2026-06-28 13:03:07,Image,560,13,12,124,"Ahmedabad, Gujarat",#nature #photography #fitness #travel #viral
IG_5801956314,foodie_anjali15,2026-06-28 17:38:07,Image,61,9,4,10,"Paris, France",#lifestyle #love
IG_4551556399,amit_travels14,2026-06-28 20:38:12,Reel,319,22,18,15,"Pune, Maharashtra",#foodie #fashion #fitness #instagood #love
IG_6493417271,the_wanderer27,2026-06-28 22:17:55,Image,313,43,24,62,,#instagood #love #photography #fitness #photooftheday
IG_1325881772,suresh_fitness58,2026-06-28 22:26:10,Image,125,9,1,24,,#lifestyle #art #foodie #trending #nature
IG_3190333616,ramesh_vlogs38,2026-06-29 02:32:56,Carousel,166,5,10,27,,#travel #love
IG_2117502586,sneha_style97,2026-06-29 05:19:26,Carousel,29,3,1,7,,#nature #travel #foodie #lifestyle #photography #art
IG_2692196570,rohit_tech5,2026-06-29 06:50:43,Carousel,54,4,4,7,"Pune, Maharashtra",#trending #music #nature
IG_3137609867,suresh_fitness57,2026-06-29 14:04:29,Image,134,4,8,6,"Jaipur, Rajasthan",#art #trending #love #lifestyle #foodie
IG_3311255983,the_wanderer68,2026-06-29 15:44:01,Carousel,382,21,25,17,,#foodie #love #travel #fitness #music #nature
IG_8474318396,foodie_anjali77,2026-06-30 02:45:39,Carousel,624,66,32,40,,#nature #trending #art
IG_3154454960,ramesh_vlogs33,2026-06-30 03:12:04,Image,27,0,1,6,,#trending #instagood #lifestyle #viral #fitness #art
IG_3793762176,foodie_anjali59,2026-06-30 09:18:50,Video,129,10,10,20,,#lifestyle #love #music #trending #art
IG_0109143504,suresh_fitness56,2026-06-30 09:54:12,Image,481,51,2,81,"Ahmedabad, Gujarat",#travel #trending #photography #nature
IG_3795266126,priya_daily33,2026-06-30 15:23:59,Video,64,6,5,10,"Delhi, India",#lifestyle #travel #fitness #foodie
IG_1788480628,priya_daily59,2026-06-30 21:11:05,Image,23,3,1,0,"Jaipur, Rajasthan",#love #art #instagood #trending #lifestyle #viral
IG_4682817226,rahul_rocks10,2026-06-30 22:54:46,Image,141,5,2,29,"Bali, Indonesia",#fashion #art #trending
IG_2421822078,suresh_fitness56,2026-07-01 03:27:07,Reel,129,1,3,14,,#instagood #trending #travel
IG_9315078964,kavita_art26,2026-07-01 13:45:08,Image,1261,69,27,126,"Goa, India",#fitness #instagood #foodie #travel #fashion
IG_3749790521,foodie_anjali27,2026-07-01 15:27:09,Carousel,63,10,1,6,"Jaipur, Rajasthan",#foodie #viral
IG_3913187781,amit_travels68,2026-07-01 17:17:44,Image,48,3,3,11,"Pune, Maharashtra",#music #fitness #instagood #trending
IG_7536527728,foodie_anjali11,2026-07-02 07:23:23,Carousel,1015,36,76,220,"Bali, Indonesia",#foodie #trending #art #fitness
IG_2066712993,style_icon91,2026-07-02 10:45:38,Video,72,8,1,14,,#art #viral #lifestyle #foodie #travel #fitness
IG_8743368853,rahul_rocks26,2026-07-02 11:04:52,Carousel,998,66,24,32,,#art #love #trending #lifestyle #instagood
IG_4783998864,amit_travels31,2026-07-02 11:44:45,Carousel,8,1,0,1,"Pune, Maharashtra",#instagood #trending #viral #travel
IG_7299269999,kavita_art39,2026-07-02 19:47:54,Image,198,31,19,22,"Delhi, India",#nature #fashion
IG_6815898663,the_wanderer65,2026-07-02 21:28:06,Image,405,25,7,97,"Bengaluru, Karnataka",#viral #fashion
IG_5439516605,the_wanderer94,2026-07-03 05:16:57,Image,9,0,0,1,"Ahmedabad, Gujarat",#fashion #instagood #love #trending
IG_5666345431,the_wanderer28,2026-07-03 05:17:27,Carousel,109,20,7,12,"Ahmedabad, Gujarat",#love #photography
IG_5155537370,rahul_rocks31,2026-07-03 10:20:18,Image,926,14,9,118,,#foodie #fitness #love
IG_7295549382,kavita_art56,2026-07-03 18:51:39,Image,128,5,6,23,,#love #fitness #viral #travel
IG_8034652858,rahul_rocks29,2026-07-03 19:43:50,Reel,32,5,0,6,"Pune, Maharashtra",#nature #trending #music #photooftheday
IG_5953843486,rohit_tech72,2026-07-03 20:14:42,Image,5,0,0,0,"Delhi, India",#travel #fitness #instagood #photooftheday #trending #lifestyle
IG_0833108275,rahul_rocks18,2026-07-03 21:02:07,Image,23,2,1,0,,#photooftheday #photography #music #love #trending
IG_8454707041,the_wanderer16,2026-07-04 00:22:36,Image,776,30,40,183,"Bengaluru, Karnataka",#travel #viral
IG_7103128589,priya_daily87,2026-07-04 02:25:55,Video,688,30,12,26,"Bali, Indonesia",#photooftheday #trending #love
IG_5586018415,style_icon56,2026-07-04 03:10:24,Image,8,0,0,0,"Goa, India",#lifestyle #photooftheday #fitness #foodie
IG_0620682207,suresh_fitness37,2026-07-04 03:17:14,Reel,233,8,3,23,"Pune, Maharashtra",#love #photooftheday #fashion #music #nature #instagood
IG_9395365440,foodie_anjali63,2026-07-04 05:32:36,Carousel,130,22,9,8,,#travel #nature #photography #fitness
IG_8386290792,ramesh_vlogs4,2026-07-04 07:11:28,Reel,39,4,3,3,"Mumbai, Maharashtra",#foodie #fashion #music
IG_4198213482,priya_daily6,2026-07-04 07:40:27,Image,4,0,0,0,"Pune, Maharashtra",#instagood #fashion #music #photography #viral
IG_6716088260,the_wanderer84,2026-07-04 08:10:37,Image,9,1,0,0,"Dubai, UAE",#music #nature #photography #art
IG_8514564041,rohit_tech78,2026-07-04 08:43:17,Carousel,300,15,27,68,"Mumbai, Maharashtra",#nature #viral #fashion #love #instagood
IG_1961700958,rohit_tech3,2026-07-04 12:43:56,Carousel,74,14,3,3,"Ahmedabad, Gujarat",#love #nature #lifestyle
IG_0053409781,priya_daily75,2026-07-04 15:42:14,Image,93,9,3,13,"Bengaluru, Karnataka",#foodie #music #fashion #photooftheday #lifestyle
IG_0764424626,rohit_tech7,2026-07-04 18:31:55,Video,273,20,12,66,"Paris, France",#nature #fashion #lifestyle
IG_7349342058,the_wanderer88,2026-07-04 20:24:52,Carousel,2,0,0,0,,#art #fitness #photooftheday #travel
IG_8407251537,the_wanderer99,2026-07-05 15:38:12,Reel,117,7,5,7,"Pune, Maharashtra",#fashion #photography #trending #foodie
IG_1170974828,foodie_anjali11,2026-07-05 17:02:24,Reel,163,15,9,32,"Jaipur, Rajasthan",#lifestyle #instagood #photooftheday #music #love #art
IG_9236688299,style_icon32,2026-07-05 19:40:54,Video,17,0,1,2,,#music #photooftheday
IG_5992811579,style_icon79,2026-07-05 20:57:34,Image,36,4,2,0,"Jaipur, Rajasthan",#trending #art #instagood #lifestyle #photography
IG_6276417231,sneha_style19,2026-07-05 22:00:53,Image,87,12,2,17,"Delhi, India",#love #instagood #photography
IG_7423548452,priya_daily67,2026-07-06 00:37:12,Image,1184,193,6,268,,#fitness #love
IG_9943832572,amit_travels75,2026-07-06 12:40:15,Carousel,361,14,10,66,,#art #fashion #photography #love
IG_0139848702,amit_travels28,2026-07-07 00:35:43,Image,316,50,21,66,"Bengaluru, Karnataka",#lifestyle #love #photography #trending #nature #viral
IG_2275047935,the_wanderer69,2026-07-07 01:49:27,Reel,144,24,5,20,"Jaipur, Rajasthan",#fashion #lifestyle #nature #love #music #trending
IG_8518923063,priya_daily77,2026-07-07 01:53:32,Image,67,6,1,5,"Ahmedabad, Gujarat",#travel #love #art #nature #photography #music
IG_6422595967,style_icon69,2026-07-07 02:40:21,Carousel,110,13,6,5,"Mumbai, Maharashtra",#travel #nature #foodie
IG_5516250991,rohit_tech43,2026-07-07 06:54:04,Image,11,0,0,1,"Dubai, UAE",#nature #viral
IG_4096260423,style_icon11,2026-07-07 12:04:10,Reel,2016,383,177,468,"Jaipur, Rajasthan",#art #lifestyle
IG_8329912291,the_wanderer79,2026-07-07 16:46:10,Image,722,43,6,146,,#trending #music
IG_3234732543,rohit_tech81,2026-07-08 07:55:21,Video,715,69,59,80,"Pune, Maharashtra",#art #foodie
IG_2528547694,sneha_style6,2026-07-08 13:01:44,Image,397,9,19,84,,#photography #viral #love #trending #travel #fashion
IG_9045464937,rahul_rocks37,2026-07-08 17:24:05,Carousel,1013,134,36,140,"Bengaluru, Karnataka",#art #foodie #photography #fashion #lifestyle #love
IG_1692116745,the_wanderer49,2026-07-08 18:21:59,Image,101,10,0,15,,#photooftheday #viral #music #travel
IG_6514004403,priya_daily79,2026-07-09 00:41:26,Reel,63,4,5,2,,#viral #photography #travel #trending
IG_3621560537,style_icon65,2026-07-09 00:57:01,Carousel,4844,284,164,1090,,#art #photography #trending #fitness #photooftheday
IG_9144306565,kavita_art37,2026-07-09 01:50:36,Image,10,1,0,1,"Bengaluru, Karnataka",#instagood #music #foodie
IG_2642589250,priya_daily18,2026-07-09 08:43:04,Reel,245,5,15,56,,#nature #travel #instagood #fitness
IG_0683873989,rahul_rocks93,2026-07-09 09:08:21,Reel,1283,173,8,299,"Bali, Indonesia",#instagood #travel #viral #love #lifestyle
IG_6416740007,ramesh_vlogs89,2026-07-09 10:05:01,Image,115,18,7,12,,#love #lifestyle #viral #music #photooftheday #foodie
IG_5586025863,priya_daily16,2026-07-09 14:24:12,Reel,191,32,9,44,,#instagood #foodie #fitness #photooftheday #travel
IG_3709561526,suresh_fitness44,2026-07-09 15:22:56,Image,8,0,0,0,"Pune, Maharashtra",#instagood #art #nature #foodie #trending #viral
IG_9676828852,foodie_anjali2,2026-07-09 16:24:51,Image,8,0,0,1,,#photooftheday #nature #fashion #lifestyle
IG_1265446458,amit_travels92,2026-07-09 17:48:06,Image,94,7,0,9,"Bali, Indonesia",#instagood #foodie #fitness #nature #love #travel
IG_3268991496,amit_travels76,2026-07-10 02:48:34,Image,40,4,0,8,,#fashion #photography #fitness #love
IG_9019472361,ramesh_vlogs15,2026-07-10 05:53:32,Image,72,13,3,14,"Bali, Indonesia",#art #fashion #trending #nature #instagood #travel
IG_5159550649,priya_daily85,2026-07-10 10:44:27,Image,13,1,0,1,"Pune, Maharashtra",#fashion #fitness #photography #viral #nature #travel
IG_8184725912,the_wanderer83,2026-07-10 22:20:32,Reel,104,18,8,6,"Paris, France",#instagood #viral #art #lifestyle #travel #photography
IG_1687829099,rahul_rocks22,2026-07-11 01:46:14,Carousel,104,20,6,14,"Delhi, India",#photooftheday #art
IG_8239344023,style_icon75,2026-07-11 04:53:41,Video,151,3,9,25,"Pune, Maharashtra",#viral #trending #lifestyle #photooftheday
IG_0349501647,the_wanderer18,2026-07-11 14:52:08,Carousel,52,6,1,5,"Pune, Maharashtra",#lifestyle #love #fashion
IG_1423203259,priya_daily50,2026-07-11 19:06:44,Image,133,9,10,11,,#trending #fitness #photography
IG_1375152268,style_icon25,2026-07-12 01:13:06,Reel,27,2,0,4,"Dubai, UAE",#photooftheday #trending #viral #fashion
IG_5271523186,foodie_anjali13,2026-07-12 04:07:18,Video,56,3,4,7,,#nature #travel #instagood #music #foodie #photography
IG_7658125515,kavita_art52,2026-07-12 06:57:07,Image,840,132,62,201,"Dubai, UAE",#lifestyle #art
IG_4450247449,rahul_rocks54,2026-07-12 07:41:44,Video,46,6,2,7,,#fashion #trending #viral #instagood
IG_4639259662,amit_travels1,2026-07-12 09:59:50,Reel,18,1,0,2,,#travel #fashion
IG_6323821159,rohit_tech28,2026-07-12 18:23:58,Image,17,1,0,3,,#music #foodie #nature #fitness #travel
IG_8225572302,priya_daily11,2026-07-12 20:52:35,Reel,63,4,2,2,,#photooftheday #art #trending #instagood
IG_3562876255,sneha_style39,2026-07-13 07:35:04,Image,15,0,0,1,"Delhi, India",#foodie #nature #fashion #trending
IG_3139750692,ramesh_vlogs73,2026-07-13 10:03:58,Video,351,21,8,60,"Jaipur, Rajasthan",#love #music #viral #trending #foodie #art
IG_9733548570,ramesh_vlogs40,2026-07-13 13:44:46,Image,10,1,0,0,"Goa, India",#nature #photography #love #viral #art
IG_5784333746,rohit_tech62,2026-07-13 17:28:27,Image,28,4,0,6,"Pune, Maharashtra",#trending #music
IG_6413227508,rahul_rocks62,2026-07-14 00:57:48,Carousel,2903,573,91,119,"Bengaluru, Karnataka",#trending #love #lifestyle #fashion #foodie #photooftheday
IG_6822527043,kavita_art57,2026-07-14 01:18:35,Reel,432,29,25,63,,#fashion #lifestyle #travel
IG_5111920192,rohit_tech91,2026-07-14 05:19:38,Image,41,7,1,7,"Pune, Maharashtra",#photography #fitness #viral #nature #art #travel
IG_3543575023,the_wanderer19,2026-07-14 09:53:51,Image,14,0,0,1,,#music #instagood
IG_5747067930,the_wanderer66,2026-07-14 12:13:43,Image,39,2,3,8,,#lifestyle #music #trending #photooftheday
IG_2091516832,suresh_fitness35,2026-07-14 13:33:38,Image,51,5,2,9,"Mumbai, Maharashtra",#travel #nature #fitness #photography #art #fashion
IG_3223449706,rahul_rocks18,2026-07-14 14:01:18,Reel,9,1,0,1,"Bali, Indonesia",#nature #fashion #art #foodie
IG_7687155731,priya_daily81,2026-07-14 15:45:11,Reel,2473,132,55,174,,#nature #fashion #trending
IG_5781425980,foodie_anjali73,2026-07-14 16:40:36,Reel,47,1,4,2,"Jaipur, Rajasthan",#travel #foodie #trending
IG_3738589299,priya_daily57,2026-07-14 18:04:48,Image,359,37,5,66,"Pune, Maharashtra",#art #nature #photography
IG_8916275736,rahul_rocks75,2026-07-14 22:52:37,Carousel,1570,294,55,275,,#foodie #fitness #travel #photooftheday #fashion #art
IG_4294313543,foodie_anjali41,2026-07-15 04:11:24,Image,212,37,3,14,"Mumbai, Maharashtra",#art #photooftheday #foodie #lifestyle #fitness
IG_3368500058,rahul_rocks34,2026-07-15 11:57:02,Image,268,27,4,38,"Bali, Indonesia",#lifestyle #trending #music
IG_8139814721,the_wanderer28,2026-07-15 12:49:25,Video,50,2,4,3,"Dubai, UAE",#fashion #travel #love #lifestyle #nature #instagood
IG_0781414332,amit_travels80,2026-07-15 14:44:43,Carousel,223,31,14,37,,#art #nature
IG_9184631470,the_wanderer19,2026-07-15 19:15:37,Carousel,627,20,41,129,,#foodie #photooftheday #music
IG_3877136015,suresh_fitness83,2026-07-16 03:20:51,Video,78,14,0,5,,#love #viral
IG_0605693531,rahul_rocks46,2026-07-16 07:37:09,Image,74,8,6,6,"Ahmedabad, Gujarat",#travel #fitness
IG_3526744241,kavita_art69,2026-07-16 10:28:46,Video,467,10,4,99,"Pune, Maharashtra",#instagood #lifestyle #art
IG_3223061961,suresh_fitness29,2026-07-16 10:34:58,Image,235,3,21,19,,#photooftheday #fashion
IG_8242478322,kavita_art4,2026-07-16 10:54:28,Carousel,533,85,13,39,,#nature #photooftheday #photography #foodie #travel
IG_2746946295,foodie_anjali74,2026-07-16 11:45:38,Video,111,19,8,14,"Mumbai, Maharashtra",#nature #instagood #photooftheday
IG_5876506617,kavita_art48,2026-07-16 19:31:15,Carousel,629,99,47,128,"Ahmedabad, Gujarat",#love #fitness #nature #art #trending #instagood
IG_8154810125,the_wanderer87,2026-07-16 19:35:35,Image,317,36,5,41,"Jaipur, Rajasthan",#foodie #art #photography #lifestyle
IG_7898151459,sneha_style98,2026-07-16 19:39:03,Image,40,0,0,8,"Dubai, UAE",#instagood #viral #love #nature
IG_5761716997,amit_travels40,2026-07-16 22:17:59,Image,507,88,31,43,"Delhi, India",#fitness #photography #nature
IG_2483017570,sneha_style48,2026-07-16 23:16:01,Carousel,173,24,4,41,,#foodie #viral #nature #fashion #trending
IG_5520510129,kavita_art79,2026-07-16 23:17:54,Image,98,5,6,3,"Ahmedabad, Gujarat",#fashion #foodie #art
IG_7611512093,priya_daily76,2026-07-17 02:34:17,Video,147,20,13,7,"Pune, Maharashtra",#trending #fitness #music #photography
IG_3764788407,foodie_anjali86,2026-07-17 03:12:03,Carousel,59,10,3,13,,#love #fashion #travel #photography #viral
IG_9922459806,the_wanderer80,2026-07-17 03:39:35,Image,149,23,9,32,,#love #trending #foodie #art #photooftheday
IG_7543283767,kavita_art90,2026-07-17 04:22:58,Video,576,47,14,95,,#travel #love #foodie #nature
IG_5734483303,suresh_fitness25,2026-07-17 04:24:24,Reel,19571,912,878,4418,"Goa, India",#viral #photooftheday
IG_9883635867,the_wanderer62,2026-07-17 09:06:36,Reel,14,0,0,1,"Bengaluru, Karnataka",#fitness #photography #fashion
IG_5944595252,rahul_rocks55,2026-07-17 13:42:19,Image,1242,237,103,149,"Dubai, UAE",#viral #nature #fitness #foodie
IG_0336927638,style_icon71,2026-07-17 17:36:25,Image,340,51,23,61,"Pune, Maharashtra",#trending #instagood #travel #photography
IG_6748143703,suresh_fitness46,2026-07-17 18:05:35,Image,151,3,10,10,"Dubai, UAE",#photography #travel #fitness
IG_5030465177,the_wanderer31,2026-07-17 22:38:08,Reel,75,8,5,7,,#travel #fashion #fitness
IG_6559608671,foodie_anjali20,2026-07-17 23:30:06,Image,283,32,14,35,,#foodie #trending
IG_4860543532,foodie_anjali33,2026-07-18 04:38:35,Image,21,0,1,3,,#love #lifestyle #nature #photooftheday #foodie #instagood
IG_4442774758,priya_daily47,2026-07-18 06:53:31,Video,131,21,9,7,,#trending #photooftheday #instagood
IG_5163886467,rahul_rocks30,2026-07-18 15:32:38,Carousel,311,36,3,16,,#foodie #lifestyle #viral #travel #art #love
IG_9943859213,rahul_rocks76,2026-07-18 18:16:52,Image,107,5,2,4,"Jaipur, Rajasthan",#foodie #instagood #lifestyle #nature #fitness #music
IG_3270497140,suresh_fitness72,2026-07-18 21:45:47,Carousel,207,34,5,18,"Bali, Indonesia",#fashion #viral #fitness #nature
IG_4283262088,rohit_tech93,2026-07-18 23:28:40,Reel,117,15,4,5,,#photography #love #trending #travel #fashion
IG_7331136687,priya_daily14,2026-07-19 08:34:19,Image,75,6,5,6,,#love #foodie
IG_6521360359,rohit_tech27,2026-07-19 14:38:37,Image,19,2,0,2,,#nature #lifestyle #viral #fashion
IG_8898229576,amit_travels13,2026-07-19 16:21:05,Carousel,78,14,6,19,"Goa, India",#travel #viral #photography #lifestyle #photooftheday
IG_6905180193,style_icon42,2026-07-19 21:18:42,Image,19,2,0,1,"Pune, Maharashtra",#instagood #viral
IG_6461308111,amit_travels12,2026-07-19 23:06:23,Carousel,1088,46,54,183,"Ahmedabad, Gujarat",#photooftheday #art #lifestyle #trending
IG_1671293107,kavita_art77,2026-07-20 02:37:14,Image,137,2,8,32,"Bengaluru, Karnataka",#travel #photography #foodie #nature #lifestyle
IG_8138662041,kavita_art30,2026-07-20 03:16:36,Image,459,73,22,41,,#music #travel #photography #fitness #art
IG_2916009686,priya_daily22,2026-07-20 17:39:55,Reel,3,0,0,0,,#travel #love #fashion #foodie #photography #trending
IG_1977361719,style_icon76,2026-07-21 01:17:58,Reel,348,58,16,73,,#photography #lifestyle #nature #love #photooftheday #music
IG_2723644858,style_icon29,2026-07-21 02:19:34,Reel,151,20,1,24,"Paris, France",#fitness #music #foodie #travel #art
IG_6563194307,priya_daily36,2026-07-21 06:36:00,Image,379,54,20,30,"Mumbai, Maharashtra",#foodie #trending #photooftheday #fashion #love #photography
IG_3881688239,amit_travels53,2026-07-21 12:55:26,Image,11465,1916,232,1736,"Pune, Maharashtra",#viral #fitness #photooftheday #nature
IG_5350153767,the_wanderer86,2026-07-21 17:09:40,Reel,629,33,12,149,"Paris, France",#photooftheday #travel #photography #trending #nature
IG_5706665757,rahul_rocks61,2026-07-21 19:09:35,Reel,180,17,11,6,,#trending #love #photooftheday
IG_2816795512,suresh_fitness40,2026-07-21 19:42:31,Reel,732,104,72,95,,#lifestyle #travel #fitness #art
IG_1803348245,sneha_style50,2026-07-21 21:21:58,Reel,36,1,0,2,,#trending #fitness #lifestyle
IG_0168560209,style_icon41,2026-07-21 21:46:19,Image,249,5,7,34,"Dubai, UAE",#travel #lifestyle #photooftheday #trending #fitness #photography
IG_3318111199,style_icon94,2026-07-22 00:49:31,Carousel,504,29,4,15,"Jaipur, Rajasthan",#art #fitness #lifestyle
IG_3763761256,the_wanderer44,2026-07-22 01:15:29,Image,660,91,25,136,"Pune, Maharashtra",#love #music #nature
IG_6240468186,the_wanderer18,2026-07-22 04:17:22,Reel,896,86,69,159,"Bengaluru, Karnataka",#viral #lifestyle #love
IG_9299142258,sneha_style11,2026-07-22 06:32:16,Image,21,1,0,3,"Paris, France",#fashion #art #trending #foodie #nature
IG_4130547520,kavita_art43,2026-07-22 06:33:18,Image,602,69,42,16,"Delhi, India",#fashion #photography #lifestyle #travel
IG_9657090332,foodie_anjali77,2026-07-22 09:02:28,Video,18,2,1,4,,#trending #lifestyle #music #nature #photography #instagood
IG_0214408450,style_icon30,2026-07-22 09:06:16,Image,616,35,61,39,"Pune, Maharashtra",#fashion #art #photography #love #travel
IG_8127642658,ramesh_vlogs46,2026-07-22 11:36:43,Carousel,348,67,8,68,"Goa, India",#fashion #instagood #lifestyle #viral #foodie
IG_5939539006,priya_daily69,2026-07-22 12:21:22,Carousel,229,36,20,12,"Bengaluru, Karnataka",#photography #trending #viral
IG_7919524807,style_icon42,2026-07-22 17:00:59,Reel,52,9,0,6,"Delhi, India",#travel #photography #photooftheday
IG_7360477854,kavita_art24,2026-07-22 23:10:47,Image,81,5,4,3,,#love #nature #foodie
IG_1879489161,style_icon57,2026-07-23 06:26:24,Carousel,92,3,8,10,"Pune, Maharashtra",#art #photooftheday #music #viral #trending #travel
IG_7312137143,ramesh_vlogs24,2026-07-23 07:16:35,Image,30,2,1,2,,#photooftheday #viral #foodie #instagood
IG_7466956434,priya_daily72,2026-07-23 11:18:23,Image,181,23,1,9,"Pune, Maharashtra",#photography #trending #music #photooftheday #fashion #art
IG_4455339552,foodie_anjali35,2026-07-23 16:35:15,Carousel,17,1,0,3,"Delhi, India",#trending #music #fashion #foodie #instagood
IG_8269102353,style_icon89,2026-07-23 18:39:36,Image,134,13,6,23,"Paris, France",#music #nature #travel #fashion #photography #love
IG_7256698674,suresh_fitness99,2026-07-23 19:23:06,Carousel,229,29,9,14,,#foodie #photography #fashion #music #fitness #viral
IG_7017542188,foodie_anjali31,2026-07-23 19:31:58,Video,1242,98,80,86,"Bengaluru, Karnataka",#instagood #photooftheday #music #love #photography #viral
IG_0804850177,sneha_style98,2026-07-24 02:00:14,Video,68,8,2,7,"Dubai, UAE",#foodie #instagood
IG_6517916859,suresh_fitness23,2026-07-24 08:45:46,Reel,86,13,5,13,,#music #fashion #art #instagood #photooftheday
IG_6093904486,rahul_rocks84,2026-07-24 15:05:03,Video,29,4,2,3,"Goa, India",#fashion #art #viral
IG_4876909701,the_wanderer22,2026-07-24 20:10:29,Video,336,16,24,21,"Delhi, India",#lifestyle #music #photooftheday
IG_2259878084,style_icon30,2026-07-24 22:04:24,Carousel,305,42,28,48,"Bengaluru, Karnataka",#photooftheday #travel
IG_9849538975,rohit_tech27,2026-07-24 23:10:15,Image,153,11,3,20,,#nature #photography #travel
IG_7051655527,suresh_fitness16,2026-07-24 23:35:30,Reel,16,0,1,3,"Goa, India",#fitness #trending #art
IG_5742414895,kavita_art59,2026-07-25 03:27:36,Image,3,0,0,0,"Delhi, India",#nature #lifestyle #instagood
IG_8857132217,sneha_style12,2026-07-25 04:10:26,Video,161,3,4,21,,#fitness #photography #art #photooftheday #viral #nature
IG_5166008680,rahul_rocks27,2026-07-25 05:24:07,Reel,263,6,18,36,,#fitness #instagood #foodie #love #nature
IG_1180211689,the_wanderer39,2026-07-25 05:43:58,Carousel,308,40,15,65,,#love #art #fitness #foodie #trending
IG_7783694745,rahul_rocks18,2026-07-25 07:37:56,Video,229,27,17,9,,#nature #art #travel #music #viral #trending
IG_7958389102,the_wanderer34,2026-07-25 08:22:25,Image,135,1,11,22,"Ahmedabad, Gujarat",#viral #photography
IG_9813690088,the_wanderer4,2026-07-25 20:46:29,Carousel,2207,357,41,153,,#photography #viral #fitness #trending #fashion #instagood
IG_6270295353,foodie_anjali99,2026-07-26 01:20:40,Image,1819,331,110,85,,#photography #photooftheday #instagood
IG_7922512788,rahul_rocks78,2026-07-26 03:50:47,Image,568,39,19,108,"Mumbai, Maharashtra",#love #nature #lifestyle #fitness
IG_4101010726,kavita_art97,2026-07-26 05:26:03,Carousel,30,1,1,2,,#instagood #travel #photooftheday #music #foodie
IG_5469392246,ramesh_vlogs99,2026-07-26 05:39:52,Video,42,8,3,1,"Paris, France",#instagood #trending #lifestyle #nature #music #fashion
IG_1555811977,the_wanderer66,2026-07-26 05:56:14,Carousel,140,4,11,24,,#photooftheday #trending #nature #lifestyle #fitness
IG_1913170569,ramesh_vlogs92,2026-07-26 14:22:59,Carousel,72,11,6,8,,#love #art #lifestyle
IG_9906307125,priya_daily85,2026-07-26 15:10:48,Reel,337,31,30,16,"Delhi, India",#instagood #photooftheday #viral #fashion
IG_7834979975,suresh_fitness31,2026-07-26 23:16:42,Image,409,66,33,52,"Delhi, India",#travel #fashion
IG_5263364229,kavita_art93,2026-07-27 02:31:34,Carousel,29,5,2,4,,#travel #love #art #lifestyle #instagood #viral
IG_6967865139,rahul_rocks21,2026-07-27 04:14:17,Carousel,248,6,24,42,"Delhi, India",#photooftheday #travel #nature #foodie #music
IG_6146054418,ramesh_vlogs21,2026-07-27 04:18:30,Image,65,12,5,2,"Jaipur, Rajasthan",#instagood #travel #love #music #foodie #viral
IG_1721624653,suresh_fitness82,2026-07-27 04:37:40,Carousel,9,0,0,1,"Goa, India",#art #instagood
IG_3328590245,foodie_anjali5,2026-07-27 05:42:24,Carousel,25,2,1,3,"Jaipur, Rajasthan",#trending #photography #photooftheday #nature
IG_8353300999,the_wanderer5,2026-07-27 08:09:47,Reel,84,6,7,3,"Pune, Maharashtra",#music #lifestyle #photooftheday #fashion
IG_6589837543,style_icon3,2026-07-27 09:36:45,Reel,195,2,12,38,,#foodie #travel
IG_7287319528,foodie_anjali49,2026-07-27 11:53:20,Image,41,2,3,5,,#viral #nature #music #trending
IG_9818320307,priya_daily33,2026-07-27 13:05:26,Image,72,13,6,16,"Goa, India",#foodie #lifestyle #fashion #photooftheday
IG_3802678151,amit_travels29,2026-07-27 15:32:49,Image,57,1,4,3,,#fashion #travel #nature #instagood
IG_4094539059,kavita_art41,2026-07-27 17:33:58,Carousel,519,29,39,93,"Jaipur, Rajasthan",#photooftheday #foodie #fitness
IG_8794628502,the_wanderer53,2026-07-27 20:22:44,Reel,35,6,0,7,"Pune, Maharashtra",#love #foodie #art #fitness
IG_3430229596,style_icon84,2026-07-27 22:14:41,Image,127,23,7,19,,#trending #art #viral #instagood #photooftheday #photography
IG_2717540213,suresh_fitness70,2026-07-28 00:09:54,Reel,18,1,0,3,,#instagood #art #nature #trending #lifestyle #viral
IG_7566328566,the_wanderer51,2026-07-28 03:01:03,Reel,14,2,0,1,,#foodie #love #photooftheday
IG_1923671174,ramesh_vlogs40,2026-07-28 03:15:58,Image,363,52,21,47,"Ahmedabad, Gujarat",#lifestyle #music #nature #viral
IG_5509245397,style_icon11,2026-07-28 12:24:18,Video,67,11,0,1,"Paris, France",#nature #fitness #photooftheday #viral #foodie #travel
IG_7385610017,rahul_rocks98,2026-07-28 15:03:09,Video,955,171,8,184,,#fashion #instagood #foodie
IG_5329846449,rahul_rocks36,2026-07-28 19:49:33,Reel,137,19,13,6,,#instagood #travel #foodie
IG_7397740160,priya_daily73,2026-07-28 21:44:00,Image,418,33,40,70,"Goa, India",#fitness #trending #nature #music #photooftheday #art
IG_7280722033,rahul_rocks31,2026-07-28 22:22:37,Video,40,2,0,4,"Delhi, India",#foodie #instagood
IG_4435860348,kavita_art6,2026-07-29 02:57:46,Carousel,76,10,5,16,"Mumbai, Maharashtra",#viral #photography
IG_4250716773,priya_daily79,2026-07-29 04:01:22,Reel,127,3,11,6,"Delhi, India",#photography #lifestyle #photooftheday #music #foodie #fashion
IG_0137252151,style_icon55,2026-07-29 09:45:45,Carousel,432,6,30,50,"Goa, India",#travel #lifestyle #viral #photooftheday #music
IG_0997268101,the_wanderer45,2026-07-29 21:36:10,Video,499,74,44,47,,#fashion #instagood
IG_1162643598,sneha_style30,2026-07-30 02:51:56,Image,399,55,30,57,,#music #viral #travel
IG_0286914153,priya_daily43,2026-07-30 02:53:46,Image,132,24,3,13,,#art #fitness #foodie #travel #love
IG_4436105859,kavita_art69,2026-07-30 03:27:38,Image,65,11,3,14,"Mumbai, Maharashtra",#trending #instagood #photooftheday #photography #nature #fashion
IG_1956843510,ramesh_vlogs47,2026-07-30 16:45:41,Image,765,26,23,41,,#instagood #foodie #fitness
IG_5982213042,rahul_rocks64,2026-07-31 00:06:49,Video,147,22,3,19,"Jaipur, Rajasthan",#foodie #trending #photography #lifestyle #music
IG_3333385154,rahul_rocks67,2026-07-31 01:37:14,Video,165,17,7,35,"Delhi, India",#lifestyle #music #trending
IG_2122204622,priya_daily51,2026-07-31 05:31:24,Reel,79,6,1,17,,#foodie #fitness
IG_0633969537,rohit_tech10,2026-07-31 11:28:30,Image,6,0,0,0,,#fashion #lifestyle #love #photography
IG_0164573686,ramesh_vlogs79,2026-07-31 13:08:19,Video,37,3,0,4,"Delhi, India",#music #nature #love #foodie #photooftheday #art
IG_8975666329,rahul_rocks41,2026-07-31 17:00:59,Image,59,10,3,13,,#fitness #nature #viral #love
IG_5704539138,priya_daily42,2026-07-31 21:30:58,Reel,140,7,5,9,"Jaipur, Rajasthan",#instagood #music #viral
IG_9830198746,foodie_anjali15,2026-08-01 02:19:51,Image,695,32,26,106,"Bali, Indonesia",#art #instagood #photooftheday
IG_8645057150,style_icon85,2026-08-01 03:11:53,Video,2530,256,41,572,,#fashion #nature #foodie
IG_1849331713,rahul_rocks35,2026-08-01 11:46:46,Video,870,105,17,73,,#nature #lifestyle #art #viral #trending #fashion
IG_0237460578,ramesh_vlogs54,2026-08-01 16:41:23,Reel,3,0,0,0,,#fashion #music
IG_0164007402,rohit_tech95,2026-08-01 17:52:39,Image,71,1,6,2,"Goa, India",#nature #photooftheday
IG_3735765255,rahul_rocks80,2026-08-02 03:40:26,Image,171,33,16,20,"Mumbai, Maharashtra",#lifestyle #art
IG_9873871717,ramesh_vlogs17,2026-08-02 04:01:58,Reel,187,22,6,39,"Delhi, India",#love #instagood #fashion #photography
IG_3825188460,rahul_rocks24,2026-08-02 08:58:55,Video,928,160,50,69,"Bengaluru, Karnataka",#instagood #viral #foodie #art #nature
IG_6955422769,suresh_fitness21,2026-08-02 10:54:40,Reel,7,0,0,0,"Dubai, UAE",#foodie #art #photography #love #fashion
IG_2832264792,style_icon38,2026-08-02 11:48:16,Carousel,122,21,10,28,,#fashion #art #travel #photooftheday #instagood
IG_4200154005,suresh_fitness22,2026-08-02 14:03:38,Image,167,23,5,15,,#fashion #photography #trending #fitness
IG_0220517092,rahul_rocks40,2026-08-02 15:45:45,Reel,2235,172,92,548,"Paris, France",#foodie #lifestyle #fashion
IG_3289472278,priya_daily1,2026-08-02 16:57:50,Image,82,2,5,11,"Mumbai, Maharashtra",#trending #music #art #fitness #fashion #nature
IG_4908915432,amit_travels17,2026-08-02 20:46:49,Reel,23,2,1,1,,#viral #photography #nature #lifestyle #fitness #travel
IG_1173348984,priya_daily27,2026-08-02 20:55:06,Reel,49,5,4,8,"Jaipur, Rajasthan",#lifestyle #love #music
IG_4390028321,foodie_anjali33,2026-08-02 22:42:55,Carousel,3628,148,199,742,"Bengaluru, Karnataka",#fashion #foodie #trending
IG_6519620213,rahul_rocks41,2026-08-03 14:57:29,Image,239,37,2,48,"Dubai, UAE",#foodie #music #photooftheday
IG_1092494071,ramesh_vlogs84,2026-08-03 18:50:25,Image,75,6,5,5,"Paris, France",#nature #love #viral
IG_6664093432,amit_travels59,2026-08-03 20:53:51,Reel,13,0,1,0,,#music #photography #nature #fitness #art #viral
IG_5179266074,rahul_rocks22,2026-08-04 01:35:40,Carousel,343,59,33,20,"Goa, India",#travel #fitness #fashion #nature
IG_5268700531,the_wanderer49,2026-08-04 01:38:56,Reel,137,19,0,14,,#art #photography #love #instagood
IG_8499770094,sneha_style66,2026-08-04 03:06:46,Reel,1703,182,127,268,"Mumbai, Maharashtra",#nature #travel #viral #trending #photography #love
IG_8356039974,rohit_tech94,2026-08-04 04:40:58,Carousel,171,23,10,39,,#lifestyle #nature #photooftheday #instagood
IG_5878307843,sneha_style34,2026-08-04 14:19:09,Reel,124,23,8,28,,#fashion #photography #fitness #trending #viral
IG_2841378650,style_icon30,2026-08-04 19:58:01,Reel,43,7,0,7,"Pune, Maharashtra",#instagood #foodie
IG_6221523785,amit_travels57,2026-08-04 22:41:23,Image,138,19,4,19,,#trending #lifestyle #music
IG_4226848921,rohit_tech94,2026-08-04 22:57:35,Image,323,46,8,52,,#photooftheday #foodie #love #music #instagood #fashion
IG_2289986755,the_wanderer85,2026-08-05 00:02:20,Image,225,11,3,42,"Pune, Maharashtra",#photography #nature
IG_4547747177,rahul_rocks42,2026-08-05 01:28:18,Image,83,10,7,3,"Bali, Indonesia",#trending #travel #viral
IG_5260668513,priya_daily9,2026-08-05 02:56:26,Reel,5331,383,493,521,,#fitness #nature #photography #fashion #foodie
IG_9757530391,kavita_art6,2026-08-05 03:28:58,Carousel,32,1,0,4,"Dubai, UAE",#lifestyle #love #fashion
IG_4268360222,kavita_art6,2026-08-05 10:34:07,Reel,34,3,0,1,,#travel #nature #fitness
IG_8777379685,rohit_tech5,2026-08-05 10:48:08,Image,126,11,4,19,"Delhi, India",#photooftheday #travel #photography #viral #foodie #instagood
IG_8007820228,the_wanderer74,2026-08-05 16:52:38,Video,147,19,5,11,"Dubai, UAE",#trending #viral #travel #instagood
IG_5099974736,amit_travels72,2026-08-05 20:56:53,Reel,97,12,1,18,"Ahmedabad, Gujarat",#music #fitness #art #viral
IG_1382346908,suresh_fitness95,2026-08-06 03:07:42,Reel,206,12,17,22,"Pune, Maharashtra",#photography #music
IG_0674026988,priya_daily26,2026-08-06 03:27:24,Carousel,331,9,7,57,,#foodie #photography #love #art
IG_7894303973,rahul_rocks88,2026-08-06 16:27:53,Image,2107,338,173,361,"Jaipur, Rajasthan",#viral #fashion #travel
IG_3934090703,sneha_style18,2026-08-06 20:44:05,Reel,580,14,51,88,"Bali, Indonesia",#instagood #travel #trending
IG_8921359396,amit_travels31,2026-08-07 05:30:33,Image,95,18,2,15,"Jaipur, Rajasthan",#travel #instagood #love
IG_0988460802,amit_travels70,2026-08-07 10:49:01,Image,151,4,4,6,,#fitness #lifestyle #love #music #photooftheday
IG_2954604669,rohit_tech93,2026-08-07 11:11:38,Video,149,12,14,13,,#travel #photooftheday #art #instagood #lifestyle
IG_6097298673,foodie_anjali22,2026-08-07 11:39:18,Image,17,1,1,3,,#viral #photography #love #music #trending
IG_9467262295,rahul_rocks67,2026-08-07 16:31:28,Reel,1165,174,101,53,"Bali, Indonesia",#lifestyle #travel #viral #nature #trending
IG_8239418890,rohit_tech8,2026-08-07 19:48:25,Video,483,76,19,114,"Mumbai, Maharashtra",#nature #fitness
IG_0535791340,rohit_tech79,2026-08-07 23:42:03,Image,297,27,25,72,"Delhi, India",#music #viral #foodie #lifestyle #love
IG_1842814874,sneha_style1,2026-08-07 23:42:47,Reel,36,3,3,8,"Goa, India",#instagood #fashion
IG_1358033531,sneha_style37,2026-08-08 01:08:41,Carousel,50,4,1,8,"Dubai, UAE",#instagood #fitness #nature #foodie #travel #fashion
IG_4491246765,suresh_fitness96,2026-08-08 03:05:15,Image,300,12,17,72,"Dubai, UAE",#trending #instagood #nature #love #music
IG_2129509928,rahul_rocks45,2026-08-08 04:12:58,Video,40,5,1,7,"Pune, Maharashtra",#trending #nature #love
IG_1390024699,ramesh_vlogs35,2026-08-08 05:03:23,Carousel,77,11,6,18,"Ahmedabad, Gujarat",#photooftheday #instagood #travel
IG_1164097090,foodie_anjali36,2026-08-08 09:54:55,Image,34,4,0,6,"Bali, Indonesia",#foodie #instagood #lifestyle #music
IG_9452614903,rahul_rocks54,2026-08-08 10:17:52,Image,22,2,1,2,,#art #photooftheday #fitness #foodie #photography #lifestyle
IG_5391895565,kavita_art48,2026-08-08 19:11:56,Image,47,4,2,9,,#viral #music #fitness #photography
IG_5645657020,amit_travels13,2026-08-08 22:38:47,Reel,22,4,1,5,"Ahmedabad, Gujarat",#love #photooftheday
IG_0496128014,foodie_anjali22,2026-08-09 01:40:12,Image,4,0,0,0,"Jaipur, Rajasthan",#lifestyle #fashion #instagood #trending #photography #photooftheday
IG_5559365470,the_wanderer63,2026-08-09 10:41:36,Video,11,0,0,1,,#nature #travel #music
IG_8895334892,amit_travels41,2026-08-09 10:55:37,Reel,82,4,5,8,,#fashion #love #fitness #foodie
IG_2301481700,sneha_style5,2026-08-09 10:55:57,Video,202,25,8,20,"Bengaluru, Karnataka",#travel #love #photooftheday
IG_5313581047,amit_travels96,2026-08-09 12:51:49,Video,71,10,2,13,"Bengaluru, Karnataka",#trending #love #music #viral
IG_6057967553,suresh_fitness95,2026-08-10 08:12:54,Image,4815,615,270,272,"Goa, India",#music #art
IG_3582337920,foodie_anjali61,2026-08-10 12:19:13,Image,284,17,1,32,"Ahmedabad, Gujarat",#music #travel #fitness #instagood #viral #foodie
IG_4612720810,kavita_art83,2026-08-10 14:25:41,Carousel,84,15,5,7,"Mumbai, Maharashtra",#nature #fashion #travel #viral #photooftheday #love
IG_6192313845,priya_daily50,2026-08-10 20:48:52,Video,22,1,1,1,"Bali, Indonesia",#photooftheday #trending
IG_3696513386,style_icon79,2026-08-10 21:07:50,Image,34,4,1,5,"Ahmedabad, Gujarat",#lifestyle #fitness #trending #music
IG_4980324607,the_wanderer51,2026-08-11 02:59:01,Video,331,57,25,63,"Pune, Maharashtra",#fashion #love #viral #photography #trending #art
IG_3934825611,amit_travels53,2026-08-11 04:59:39,Reel,95,11,7,19,"Paris, France",#lifestyle #fashion
IG_1701872990,suresh_fitness70,2026-08-11 13:48:08,Image,86,3,8,18,"Ahmedabad, Gujarat",#lifestyle #art #love #travel #fashion
IG_8873734435,style_icon67,2026-08-11 16:55:39,Video,187,8,13,24,,#photography #music #fashion #art
IG_8928330558,rahul_rocks94,2026-08-11 19:15:40,Image,220,23,9,12,,#photooftheday #travel #art #foodie
IG_1478306603,sneha_style14,2026-08-11 19:35:13,Image,365,62,10,8,,#art #foodie
IG_1060376718,sneha_style76,2026-08-12 01:44:20,Image,143,16,13,28,"Dubai, UAE",#fashion #love #foodie #viral
IG_8009534971,amit_travels51,2026-08-12 07:04:06,Reel,205,3,19,48,"Paris, France",#lifestyle #fitness
IG_1376516319,the_wanderer32,2026-08-12 07:08:58,Carousel,494,47,22,18,"Pune, Maharashtra",#fitness #music #trending #photooftheday #love #lifestyle
IG_3992021352,rahul_rocks6,2026-08-12 08:11:37,Video,54,10,2,8,"Ahmedabad, Gujarat",#fashion #love #instagood #photooftheday
IG_1438325962,priya_daily93,2026-08-12 21:37:20,Image,548,54,48,135,"Dubai, UAE",#love #photooftheday #music #trending
IG_1414531107,kavita_art99,2026-08-13 00:55:13,Image,3,0,0,0,,#fitness #love
IG_0316575511,style_icon65,2026-08-13 02:39:02,Reel,25,1,2,2,"Jaipur, Rajasthan",#trending #viral #photography #photooftheday #fashion
IG_2725294697,the_wanderer52,2026-08-13 15:12:09,Carousel,126,2,6,21,"Jaipur, Rajasthan",#music #love
IG_0434994165,style_icon78,2026-08-13 18:29:53,Image,1,0,0,0,"Goa, India",#trending #viral #photooftheday #photography
IG_9464491460,ramesh_vlogs74,2026-08-13 18:53:13,Carousel,81,3,1,15,"Bengaluru, Karnataka",#photooftheday #fashion #love
IG_9995903825,kavita_art49,2026-08-14 01:55:06,Image,27,3,1,2,,#instagood #photooftheday
IG_5858627912,amit_travels97,2026-08-14 05:03:44,Image,719,71,52,47,"Pune, Maharashtra",#art #music #fitness #instagood #trending
IG_6309679425,kavita_art84,2026-08-14 08:37:45,Image,216,19,20,49,,#lifestyle #fitness #foodie #music #nature
IG_1303488329,foodie_anjali83,2026-08-14 13:10:51,Image,26,3,2,5,,#instagood #nature #music #photography
IG_3416686315,amit_travels47,2026-08-14 14:46:02,Image,18,0,1,2,"Jaipur, Rajasthan",#fitness #instagood #nature #foodie #fashion #travel
IG_9683724116,priya_daily44,2026-08-14 17:16:08,Image,47,5,2,4,"Goa, India",#fitness #photooftheday #travel #foodie #trending #lifestyle
IG_2972083767,amit_travels13,2026-08-15 05:00:57,Image,1062,112,69,249,"Paris, France",#fashion #love #photography #music #trending #nature
IG_8172485590,foodie_anjali61,2026-08-15 08:41:58,Reel,272,14,3,57,"Bali, Indonesia",#nature #fashion #music #viral
IG_2132894202,priya_daily31,2026-08-15 10:51:44,Image,260,31,17,44,,#photography #love #foodie
IG_9544894454,rohit_tech54,2026-08-15 12:29:34,Reel,90,9,1,2,,#viral #travel #trending #love #art #fitness
IG_4632792578,style_icon74,2026-08-15 14:03:27,Reel,178,10,17,41,"Bali, Indonesia",#love #viral #music #nature #trending #art
IG_9613968190,suresh_fitness67,2026-08-15 22:23:34,Reel,4,0,0,0,"Delhi, India",#viral #fitness #lifestyle #nature
IG_9920634296,sneha_style92,2026-08-16 01:05:56,Video,61,11,1,8,"Goa, India",#music #lifestyle #photography #viral #photooftheday #instagood
IG_0933989122,suresh_fitness34,2026-08-16 03:24:02,Image,381,55,34,17,"Dubai, UAE",#travel #trending #fashion #nature #photooftheday
IG_5381902429,rahul_rocks99,2026-08-16 04:44:51,Image,128,17,7,4,,#foodie #fitness #instagood
IG_3728416742,style_icon75,2026-08-16 07:00:22,Video,116,18,8,8,"Jaipur, Rajasthan",#art #fashion #viral #trending
IG_5927368497,amit_travels37,2026-08-16 13:20:11,Carousel,69,3,5,5,"Mumbai, Maharashtra",#lifestyle #fitness
IG_7138311640,style_icon63,2026-08-16 15:47:23,Image,30,1,1,1,"Bali, Indonesia",#love #trending #foodie
IG_9994952115,priya_daily27,2026-08-16 15:55:49,Reel,28,0,1,5,,#photooftheday #nature
IG_7005225385,style_icon61,2026-08-16 16:17:22,Image,62,12,3,13,,#art #trending #travel
IG_7149415270,sneha_style70,2026-08-16 16:19:34,Video,30,4,0,3,"Jaipur, Rajasthan",#viral #love #lifestyle #music #art #fashion
IG_4114410339,sneha_style49,2026-08-16 22:26:11,Video,162,23,11,12,,#photography #instagood
IG_6099171922,rahul_rocks42,2026-08-16 23:23:25,Image,44,1,2,1,,#love #instagood #art #viral
IG_2351227611,amit_travels32,2026-08-17 01:10:36,Image,74,10,4,12,,#fashion #viral #instagood #photography
IG_6981907106,amit_travels21,2026-08-17 06:41:11,Carousel,108,14,5,5,"Goa, India",#travel #photography
IG_1481997169,the_wanderer43,2026-08-17 13:09:50,Carousel,369,37,13,65,"Mumbai, Maharashtra",#lifestyle #love #photography #music
IG_8181528987,amit_travels39,2026-08-17 15:14:20,Carousel,157,22,7,17,"Paris, France",#travel #photooftheday #fashion #trending #photography
IG_8979102256,foodie_anjali44,2026-08-17 22:45:26,Image,307,53,21,39,"Paris, France",#photography #fitness #fashion
IG_0453300842,ramesh_vlogs13,2026-08-18 08:02:22,Carousel,107,5,10,19,"Ahmedabad, Gujarat",#photography #trending #nature #fitness #foodie #love
IG_4664970087,style_icon34,2026-08-18 13:26:44,Image,1537,106,75,98,"Goa, India",#photography #nature #instagood #fitness #viral #lifestyle
IG_6319832026,suresh_fitness5,2026-08-18 16:11:04,Carousel,162,10,15,20,"Jaipur, Rajasthan",#nature #art #trending
IG_2429948369,the_wanderer6,2026-08-18 22:26:02,Video,557,102,3,18,"Dubai, UAE",#lifestyle #love #music #photography #instagood
IG_8788597455,sneha_style43,2026-08-18 22:42:47,Video,36,2,0,0,"Jaipur, Rajasthan",#foodie #love #photography #lifestyle #travel #fashion
IG_2068856802,priya_daily21,2026-08-19 00:06:49,Video,3120,288,127,610,,#photooftheday #photography #fitness #fashion #music #travel
IG_4822775344,kavita_art86,2026-08-19 00:35:40,Reel,142,8,11,4,"Dubai, UAE",#art #nature #lifestyle #fashion #love #travel
IG_2321777566,priya_daily64,2026-08-19 02:27:47,Carousel,67,3,5,7,"Bali, Indonesia",#foodie #fashion #photography #travel
IG_4964036458,the_wanderer56,2026-08-19 06:05:41,Image,4384,751,189,457,"Bali, Indonesia",#instagood #foodie #photooftheday #trending
IG_8128365102,ramesh_vlogs50,2026-08-19 09:10:32,Image,619,45,54,110,"Delhi, India",#photooftheday #trending #viral #art
IG_7067242553,ramesh_vlogs83,2026-08-19 10:04:20,Image,276,35,22,22,,#lifestyle #art
IG_3396470655,rahul_rocks60,2026-08-19 13:10:49,Video,13,0,0,2,,#foodie #instagood
IG_4732344480,sneha_style1,2026-08-19 17:09:16,Video,68,2,2,10,,#viral #fashion #instagood #photooftheday #love #music
IG_8078618481,foodie_anjali16,2026-08-19 22:18:22,Video,123,1,6,23,,#love #art #trending #photography
IG_9620676558,suresh_fitness40,2026-08-20 01:57:32,Video,15,1,1,2,,#trending #photography
IG_6967930942,sneha_style32,2026-08-20 04:03:48,Video,516,95,30,29,,#fashion #love #travel #fitness #nature
IG_7425164026,ramesh_vlogs73,2026-08-20 05:16:00,Carousel,131,22,12,24,,#travel #photography
IG_8684505884,foodie_anjali7,2026-08-20 07:47:21,Image,1330,63,81,297,"Paris, France",#fashion #nature
IG_9459772911,ramesh_vlogs39,2026-08-20 08:36:37,Reel,49,3,2,3,,#viral #travel #music #fashion
IG_0537237845,style_icon45,2026-08-20 17:54:21,Image,386,52,21,93,"Paris, France",#instagood #music #photooftheday #photography #nature #travel
IG_5667786405,style_icon55,2026-08-20 19:06:30,Image,17,2,1,1,,#music #nature #trending #photography #fashion #fitness
IG_4361948031,foodie_anjali27,2026-08-20 23:48:59,Image,52,7,1,3,"Goa, India",#photography #nature #fitness #fashion
IG_3920283355,rahul_rocks30,2026-08-21 06:19:02,Image,48,9,2,7,"Dubai, UAE",#love #foodie
IG_1724061588,the_wanderer94,2026-08-21 08:14:16,Image,82,15,6,4,,#music #art #viral #foodie
IG_4911894660,rahul_rocks59,2026-08-21 10:03:29,Image,3310,190,160,365,"Paris, France",#trending #instagood #music
IG_9702012021,kavita_art15,2026-08-21 10:03:35,Image,641,19,35,136,"Delhi, India",#trending #photooftheday #love #photography #fashion #nature
IG_7275865510,rahul_rocks11,2026-08-21 14:27:31,Reel,968,143,62,136,"Bali, Indonesia",#lifestyle #fitness #art #photography #fashion #instagood
IG_0568191827,style_icon65,2026-08-21 17:38:19,Carousel,793,133,60,44,"Dubai, UAE",#art #music #nature #trending #fitness #lifestyle
IG_6899328864,suresh_fitness63,2026-08-21 19:56:01,Image,137,11,6,33,"Delhi, India",#fitness #photooftheday
IG_1024099422,priya_daily64,2026-08-21 21:03:13,Reel,19,3,1,1,,#art #trending
IG_2868354016,priya_daily24,2026-08-22 05:03:33,Image,307,55,30,43,"Goa, India",#travel #love
IG_2705245842,rahul_rocks9,2026-08-22 12:30:57,Image,110,4,6,8,,#music #lifestyle
IG_5652139123,ramesh_vlogs95,2026-08-22 13:31:33,Image,672,84,35,68,,#music #photooftheday #trending #instagood #fitness #photography
IG_3997737466,style_icon35,2026-08-22 18:16:31,Reel,159,26,6,10,"Goa, India",#fitness #photooftheday
IG_3157557538,foodie_anjali56,2026-08-22 19:18:02,Reel,1546,96,111,227,"Jaipur, Rajasthan",#fitness #love #trending #music #photooftheday #foodie
IG_7828459647,kavita_art61,2026-08-22 22:09:46,Reel,19,2,0,2,"Pune, Maharashtra",#music #foodie #trending #lifestyle #viral
IG_2843386374,ramesh_vlogs87,2026-08-23 01:33:59,Image,319,58,19,14,"Bengaluru, Karnataka",#fashion #foodie
IG_4169748944,the_wanderer31,2026-08-23 02:27:46,Image,261,7,9,7,,#love #instagood
IG_0401936656,foodie_anjali73,2026-08-23 03:47:10,Image,417,47,40,31,"Pune, Maharashtra",#nature #trending
IG_0359322154,suresh_fitness62,2026-08-23 05:47:10,Video,93,1,2,2,,#love #music
IG_7958623240,rohit_tech92,2026-08-23 08:14:40,Video,158,22,12,25,,#travel #foodie #fitness #fashion
IG_1119561096,suresh_fitness65,2026-08-23 09:20:17,Video,239,15,6,15,,#photooftheday #fashion #fitness #foodie #photography
IG_8571799488,suresh_fitness77,2026-08-23 09:44:18,Video,39,1,0,5,,#photography #music
IG_5298129306,style_icon44,2026-08-24 01:00:31,Carousel,149,22,8,3,,#lifestyle #photooftheday #viral #fashion #art
IG_0000308733,rahul_rocks61,2026-08-24 12:16:11,Reel,9,1,0,1,"Ahmedabad, Gujarat",#nature #love #fitness
IG_5902737599,priya_daily77,2026-08-24 16:51:33,Reel,46,5,3,7,"Jaipur, Rajasthan",#love #nature #travel #lifestyle
IG_4019863858,priya_daily90,2026-08-24 17:17:10,Reel,3210,201,147,758,,#photooftheday #fitness #love #fashion
IG_7801941755,priya_daily46,2026-08-25 08:05:38,Image,53,9,2,6,"Mumbai, Maharashtra",#instagood #trending
IG_7676182366,kavita_art25,2026-08-25 11:02:40,Carousel,2599,310,40,202,"Bengaluru, Karnataka",#photography #nature #art
IG_3715501999,ramesh_vlogs31,2026-08-25 13:54:43,Image,296,17,6,19,"Bali, Indonesia",#travel #trending #fashion #photography
IG_9734317241,sneha_style52,2026-08-26 09:45:37,Carousel,61,5,3,2,"Ahmedabad, Gujarat",#love #trending
IG_6449556771,kavita_art92,2026-08-26 10:20:22,Reel,20,2,1,1,"Paris, France",#travel #art #photography #music
IG_5054248403,rohit_tech24,2026-08-26 19:05:25,Reel,93,2,6,16,,#art #music #love #viral #foodie
IG_1007753165,amit_travels73,2026-08-27 05:00:19,Reel,81,14,6,6,"Bali, Indonesia",#art #fashion
IG_5601076478,amit_travels83,2026-08-27 05:50:02,Image,70,5,6,9,"Bali, Indonesia",#trending #photooftheday
IG_5436203638,foodie_anjali74,2026-08-27 09:42:11,Video,55,8,3,8,"Jaipur, Rajasthan",#travel #music #photooftheday #foodie
IG_6575563743,suresh_fitness45,2026-08-27 11:24:38,Reel,200,13,6,19,,#music #viral
IG_1889709668,ramesh_vlogs82,2026-08-27 12:17:25,Carousel,426,20,35,17,"Paris, France",#fitness #instagood #music #lifestyle
IG_9640901644,ramesh_vlogs60,2026-08-27 14:11:38,Reel,15,2,1,1,,#viral #trending #art #photography #fitness #photooftheday
IG_7632452206,sneha_style13,2026-08-27 15:17:34,Video,432,4,32,90,"Bali, Indonesia",#photography #foodie #trending #travel #fashion #nature
IG_7527784680,the_wanderer17,2026-08-27 16:53:02,Image,651,34,62,100,,#photography #art
IG_3637052058,suresh_fitness6,2026-08-27 18:51:48,Reel,1337,215,29,241,,#love #fashion #art #trending #fitness #viral
IG_3705166161,style_icon44,2026-08-27 20:49:46,Image,6051,539,509,612,,#trending #lifestyle #fashion
IG_1166273290,foodie_anjali87,2026-08-28 01:59:29,Image,64,9,0,5,"Bengaluru, Karnataka",#travel #photooftheday #fitness #viral #love #nature
IG_6508063336,sneha_style2,2026-08-28 04:31:16,Image,2567,170,196,333,,#nature #fitness #travel #fashion #music
IG_1973874665,suresh_fitness3,2026-08-28 09:14:01,Image,75,14,6,15,,#lifestyle #viral #fashion #foodie #travel #instagood
IG_7458140617,priya_daily91,2026-08-28 16:06:01,Carousel,182,2,3,17,"Pune, Maharashtra",#travel #fashion #photography #viral #foodie
IG_9918754871,amit_travels35,2026-08-28 22:39:55,Reel,332,21,28,44,"Paris, France",#music #viral #fitness #lifestyle #love
IG_5545013859,sneha_style63,2026-08-29 02:40:18,Image,26,2,1,5,,#instagood #love #photooftheday #music #art #nature
IG_2609939397,kavita_art94,2026-08-29 03:20:00,Image,1427,278,106,59,"Dubai, UAE",#trending #art #lifestyle #instagood
IG_9907259015,sneha_style43,2026-08-29 06:42:31,Image,35,0,0,7,"Mumbai, Maharashtra",#foodie #photooftheday #viral
IG_6083078802,rahul_rocks50,2026-08-29 07:44:45,Reel,897,107,28,204,"Goa, India",#lifestyle #music #foodie
IG_3302905481,amit_travels11,2026-08-29 11:30:42,Carousel,54,1,1,6,,#photography #lifestyle #trending #music #fitness #viral
IG_0179003061,ramesh_vlogs66,2026-08-29 17:49:01,Image,183,30,9,44,,#love #photooftheday #lifestyle #photography #travel #nature
IG_9043289244,rahul_rocks54,2026-08-29 19:12:28,Image,35,4,0,1,,#lifestyle #travel #viral #photography #photooftheday
IG_9115964554,rahul_rocks6,2026-08-29 21:51:01,Image,1167,190,104,96,"Paris, France",#trending #art
IG_7628639725,rohit_tech91,2026-08-30 00:07:30,Reel,35,1,1,5,,#viral #music #instagood
IG_2718185384,priya_daily94,2026-08-30 02:49:33,Image,11394,491,497,2541,"Bali, Indonesia",#photooftheday #lifestyle
IG_0528384974,amit_travels89,2026-08-30 02:54:21,Carousel,238,10,10,36,"Jaipur, Rajasthan",#love #trending #nature
IG_8067621341,kavita_art46,2026-08-30 05:00:36,Reel,14,2,1,1,,#music #photooftheday #foodie #travel #instagood #art
IG_3558748307,foodie_anjali12,2026-08-30 05:11:50,Image,192,10,12,12,,#music #lifestyle #instagood
IG_9113898848,ramesh_vlogs76,2026-08-30 11:47:24,Video,2070,148,20,209,,#fashion #music #photography #lifestyle
IG_0506718885,sneha_style24,2026-08-30 17:58:13,Image,248,3,21,10,"Dubai, UAE",#lifestyle #music #fitness #love #photooftheday #nature
IG_5878876899,foodie_anjali79,2026-08-30 18:07:39,Image,85,11,4,7,"Dubai, UAE",#fashion #love
IG_5400563479,priya_daily4,2026-08-30 19:24:37,Image,777,80,28,144,,#nature #trending #love #travel #photography
IG_0583862184,rohit_tech5,2026-08-31 02:24:08,Carousel,136,5,3,19,"Pune, Maharashtra",#fashion #art #viral
IG_9670612291,ramesh_vlogs24,2026-08-31 08:07:12,Image,94,16,5,23,,#viral #lifestyle
IG_5954824780,suresh_fitness62,2026-08-31 09:30:03,Image,212,3,7,45,"Mumbai, Maharashtra",#foodie #music #photography #fitness #photooftheday #travel
IG_7893273027,ramesh_vlogs96,2026-08-31 10:42:32,Image,273,39,23,45,,#music #instagood #viral
IG_5018366215,style_icon25,2026-08-31 17:17:17,Reel,171,8,6,33,"Jaipur, Rajasthan",#nature #fashion
IG_5335048593,ramesh_vlogs8,2026-08-31 17:21:42,Carousel,146,12,11,3,"Paris, France",#nature #music
IG_7057205299,amit_travels25,2026-09-01 06:58:58,Image,5341,58,527,581,,#art #fashion #photooftheday #nature #instagood #photography
IG_2684315590,the_wanderer23,2026-09-01 07:53:28,Image,956,17,87,77,"Goa, India",#trending #art #photooftheday #viral #music #instagood
IG_1555400319,rohit_tech14,2026-09-01 11:49:39,Reel,299,32,17,6,,#fitness #foodie #travel #love #instagood
IG_6012295125,amit_travels23,2026-09-01 13:55:34,Image,177,5,15,29,,#foodie #music
IG_2291403456,suresh_fitness68,2026-09-01 17:46:56,Video,276,28,2,20,,#art #photography #nature #love
IG_0710493352,foodie_anjali60,2026-09-01 18:02:13,Image,100,1,1,2,,#trending #photooftheday #lifestyle #foodie
IG_3166359117,priya_daily64,2026-09-02 01:11:27,Reel,718,28,57,150,"Delhi, India",#trending #nature #art #lifestyle #photography
IG_0242647610,style_icon37,2026-09-02 02:01:09,Video,1476,285,23,70,,#fashion #nature
IG_5885736312,style_icon56,2026-09-02 04:10:13,Reel,261,37,24,38,"Mumbai, Maharashtra",#photography #instagood #fitness #fashion
IG_8568638315,style_icon85,2026-09-02 07:55:27,Carousel,159,10,9,34,"Dubai, UAE",#photooftheday #art #love #lifestyle
IG_8658121275,sneha_style48,2026-09-02 11:13:15,Image,74,4,6,12,"Paris, France",#photooftheday #photography #viral
IG_1726468859,rohit_tech2,2026-09-03 02:38:17,Carousel,669,103,33,140,,#fashion #photography #viral
IG_9285059437,amit_travels45,2026-09-03 02:53:35,Video,503,37,20,69,,#lifestyle #viral #trending #fashion #instagood #music
IG_5697637718,kavita_art15,2026-09-03 04:31:56,Reel,41,1,3,7,"Paris, France",#love #viral
IG_1501290584,foodie_anjali5,2026-09-03 07:43:16,Video,9046,889,635,2196,"Dubai, UAE",#instagood #trending
IG_2134744371,the_wanderer31,2026-09-03 07:44:51,Image,31,2,0,6,"Ahmedabad, Gujarat",#art #photooftheday #instagood
IG_8027014594,foodie_anjali78,2026-09-03 14:52:34,Image,7,1,0,0,"Bengaluru, Karnataka",#lifestyle #viral #instagood #travel #music #fitness
IG_8606502608,foodie_anjali66,2026-09-03 20:27:09,Video,153,6,4,27,"Dubai, UAE",#travel #art #photography #trending #love #music
IG_2897386545,foodie_anjali93,2026-09-04 01:22:15,Image,598,78,24,91,"Bali, Indonesia",#nature #music #trending
IG_8550143053,sneha_style74,2026-09-04 07:04:37,Carousel,27,3,1,5,,#photooftheday #travel #art #instagood #viral #fashion
IG_3380045128,amit_travels62,2026-09-04 12:05:49,Video,1591,290,121,203,"Goa, India",#nature #foodie #photography #music #viral
IG_4431558921,the_wanderer13,2026-09-04 14:24:01,Image,22,0,1,1,,#photooftheday #foodie #music #fitness #art #love
IG_0067097341,style_icon75,2026-09-04 19:15:57,Image,451,51,6,92,"Mumbai, Maharashtra",#instagood #fashion #love #viral #lifestyle
IG_6759636289,sneha_style40,2026-09-04 22:47:47,Reel,96,11,5,3,,#foodie #viral #art
IG_8900585687,sneha_style9,2026-09-04 23:54:52,Carousel,227,30,5,30,"Bali, Indonesia",#nature #trending #photooftheday #instagood
IG_7281087695,amit_travels56,2026-09-05 00:16:47,Image,87,16,5,20,"Mumbai, Maharashtra",#photooftheday #photography
IG_7703069335,amit_travels71,2026-09-05 01:24:14,Image,616,109,9,125,"Ahmedabad, Gujarat",#nature #trending #love #photooftheday #music #photography
IG_7112176466,ramesh_vlogs79,2026-09-05 02:29:41,Reel,2855,485,25,494,"Paris, France",#art #photography #trending
IG_8092431409,priya_daily50,2026-09-05 07:00:24,Image,24,2,1,2,"Bengaluru, Karnataka",#fashion #photography #fitness #travel #music #foodie
IG_4821455980,kavita_art5,2026-09-05 09:11:11,Carousel,170,19,8,7,,#fashion #instagood #viral #love #music
IG_8744826137,ramesh_vlogs78,2026-09-05 09:45:31,Video,275,44,10,11,,#photooftheday #lifestyle #love #music
IG_0436886550,suresh_fitness76,2026-09-05 15:46:14,Reel,179,13,11,10,"Paris, France",#travel #nature
IG_7118886873,style_icon60,2026-09-05 19:52:30,Video,529,58,43,111,,#art #viral
IG_7283214202,amit_travels34,2026-09-05 21:34:12,Image,21,2,0,3,"Bengaluru, Karnataka",#trending #fashion #foodie #art #photography #viral
IG_4004702097,foodie_anjali23,2026-09-06 03:06:35,Video,280,18,15,66,"Dubai, UAE",#fashion #viral #travel #love #instagood
IG_4318769987,kavita_art59,2026-09-06 06:45:34,Reel,226,30,16,52,"Jaipur, Rajasthan",#art #viral #trending #photooftheday #lifestyle
IG_4613291555,suresh_fitness74,2026-09-06 11:13:22,Reel,170,13,16,9,"Dubai, UAE",#instagood #foodie #love #trending #photooftheday
IG_5165560112,rohit_tech90,2026-09-06 18:48:43,Reel,135,17,11,23,"Mumbai, Maharashtra",#instagood #travel
IG_0975924130,amit_travels56,2026-09-07 03:44:31,Image,330,16,22,20,,#love #art #nature #travel #foodie #lifestyle
IG_1447911746,foodie_anjali8,2026-09-07 05:40:24,Reel,373,17,13,72,"Bengaluru, Karnataka",#foodie #lifestyle #viral #fitness #trending
IG_4095819628,priya_daily98,2026-09-07 12:14:41,Reel,62,3,2,3,"Delhi, India",#travel #trending #photooftheday #fashion #art #viral
IG_6923994981,foodie_anjali83,2026-09-07 14:07:09,Carousel,225,35,20,40,"Bali, Indonesia",#photography #art
IG_5663555726,amit_travels66,2026-09-07 15:47:19,Reel,13,1,0,0,,#fitness #viral #trending #music #photooftheday #photography
IG_9226840221,rohit_tech90,2026-09-07 17:03:05,Image,744,44,36,110,"Paris, France",#travel #fitness #photography
IG_2269897627,style_icon35,2026-09-07 20:06:34,Reel,36,2,2,6,"Jaipur, Rajasthan",#music #fitness #viral #foodie #art
IG_2694800947,the_wanderer22,2026-09-07 21:42:27,Image,1344,157,7,211,"Goa, India",#photooftheday #lifestyle
IG_6170460068,sneha_style59,2026-09-07 22:25:13,Image,107,20,6,3,,#trending #photography #fashion
IG_0574137332,style_icon62,2026-09-07 22:54:36,Reel,41,6,2,6,"Ahmedabad, Gujarat",#love #nature
IG_2609967429,ramesh_vlogs95,2026-09-08 01:14:56,Image,543,53,29,78,,#lifestyle #fashion #trending #instagood #music
IG_2451159516,style_icon35,2026-09-08 08:19:52,Image,359,47,9,39,,#photooftheday #travel #love
IG_6980431332,rohit_tech78,2026-09-08 09:43:48,Carousel,205,19,2,17,"Dubai, UAE",#fashion #trending #nature
IG_8439408367,suresh_fitness10,2026-09-08 13:18:05,Reel,182,19,15,24,"Pune, Maharashtra",#music #fitness #photooftheday #art
IG_0538069970,amit_travels5,2026-09-08 16:33:22,Reel,32,1,2,7,"Goa, India",#lifestyle #nature #fitness #viral #foodie #instagood
IG_4318029230,sneha_style1,2026-09-08 18:53:37,Image,131,11,4,19,"Delhi, India",#instagood #trending #fitness #photography
IG_9135171329,ramesh_vlogs57,2026-09-08 20:15:07,Carousel,763,81,38,114,"Delhi, India",#music #instagood
IG_7822913020,style_icon89,2026-09-08 23:51:33,Image,62,9,0,11,"Bengaluru, Karnataka",#travel #fashion #art #love #lifestyle
IG_6648867981,rohit_tech80,2026-09-09 02:03:46,Image,227,17,19,16,"Goa, India",#music #fashion #art
IG_8644535533,the_wanderer68,2026-09-09 05:23:41,Image,368,39,21,26,"Goa, India",#nature #photooftheday #fashion #love #viral
IG_4250584695,ramesh_vlogs15,2026-09-09 07:31:25,Video,1116,213,12,238,"Paris, France",#art #music #viral #lifestyle #love #travel
IG_7931814309,the_wanderer89,2026-09-09 10:13:19,Carousel,936,74,9,42,,#love #photooftheday #viral #travel #fashion #fitness
IG_2102851880,priya_daily23,2026-09-09 14:25:09,Carousel,789,145,68,22,"Dubai, UAE",#nature #foodie #music #lifestyle #viral #travel
IG_8133945962,sneha_style74,2026-09-09 15:21:49,Reel,44,4,3,1,"Bengaluru, Karnataka",#fitness #instagood #lifestyle
IG_7876329989,ramesh_vlogs8,2026-09-09 21:53:34,Image,683,130,20,68,"Paris, France",#lifestyle #music #photooftheday #trending #love #viral
IG_1659728603,priya_daily33,2026-09-10 02:23:15,Reel,17,1,0,0,"Mumbai, Maharashtra",#photography #lifestyle #trending
IG_8637751173,the_wanderer27,2026-09-10 03:05:05,Image,138,9,1,2,"Pune, Maharashtra",#music #fashion #photography
IG_4396983719,foodie_anjali75,2026-09-10 10:34:51,Image,646,58,7,112,"Mumbai, Maharashtra",#photography #travel #foodie #nature #music #viral
IG_8998864420,kavita_art10,2026-09-10 16:43:30,Image,147,10,13,7,"Ahmedabad, Gujarat",#art #travel #fashion #instagood #nature #photography
IG_3407261842,the_wanderer62,2026-09-10 23:05:29,Video,288,17,28,30,"Delhi, India",#foodie #nature #music #photooftheday
IG_0109814971,kavita_art47,2026-09-11 00:25:49,Image,105,12,10,4,,#lifestyle #trending
IG_0073146435,amit_travels95,2026-09-11 02:16:19,Video,133,26,11,25,,#viral #fashion #lifestyle
IG_4695543809,the_wanderer91,2026-09-11 03:03:06,Image,83,11,7,16,"Bali, Indonesia",#photooftheday #travel
IG_7843585843,rohit_tech99,2026-09-11 04:15:35,Reel,21,0,0,3,"Mumbai, Maharashtra",#fashion #photography #lifestyle #trending #nature
IG_1932301099,rahul_rocks83,2026-09-11 04:20:10,Video,105,5,3,22,"Jaipur, Rajasthan",#foodie #nature #instagood #fashion #love #travel
IG_6880206391,the_wanderer38,2026-09-11 11:04:32,Reel,344,23,3,52,"Bengaluru, Karnataka",#foodie #travel #photooftheday #nature #trending
IG_2248921363,amit_travels73,2026-09-11 12:31:46,Video,387,56,14,47,,#art #trending #love
IG_8326390892,suresh_fitness34,2026-09-11 12:31:50,Reel,132,19,6,32,"Paris, France",#travel #love #viral #photooftheday #lifestyle
IG_4752755560,ramesh_vlogs34,2026-09-11 16:40:11,Video,37,5,2,8,"Jaipur, Rajasthan",#lifestyle #travel #instagood
IG_5557720003,priya_daily15,2026-09-11 16:44:07,Image,187,26,2,12,,#photooftheday #photography #love
IG_1370204471,foodie_anjali26,2026-09-11 16:49:38,Reel,269,39,2,57,,#fitness #foodie #travel #music
IG_1160933932,foodie_anjali57,2026-09-11 22:10:08,Image,96,16,8,20,,#foodie #fashion #art #instagood #trending #viral
IG_1896577602,suresh_fitness81,2026-09-12 02:24:52,Image,31,5,0,1,,#nature #music #instagood #photography #fashion
IG_4439588514,the_wanderer8,2026-09-12 02:44:21,Reel,44,1,0,7,"Jaipur, Rajasthan",#love #viral #photography
IG_2170778784,amit_travels41,2026-09-12 07:11:28,Image,91,2,5,3,"Mumbai, Maharashtra",#fitness #instagood #travel
IG_0578113358,sneha_style17,2026-09-12 14:09:54,Image,151,18,5,28,"Ahmedabad, Gujarat",#music #photography #art #foodie #love #fitness
IG_0393683214,amit_travels1,2026-09-12 16:59:35,Carousel,566,69,40,47,"Pune, Maharashtra",#instagood #viral #art #music #nature
IG_8076792237,priya_daily34,2026-09-12 18:07:43,Carousel,87,14,1,20,,#art #viral #nature #trending #foodie
IG_8913145264,ramesh_vlogs74,2026-09-12 19:13:31,Carousel,534,81,47,28,"Bali, Indonesia",#fitness #instagood #music #photography #viral #photooftheday
IG_8684999707,ramesh_vlogs63,2026-09-12 19:22:55,Image,2405,162,70,401,,#foodie #photography #fitness #fashion
IG_2061003814,amit_travels7,2026-09-12 20:30:53,Image,265,6,14,26,"Dubai, UAE",#viral #art #fashion #instagood #travel
IG_5625776341,sneha_style11,2026-09-13 01:37:16,Video,87,16,1,13,"Paris, France",#viral #lifestyle #art #music #photography
IG_7602538943,amit_travels45,2026-09-13 05:34:23,Reel,100,13,1,18,,#instagood #fashion #fitness #love
IG_4489455975,kavita_art66,2026-09-13 06:15:15,Reel,141,16,1,18,"Dubai, UAE",#travel #trending #fashion #viral #fitness
IG_0416723149,style_icon73,2026-09-13 08:55:33,Image,2360,46,176,423,,#art #photooftheday #music #viral #photography
IG_1378573637,amit_travels44,2026-09-13 09:46:21,Image,103,6,7,20,,#art #fitness #viral
IG_5421902237,sneha_style93,2026-09-13 14:00:55,Reel,102,10,1,13,,#photooftheday #art #nature
IG_3394954247,style_icon23,2026-09-13 15:35:07,Carousel,12,0,0,1,"Ahmedabad, Gujarat",#viral #photography #foodie #love #fitness #fashion
IG_6017798443,amit_travels65,2026-09-13 19:51:15,Image,50,8,1,9,"Ahmedabad, Gujarat",#photooftheday #instagood #fashion #love #viral #lifestyle
IG_6094482422,amit_travels71,2026-09-13 23:05:38,Reel,114,16,11,25,,#photooftheday #love
IG_1134875257,kavita_art46,2026-09-14 03:35:57,Reel,73,3,6,6,"Goa, India",#lifestyle #music #trending #art
IG_4238954505,the_wanderer27,2026-09-14 06:42:44,Image,45,4,2,5,"Pune, Maharashtra",#instagood #photography
IG_0215635197,suresh_fitness6,2026-09-14 13:00:08,Reel,60,9,2,3,"Goa, India",#lifestyle #travel #viral
IG_8314910397,priya_daily41,2026-09-14 16:59:00,Carousel,573,25,25,42,"Bengaluru, Karnataka",#foodie #lifestyle #music #love #instagood #fashion
IG_5689927207,sneha_style54,2026-09-14 18:23:33,Image,850,11,63,140,"Bali, Indonesia",#trending #fashion #photooftheday
IG_3141339589,ramesh_vlogs5,2026-09-15 01:56:16,Video,185,20,7,41,"Ahmedabad, Gujarat",#foodie #love #art #travel
IG_3982506577,style_icon80,2026-09-15 03:28:24,Image,144,11,1,20,"Jaipur, Rajasthan",#viral #fashion
IG_9010682691,style_icon59,2026-09-15 12:36:22,Image,785,38,78,123,"Bengaluru, Karnataka",#lifestyle #nature #fashion #travel #foodie
IG_3181603394,rahul_rocks52,2026-09-15 16:40:19,Image,319,32,19,67,,#photography #music
IG_5304121600,amit_travels7,2026-09-16 03:43:47,Image,148,16,12,34,"Dubai, UAE",#instagood #trending
IG_6059033684,foodie_anjali81,2026-09-16 10:36:10,Image,142,10,8,16,,#photography #fitness #art #nature #foodie
IG_4405689825,the_wanderer45,2026-09-16 12:29:40,Image,26,2,0,4,,#travel #fitness #photooftheday #trending #love
IG_5928212593,priya_daily14,2026-09-16 21:10:03,Carousel,238,27,15,42,"Mumbai, Maharashtra",#fitness #fashion #love #music
IG_2228023380,kavita_art74,2026-09-17 03:39:17,Image,28,1,0,2,"Goa, India",#lifestyle #viral #art #love #fitness #travel
IG_7754695301,priya_daily43,2026-09-17 04:33:23,Image,37,0,1,8,"Mumbai, Maharashtra",#photooftheday #viral #nature #travel
IG_8354898297,priya_daily56,2026-09-17 04:39:13,Image,5,0,0,0,"Jaipur, Rajasthan",#photography #travel #fitness
IG_8816370676,ramesh_vlogs33,2026-09-17 06:26:47,Image,75,2,3,1,,#photooftheday #viral #foodie
IG_1080553571,kavita_art46,2026-09-17 09:46:37,Image,736,67,60,85,"Mumbai, Maharashtra",#art #fashion #lifestyle #music #photooftheday
IG_9374965497,suresh_fitness77,2026-09-17 12:07:37,Carousel,129,23,10,12,"Dubai, UAE",#travel #instagood #art #trending #viral #love
IG_0246368864,suresh_fitness27,2026-09-17 19:01:47,Carousel,2,0,0,0,,#photooftheday #foodie #viral #fitness
IG_0777521000,ramesh_vlogs57,2026-09-17 19:26:33,Video,2,0,0,0,,#lifestyle #nature #foodie
IG_9109449108,amit_travels63,2026-09-17 20:55:48,Carousel,23,3,0,5,"Bengaluru, Karnataka",#instagood #love #fashion #nature #photography
IG_7599948861,ramesh_vlogs12,2026-09-17 21:25:25,Carousel,333,61,29,7,"Paris, France",#fitness #travel #music #nature
IG_8258183455,suresh_fitness94,2026-09-17 23:27:03,Carousel,94,11,3,16,,#travel #nature #music
IG_5546951465,kavita_art36,2026-09-18 03:10:20,Video,629,34,58,143,"Pune, Maharashtra",#instagood #lifestyle
IG_1838333340,style_icon66,2026-09-18 06:09:38,Image,9,1,0,1,,#fashion #love
IG_4744272882,suresh_fitness19,2026-09-18 06:45:35,Image,113,13,6,4,,#love #fitness #photography #photooftheday #nature #art
IG_1033610401,the_wanderer57,2026-09-18 09:29:43,Image,4803,497,409,617,"Goa, India",#nature #photooftheday #fitness #music
