User_ID,User_Name,Location,Rating,Review_Text
USER_647143,Siddharth Chauhan,Pune,5,Perfect fit and comfortable.
USER_163100,Karan Reddy,Bangalore,5,Loved it!
USER_625600,Karan Bose,Indore,5,Exactly as shown in the picture.
USER_431941,Pooja Sharma,Hyderabad,4,Exactly as shown in the picture.
USER_526363,Karan Kumar,Bangalore,2,Nice packing.
USER_759962,Manish Deshmukh,Chandigarh,2,"Not as expected, colors are dull."
USER_388288,Aditya Deshmukh,Delhi,2,Battery drains too fast.
USER_344509,Sneha Reddy,Kolkata,4,Perfect fit and comfortable.
USER_435958,Aditya Joshi,Surat,2,"Worst experience ever, do not buy!"
USER_351794,Manish Gupta,Kolkata,4,"Good product, value for money."
USER_315002,Sneha Nair,Kochi,5,Excellent customer support.
USER_227793,Divya Das,Bangalore,5,"Good product, value for money."
USER_425787,Amit Das,Delhi,4,A bit overpriced but decent.
USER_769491,Aditya Sharma,Ahmedabad,5,Awesome delivery speed.
USER_945996,Sneha Chauhan,Ahmedabad,2,A bit overpriced but decent.
USER_165944,Kavya Yadav,Bangalore,4,Highly recommended!
USER_264130,Sneha Das,Ahmedabad,5,Exactly as shown in the picture.
USER_868715,Pooja Kumar,Jaipur,5,Excellent customer support.
USER_954211,Anjali Chauhan,Surat,4,"Good product, value for money."
USER_246797,Manish Patel,Kolkata,4,"Not as expected, colors are dull."
USER_380623,Amit Das,Hyderabad,2,"Worst experience ever, do not buy!"
USER_747803,Sneha Bose,Chennai,5,Perfect fit and comfortable.
USER_392411,Pooja Patel,Hyderabad,2,"Terrible, broke on the first day."
USER_296448,Vikram Verma,Mumbai,5,Excellent customer support.
USER_450724,Riya Das,Chandigarh,2,"Terrible, broke on the first day."
USER_500836,Aisha Patel,Kolkata,4,Awesome delivery speed.
USER_525349,Manish Reddy,Kolkata,2,Nice packing.
USER_145906,Karan Deshmukh,Kochi,2,"Worst experience ever, do not buy!"
USER_725758,Sneha Reddy,Lucknow,4,"Average quality, could be better."
USER_801393,Arjun Kumar,Ahmedabad,2,"Defective item received, returned it."
USER_175302,Kavya Deshmukh,Chandigarh,4,Awesome delivery speed.
USER_427900,Vikram Yadav,Pune,5,Highly recommended!
USER_450158,Neha Kumar,Pune,3,Nice packing.
USER_658553,Anjali Iyer,Indore,2,"Terrible, broke on the first day."
USER_393363,Arjun Das,Chandigarh,3,"Not as expected, colors are dull."
USER_116846,Amit Sharma,Bangalore,3,Nice packing.
USER_797013,Pooja Singh,Mumbai,4,Loved it!
USER_796119,Pooja Kumar,Pune,4,Loved it!
USER_628891,Siddharth Das,Bangalore,4,Highly recommended!
USER_977592,Arjun Das,Delhi,3,"Not as expected, colors are dull."
USER_715848,Pooja Joshi,Ahmedabad,2,"Not as expected, colors are dull."
USER_248128,Sneha Iyer,Pune,3,"Not as expected, colors are dull."
USER_799400,Vikram Das,Kolkata,4,Exactly as shown in the picture.
USER_666317,Riya Deshmukh,Jaipur,5,Excellent customer support.
USER_224262,Anjali Patel,Indore,5,Exactly as shown in the picture.
USER_519931,Arjun Joshi,Lucknow,4,Exactly as shown in the picture.
USER_101011,Riya Nair,Mumbai,4,Highly recommended!
USER_772827,Vikram Yadav,Chennai,5,Awesome delivery speed.
USER_692821,Arjun Iyer,Ahmedabad,4,"Average quality, could be better."
USER_657418,Siddharth Das,Bangalore,4,Exactly as shown in the picture.
USER_254608,Siddharth Sharma,Hyderabad,2,"Terrible, broke on the first day."
USER_812909,Amit Yadav,Indore,3,Battery drains too fast.
USER_917371,Rahul Reddy,Mumbai,5,Awesome delivery speed.
USER_289644,Rahul Yadav,Indore,4,Exactly as shown in the picture.
USER_625239,Divya Chauhan,Lucknow,4,Exactly as shown in the picture.
USER_608363,Manish Sharma,Hyderabad,2,"Defective item received, returned it."
USER_646187,Siddharth Bose,Kochi,1,"Defective item received, returned it."
USER_319843,Riya Reddy,Hyderabad,5,Loved it!
USER_187781,Rahul Bose,Surat,3,"Average quality, could be better."
USER_597844,Riya Yadav,Lucknow,2,"Not as expected, colors are dull."
USER_429932,Riya Joshi,Chandigarh,5,Exactly as shown in the picture.
USER_781488,Vikram Reddy,Lucknow,3,Battery drains too fast.
USER_172974,Sneha Sharma,Chandigarh,5,Loved it!
USER_836795,Manish Bose,Bangalore,4,Highly recommended!
USER_766279,Aditya Chauhan,Ahmedabad,5,Highly recommended!
USER_980159,Rohan Deshmukh,Mumbai,4,Exactly as shown in the picture.
USER_970483,Manish Joshi,Lucknow,4,"Good product, value for money."
USER_152906,Karan Reddy,Pune,4,Battery drains too fast.
USER_367171,Sneha Singh,Chandigarh,4,A bit overpriced but decent.
USER_888561,Arjun Sharma,Hyderabad,4,Exactly as shown in the picture.
USER_659519,Kavya Joshi,Chennai,5,Loved it!
USER_804444,Aisha Singh,Pune,2,A bit overpriced but decent.
USER_827535,Rahul Nair,Kochi,1,"Terrible, broke on the first day."
USER_317901,Vikram Joshi,Ahmedabad,4,Loved it!
USER_591043,Manish Das,Ahmedabad,4,Nice packing.
USER_351068,Manish Bose,Jaipur,5,Excellent customer support.
USER_637732,Arjun Nair,Surat,1,"Defective item received, returned it."
USER_463873,Riya Reddy,Chandigarh,2,"Not as expected, colors are dull."
USER_765260,Priya Yadav,Jaipur,5,Highly recommended!
USER_253505,Sneha Joshi,Ahmedabad,2,"Average quality, could be better."
USER_600828,Neha Bose,Kochi,2,A bit overpriced but decent.
USER_155590,Vikram Joshi,Mumbai,3,"Not as expected, colors are dull."
USER_385726,Karan Iyer,Kochi,2,"Worst experience ever, do not buy!"
USER_395607,Riya Sharma,Hyderabad,4,"Not as expected, colors are dull."
USER_378697,Priya Iyer,Delhi,5,Excellent customer support.
USER_309594,Anjali Singh,Jaipur,4,Exactly as shown in the picture.
USER_680810,Amit Chauhan,Mumbai,3,"Average quality, could be better."
USER_522237,Rahul Yadav,Jaipur,2,Battery drains too fast.
USER_503925,Aisha Singh,Kolkata,5,Perfect fit and comfortable.
USER_383585,Rahul Gupta,Ahmedabad,3,Battery drains too fast.
USER_381366,Karan Patel,Indore,1,"Terrible, broke on the first day."
USER_376686,Karan Verma,Bangalore,4,"Average quality, could be better."
USER_659145,Sneha Sharma,Kochi,2,"Worst experience ever, do not buy!"
USER_931379,Neha Verma,Indore,2,Battery drains too fast.
USER_802878,Neha Das,Delhi,2,"Not as expected, colors are dull."
USER_788267,Pooja Patel,Jaipur,5,Awesome delivery speed.
USER_510383,Karan Patel,Mumbai,4,Loved it!
USER_854986,Anjali Iyer,Kolkata,4,"Good product, value for money."
USER_986848,Vikram Das,Ahmedabad,4,"Not as expected, colors are dull."
USER_644605,Sneha Iyer,Kolkata,2,"Terrible, broke on the first day."
USER_493224,Divya Sharma,Jaipur,2,"Terrible, broke on the first day."
USER_486711,Kavya Chauhan,Kochi,2,"Worst experience ever, do not buy!"
USER_879584,Karan Bose,Indore,2,"Not as expected, colors are dull."
USER_796328,Kavya Kumar,Lucknow,1,"Terrible, broke on the first day."
USER_376766,Sneha Reddy,Surat,2,"Worst experience ever, do not buy!"
USER_634284,Priya Sharma,Mumbai,1,"Worst experience ever, do not buy!"
USER_144476,Rahul Deshmukh,Chennai,5,Exactly as shown in the picture.
USER_739076,Anjali Kumar,Lucknow,4,Awesome delivery speed.
USER_225845,Siddharth Das,Kolkata,5,"Good product, value for money."
USER_551054,Riya Reddy,Kochi,4,Loved it!
USER_320225,Aisha Nair,Lucknow,2,"Worst experience ever, do not buy!"
USER_113851,Aisha Patel,Delhi,5,Exactly as shown in the picture.
USER_865227,Anjali Sharma,Delhi,2,"Defective item received, returned it."
USER_554663,Amit Nair,Delhi,3,Nice packing.
USER_504712,Manish Yadav,Hyderabad,2,Battery drains too fast.
USER_427882,Riya Verma,Jaipur,2,"Terrible, broke on the first day."
USER_468734,Manish Verma,Hyderabad,4,Excellent customer support.
USER_717887,Rohan Kumar,Jaipur,4,"Not as expected, colors are dull."
USER_224466,Manish Chauhan,Delhi,2,"Worst experience ever, do not buy!"
USER_835790,Riya Gupta,Chennai,4,Highly recommended!
USER_667054,Aisha Sharma,Chandigarh,5,Excellent customer support.
USER_562252,Manish Kumar,Delhi,3,A bit overpriced but decent.
USER_791764,Neha Kumar,Ahmedabad,4,Awesome delivery speed.
USER_273049,Riya Kumar,Chandigarh,3,A bit overpriced but decent.
USER_665712,Pooja Gupta,Kolkata,2,"Not as expected, colors are dull."
USER_715428,Neha Joshi,Delhi,5,"Good product, value for money."
USER_418523,Manish Deshmukh,Pune,3,A bit overpriced but decent.
USER_680956,Amit Patel,Kochi,4,Battery drains too fast.
USER_261616,Arjun Iyer,Mumbai,4,Exactly as shown in the picture.
USER_210198,Anjali Kumar,Chandigarh,4,Nice packing.
USER_113143,Rohan Bose,Indore,4,"Good product, value for money."
USER_241714,Manish Verma,Mumbai,5,Awesome delivery speed.
USER_406800,Riya Singh,Ahmedabad,2,"Not as expected, colors are dull."
USER_827343,Priya Joshi,Kochi,4,Perfect fit and comfortable.
USER_319397,Manish Das,Kochi,5,Excellent customer support.
USER_519832,Neha Verma,Lucknow,4,Exactly as shown in the picture.
USER_800090,Kavya Iyer,Mumbai,4,Highly recommended!
USER_826910,Amit Chauhan,Chennai,4,"Average quality, could be better."
USER_428751,Riya Iyer,Chennai,2,"Terrible, broke on the first day."
USER_902611,Rahul Singh,Indore,4,Awesome delivery speed.
USER_896483,Siddharth Singh,Bangalore,4,Awesome delivery speed.
USER_911605,Neha Verma,Kolkata,1,"Terrible, broke on the first day."
USER_294084,Aisha Reddy,Pune,4,Highly recommended!
USER_503673,Amit Nair,Lucknow,5,Excellent customer support.
USER_495708,Riya Iyer,Lucknow,3,A bit overpriced but decent.
USER_104281,Rahul Chauhan,Ahmedabad,4,Excellent customer support.
USER_218153,Rahul Nair,Lucknow,2,Battery drains too fast.
USER_311223,Manish Das,Pune,1,"Worst experience ever, do not buy!"
USER_479606,Neha Singh,Kolkata,5,"Good product, value for money."
USER_167894,Pooja Deshmukh,Hyderabad,4,Highly recommended!
USER_105655,Rohan Kumar,Mumbai,4,Excellent customer support.
USER_830516,Manish Das,Delhi,5,Awesome delivery speed.
USER_256854,Divya Patel,Lucknow,4,Awesome delivery speed.
USER_629794,Kavya Reddy,Mumbai,4,Battery drains too fast.
USER_270026,Kavya Bose,Chennai,1,"Terrible, broke on the first day."
USER_117947,Siddharth Reddy,Chennai,4,Exactly as shown in the picture.
USER_850486,Riya Chauhan,Mumbai,3,A bit overpriced but decent.
USER_495849,Karan Iyer,Mumbai,4,Awesome delivery speed.
USER_487929,Sneha Kumar,Surat,5,Loved it!
USER_152642,Divya Chauhan,Ahmedabad,5,Perfect fit and comfortable.
USER_202302,Amit Yadav,Kochi,1,"Defective item received, returned it."
USER_292159,Divya Reddy,Ahmedabad,5,Awesome delivery speed.
USER_222713,Rohan Singh,Chandigarh,4,"Good product, value for money."
USER_548868,Aditya Singh,Chennai,5,Highly recommended!
USER_820188,Karan Das,Lucknow,5,Perfect fit and comfortable.
USER_751481,Riya Verma,Ahmedabad,5,Perfect fit and comfortable.
USER_550481,Riya Patel,Lucknow,4,Exactly as shown in the picture.
USER_645627,Rahul Gupta,Chandigarh,2,Nice packing.
USER_534086,Riya Nair,Indore,1,"Worst experience ever, do not buy!"
USER_655868,Neha Nair,Indore,5,Highly recommended!
USER_585702,Pooja Deshmukh,Kolkata,4,Perfect fit and comfortable.
USER_210198,Anjali Kumar,Chandigarh,4,Nice packing.
USER_221290,Riya Das,Kochi,2,"Worst experience ever, do not buy!"
USER_209969,Aisha Iyer,Kolkata,1,"Defective item received, returned it."
USER_583027,Kavya Kumar,Hyderabad,5,"Good product, value for money."
USER_340413,Kavya Yadav,Ahmedabad,4,Perfect fit and comfortable.
USER_636638,Manish Joshi,Pune,4,Excellent customer support.
USER_314982,Amit Bose,Pune,4,Loved it!
USER_496552,Rahul Iyer,Mumbai,5,Awesome delivery speed.
USER_714086,Aisha Verma,Ahmedabad,3,Nice packing.
USER_940295,Divya Joshi,Chennai,4,Highly recommended!
USER_554084,Rahul Verma,Mumbai,4,Awesome delivery speed.
USER_769702,Riya Das,Delhi,2,"Defective item received, returned it."
USER_841618,Divya Patel,Kolkata,4,Highly recommended!
USER_956336,Rahul Deshmukh,Indore,4,Excellent customer support.
USER_952913,Priya Verma,Chennai,4,"Good product, value for money."
USER_757143,Riya Verma,Jaipur,5,"Good product, value for money."
USER_889438,Rahul Nair,Delhi,3,Nice packing.
USER_124709,Aisha Singh,Surat,1,"Defective item received, returned it."
USER_995748,Aditya Joshi,Kolkata,4,"Good product, value for money."
USER_516944,Aisha Nair,Mumbai,3,Battery drains too fast.
USER_245971,Arjun Bose,Pune,5,Excellent customer support.
USER_646901,Riya Nair,Bangalore,2,"Defective item received, returned it."
USER_420631,Rahul Bose,Ahmedabad,1,"Defective item received, returned it."
USER_613197,Anjali Singh,Indore,5,Perfect fit and comfortable.
USER_664795,Neha Joshi,Indore,5,Awesome delivery speed.
USER_383085,Vikram Joshi,Pune,1,"Defective item received, returned it."
USER_197681,Kavya Yadav,Chandigarh,2,"Terrible, broke on the first day."
USER_626678,Karan Reddy,Pune,4,"Average quality, could be better."
USER_694119,Rahul Iyer,Jaipur,1,"Defective item received, returned it."
USER_629042,Vikram Yadav,Indore,1,"Defective item received, returned it."
USER_790393,Kavya Das,Ahmedabad,2,"Terrible, broke on the first day."
USER_840646,Anjali Nair,Ahmedabad,4,Awesome delivery speed.
USER_123432,Divya Deshmukh,Indore,5,Loved it!
USER_328638,Aditya Kumar,Mumbai,4,Nice packing.
USER_203474,Aisha Chauhan,Chennai,5,Perfect fit and comfortable.
USER_328925,Divya Joshi,Kolkata,3,"Not as expected, colors are dull."
USER_779532,Siddharth Kumar,Surat,3,Nice packing.
USER_347634,Riya Joshi,Chandigarh,5,Highly recommended!
USER_675127,Vikram Patel,Kochi,1,"Terrible, broke on the first day."
USER_859250,Kavya Deshmukh,Jaipur,3,Battery drains too fast.
USER_117004,Aisha Sharma,Bangalore,5,Loved it!
USER_309304,Priya Deshmukh,Indore,2,"Defective item received, returned it."
USER_506966,Aisha Yadav,Mumbai,4,Battery drains too fast.
USER_266016,Sneha Bose,Delhi,4,Highly recommended!
USER_631595,Manish Deshmukh,Jaipur,3,"Not as expected, colors are dull."
USER_809858,Amit Kumar,Pune,5,Exactly as shown in the picture.
USER_937975,Manish Yadav,Chennai,4,Loved it!
USER_154636,Riya Kumar,Bangalore,4,Nice packing.
USER_535619,Vikram Patel,Lucknow,4,Exactly as shown in the picture.
USER_595334,Kavya Gupta,Kochi,4,"Good product, value for money."
USER_745738,Sneha Reddy,Hyderabad,5,Loved it!
USER_531230,Siddharth Verma,Lucknow,2,"Not as expected, colors are dull."
USER_768481,Neha Yadav,Kochi,4,Nice packing.
USER_376392,Pooja Bose,Chandigarh,4,Nice packing.
USER_710278,Siddharth Reddy,Surat,4,Battery drains too fast.
USER_438244,Karan Kumar,Kolkata,4,Perfect fit and comfortable.
USER_322032,Aditya Kumar,Indore,1,"Terrible, broke on the first day."
USER_615787,Amit Verma,Surat,5,Exactly as shown in the picture.
USER_653641,Rohan Verma,Chandigarh,5,Loved it!
USER_840650,Karan Sharma,Delhi,1,"Terrible, broke on the first day."
USER_614300,Rahul Chauhan,Mumbai,1,"Defective item received, returned it."
USER_274260,Sneha Kumar,Delhi,2,"Average quality, could be better."
USER_356104,Amit Sharma,Indore,2,A bit overpriced but decent.
USER_224262,Anjali Patel,Indore,5,Exactly as shown in the picture.
USER_302769,Riya Chauhan,Surat,4,A bit overpriced but decent.
USER_924213,Kavya Gupta,Surat,1,"Defective item received, returned it."
USER_268991,Siddharth Deshmukh,Jaipur,1,"Defective item received, returned it."
USER_609587,Riya Das,Delhi,3,Nice packing.
USER_714059,Neha Das,Mumbai,4,Awesome delivery speed.
USER_327598,Divya Iyer,Chandigarh,3,Nice packing.
USER_516428,Pooja Chauhan,Bangalore,4,"Average quality, could be better."
USER_735147,Arjun Singh,Kochi,4,Nice packing.
USER_246535,Riya Sharma,Jaipur,5,Highly recommended!
USER_342972,Riya Joshi,Pune,5,"Good product, value for money."
USER_647744,Aditya Kumar,Ahmedabad,4,A bit overpriced but decent.
USER_505459,Vikram Chauhan,Surat,4,"Good product, value for money."
USER_413772,Rohan Patel,Kochi,5,"Good product, value for money."
USER_217370,Riya Yadav,Hyderabad,2,"Not as expected, colors are dull."
USER_941342,Arjun Singh,Chennai,2,"Terrible, broke on the first day."
USER_153981,Kavya Patel,Lucknow,2,"Worst experience ever, do not buy!"
USER_872608,Arjun Reddy,Lucknow,4,Loved it!
USER_189705,Amit Deshmukh,Mumbai,5,"Good product, value for money."
USER_695254,Anjali Joshi,Bangalore,3,"Average quality, could be better."
USER_327242,Aisha Deshmukh,Kolkata,4,"Not as expected, colors are dull."
USER_145265,Rohan Joshi,Hyderabad,5,Exactly as shown in the picture.
USER_649104,Anjali Joshi,Ahmedabad,1,"Defective item received, returned it."
USER_874458,Rahul Bose,Chennai,2,Nice packing.
USER_375452,Anjali Verma,Bangalore,5,Highly recommended!
USER_605749,Vikram Kumar,Hyderabad,3,"Not as expected, colors are dull."
USER_870825,Divya Deshmukh,Lucknow,4,Awesome delivery speed.
USER_985546,Vikram Joshi,Chennai,1,"Defective item received, returned it."
USER_160955,Pooja Patel,Delhi,3,"Average quality, could be better."
USER_284418,Arjun Nair,Chennai,4,"Not as expected, colors are dull."
USER_899419,Divya Verma,Surat,4,Highly recommended!
USER_134040,Aditya Yadav,Surat,4,Exactly as shown in the picture.
USER_253840,Pooja Yadav,Delhi,4,Exactly as shown in the picture.
USER_322970,Rahul Deshmukh,Mumbai,2,"Average quality, could be better."
USER_461763,Kavya Das,Kolkata,2,"Average quality, could be better."
USER_689677,Riya Nair,Jaipur,3,Nice packing.
USER_470217,Pooja Deshmukh,Lucknow,1,"Terrible, broke on the first day."
USER_141151,Aditya Verma,Ahmedabad,2,"Average quality, could be better."
USER_542564,Kavya Iyer,Indore,4,"Average quality, could be better."
USER_745823,Siddharth Nair,Ahmedabad,5,Awesome delivery speed.
USER_748626,Pooja Patel,Surat,4,Loved it!
USER_203513,Rohan Patel,Lucknow,4,"Good product, value for money."
USER_829700,Aisha Iyer,Indore,1,"Worst experience ever, do not buy!"
USER_706895,Manish Kumar,Jaipur,1,"Defective item received, returned it."
USER_771750,Rohan Bose,Chandigarh,3,Nice packing.
USER_400819,Divya Reddy,Mumbai,5,"Good product, value for money."
USER_728721,Kavya Yadav,Chandigarh,5,Highly recommended!
USER_889376,Anjali Iyer,Surat,2,"Terrible, broke on the first day."
USER_889752,Divya Yadav,Jaipur,1,"Terrible, broke on the first day."
USER_955144,Riya Patel,Chandigarh,2,Nice packing.
USER_170458,Neha Patel,Delhi,5,Perfect fit and comfortable.
USER_671645,Aditya Reddy,Mumbai,1,"Worst experience ever, do not buy!"
USER_342599,Priya Singh,Indore,1,"Defective item received, returned it."
USER_261230,Aisha Chauhan,Surat,4,Exactly as shown in the picture.
USER_104319,Manish Reddy,Pune,5,Awesome delivery speed.
USER_441392,Vikram Bose,Chennai,4,Excellent customer support.
USER_830125,Anjali Gupta,Pune,4,Awesome delivery speed.
USER_896812,Vikram Singh,Jaipur,5,Highly recommended!
USER_573871,Riya Sharma,Chandigarh,4,"Average quality, could be better."
USER_724305,Karan Reddy,Indore,4,Awesome delivery speed.
USER_502277,Aditya Patel,Indore,2,"Not as expected, colors are dull."
USER_914613,Karan Iyer,Indore,2,Battery drains too fast.
USER_472771,Divya Reddy,Lucknow,5,Excellent customer support.
USER_476448,Amit Gupta,Indore,1,"Defective item received, returned it."
USER_287640,Divya Joshi,Indore,3,A bit overpriced but decent.
USER_797422,Rahul Chauhan,Bangalore,2,Nice packing.
USER_314829,Vikram Patel,Delhi,3,"Not as expected, colors are dull."
USER_766788,Karan Bose,Jaipur,2,Nice packing.
USER_626135,Kavya Nair,Kolkata,5,"Good product, value for money."
USER_178240,Anjali Sharma,Mumbai,2,"Average quality, could be better."
USER_183848,Karan Iyer,Chandigarh,5,Excellent customer support.
USER_995673,Vikram Yadav,Mumbai,2,Nice packing.
USER_179318,Aisha Patel,Chandigarh,2,"Not as expected, colors are dull."
USER_238016,Divya Chauhan,Pune,4,Awesome delivery speed.
USER_893831,Aisha Yadav,Lucknow,4,"Average quality, could be better."
USER_366512,Riya Das,Hyderabad,2,"Terrible, broke on the first day."
USER_602681,Sneha Iyer,Ahmedabad,5,Loved it!
USER_426678,Divya Verma,Chennai,4,Perfect fit and comfortable.
USER_398374,Rohan Chauhan,Chennai,3,A bit overpriced but decent.
USER_181424,Karan Kumar,Indore,4,"Good product, value for money."
USER_340444,Neha Yadav,Mumbai,3,A bit overpriced but decent.
USER_646969,Karan Sharma,Chennai,5,Highly recommended!
USER_692182,Amit Nair,Surat,4,Loved it!
USER_296794,Priya Verma,Ahmedabad,2,A bit overpriced but decent.
USER_982015,Riya Gupta,Chandigarh,4,"Good product, value for money."
USER_941694,Riya Sharma,Jaipur,3,Nice packing.
USER_831394,Divya Reddy,Delhi,2,"Worst experience ever, do not buy!"
USER_459820,Sneha Joshi,Delhi,2,"Defective item received, returned it."
USER_936853,Vikram Nair,Lucknow,4,Exactly as shown in the picture.
USER_439239,Divya Verma,Pune,3,"Not as expected, colors are dull."
USER_636166,Aditya Nair,Chennai,2,"Not as expected, colors are dull."
USER_761002,Siddharth Reddy,Kolkata,5,Exactly as shown in the picture.
USER_818365,Vikram Gupta,Chennai,3,A bit overpriced but decent.
USER_275269,Priya Das,Kochi,3,"Average quality, could be better."
USER_387175,Anjali Nair,Ahmedabad,5,Excellent customer support.
USER_931746,Vikram Nair,Jaipur,5,Awesome delivery speed.
USER_514270,Pooja Iyer,Bangalore,2,"Worst experience ever, do not buy!"
USER_536714,Rohan Bose,Lucknow,5,Excellent customer support.
USER_908949,Neha Singh,Chennai,4,"Average quality, could be better."
USER_810043,Riya Yadav,Indore,4,Battery drains too fast.
USER_560262,Vikram Chauhan,Delhi,5,"Good product, value for money."
USER_881272,Aisha Reddy,Chandigarh,2,"Defective item received, returned it."
USER_459915,Siddharth Kumar,Surat,5,Excellent customer support.
USER_971835,Amit Reddy,Hyderabad,4,Exactly as shown in the picture.
USER_358066,Rahul Deshmukh,Chennai,4,Perfect fit and comfortable.
USER_768852,Siddharth Joshi,Ahmedabad,4,Battery drains too fast.
USER_954734,Sneha Singh,Bangalore,1,"Worst experience ever, do not buy!"
USER_696864,Rahul Gupta,Pune,5,Awesome delivery speed.
USER_559980,Priya Das,Jaipur,2,"Average quality, could be better."
USER_591612,Riya Joshi,Indore,1,"Terrible, broke on the first day."
USER_865622,Karan Kumar,Pune,5,Loved it!
USER_453968,Anjali Kumar,Kolkata,4,Battery drains too fast.
USER_846800,Riya Kumar,Delhi,4,Excellent customer support.
USER_362342,Manish Iyer,Chennai,3,Battery drains too fast.
USER_413219,Arjun Gupta,Indore,5,Excellent customer support.
USER_887751,Aisha Joshi,Chandigarh,2,"Not as expected, colors are dull."
USER_832035,Aisha Nair,Bangalore,4,Highly recommended!
USER_768313,Neha Das,Lucknow,5,Perfect fit and comfortable.
USER_668767,Vikram Bose,Bangalore,3,Battery drains too fast.
USER_772319,Kavya Chauhan,Hyderabad,2,"Terrible, broke on the first day."
USER_417235,Kavya Patel,Lucknow,5,Perfect fit and comfortable.
USER_818138,Karan Nair,Mumbai,5,Exactly as shown in the picture.
USER_260396,Karan Iyer,Pune,4,Highly recommended!
USER_600553,Siddharth Joshi,Jaipur,5,Loved it!
USER_418244,Neha Deshmukh,Bangalore,2,"Not as expected, colors are dull."
USER_428140,Neha Joshi,Jaipur,4,A bit overpriced but decent.
USER_307886,Amit Joshi,Bangalore,4,Loved it!
USER_279761,Aisha Das,Delhi,3,A bit overpriced but decent.
USER_526241,Aisha Deshmukh,Mumbai,3,Nice packing.
USER_136380,Karan Bose,Chennai,5,Awesome delivery speed.
USER_821728,Manish Deshmukh,Kochi,3,Battery drains too fast.
USER_110425,Priya Reddy,Surat,4,"Good product, value for money."
USER_505578,Pooja Patel,Pune,4,Excellent customer support.
USER_425244,Rahul Sharma,Hyderabad,3,"Not as expected, colors are dull."
USER_471833,Kavya Kumar,Surat,4,Excellent customer support.
USER_233308,Aditya Joshi,Lucknow,2,"Worst experience ever, do not buy!"
USER_480106,Amit Das,Chennai,5,Exactly as shown in the picture.
USER_471405,Vikram Yadav,Kochi,4,Perfect fit and comfortable.
USER_535115,Arjun Chauhan,Bangalore,4,"Good product, value for money."
USER_723117,Pooja Gupta,Kolkata,2,"Terrible, broke on the first day."
USER_938531,Aisha Gupta,Ahmedabad,5,Exactly as shown in the picture.
USER_132199,Priya Das,Jaipur,3,A bit overpriced but decent.
USER_979501,Anjali Deshmukh,Hyderabad,5,Perfect fit and comfortable.
USER_992421,Rohan Deshmukh,Lucknow,2,Nice packing.
USER_232161,Neha Reddy,Mumbai,1,"Worst experience ever, do not buy!"
USER_850129,Riya Bose,Hyderabad,4,Highly recommended!
USER_241886,Riya Reddy,Chennai,4,"Good product, value for money."
USER_311104,Sneha Kumar,Lucknow,5,"Good product, value for money."
USER_421424,Rahul Iyer,Pune,4,Perfect fit and comfortable.
USER_769654,Kavya Yadav,Hyderabad,1,"Defective item received, returned it."
USER_475494,Aisha Gupta,Hyderabad,1,"Terrible, broke on the first day."
USER_880574,Rohan Gupta,Jaipur,1,"Worst experience ever, do not buy!"
USER_635994,Sneha Das,Ahmedabad,4,"Not as expected, colors are dull."
USER_962149,Aditya Nair,Indore,1,"Terrible, broke on the first day."
USER_151259,Siddharth Bose,Jaipur,1,"Defective item received, returned it."
USER_551609,Anjali Patel,Chennai,5,Awesome delivery speed.
USER_956855,Riya Verma,Ahmedabad,4,Perfect fit and comfortable.
USER_963263,Siddharth Deshmukh,Lucknow,4,Nice packing.
USER_432241,Rahul Patel,Hyderabad,2,"Terrible, broke on the first day."
USER_635532,Rahul Nair,Pune,2,Nice packing.
USER_734902,Anjali Chauhan,Kochi,4,Awesome delivery speed.
USER_447516,Aisha Das,Kolkata,2,"Worst experience ever, do not buy!"
USER_622132,Siddharth Sharma,Pune,3,Battery drains too fast.
USER_841399,Riya Verma,Surat,2,"Defective item received, returned it."
USER_470890,Divya Chauhan,Ahmedabad,5,Exactly as shown in the picture.
USER_190147,Vikram Bose,Indore,4,Excellent customer support.
USER_901347,Manish Gupta,Mumbai,5,Exactly as shown in the picture.
USER_993543,Aditya Iyer,Indore,2,"Worst experience ever, do not buy!"
USER_675334,Neha Yadav,Chandigarh,3,Battery drains too fast.
USER_937744,Aisha Joshi,Delhi,2,"Not as expected, colors are dull."
USER_706614,Karan Sharma,Pune,3,Battery drains too fast.
USER_306963,Karan Iyer,Ahmedabad,1,"Defective item received, returned it."
USER_179811,Rahul Iyer,Pune,5,Highly recommended!
USER_525707,Neha Deshmukh,Delhi,4,Perfect fit and comfortable.
USER_114895,Vikram Iyer,Jaipur,3,A bit overpriced but decent.
USER_158671,Manish Bose,Ahmedabad,5,Awesome delivery speed.
USER_402811,Pooja Sharma,Pune,4,Awesome delivery speed.
USER_811305,Karan Gupta,Indore,5,Perfect fit and comfortable.
USER_288550,Anjali Kumar,Bangalore,4,Exactly as shown in the picture.
USER_825549,Rohan Sharma,Kolkata,3,Battery drains too fast.
USER_221343,Rohan Verma,Chandigarh,1,"Worst experience ever, do not buy!"
USER_668752,Anjali Patel,Mumbai,4,Loved it!
USER_866319,Amit Iyer,Chandigarh,1,"Terrible, broke on the first day."
USER_849901,Rahul Das,Delhi,4,Exactly as shown in the picture.
USER_532319,Riya Kumar,Indore,2,"Terrible, broke on the first day."
USER_245732,Siddharth Reddy,Chennai,4,Awesome delivery speed.
USER_968292,Karan Verma,Delhi,4,"Average quality, could be better."
USER_452886,Aisha Deshmukh,Ahmedabad,4,A bit overpriced but decent.
USER_975705,Neha Joshi,Jaipur,3,A bit overpriced but decent.
USER_938969,Amit Chauhan,Kolkata,1,"Defective item received, returned it."
USER_268991,Siddharth Deshmukh,Jaipur,1,"Defective item received, returned it."
USER_318020,Sneha Bose,Delhi,2,"Terrible, broke on the first day."
USER_406969,Aditya Singh,Surat,4,Perfect fit and comfortable.
USER_182512,Divya Patel,Delhi,5,Excellent customer support.
USER_406527,Karan Gupta,Ahmedabad,3,Nice packing.
USER_199559,Rahul Yadav,Indore,5,Awesome delivery speed.
USER_352479,Pooja Nair,Delhi,3,Battery drains too fast.
USER_406244,Aisha Nair,Mumbai,1,"Defective item received, returned it."
USER_741368,Pooja Joshi,Indore,5,Perfect fit and comfortable.
USER_444265,Sneha Iyer,Chandigarh,5,Loved it!
USER_696248,Manish Patel,Indore,2,"Terrible, broke on the first day."
USER_169588,Neha Iyer,Lucknow,2,A bit overpriced but decent.
USER_930959,Kavya Sharma,Surat,4,Perfect fit and comfortable.
USER_253934,Pooja Deshmukh,Indore,4,Battery drains too fast.
USER_541793,Karan Gupta,Jaipur,4,Excellent customer support.
USER_134984,Anjali Bose,Jaipur,1,"Defective item received, returned it."
USER_340673,Divya Bose,Pune,2,"Terrible, broke on the first day."
USER_656559,Neha Deshmukh,Ahmedabad,4,Excellent customer support.
USER_714059,Neha Das,Mumbai,4,Awesome delivery speed.
USER_825580,Anjali Sharma,Kochi,5,Exactly as shown in the picture.
USER_838024,Sneha Sharma,Kochi,5,Exactly as shown in the picture.
USER_449495,Amit Chauhan,Indore,5,Awesome delivery speed.
USER_385089,Siddharth Joshi,Kochi,4,Highly recommended!
USER_571156,Riya Singh,Surat,4,Awesome delivery speed.
USER_848006,Aisha Sharma,Pune,4,Loved it!
USER_251726,Sneha Iyer,Mumbai,4,Loved it!
USER_969990,Aditya Gupta,Bangalore,4,Loved it!
USER_314681,Pooja Chauhan,Chennai,2,Battery drains too fast.
USER_508235,Sneha Chauhan,Pune,1,"Worst experience ever, do not buy!"
USER_166796,Sneha Iyer,Lucknow,4,A bit overpriced but decent.
USER_333407,Pooja Gupta,Delhi,2,"Worst experience ever, do not buy!"
USER_729249,Pooja Joshi,Delhi,4,"Good product, value for money."
USER_794963,Priya Reddy,Pune,4,Awesome delivery speed.
USER_818317,Pooja Deshmukh,Ahmedabad,3,Battery drains too fast.
USER_453444,Rohan Nair,Indore,5,Excellent customer support.
USER_727826,Sneha Bose,Bangalore,2,"Worst experience ever, do not buy!"
USER_663106,Arjun Das,Delhi,4,"Not as expected, colors are dull."
USER_462955,Vikram Patel,Kolkata,4,Nice packing.
USER_494075,Pooja Iyer,Chandigarh,1,"Worst experience ever, do not buy!"
USER_110850,Riya Gupta,Hyderabad,2,"Worst experience ever, do not buy!"
USER_498038,Arjun Joshi,Bangalore,5,Awesome delivery speed.
USER_294368,Pooja Iyer,Delhi,5,Loved it!
USER_915754,Riya Yadav,Chennai,5,Awesome delivery speed.
USER_961692,Siddharth Reddy,Kochi,2,"Average quality, could be better."
USER_517326,Riya Joshi,Surat,2,"Worst experience ever, do not buy!"
USER_199567,Arjun Patel,Chennai,2,"Terrible, broke on the first day."
USER_645614,Neha Joshi,Hyderabad,5,Excellent customer support.
USER_216550,Aisha Joshi,Ahmedabad,5,"Good product, value for money."
USER_584956,Sneha Chauhan,Delhi,2,"Worst experience ever, do not buy!"
USER_485696,Rohan Verma,Ahmedabad,4,Perfect fit and comfortable.
USER_732991,Siddharth Reddy,Kolkata,1,"Worst experience ever, do not buy!"
USER_387537,Rohan Nair,Ahmedabad,5,Loved it!
USER_541829,Vikram Singh,Surat,5,Excellent customer support.
USER_161034,Riya Patel,Hyderabad,4,Excellent customer support.
USER_210704,Divya Nair,Hyderabad,4,Exactly as shown in the picture.
USER_967062,Vikram Verma,Chennai,2,"Defective item received, returned it."
USER_340186,Riya Reddy,Ahmedabad,2,"Worst experience ever, do not buy!"
USER_195185,Vikram Iyer,Indore,5,Awesome delivery speed.
USER_633519,Vikram Iyer,Ahmedabad,1,"Defective item received, returned it."
USER_721248,Amit Bose,Mumbai,4,Perfect fit and comfortable.
USER_863176,Pooja Joshi,Chandigarh,4,Exactly as shown in the picture.
USER_537296,Amit Singh,Hyderabad,4,Highly recommended!
USER_159907,Aditya Das,Kolkata,2,Nice packing.
USER_871669,Anjali Gupta,Ahmedabad,4,Battery drains too fast.
USER_733641,Pooja Nair,Kochi,1,"Worst experience ever, do not buy!"
USER_564610,Anjali Verma,Surat,1,"Worst experience ever, do not buy!"
USER_336007,Aditya Singh,Ahmedabad,4,Loved it!
USER_474310,Pooja Deshmukh,Pune,5,Awesome delivery speed.
USER_411230,Pooja Patel,Pune,2,"Defective item received, returned it."
USER_245876,Aditya Verma,Ahmedabad,3,Nice packing.
USER_526663,Anjali Iyer,Kolkata,2,"Average quality, could be better."
USER_476691,Priya Bose,Hyderabad,2,"Defective item received, returned it."
USER_811343,Anjali Kumar,Delhi,1,"Terrible, broke on the first day."
USER_227249,Riya Singh,Chandigarh,5,Exactly as shown in the picture.
USER_195048,Siddharth Yadav,Chennai,5,"Good product, value for money."
USER_601923,Rahul Nair,Mumbai,3,"Average quality, could be better."
USER_915583,Pooja Bose,Ahmedabad,1,"Terrible, broke on the first day."
USER_611749,Aditya Reddy,Chennai,1,"Terrible, broke on the first day."
USER_202398,Kavya Das,Chennai,2,A bit overpriced but decent.
USER_233712,Riya Das,Surat,2,Nice packing.
USER_291943,Amit Nair,Delhi,4,"Not as expected, colors are dull."
USER_199305,Anjali Singh,Bangalore,4,"Good product, value for money."
USER_552713,Aditya Das,Hyderabad,3,"Not as expected, colors are dull."
USER_597820,Siddharth Joshi,Pune,4,Battery drains too fast.
USER_879805,Kavya Sharma,Ahmedabad,4,A bit overpriced but decent.
USER_920717,Aisha Das,Ahmedabad,4,Exactly as shown in the picture.
USER_168324,Karan Gupta,Indore,4,Loved it!
USER_455126,Riya Verma,Bangalore,4,Battery drains too fast.
USER_415556,Aditya Reddy,Chennai,3,"Not as expected, colors are dull."
USER_253039,Divya Deshmukh,Ahmedabad,3,Nice packing.
USER_821550,Sneha Reddy,Pune,1,"Worst experience ever, do not buy!"
USER_156229,Aisha Gupta,Kolkata,5,Excellent customer support.
USER_765325,Anjali Bose,Surat,2,"Not as expected, colors are dull."
USER_810126,Pooja Kumar,Kolkata,4,"Good product, value for money."
USER_390863,Vikram Bose,Ahmedabad,4,"Good product, value for money."
USER_165648,Amit Chauhan,Delhi,3,"Average quality, could be better."
USER_512852,Neha Gupta,Mumbai,5,Loved it!
USER_164486,Riya Iyer,Chandigarh,4,Awesome delivery speed.
USER_468256,Priya Chauhan,Pune,4,Excellent customer support.
USER_471147,Siddharth Yadav,Delhi,5,Loved it!
USER_129871,Rahul Joshi,Pune,2,"Worst experience ever, do not buy!"
USER_578701,Pooja Reddy,Kochi,4,"Average quality, could be better."
USER_694616,Sneha Chauhan,Delhi,2,"Defective item received, returned it."
USER_521574,Riya Reddy,Chennai,2,"Defective item received, returned it."
USER_846376,Aisha Kumar,Chandigarh,3,"Average quality, could be better."
USER_218468,Anjali Chauhan,Indore,4,Loved it!
USER_844975,Rohan Joshi,Bangalore,5,Perfect fit and comfortable.
USER_976875,Riya Das,Hyderabad,3,Battery drains too fast.
USER_562458,Arjun Verma,Surat,4,Excellent customer support.
USER_706729,Sneha Chauhan,Indore,4,Battery drains too fast.
USER_931988,Riya Deshmukh,Bangalore,4,"Good product, value for money."
USER_629794,Kavya Reddy,Mumbai,4,Battery drains too fast.
USER_293483,Riya Joshi,Bangalore,1,"Worst experience ever, do not buy!"
USER_716727,Arjun Verma,Jaipur,4,Awesome delivery speed.
USER_276822,Sneha Chauhan,Ahmedabad,5,Exactly as shown in the picture.
USER_467924,Riya Sharma,Mumbai,2,"Average quality, could be better."
USER_381269,Priya Sharma,Hyderabad,1,"Terrible, broke on the first day."
USER_588074,Kavya Joshi,Ahmedabad,2,"Defective item received, returned it."
USER_390813,Arjun Chauhan,Mumbai,2,"Not as expected, colors are dull."
USER_840390,Arjun Gupta,Chandigarh,5,Exactly as shown in the picture.
USER_951206,Amit Reddy,Ahmedabad,4,Excellent customer support.
USER_241239,Neha Das,Chennai,2,"Defective item received, returned it."
USER_465405,Karan Yadav,Pune,5,Loved it!
USER_276697,Pooja Verma,Indore,5,Perfect fit and comfortable.
USER_281446,Arjun Joshi,Chandigarh,3,A bit overpriced but decent.
USER_513006,Sneha Kumar,Kolkata,4,Perfect fit and comfortable.
USER_371061,Priya Patel,Indore,2,"Defective item received, returned it."
USER_761232,Neha Das,Kolkata,4,"Average quality, could be better."
USER_825933,Manish Reddy,Ahmedabad,4,Loved it!
USER_864052,Sneha Kumar,Kochi,4,Loved it!
USER_765937,Aditya Chauhan,Pune,2,"Defective item received, returned it."
USER_393331,Arjun Joshi,Lucknow,4,Perfect fit and comfortable.
USER_742480,Neha Reddy,Mumbai,4,Perfect fit and comfortable.
USER_590621,Vikram Chauhan,Indore,5,"Good product, value for money."
USER_396010,Arjun Deshmukh,Surat,4,"Average quality, could be better."
USER_444674,Pooja Das,Delhi,4,Battery drains too fast.
USER_578936,Aisha Das,Kochi,5,Excellent customer support.
USER_884603,Divya Gupta,Ahmedabad,2,A bit overpriced but decent.
USER_838187,Aisha Reddy,Kolkata,2,"Worst experience ever, do not buy!"
USER_277704,Kavya Kumar,Indore,4,"Not as expected, colors are dull."
USER_151917,Divya Chauhan,Chandigarh,4,"Average quality, could be better."
USER_859600,Amit Gupta,Mumbai,4,Excellent customer support.
USER_993293,Divya Iyer,Bangalore,4,Battery drains too fast.
USER_763397,Siddharth Das,Lucknow,4,"Good product, value for money."
USER_693510,Pooja Reddy,Mumbai,5,Loved it!
USER_917935,Priya Iyer,Lucknow,4,Loved it!
USER_527839,Aditya Kumar,Jaipur,4,Loved it!
USER_654260,Priya Bose,Jaipur,3,Nice packing.
USER_886728,Neha Bose,Ahmedabad,5,Excellent customer support.
USER_503784,Amit Kumar,Mumbai,4,Exactly as shown in the picture.
USER_157601,Neha Nair,Indore,1,"Terrible, broke on the first day."
USER_502995,Manish Reddy,Jaipur,1,"Worst experience ever, do not buy!"
USER_341056,Anjali Deshmukh,Ahmedabad,1,"Worst experience ever, do not buy!"
USER_412249,Aditya Iyer,Surat,5,"Good product, value for money."
USER_734903,Aditya Reddy,Jaipur,4,Perfect fit and comfortable.
USER_727758,Sneha Nair,Kochi,2,"Not as expected, colors are dull."
USER_711334,Aisha Nair,Indore,5,Highly recommended!
USER_415914,Vikram Singh,Chandigarh,2,"Worst experience ever, do not buy!"
USER_127015,Karan Sharma,Kolkata,4,"Not as expected, colors are dull."
USER_543485,Karan Das,Hyderabad,5,"Good product, value for money."
USER_590758,Aditya Nair,Chandigarh,3,Nice packing.
USER_312079,Arjun Sharma,Indore,4,Loved it!
USER_915777,Arjun Joshi,Surat,5,Highly recommended!
USER_989502,Sneha Bose,Jaipur,1,"Terrible, broke on the first day."
USER_981599,Rahul Joshi,Delhi,4,Battery drains too fast.
USER_389954,Amit Singh,Lucknow,1,"Terrible, broke on the first day."
USER_184745,Karan Sharma,Lucknow,5,"Good product, value for money."
USER_184218,Riya Verma,Lucknow,3,"Not as expected, colors are dull."
USER_462351,Amit Patel,Jaipur,3,Battery drains too fast.
USER_541066,Kavya Yadav,Surat,5,Loved it!
USER_983432,Manish Nair,Surat,4,"Not as expected, colors are dull."
USER_393615,Manish Joshi,Delhi,2,"Not as expected, colors are dull."
USER_609820,Vikram Joshi,Chandigarh,4,"Not as expected, colors are dull."
USER_664553,Rohan Gupta,Chandigarh,2,"Not as expected, colors are dull."
USER_188789,Anjali Sharma,Hyderabad,4,Awesome delivery speed.
USER_391394,Arjun Bose,Delhi,2,"Terrible, broke on the first day."
USER_523137,Anjali Singh,Lucknow,4,Perfect fit and comfortable.
USER_422751,Sneha Verma,Lucknow,1,"Worst experience ever, do not buy!"
USER_187813,Pooja Sharma,Lucknow,2,"Defective item received, returned it."
USER_152228,Riya Gupta,Lucknow,4,Loved it!
USER_513431,Manish Nair,Chennai,5,Loved it!
USER_912678,Neha Kumar,Chandigarh,4,"Average quality, could be better."
USER_505169,Vikram Sharma,Chandigarh,1,"Worst experience ever, do not buy!"
USER_466474,Priya Bose,Jaipur,4,Excellent customer support.
USER_648148,Anjali Sharma,Chandigarh,2,"Worst experience ever, do not buy!"
USER_293783,Amit Sharma,Bangalore,4,Nice packing.
USER_825214,Rohan Sharma,Chennai,1,"Worst experience ever, do not buy!"
USER_550922,Sneha Gupta,Surat,4,"Not as expected, colors are dull."
USER_590922,Karan Patel,Kochi,4,Highly recommended!
USER_295493,Rohan Yadav,Pune,1,"Worst experience ever, do not buy!"
USER_969878,Arjun Reddy,Kolkata,4,Loved it!
USER_733761,Karan Deshmukh,Bangalore,4,Highly recommended!
USER_534066,Riya Nair,Hyderabad,4,Awesome delivery speed.
USER_113668,Amit Kumar,Chennai,4,Nice packing.
USER_194940,Pooja Chauhan,Surat,4,Battery drains too fast.
USER_804033,Vikram Singh,Kolkata,3,"Not as expected, colors are dull."
USER_818273,Aisha Yadav,Chandigarh,2,Nice packing.
USER_550241,Aditya Gupta,Surat,2,"Not as expected, colors are dull."
USER_692135,Siddharth Nair,Hyderabad,2,A bit overpriced but decent.
USER_794625,Karan Chauhan,Ahmedabad,4,A bit overpriced but decent.
USER_833165,Siddharth Chauhan,Mumbai,4,"Not as expected, colors are dull."
USER_595892,Karan Deshmukh,Indore,2,"Worst experience ever, do not buy!"
USER_947123,Sneha Das,Bangalore,4,"Good product, value for money."
USER_246678,Priya Gupta,Mumbai,4,"Good product, value for money."
USER_377931,Rahul Deshmukh,Chennai,4,Battery drains too fast.
USER_112650,Vikram Kumar,Bangalore,1,"Defective item received, returned it."
USER_756274,Vikram Singh,Chennai,4,Exactly as shown in the picture.
USER_621729,Vikram Singh,Kochi,4,Loved it!
USER_976232,Divya Chauhan,Pune,4,A bit overpriced but decent.
USER_541981,Neha Patel,Kolkata,4,"Average quality, could be better."
USER_137964,Siddharth Singh,Chandigarh,5,Highly recommended!
USER_815983,Karan Verma,Mumbai,5,Loved it!
USER_623119,Anjali Iyer,Jaipur,5,Loved it!
USER_249033,Rahul Iyer,Chandigarh,5,Highly recommended!
USER_554621,Riya Sharma,Indore,5,Highly recommended!
USER_500611,Sneha Nair,Ahmedabad,4,Perfect fit and comfortable.
USER_133685,Aisha Patel,Hyderabad,1,"Terrible, broke on the first day."
USER_935365,Pooja Deshmukh,Delhi,4,Nice packing.
USER_722270,Riya Singh,Pune,4,"Average quality, could be better."
USER_847576,Pooja Singh,Chandigarh,3,Battery drains too fast.
USER_919403,Rahul Reddy,Chennai,4,"Not as expected, colors are dull."
USER_172730,Priya Chauhan,Chandigarh,3,Nice packing.
USER_961931,Amit Gupta,Surat,1,"Terrible, broke on the first day."
USER_418664,Rahul Das,Jaipur,2,Battery drains too fast.
USER_513050,Amit Bose,Pune,4,Awesome delivery speed.
USER_125104,Rohan Singh,Lucknow,5,Excellent customer support.
USER_854729,Vikram Deshmukh,Hyderabad,5,Perfect fit and comfortable.
USER_147039,Neha Iyer,Kochi,4,Highly recommended!
USER_271233,Riya Sharma,Indore,3,"Average quality, could be better."
USER_913878,Sneha Yadav,Hyderabad,5,Perfect fit and comfortable.
USER_402748,Divya Reddy,Mumbai,5,Highly recommended!
USER_767302,Divya Verma,Kochi,3,A bit overpriced but decent.
USER_391574,Pooja Das,Kochi,2,Battery drains too fast.
USER_102392,Priya Verma,Pune,5,Awesome delivery speed.
USER_961909,Neha Yadav,Lucknow,4,Excellent customer support.
USER_334707,Aditya Iyer,Chennai,5,"Good product, value for money."
USER_503215,Divya Patel,Kochi,4,Perfect fit and comfortable.
USER_497284,Kavya Joshi,Ahmedabad,3,A bit overpriced but decent.
USER_350090,Karan Kumar,Hyderabad,4,Exactly as shown in the picture.
USER_269421,Aditya Verma,Delhi,1,"Defective item received, returned it."
USER_107576,Manish Chauhan,Chennai,5,Exactly as shown in the picture.
USER_838693,Priya Bose,Pune,5,"Good product, value for money."
USER_427118,Karan Bose,Bangalore,5,Perfect fit and comfortable.
USER_360438,Karan Deshmukh,Hyderabad,4,Highly recommended!
USER_838050,Siddharth Patel,Kolkata,4,"Average quality, could be better."
USER_720004,Karan Iyer,Ahmedabad,4,Nice packing.
USER_163554,Anjali Joshi,Hyderabad,4,A bit overpriced but decent.
USER_409117,Rahul Singh,Ahmedabad,4,Battery drains too fast.
USER_475227,Aisha Singh,Ahmedabad,5,Loved it!
USER_403349,Riya Chauhan,Kochi,3,"Not as expected, colors are dull."
USER_285671,Amit Sharma,Ahmedabad,5,Exactly as shown in the picture.
USER_291207,Pooja Bose,Hyderabad,4,Loved it!
USER_891754,Manish Yadav,Kochi,2,"Defective item received, returned it."
USER_654488,Rohan Sharma,Hyderabad,4,"Good product, value for money."
USER_588931,Divya Kumar,Hyderabad,4,Battery drains too fast.
USER_560000,Aditya Chauhan,Chennai,4,"Good product, value for money."
USER_869419,Siddharth Kumar,Lucknow,4,Highly recommended!
USER_320052,Riya Bose,Lucknow,2,"Defective item received, returned it."
USER_856556,Neha Gupta,Kolkata,2,"Terrible, broke on the first day."
USER_331232,Kavya Iyer,Surat,5,Highly recommended!
USER_541598,Karan Das,Kolkata,4,"Not as expected, colors are dull."
USER_794959,Pooja Kumar,Delhi,4,Excellent customer support.
USER_793643,Manish Chauhan,Jaipur,4,Battery drains too fast.
USER_268868,Rohan Patel,Chennai,2,A bit overpriced but decent.
USER_316615,Siddharth Verma,Surat,1,"Defective item received, returned it."
USER_375653,Vikram Nair,Lucknow,5,Excellent customer support.
USER_204991,Manish Das,Surat,2,"Terrible, broke on the first day."
USER_833120,Vikram Kumar,Kochi,1,"Terrible, broke on the first day."
USER_450060,Aditya Chauhan,Lucknow,4,"Good product, value for money."
USER_156915,Aditya Singh,Kolkata,4,"Good product, value for money."
USER_411452,Manish Nair,Bangalore,2,"Defective item received, returned it."
USER_799864,Manish Joshi,Surat,2,"Defective item received, returned it."
USER_547050,Siddharth Chauhan,Chandigarh,1,"Worst experience ever, do not buy!"
USER_182865,Aditya Gupta,Delhi,5,Awesome delivery speed.
USER_796254,Vikram Reddy,Ahmedabad,4,A bit overpriced but decent.
USER_435291,Priya Deshmukh,Delhi,4,Battery drains too fast.
USER_854383,Siddharth Patel,Pune,4,Exactly as shown in the picture.
USER_574029,Vikram Yadav,Mumbai,5,Excellent customer support.
USER_752514,Neha Deshmukh,Indore,5,Highly recommended!
USER_765148,Rohan Deshmukh,Kochi,1,"Worst experience ever, do not buy!"
USER_470316,Riya Kumar,Mumbai,4,Highly recommended!
USER_448592,Priya Deshmukh,Ahmedabad,5,Highly recommended!
USER_435170,Riya Deshmukh,Kochi,5,Highly recommended!
USER_437617,Manish Chauhan,Ahmedabad,4,Awesome delivery speed.
USER_513033,Pooja Chauhan,Pune,4,Exactly as shown in the picture.
USER_883233,Rahul Nair,Ahmedabad,4,Excellent customer support.
USER_800208,Karan Nair,Kochi,2,Nice packing.
USER_734544,Vikram Yadav,Delhi,4,Exactly as shown in the picture.
USER_113051,Aditya Das,Delhi,5,Loved it!
USER_307771,Rahul Kumar,Chennai,5,"Good product, value for money."
USER_709168,Vikram Gupta,Bangalore,4,Highly recommended!
USER_808051,Manish Gupta,Chandigarh,5,Highly recommended!
USER_695581,Siddharth Kumar,Chandigarh,3,"Average quality, could be better."
USER_124401,Priya Nair,Bangalore,4,Battery drains too fast.
USER_214510,Vikram Verma,Bangalore,4,Nice packing.
USER_658089,Aisha Yadav,Indore,5,Awesome delivery speed.
USER_970347,Rahul Iyer,Ahmedabad,5,Highly recommended!
USER_766335,Priya Bose,Chennai,2,"Defective item received, returned it."
USER_213130,Rohan Gupta,Hyderabad,5,Awesome delivery speed.
USER_642700,Siddharth Das,Chandigarh,1,"Defective item received, returned it."
USER_187093,Amit Gupta,Lucknow,5,Highly recommended!
USER_502171,Manish Gupta,Kolkata,5,Perfect fit and comfortable.
USER_602480,Amit Verma,Pune,5,Loved it!
USER_968251,Anjali Yadav,Lucknow,3,Nice packing.
USER_447915,Priya Verma,Indore,3,Nice packing.
USER_175985,Pooja Patel,Kolkata,4,"Not as expected, colors are dull."
USER_860471,Sneha Chauhan,Chennai,2,"Not as expected, colors are dull."
USER_344270,Karan Bose,Kolkata,2,"Not as expected, colors are dull."
USER_156244,Rahul Verma,Pune,2,Nice packing.
USER_434163,Manish Gupta,Mumbai,4,Loved it!
USER_399204,Siddharth Kumar,Chandigarh,2,"Not as expected, colors are dull."
USER_483348,Amit Verma,Mumbai,5,Awesome delivery speed.
USER_710412,Divya Singh,Chandigarh,2,"Worst experience ever, do not buy!"
USER_290431,Neha Kumar,Hyderabad,4,"Not as expected, colors are dull."
USER_692619,Sneha Joshi,Bangalore,4,"Good product, value for money."
USER_397106,Amit Sharma,Ahmedabad,4,Excellent customer support.
USER_374069,Sneha Yadav,Kochi,4,Loved it!
USER_982912,Neha Nair,Indore,4,A bit overpriced but decent.
USER_366538,Priya Das,Surat,5,Highly recommended!
USER_749885,Divya Iyer,Bangalore,4,Nice packing.
USER_458717,Rahul Bose,Mumbai,4,"Average quality, could be better."
USER_323097,Aditya Singh,Jaipur,5,"Good product, value for money."
USER_772509,Kavya Sharma,Ahmedabad,1,"Worst experience ever, do not buy!"
USER_244953,Aditya Bose,Hyderabad,1,"Worst experience ever, do not buy!"
USER_140850,Aisha Joshi,Lucknow,2,Battery drains too fast.
USER_931318,Arjun Bose,Chandigarh,4,Exactly as shown in the picture.
USER_600571,Rahul Iyer,Ahmedabad,1,"Defective item received, returned it."
USER_709849,Siddharth Gupta,Chennai,4,A bit overpriced but decent.
USER_128556,Riya Verma,Hyderabad,4,Perfect fit and comfortable.
USER_269930,Arjun Reddy,Hyderabad,2,"Not as expected, colors are dull."
USER_675124,Karan Deshmukh,Hyderabad,4,Perfect fit and comfortable.
USER_447861,Karan Patel,Mumbai,4,"Average quality, could be better."
USER_967545,Aisha Das,Indore,4,Exactly as shown in the picture.
USER_997740,Aditya Reddy,Mumbai,1,"Worst experience ever, do not buy!"
USER_238697,Aditya Gupta,Kolkata,1,"Defective item received, returned it."
USER_374224,Karan Sharma,Indore,4,Exactly as shown in the picture.
USER_248185,Riya Chauhan,Pune,2,"Defective item received, returned it."
USER_204450,Rahul Singh,Chandigarh,4,Nice packing.
USER_610109,Rahul Patel,Delhi,1,"Terrible, broke on the first day."
USER_972821,Neha Chauhan,Kolkata,2,"Defective item received, returned it."
USER_254128,Vikram Kumar,Delhi,4,Perfect fit and comfortable.
USER_496794,Neha Yadav,Jaipur,1,"Defective item received, returned it."
USER_643977,Divya Joshi,Mumbai,5,Awesome delivery speed.
USER_356870,Aditya Das,Delhi,5,Awesome delivery speed.
USER_510927,Rohan Verma,Lucknow,2,"Not as expected, colors are dull."
USER_592636,Divya Nair,Kolkata,3,"Average quality, could be better."
USER_990851,Rohan Patel,Mumbai,3,Battery drains too fast.
USER_443521,Arjun Patel,Chennai,4,Loved it!
USER_618636,Karan Kumar,Indore,2,"Not as expected, colors are dull."
USER_838838,Pooja Verma,Jaipur,4,Excellent customer support.
USER_830835,Divya Bose,Kolkata,5,Awesome delivery speed.
USER_863516,Kavya Nair,Chennai,4,Excellent customer support.
USER_693116,Kavya Nair,Delhi,5,Exactly as shown in the picture.
USER_190009,Aisha Patel,Pune,5,Excellent customer support.
USER_351378,Neha Iyer,Jaipur,4,Awesome delivery speed.
USER_669219,Aditya Das,Pune,4,"Good product, value for money."
USER_678181,Karan Gupta,Pune,3,"Not as expected, colors are dull."
USER_218764,Pooja Sharma,Hyderabad,2,"Not as expected, colors are dull."
USER_522395,Kavya Verma,Indore,4,Highly recommended!
USER_617537,Neha Patel,Indore,5,Perfect fit and comfortable.
USER_369670,Riya Gupta,Bangalore,3,A bit overpriced but decent.
USER_631768,Siddharth Das,Ahmedabad,4,Awesome delivery speed.
USER_901323,Pooja Reddy,Jaipur,4,"Not as expected, colors are dull."
USER_467179,Neha Gupta,Bangalore,5,Awesome delivery speed.
USER_474993,Rahul Iyer,Indore,4,Loved it!
USER_620671,Pooja Singh,Lucknow,2,Nice packing.
USER_922804,Siddharth Reddy,Pune,5,Exactly as shown in the picture.
USER_403979,Priya Singh,Kochi,4,"Good product, value for money."
USER_290046,Anjali Reddy,Kochi,3,"Average quality, could be better."
USER_178657,Sneha Sharma,Bangalore,5,Highly recommended!
USER_131284,Kavya Nair,Delhi,5,"Good product, value for money."
USER_428336,Sneha Das,Jaipur,4,"Average quality, could be better."
USER_863871,Vikram Patel,Jaipur,4,Nice packing.
USER_455186,Divya Kumar,Jaipur,3,"Average quality, could be better."
USER_721617,Rohan Nair,Ahmedabad,4,"Good product, value for money."
USER_452112,Manish Kumar,Hyderabad,2,"Defective item received, returned it."
USER_475302,Anjali Singh,Chennai,4,Highly recommended!
USER_739241,Vikram Sharma,Lucknow,4,Highly recommended!
USER_414796,Manish Das,Surat,2,"Not as expected, colors are dull."
USER_564162,Rohan Sharma,Mumbai,5,"Good product, value for money."
USER_731210,Rahul Gupta,Ahmedabad,1,"Terrible, broke on the first day."
USER_662632,Anjali Kumar,Bangalore,5,Loved it!
USER_758839,Amit Gupta,Pune,3,"Not as expected, colors are dull."
USER_278602,Rohan Iyer,Lucknow,4,"Average quality, could be better."
USER_104909,Kavya Deshmukh,Chennai,4,Highly recommended!
USER_845963,Amit Deshmukh,Lucknow,1,"Worst experience ever, do not buy!"
USER_117738,Pooja Gupta,Bangalore,4,"Good product, value for money."
USER_314304,Neha Deshmukh,Hyderabad,2,"Not as expected, colors are dull."
USER_597417,Anjali Das,Kolkata,5,Loved it!
USER_203520,Amit Singh,Hyderabad,4,A bit overpriced but decent.
USER_342384,Siddharth Chauhan,Mumbai,2,A bit overpriced but decent.
USER_627924,Priya Verma,Kolkata,3,"Average quality, could be better."
USER_952430,Amit Kumar,Bangalore,4,Excellent customer support.
USER_491943,Riya Patel,Jaipur,3,Battery drains too fast.
USER_762990,Siddharth Kumar,Chandigarh,4,"Not as expected, colors are dull."
USER_554365,Priya Gupta,Pune,2,"Defective item received, returned it."
USER_565760,Rohan Bose,Hyderabad,3,Nice packing.
USER_736391,Arjun Nair,Indore,5,"Good product, value for money."
USER_107578,Rohan Kumar,Kolkata,2,Nice packing.
USER_209106,Rahul Kumar,Delhi,2,"Average quality, could be better."
USER_102007,Anjali Das,Chandigarh,3,"Not as expected, colors are dull."
USER_314982,Amit Bose,Pune,4,Loved it!
USER_416502,Karan Iyer,Mumbai,5,Exactly as shown in the picture.
USER_395820,Aditya Singh,Delhi,2,Battery drains too fast.
USER_214300,Divya Singh,Hyderabad,5,"Good product, value for money."
USER_966563,Siddharth Verma,Mumbai,4,Perfect fit and comfortable.
USER_904630,Kavya Chauhan,Bangalore,5,Excellent customer support.
USER_613160,Manish Singh,Bangalore,2,"Not as expected, colors are dull."
USER_119892,Aditya Sharma,Mumbai,4,Loved it!
USER_237837,Priya Deshmukh,Ahmedabad,4,Perfect fit and comfortable.
USER_559138,Rohan Reddy,Delhi,1,"Defective item received, returned it."
USER_614737,Divya Joshi,Surat,3,Nice packing.
USER_680931,Karan Das,Surat,4,Loved it!
USER_308436,Pooja Joshi,Hyderabad,4,A bit overpriced but decent.
USER_792681,Divya Bose,Ahmedabad,3,Nice packing.
USER_571093,Priya Deshmukh,Indore,4,Battery drains too fast.
USER_904331,Aisha Nair,Surat,3,Nice packing.
USER_690164,Priya Verma,Kolkata,2,Battery drains too fast.
USER_656474,Aisha Nair,Jaipur,1,"Worst experience ever, do not buy!"
USER_570632,Amit Deshmukh,Delhi,2,"Not as expected, colors are dull."
USER_280577,Aisha Das,Kolkata,5,Excellent customer support.
USER_462564,Rahul Sharma,Bangalore,2,A bit overpriced but decent.
USER_100915,Arjun Kumar,Kolkata,4,Loved it!
USER_220177,Riya Deshmukh,Jaipur,4,Nice packing.
USER_128957,Vikram Chauhan,Chandigarh,2,"Defective item received, returned it."
USER_449447,Anjali Verma,Chandigarh,4,Awesome delivery speed.
USER_200253,Aisha Deshmukh,Chandigarh,2,"Worst experience ever, do not buy!"
USER_858428,Aditya Reddy,Chandigarh,2,"Defective item received, returned it."
USER_880582,Vikram Nair,Mumbai,4,"Good product, value for money."
USER_632534,Priya Chauhan,Hyderabad,4,Excellent customer support.
USER_144937,Pooja Yadav,Hyderabad,3,A bit overpriced but decent.
USER_194334,Aisha Patel,Surat,5,Perfect fit and comfortable.
USER_548821,Pooja Singh,Ahmedabad,5,Highly recommended!
USER_438292,Vikram Kumar,Pune,5,Excellent customer support.
USER_952228,Neha Bose,Chandigarh,2,Nice packing.
USER_443512,Sneha Gupta,Mumbai,5,Awesome delivery speed.
USER_189458,Kavya Bose,Pune,5,"Good product, value for money."
USER_955144,Riya Patel,Chandigarh,2,Nice packing.
USER_212260,Riya Iyer,Bangalore,4,"Good product, value for money."
USER_221343,Rohan Verma,Chandigarh,1,"Worst experience ever, do not buy!"
USER_835518,Neha Reddy,Kolkata,1,"Terrible, broke on the first day."
USER_462045,Siddharth Singh,Pune,4,Battery drains too fast.
USER_125459,Arjun Chauhan,Surat,5,Loved it!
USER_989280,Anjali Iyer,Hyderabad,1,"Terrible, broke on the first day."
USER_422491,Neha Iyer,Mumbai,2,"Average quality, could be better."
USER_925585,Manish Reddy,Surat,4,"Good product, value for money."
USER_750901,Sneha Chauhan,Hyderabad,2,"Defective item received, returned it."
USER_884191,Amit Nair,Pune,5,Loved it!
USER_370660,Neha Gupta,Chandigarh,2,"Defective item received, returned it."
USER_767096,Rohan Das,Indore,2,"Defective item received, returned it."
USER_145471,Amit Iyer,Hyderabad,4,A bit overpriced but decent.
USER_221094,Sneha Sharma,Kochi,4,Excellent customer support.
USER_480810,Aditya Das,Lucknow,5,"Good product, value for money."
USER_719869,Sneha Iyer,Mumbai,4,Awesome delivery speed.
USER_757746,Aisha Yadav,Surat,5,"Good product, value for money."
USER_825740,Neha Sharma,Kochi,2,Battery drains too fast.
USER_667670,Amit Joshi,Ahmedabad,3,Nice packing.
USER_149903,Anjali Nair,Delhi,5,Perfect fit and comfortable.
USER_684209,Arjun Patel,Ahmedabad,2,A bit overpriced but decent.
USER_684684,Aisha Reddy,Jaipur,3,Battery drains too fast.
USER_506966,Aisha Yadav,Mumbai,4,Battery drains too fast.
USER_146658,Karan Deshmukh,Kolkata,5,Perfect fit and comfortable.
USER_606318,Pooja Yadav,Chennai,5,Exactly as shown in the picture.
USER_625074,Anjali Iyer,Indore,5,"Good product, value for money."
USER_320019,Rohan Patel,Chandigarh,1,"Worst experience ever, do not buy!"
USER_636803,Priya Yadav,Mumbai,1,"Worst experience ever, do not buy!"
USER_954485,Priya Singh,Hyderabad,4,"Good product, value for money."
USER_513035,Riya Kumar,Ahmedabad,2,"Not as expected, colors are dull."
USER_234590,Amit Bose,Kolkata,1,"Worst experience ever, do not buy!"
USER_149632,Priya Nair,Pune,3,A bit overpriced but decent.
USER_147195,Manish Verma,Mumbai,4,Excellent customer support.
USER_115093,Sneha Kumar,Ahmedabad,1,"Defective item received, returned it."
USER_466010,Amit Verma,Jaipur,4,Highly recommended!
USER_727034,Sneha Yadav,Chennai,1,"Terrible, broke on the first day."
USER_953547,Sneha Nair,Bangalore,4,Highly recommended!
USER_694964,Amit Gupta,Delhi,5,Excellent customer support.
USER_769740,Divya Iyer,Bangalore,4,Excellent customer support.
USER_262251,Karan Reddy,Mumbai,2,"Defective item received, returned it."
USER_316802,Vikram Nair,Ahmedabad,5,Awesome delivery speed.
USER_709910,Divya Kumar,Chennai,4,A bit overpriced but decent.
USER_459494,Divya Chauhan,Surat,5,Excellent customer support.
USER_506950,Aditya Nair,Chennai,5,Loved it!
USER_335078,Aditya Sharma,Mumbai,3,"Average quality, could be better."
USER_630820,Manish Reddy,Kolkata,3,Battery drains too fast.
USER_303641,Siddharth Deshmukh,Ahmedabad,3,"Average quality, could be better."
USER_743344,Arjun Singh,Lucknow,1,"Defective item received, returned it."
USER_157788,Priya Sharma,Bangalore,1,"Terrible, broke on the first day."
USER_196418,Neha Yadav,Bangalore,4,Nice packing.
USER_744657,Riya Deshmukh,Chandigarh,4,Perfect fit and comfortable.
USER_461860,Arjun Gupta,Indore,2,A bit overpriced but decent.
USER_303310,Neha Das,Chandigarh,2,"Average quality, could be better."
USER_273913,Aditya Singh,Mumbai,2,"Defective item received, returned it."
USER_540031,Anjali Singh,Kolkata,4,Nice packing.
USER_156884,Karan Sharma,Chandigarh,2,"Worst experience ever, do not buy!"
USER_746980,Karan Iyer,Lucknow,5,"Good product, value for money."
USER_431278,Rahul Bose,Jaipur,5,"Good product, value for money."
USER_770596,Neha Deshmukh,Jaipur,5,Highly recommended!
USER_229804,Divya Iyer,Kochi,5,Excellent customer support.
USER_484583,Aditya Iyer,Chennai,4,Nice packing.
USER_964831,Vikram Joshi,Kolkata,3,"Average quality, could be better."
USER_681745,Arjun Bose,Kolkata,5,Excellent customer support.
USER_718592,Rahul Kumar,Jaipur,2,"Defective item received, returned it."
USER_886065,Priya Patel,Chandigarh,2,"Average quality, could be better."
USER_668788,Amit Bose,Delhi,4,Battery drains too fast.
USER_809749,Rohan Joshi,Surat,5,Excellent customer support.
USER_654736,Rohan Deshmukh,Mumbai,4,Nice packing.
USER_804571,Manish Verma,Chandigarh,5,Excellent customer support.
USER_649659,Neha Iyer,Bangalore,2,Nice packing.
USER_944014,Kavya Das,Lucknow,2,Battery drains too fast.
USER_585278,Arjun Yadav,Kochi,3,A bit overpriced but decent.
USER_682648,Manish Singh,Surat,5,Highly recommended!
USER_265822,Rohan Reddy,Chennai,4,Perfect fit and comfortable.
USER_322783,Siddharth Patel,Kolkata,2,"Worst experience ever, do not buy!"
USER_872024,Riya Singh,Indore,2,"Average quality, could be better."
USER_331406,Vikram Bose,Hyderabad,3,Nice packing.
USER_653586,Rahul Chauhan,Delhi,2,A bit overpriced but decent.
USER_196373,Divya Verma,Chennai,4,Awesome delivery speed.
USER_692151,Arjun Joshi,Mumbai,3,Nice packing.
USER_770571,Siddharth Chauhan,Bangalore,4,Exactly as shown in the picture.
USER_860690,Riya Patel,Chandigarh,2,"Defective item received, returned it."
USER_427647,Neha Iyer,Pune,4,Highly recommended!
USER_256854,Priya Verma,Lucknow,4,Nice packing.
USER_391487,Rahul Iyer,Ahmedabad,2,Nice packing.
USER_232706,Siddharth Patel,Bangalore,4,Highly recommended!
USER_629456,Manish Chauhan,Surat,4,Excellent customer support.
USER_760368,Kavya Yadav,Delhi,4,Highly recommended!
USER_603948,Rohan Reddy,Jaipur,4,Perfect fit and comfortable.
USER_632980,Anjali Patel,Bangalore,2,"Not as expected, colors are dull."
USER_840005,Vikram Bose,Lucknow,2,"Not as expected, colors are dull."
USER_349230,Priya Iyer,Indore,5,Excellent customer support.
USER_115514,Aisha Singh,Hyderabad,5,Loved it!
USER_401271,Sneha Singh,Chandigarh,3,Battery drains too fast.
USER_723689,Arjun Iyer,Hyderabad,4,Excellent customer support.
USER_563689,Vikram Gupta,Surat,5,Excellent customer support.
USER_424578,Kavya Das,Hyderabad,2,A bit overpriced but decent.
USER_761435,Amit Verma,Ahmedabad,5,Highly recommended!
USER_359915,Arjun Deshmukh,Jaipur,4,"Not as expected, colors are dull."
USER_448317,Riya Das,Kolkata,4,Excellent customer support.
USER_123486,Aisha Verma,Jaipur,5,Excellent customer support.
USER_863563,Sneha Nair,Surat,4,"Not as expected, colors are dull."
USER_951650,Vikram Gupta,Lucknow,2,A bit overpriced but decent.
USER_997114,Anjali Verma,Kolkata,3,A bit overpriced but decent.
USER_861315,Amit Verma,Indore,5,Perfect fit and comfortable.
USER_915732,Divya Gupta,Indore,5,Excellent customer support.
USER_432246,Neha Sharma,Chennai,1,"Worst experience ever, do not buy!"
USER_804848,Rahul Kumar,Bangalore,4,Awesome delivery speed.
USER_665219,Anjali Gupta,Kochi,1,"Terrible, broke on the first day."
USER_647909,Anjali Gupta,Jaipur,5,Exactly as shown in the picture.
USER_209694,Amit Deshmukh,Indore,1,"Terrible, broke on the first day."
USER_600828,Neha Bose,Kochi,2,A bit overpriced but decent.
USER_336603,Aditya Sharma,Chandigarh,2,"Terrible, broke on the first day."
USER_509119,Rahul Nair,Jaipur,1,"Defective item received, returned it."
USER_472840,Aisha Patel,Lucknow,3,"Not as expected, colors are dull."
USER_176104,Rohan Das,Jaipur,4,"Good product, value for money."
USER_485182,Divya Reddy,Pune,4,Perfect fit and comfortable.
USER_830212,Sneha Patel,Kochi,5,Excellent customer support.
USER_446050,Arjun Joshi,Mumbai,2,"Worst experience ever, do not buy!"
USER_846622,Pooja Bose,Jaipur,1,"Worst experience ever, do not buy!"
USER_815983,Karan Verma,Mumbai,5,Loved it!
USER_326431,Aditya Deshmukh,Delhi,5,Excellent customer support.
USER_839459,Rahul Iyer,Chandigarh,2,Nice packing.
USER_636452,Rahul Kumar,Mumbai,4,Perfect fit and comfortable.
USER_175743,Neha Das,Surat,5,Loved it!
USER_936483,Priya Verma,Lucknow,5,Excellent customer support.
USER_411793,Manish Yadav,Delhi,4,Awesome delivery speed.
USER_700465,Rahul Sharma,Hyderabad,4,Battery drains too fast.
USER_976875,Riya Das,Hyderabad,3,Battery drains too fast.
USER_617208,Aditya Yadav,Bangalore,3,Battery drains too fast.
USER_271347,Riya Bose,Indore,2,"Terrible, broke on the first day."
USER_609118,Vikram Gupta,Delhi,4,Awesome delivery speed.
USER_626394,Siddharth Gupta,Ahmedabad,1,"Terrible, broke on the first day."
USER_703218,Vikram Verma,Hyderabad,2,"Average quality, could be better."
USER_155985,Riya Verma,Jaipur,5,Highly recommended!
USER_841054,Arjun Reddy,Delhi,4,Awesome delivery speed.
USER_453149,Sneha Chauhan,Kolkata,4,Nice packing.
USER_500571,Anjali Yadav,Chennai,5,Awesome delivery speed.
USER_761550,Kavya Das,Mumbai,3,Nice packing.
USER_133434,Rohan Chauhan,Chennai,1,"Worst experience ever, do not buy!"
USER_687711,Rohan Gupta,Pune,5,Highly recommended!
USER_866703,Kavya Reddy,Kolkata,2,A bit overpriced but decent.
USER_502277,Aditya Patel,Indore,2,"Not as expected, colors are dull."
USER_960672,Neha Iyer,Bangalore,2,"Not as expected, colors are dull."
USER_313247,Karan Patel,Indore,4,A bit overpriced but decent.
USER_904917,Vikram Gupta,Surat,5,Excellent customer support.
USER_871713,Aisha Joshi,Hyderabad,3,A bit overpriced but decent.
USER_143814,Divya Gupta,Chandigarh,2,"Average quality, could be better."
USER_265432,Karan Chauhan,Mumbai,3,A bit overpriced but decent.
USER_195548,Riya Gupta,Surat,4,Nice packing.
USER_355897,Sneha Iyer,Chennai,4,Perfect fit and comfortable.
USER_432532,Kavya Singh,Chandigarh,3,"Average quality, could be better."
USER_521452,Pooja Iyer,Chennai,4,Highly recommended!
USER_882695,Siddharth Deshmukh,Pune,4,Nice packing.
USER_391454,Arjun Gupta,Lucknow,5,Exactly as shown in the picture.
USER_480877,Manish Chauhan,Bangalore,4,Perfect fit and comfortable.
USER_963080,Rahul Kumar,Bangalore,4,A bit overpriced but decent.
USER_977204,Divya Yadav,Jaipur,5,Exactly as shown in the picture.
USER_361655,Rohan Deshmukh,Bangalore,5,Awesome delivery speed.
USER_276433,Pooja Verma,Ahmedabad,4,Highly recommended!
USER_724528,Riya Yadav,Bangalore,5,Perfect fit and comfortable.
USER_712953,Neha Sharma,Jaipur,3,A bit overpriced but decent.
USER_483017,Sneha Das,Pune,4,Highly recommended!
USER_958120,Riya Yadav,Hyderabad,4,Excellent customer support.
USER_484269,Aditya Gupta,Kochi,5,Highly recommended!
USER_658747,Aisha Iyer,Indore,2,"Terrible, broke on the first day."
USER_667397,Amit Sharma,Lucknow,4,Nice packing.
USER_384455,Rahul Sharma,Indore,2,A bit overpriced but decent.
USER_931940,Riya Das,Jaipur,2,"Not as expected, colors are dull."
USER_912565,Anjali Yadav,Chandigarh,4,Awesome delivery speed.
USER_575349,Divya Yadav,Lucknow,4,"Good product, value for money."
USER_949107,Anjali Deshmukh,Kochi,4,Exactly as shown in the picture.
USER_424661,Vikram Kumar,Pune,2,A bit overpriced but decent.
USER_595999,Divya Iyer,Chandigarh,1,"Terrible, broke on the first day."
USER_786951,Pooja Nair,Lucknow,4,Awesome delivery speed.
USER_420479,Amit Gupta,Delhi,2,"Defective item received, returned it."
USER_691206,Anjali Iyer,Indore,1,"Worst experience ever, do not buy!"
USER_427384,Priya Yadav,Delhi,2,Battery drains too fast.
USER_478755,Rohan Bose,Hyderabad,3,Battery drains too fast.
USER_366003,Amit Patel,Surat,3,Nice packing.
USER_240499,Siddharth Chauhan,Chandigarh,5,Highly recommended!
USER_827676,Vikram Patel,Kolkata,1,"Terrible, broke on the first day."
USER_159969,Pooja Iyer,Chandigarh,4,Loved it!
USER_635861,Rohan Reddy,Hyderabad,4,Excellent customer support.
USER_231703,Rahul Kumar,Ahmedabad,3,A bit overpriced but decent.
USER_346905,Siddharth Patel,Bangalore,5,Loved it!
USER_383162,Priya Chauhan,Chandigarh,5,Awesome delivery speed.
USER_740020,Pooja Patel,Lucknow,1,"Worst experience ever, do not buy!"
USER_755385,Sneha Gupta,Kochi,4,A bit overpriced but decent.
USER_883767,Siddharth Sharma,Surat,2,"Worst experience ever, do not buy!"
USER_998655,Aditya Chauhan,Indore,4,Highly recommended!
USER_113106,Riya Reddy,Indore,4,Perfect fit and comfortable.
USER_301176,Aditya Deshmukh,Kolkata,2,"Terrible, broke on the first day."
USER_413924,Divya Sharma,Pune,5,"Good product, value for money."
USER_984506,Aditya Bose,Ahmedabad,5,Excellent customer support.
USER_416103,Anjali Sharma,Lucknow,2,"Terrible, broke on the first day."
USER_694530,Aditya Reddy,Jaipur,4,Exactly as shown in the picture.
USER_340567,Divya Patel,Mumbai,5,"Good product, value for money."
USER_279080,Sneha Gupta,Pune,4,Awesome delivery speed.
USER_406281,Pooja Das,Ahmedabad,2,Nice packing.
USER_392321,Kavya Chauhan,Kolkata,4,Nice packing.
USER_233050,Aditya Das,Ahmedabad,2,"Average quality, could be better."
USER_689710,Sneha Bose,Chandigarh,3,Nice packing.
USER_385304,Manish Das,Kolkata,2,Battery drains too fast.
USER_931168,Amit Reddy,Indore,4,"Average quality, could be better."
USER_236979,Anjali Gupta,Surat,5,Exactly as shown in the picture.
USER_797709,Pooja Bose,Chandigarh,1,"Terrible, broke on the first day."
USER_725974,Amit Joshi,Chandigarh,2,A bit overpriced but decent.
USER_703052,Arjun Reddy,Hyderabad,5,"Good product, value for money."
USER_764901,Arjun Sharma,Chandigarh,5,Awesome delivery speed.
USER_687261,Sneha Kumar,Pune,4,Awesome delivery speed.
USER_854338,Sneha Das,Kochi,4,Loved it!
USER_323619,Vikram Iyer,Lucknow,4,Battery drains too fast.
USER_331679,Siddharth Patel,Surat,5,Excellent customer support.
USER_844053,Priya Iyer,Bangalore,2,"Average quality, could be better."
USER_744437,Aditya Joshi,Ahmedabad,4,"Good product, value for money."
USER_618205,Amit Kumar,Chennai,3,Nice packing.
USER_886461,Manish Singh,Ahmedabad,5,Exactly as shown in the picture.
USER_621179,Manish Yadav,Delhi,2,Nice packing.
USER_417960,Kavya Iyer,Jaipur,2,"Worst experience ever, do not buy!"
USER_669883,Pooja Sharma,Jaipur,5,Excellent customer support.
USER_580247,Divya Bose,Hyderabad,4,Loved it!
USER_748148,Arjun Bose,Kolkata,3,A bit overpriced but decent.
USER_905263,Anjali Reddy,Kochi,5,"Good product, value for money."
USER_669544,Arjun Iyer,Mumbai,4,Perfect fit and comfortable.
USER_672596,Sneha Kumar,Mumbai,5,Loved it!
USER_750575,Amit Bose,Kochi,5,Awesome delivery speed.
USER_781717,Rahul Yadav,Mumbai,3,"Average quality, could be better."
USER_273563,Vikram Bose,Jaipur,4,Nice packing.
USER_271631,Manish Sharma,Delhi,4,Highly recommended!
USER_328090,Manish Chauhan,Kochi,4,"Good product, value for money."
USER_399848,Vikram Sharma,Chennai,1,"Worst experience ever, do not buy!"
USER_385430,Anjali Gupta,Chennai,2,"Terrible, broke on the first day."
USER_860653,Amit Reddy,Bangalore,1,"Terrible, broke on the first day."
USER_900548,Anjali Iyer,Mumbai,3,Battery drains too fast.
USER_380356,Rohan Deshmukh,Bangalore,1,"Defective item received, returned it."
USER_744107,Aditya Chauhan,Kolkata,4,Excellent customer support.
USER_626448,Riya Nair,Pune,5,Perfect fit and comfortable.
USER_925828,Kavya Bose,Mumbai,3,Battery drains too fast.
USER_594978,Divya Das,Mumbai,5,Exactly as shown in the picture.
USER_993712,Anjali Chauhan,Pune,2,"Worst experience ever, do not buy!"
USER_260271,Amit Kumar,Mumbai,2,"Defective item received, returned it."
USER_522497,Priya Gupta,Hyderabad,4,Awesome delivery speed.
USER_656293,Manish Iyer,Kochi,4,Perfect fit and comfortable.
USER_782922,Kavya Gupta,Delhi,3,Nice packing.
USER_544390,Vikram Yadav,Mumbai,4,"Good product, value for money."
USER_189895,Aditya Deshmukh,Bangalore,4,Awesome delivery speed.
USER_704097,Kavya Bose,Ahmedabad,4,Loved it!
USER_576185,Aditya Sharma,Jaipur,5,Perfect fit and comfortable.
USER_310332,Karan Bose,Ahmedabad,3,"Average quality, could be better."
USER_982442,Rohan Kumar,Hyderabad,4,Loved it!
USER_222874,Kavya Gupta,Chennai,2,"Terrible, broke on the first day."
USER_439258,Sneha Chauhan,Chandigarh,4,Highly recommended!
USER_636911,Karan Chauhan,Ahmedabad,5,Perfect fit and comfortable.
USER_314450,Anjali Joshi,Pune,4,A bit overpriced but decent.
USER_539388,Divya Deshmukh,Indore,3,Nice packing.
USER_623119,Anjali Iyer,Jaipur,5,Loved it!
USER_285667,Pooja Deshmukh,Lucknow,4,Exactly as shown in the picture.
USER_652731,Aditya Das,Pune,4,Loved it!
USER_173310,Neha Das,Chandigarh,2,"Not as expected, colors are dull."
USER_495971,Kavya Singh,Kolkata,4,Perfect fit and comfortable.
USER_633392,Riya Das,Mumbai,5,"Good product, value for money."
USER_770300,Riya Bose,Lucknow,4,Excellent customer support.
USER_603500,Priya Reddy,Ahmedabad,2,"Not as expected, colors are dull."
USER_283482,Rahul Singh,Mumbai,5,Excellent customer support.
USER_695272,Anjali Gupta,Jaipur,3,A bit overpriced but decent.
USER_883743,Amit Kumar,Kochi,2,Battery drains too fast.
USER_258574,Rohan Nair,Bangalore,2,"Defective item received, returned it."
USER_391111,Sneha Singh,Surat,5,Exactly as shown in the picture.
USER_864378,Riya Kumar,Pune,2,"Terrible, broke on the first day."
USER_954514,Divya Singh,Chennai,4,Excellent customer support.
USER_704306,Priya Sharma,Delhi,2,"Defective item received, returned it."
USER_667968,Vikram Singh,Lucknow,4,Highly recommended!
USER_217427,Neha Joshi,Bangalore,4,"Not as expected, colors are dull."
USER_437574,Aisha Kumar,Indore,2,Nice packing.
USER_672975,Karan Sharma,Surat,4,"Good product, value for money."
USER_432390,Kavya Verma,Chandigarh,1,"Defective item received, returned it."
USER_430229,Vikram Gupta,Kochi,4,Exactly as shown in the picture.
USER_209754,Siddharth Joshi,Surat,4,Awesome delivery speed.
USER_251475,Priya Reddy,Delhi,4,"Average quality, could be better."
USER_434275,Rahul Chauhan,Delhi,4,Perfect fit and comfortable.
USER_700573,Vikram Iyer,Chandigarh,2,"Average quality, could be better."
USER_156879,Neha Verma,Chennai,1,"Defective item received, returned it."
USER_840521,Kavya Singh,Kolkata,4,Nice packing.
USER_504433,Divya Chauhan,Ahmedabad,5,"Good product, value for money."
USER_291731,Priya Joshi,Mumbai,1,"Terrible, broke on the first day."
USER_164081,Aditya Chauhan,Delhi,4,Perfect fit and comfortable.
USER_170458,Neha Patel,Delhi,5,Perfect fit and comfortable.
USER_376876,Aisha Chauhan,Kolkata,1,"Worst experience ever, do not buy!"
USER_544130,Arjun Patel,Kochi,5,Awesome delivery speed.
USER_940279,Pooja Iyer,Mumbai,1,"Defective item received, returned it."
USER_581275,Riya Das,Lucknow,2,"Terrible, broke on the first day."
USER_415427,Divya Gupta,Kochi,5,Perfect fit and comfortable.
USER_123454,Kavya Sharma,Jaipur,5,Awesome delivery speed.
USER_762377,Manish Joshi,Kochi,4,"Average quality, could be better."
USER_141398,Vikram Kumar,Indore,5,Perfect fit and comfortable.
USER_254234,Riya Deshmukh,Lucknow,3,Battery drains too fast.
USER_541553,Kavya Sharma,Bangalore,5,Awesome delivery speed.
USER_533862,Priya Bose,Hyderabad,2,"Average quality, could be better."
USER_487763,Vikram Chauhan,Jaipur,2,"Terrible, broke on the first day."
USER_935583,Anjali Iyer,Chandigarh,2,"Terrible, broke on the first day."
USER_581712,Aisha Chauhan,Hyderabad,4,Perfect fit and comfortable.
USER_477547,Neha Verma,Chennai,4,"Good product, value for money."
USER_593623,Manish Deshmukh,Pune,4,Highly recommended!
USER_347850,Sneha Singh,Chennai,5,Loved it!
USER_505502,Riya Joshi,Surat,3,Nice packing.
USER_677860,Divya Das,Chennai,5,Awesome delivery speed.
USER_883927,Rahul Yadav,Pune,2,"Average quality, could be better."
USER_419331,Manish Gupta,Bangalore,3,"Average quality, could be better."
USER_332379,Anjali Das,Kolkata,2,"Not as expected, colors are dull."
USER_799800,Aditya Chauhan,Pune,2,"Defective item received, returned it."
USER_817646,Priya Joshi,Kolkata,4,Battery drains too fast.
USER_382166,Aisha Gupta,Mumbai,3,Battery drains too fast.
USER_816415,Riya Joshi,Delhi,5,Highly recommended!
USER_456058,Riya Patel,Indore,4,Perfect fit and comfortable.
USER_312543,Karan Gupta,Lucknow,4,"Average quality, could be better."
USER_664731,Arjun Das,Bangalore,4,Battery drains too fast.
USER_772245,Aisha Iyer,Kochi,2,"Terrible, broke on the first day."
USER_191008,Siddharth Verma,Chandigarh,2,"Defective item received, returned it."
USER_578727,Riya Das,Hyderabad,5,Awesome delivery speed.
USER_536697,Kavya Bose,Chandigarh,2,"Defective item received, returned it."
USER_926684,Aditya Das,Pune,4,Nice packing.
USER_935754,Riya Yadav,Pune,4,Loved it!
USER_259896,Manish Deshmukh,Surat,4,Excellent customer support.
USER_206397,Sneha Patel,Mumbai,2,A bit overpriced but decent.
USER_954001,Neha Joshi,Mumbai,4,Nice packing.
USER_917418,Rahul Das,Kochi,2,"Defective item received, returned it."
USER_384713,Arjun Nair,Indore,1,"Terrible, broke on the first day."
USER_360541,Riya Iyer,Bangalore,5,Loved it!
USER_306205,Neha Sharma,Mumbai,1,"Terrible, broke on the first day."
USER_168828,Sneha Patel,Indore,5,Exactly as shown in the picture.
USER_331901,Arjun Sharma,Jaipur,2,"Defective item received, returned it."
USER_323986,Amit Joshi,Indore,3,Battery drains too fast.
USER_611736,Siddharth Reddy,Ahmedabad,4,Excellent customer support.
USER_403361,Pooja Yadav,Surat,3,A bit overpriced but decent.
USER_224538,Rohan Joshi,Indore,3,"Not as expected, colors are dull."
USER_816312,Priya Chauhan,Ahmedabad,3,A bit overpriced but decent.
USER_933915,Pooja Nair,Delhi,5,Awesome delivery speed.
USER_247684,Divya Iyer,Delhi,4,"Average quality, could be better."
USER_259859,Manish Joshi,Indore,5,Exactly as shown in the picture.
USER_988046,Aisha Iyer,Kolkata,5,Highly recommended!
USER_411634,Rohan Reddy,Mumbai,4,Loved it!
USER_431831,Vikram Patel,Jaipur,2,"Worst experience ever, do not buy!"
USER_914389,Siddharth Reddy,Jaipur,4,Awesome delivery speed.
USER_276440,Rohan Singh,Bangalore,5,"Good product, value for money."
USER_844200,Sneha Reddy,Kochi,5,Excellent customer support.
USER_547778,Arjun Reddy,Pune,3,"Not as expected, colors are dull."
USER_463666,Siddharth Gupta,Chandigarh,2,"Average quality, could be better."
USER_201585,Anjali Reddy,Lucknow,4,Battery drains too fast.
USER_860134,Aditya Sharma,Chennai,3,Battery drains too fast.
USER_855945,Siddharth Das,Pune,4,Battery drains too fast.
USER_408095,Siddharth Sharma,Ahmedabad,4,Highly recommended!
USER_830512,Kavya Kumar,Mumbai,3,Nice packing.
USER_393178,Amit Singh,Delhi,5,Loved it!
USER_199039,Siddharth Yadav,Delhi,4,Battery drains too fast.
USER_434193,Aditya Chauhan,Lucknow,2,Nice packing.
USER_778033,Anjali Bose,Chandigarh,1,"Terrible, broke on the first day."
USER_949310,Arjun Das,Jaipur,1,"Terrible, broke on the first day."
USER_432585,Anjali Iyer,Mumbai,3,Nice packing.
USER_496736,Sneha Bose,Lucknow,4,Awesome delivery speed.
USER_635202,Siddharth Singh,Ahmedabad,4,Perfect fit and comfortable.
USER_231957,Siddharth Verma,Surat,4,Excellent customer support.
USER_310901,Karan Verma,Jaipur,4,Nice packing.
USER_448592,Priya Deshmukh,Ahmedabad,5,Highly recommended!
USER_314982,Amit Bose,Pune,4,Loved it!
USER_664169,Divya Singh,Lucknow,4,"Good product, value for money."
USER_380049,Aisha Singh,Ahmedabad,3,"Not as expected, colors are dull."
USER_453664,Neha Deshmukh,Mumbai,2,"Defective item received, returned it."
USER_911819,Manish Chauhan,Jaipur,4,Highly recommended!
USER_414226,Amit Iyer,Chennai,3,A bit overpriced but decent.
USER_284027,Karan Reddy,Chandigarh,4,Loved it!
USER_951250,Rahul Deshmukh,Chennai,2,A bit overpriced but decent.
USER_345571,Neha Reddy,Delhi,3,A bit overpriced but decent.
USER_250664,Karan Patel,Chennai,2,"Worst experience ever, do not buy!"
USER_333447,Priya Verma,Mumbai,4,"Average quality, could be better."
USER_779947,Karan Nair,Delhi,3,"Not as expected, colors are dull."
USER_497294,Manish Das,Kochi,5,Highly recommended!
USER_824812,Kavya Singh,Hyderabad,2,Nice packing.
USER_578483,Rohan Chauhan,Kochi,5,Loved it!
USER_966207,Anjali Singh,Kolkata,5,Highly recommended!
USER_382673,Karan Sharma,Kochi,4,Highly recommended!
USER_467523,Rohan Patel,Lucknow,5,Loved it!
USER_313521,Manish Das,Delhi,2,"Worst experience ever, do not buy!"
USER_477057,Aditya Gupta,Indore,2,"Defective item received, returned it."
USER_440596,Sneha Nair,Kolkata,5,Excellent customer support.
USER_339664,Arjun Kumar,Chandigarh,1,"Defective item received, returned it."
USER_972239,Rohan Verma,Delhi,1,"Defective item received, returned it."
USER_642995,Rahul Bose,Chandigarh,4,Perfect fit and comfortable.
USER_400956,Aditya Reddy,Surat,3,A bit overpriced but decent.
USER_458984,Manish Chauhan,Mumbai,2,"Terrible, broke on the first day."
USER_591194,Vikram Verma,Mumbai,4,"Average quality, could be better."
USER_419622,Manish Sharma,Lucknow,4,"Not as expected, colors are dull."
USER_720639,Priya Verma,Kochi,5,Excellent customer support.
USER_479232,Riya Das,Surat,4,Awesome delivery speed.
USER_716595,Vikram Chauhan,Chandigarh,4,Excellent customer support.
USER_385390,Priya Deshmukh,Indore,4,Exactly as shown in the picture.
USER_897047,Pooja Verma,Indore,4,Exactly as shown in the picture.
USER_195902,Aisha Joshi,Pune,3,A bit overpriced but decent.
USER_472591,Vikram Bose,Lucknow,5,Exactly as shown in the picture.
USER_689969,Manish Patel,Chennai,2,Battery drains too fast.
USER_816889,Amit Nair,Chennai,5,"Good product, value for money."
USER_517565,Sneha Nair,Kolkata,5,Highly recommended!
USER_469186,Pooja Chauhan,Delhi,1,"Worst experience ever, do not buy!"
USER_491756,Sneha Sharma,Chennai,3,"Not as expected, colors are dull."
USER_781134,Priya Patel,Kochi,2,"Terrible, broke on the first day."
USER_794853,Amit Verma,Chandigarh,4,Awesome delivery speed.
USER_739780,Divya Bose,Chennai,4,Perfect fit and comfortable.
USER_645127,Divya Gupta,Chennai,5,"Good product, value for money."
USER_773059,Rohan Yadav,Ahmedabad,5,"Good product, value for money."
USER_264906,Sneha Bose,Delhi,2,"Defective item received, returned it."
USER_216849,Karan Bose,Chandigarh,5,Awesome delivery speed.
USER_183436,Sneha Patel,Pune,4,"Good product, value for money."
USER_867002,Anjali Deshmukh,Hyderabad,5,Perfect fit and comfortable.
USER_181425,Karan Verma,Kolkata,4,"Good product, value for money."
USER_247484,Amit Singh,Kolkata,4,Exactly as shown in the picture.
USER_809533,Anjali Das,Lucknow,2,"Terrible, broke on the first day."
USER_141242,Priya Iyer,Indore,4,Battery drains too fast.
USER_389879,Aisha Kumar,Ahmedabad,5,Loved it!
USER_249355,Aditya Yadav,Indore,5,Perfect fit and comfortable.
USER_255411,Priya Singh,Indore,5,Excellent customer support.
USER_725922,Divya Sharma,Ahmedabad,4,Loved it!
USER_991726,Siddharth Kumar,Kochi,5,Highly recommended!
USER_736182,Divya Patel,Indore,5,Exactly as shown in the picture.
USER_898279,Vikram Sharma,Chandigarh,1,"Defective item received, returned it."
USER_225349,Vikram Iyer,Bangalore,1,"Terrible, broke on the first day."
USER_147784,Aditya Deshmukh,Chennai,2,"Terrible, broke on the first day."
USER_284547,Riya Das,Kolkata,4,Excellent customer support.
USER_418298,Sneha Chauhan,Hyderabad,4,Nice packing.
USER_725194,Vikram Verma,Lucknow,2,"Average quality, could be better."
USER_326661,Aditya Singh,Lucknow,1,"Worst experience ever, do not buy!"
USER_902895,Amit Verma,Jaipur,3,Nice packing.
USER_841756,Riya Deshmukh,Chandigarh,4,"Good product, value for money."
USER_755047,Aditya Singh,Delhi,2,Nice packing.
USER_485478,Divya Iyer,Pune,4,Loved it!
USER_666885,Anjali Patel,Chennai,4,Loved it!
USER_178882,Manish Reddy,Delhi,4,Highly recommended!
USER_104316,Aisha Sharma,Chandigarh,5,Perfect fit and comfortable.
USER_346096,Manish Singh,Pune,4,Nice packing.
USER_946614,Aditya Deshmukh,Delhi,5,Exactly as shown in the picture.
USER_374135,Aditya Das,Lucknow,2,"Defective item received, returned it."
USER_106894,Amit Chauhan,Bangalore,3,Nice packing.
USER_504780,Siddharth Iyer,Bangalore,2,"Terrible, broke on the first day."
USER_775028,Rohan Gupta,Delhi,5,Loved it!
USER_387525,Amit Patel,Jaipur,2,"Terrible, broke on the first day."
USER_414457,Karan Sharma,Chandigarh,2,Nice packing.
USER_930606,Arjun Singh,Mumbai,3,"Average quality, could be better."
USER_386753,Sneha Kumar,Hyderabad,2,"Not as expected, colors are dull."
USER_668885,Arjun Patel,Mumbai,5,Exactly as shown in the picture.
USER_765146,Kavya Das,Pune,4,Exactly as shown in the picture.
USER_886155,Pooja Sharma,Lucknow,5,Highly recommended!
USER_223039,Rohan Bose,Delhi,4,A bit overpriced but decent.
USER_748177,Sneha Yadav,Surat,5,Awesome delivery speed.
USER_243333,Priya Singh,Chandigarh,1,"Worst experience ever, do not buy!"
USER_689834,Sneha Iyer,Surat,4,"Not as expected, colors are dull."
USER_233403,Manish Nair,Hyderabad,2,"Worst experience ever, do not buy!"
USER_608282,Anjali Verma,Pune,5,Awesome delivery speed.
USER_525744,Pooja Verma,Jaipur,4,Exactly as shown in the picture.
USER_712689,Riya Chauhan,Chennai,4,"Average quality, could be better."
USER_644799,Divya Chauhan,Kochi,4,Perfect fit and comfortable.
USER_611179,Siddharth Verma,Chennai,1,"Worst experience ever, do not buy!"
USER_683045,Sneha Sharma,Chennai,4,Highly recommended!
USER_278583,Sneha Chauhan,Kolkata,2,"Not as expected, colors are dull."
USER_760291,Rahul Deshmukh,Surat,5,Highly recommended!
USER_974653,Arjun Nair,Kolkata,4,"Average quality, could be better."
USER_260702,Divya Deshmukh,Jaipur,4,Nice packing.
USER_353856,Aditya Verma,Pune,3,"Average quality, could be better."
USER_319260,Sneha Yadav,Chandigarh,1,"Defective item received, returned it."
USER_970921,Anjali Yadav,Mumbai,2,"Worst experience ever, do not buy!"
USER_658347,Karan Iyer,Kolkata,4,Nice packing.
USER_124639,Pooja Gupta,Chandigarh,4,"Good product, value for money."
USER_597616,Kavya Singh,Kochi,3,"Not as expected, colors are dull."
USER_166406,Aisha Iyer,Bangalore,4,Perfect fit and comfortable.
USER_354315,Amit Joshi,Kochi,5,Loved it!
USER_980985,Manish Deshmukh,Surat,4,Battery drains too fast.
USER_867900,Amit Singh,Kolkata,5,Perfect fit and comfortable.
USER_217054,Aisha Singh,Chandigarh,5,Excellent customer support.
USER_535642,Riya Patel,Kochi,3,Battery drains too fast.
USER_474181,Arjun Patel,Ahmedabad,2,"Not as expected, colors are dull."
USER_276715,Manish Bose,Delhi,4,"Good product, value for money."
USER_238872,Amit Joshi,Chandigarh,1,"Terrible, broke on the first day."
USER_259934,Vikram Patel,Jaipur,5,Exactly as shown in the picture.
USER_702010,Kavya Patel,Lucknow,1,"Defective item received, returned it."
USER_825031,Sneha Verma,Lucknow,4,Exactly as shown in the picture.
USER_879921,Karan Sharma,Chennai,4,Perfect fit and comfortable.
USER_846105,Aisha Patel,Chandigarh,2,A bit overpriced but decent.
USER_488668,Vikram Patel,Pune,2,"Average quality, could be better."
USER_879030,Arjun Reddy,Ahmedabad,5,Excellent customer support.
USER_607885,Sneha Chauhan,Indore,4,"Good product, value for money."
USER_399022,Vikram Sharma,Bangalore,2,"Defective item received, returned it."
USER_344650,Sneha Verma,Kolkata,4,Highly recommended!
USER_332554,Anjali Patel,Lucknow,3,Battery drains too fast.
USER_595887,Kavya Kumar,Chandigarh,4,Excellent customer support.
USER_766243,Divya Nair,Kolkata,4,Exactly as shown in the picture.
USER_747474,Karan Bose,Mumbai,4,"Good product, value for money."
USER_715041,Anjali Iyer,Indore,4,"Not as expected, colors are dull."
USER_959697,Priya Yadav,Hyderabad,2,A bit overpriced but decent.
USER_580394,Riya Reddy,Indore,3,Battery drains too fast.
USER_257008,Kavya Kumar,Pune,1,"Defective item received, returned it."
USER_125749,Pooja Reddy,Pune,4,Battery drains too fast.
USER_137964,Siddharth Singh,Chandigarh,5,Highly recommended!
USER_297089,Aisha Reddy,Pune,5,Exactly as shown in the picture.
USER_201323,Amit Das,Surat,2,"Not as expected, colors are dull."
USER_872911,Kavya Iyer,Ahmedabad,5,Excellent customer support.
USER_324324,Manish Bose,Delhi,5,Excellent customer support.
USER_302320,Aisha Bose,Kochi,3,A bit overpriced but decent.
USER_979988,Karan Gupta,Kochi,3,A bit overpriced but decent.
USER_787096,Manish Kumar,Lucknow,4,"Good product, value for money."
USER_277239,Amit Deshmukh,Chandigarh,5,Exactly as shown in the picture.
USER_906464,Manish Joshi,Mumbai,4,Exactly as shown in the picture.
USER_710034,Kavya Singh,Mumbai,3,"Average quality, could be better."
USER_601061,Aisha Bose,Jaipur,5,Awesome delivery speed.
USER_151917,Divya Chauhan,Chandigarh,4,"Average quality, could be better."
USER_686727,Vikram Patel,Indore,1,"Worst experience ever, do not buy!"
USER_933739,Priya Bose,Delhi,4,Exactly as shown in the picture.
USER_981152,Neha Patel,Lucknow,3,A bit overpriced but decent.
USER_271117,Siddharth Bose,Pune,2,"Worst experience ever, do not buy!"
USER_710194,Aisha Patel,Bangalore,5,Awesome delivery speed.
USER_313660,Riya Kumar,Jaipur,3,A bit overpriced but decent.
USER_605314,Sneha Kumar,Chennai,4,Perfect fit and comfortable.
USER_859337,Rahul Patel,Delhi,5,Loved it!
USER_830763,Priya Gupta,Lucknow,2,Nice packing.
USER_917106,Kavya Das,Kolkata,5,Awesome delivery speed.
USER_388015,Riya Chauhan,Ahmedabad,5,Loved it!
USER_247016,Pooja Nair,Pune,5,Excellent customer support.
USER_449597,Kavya Patel,Pune,2,Battery drains too fast.
USER_102937,Aisha Gupta,Delhi,3,"Not as expected, colors are dull."
USER_402255,Manish Das,Mumbai,3,"Not as expected, colors are dull."
USER_469707,Aditya Singh,Mumbai,5,"Good product, value for money."
USER_601263,Divya Nair,Indore,5,Highly recommended!
USER_515402,Rohan Sharma,Surat,5,Highly recommended!
USER_477029,Anjali Deshmukh,Kochi,3,"Not as expected, colors are dull."
USER_103814,Priya Chauhan,Mumbai,2,"Terrible, broke on the first day."
USER_134386,Divya Verma,Indore,5,Perfect fit and comfortable.
USER_597381,Manish Iyer,Kolkata,5,Loved it!
USER_206987,Anjali Yadav,Kochi,4,Exactly as shown in the picture.
USER_936239,Anjali Chauhan,Kolkata,4,A bit overpriced but decent.
USER_214168,Riya Sharma,Delhi,5,Exactly as shown in the picture.
USER_259724,Anjali Reddy,Mumbai,5,Highly recommended!
USER_163254,Manish Patel,Ahmedabad,4,Awesome delivery speed.
USER_509357,Amit Iyer,Surat,2,"Terrible, broke on the first day."
USER_558153,Anjali Das,Hyderabad,2,"Not as expected, colors are dull."
USER_703008,Pooja Verma,Indore,1,"Defective item received, returned it."
USER_256352,Karan Gupta,Lucknow,4,"Not as expected, colors are dull."
USER_326609,Aisha Gupta,Hyderabad,4,"Good product, value for money."
USER_784464,Pooja Das,Pune,4,Perfect fit and comfortable.
USER_900955,Amit Reddy,Hyderabad,2,Nice packing.
USER_923760,Karan Verma,Indore,4,Perfect fit and comfortable.
USER_985335,Riya Bose,Bangalore,5,Loved it!
USER_232452,Aisha Gupta,Lucknow,4,"Not as expected, colors are dull."
USER_276755,Neha Deshmukh,Jaipur,5,Exactly as shown in the picture.
USER_880628,Neha Yadav,Ahmedabad,2,"Terrible, broke on the first day."
USER_258790,Amit Das,Hyderabad,3,A bit overpriced but decent.
USER_241520,Rahul Nair,Surat,3,Nice packing.
USER_603087,Manish Singh,Kolkata,2,"Not as expected, colors are dull."
USER_927523,Aisha Gupta,Mumbai,4,Awesome delivery speed.
USER_676805,Pooja Deshmukh,Chandigarh,2,Nice packing.
USER_680655,Rohan Joshi,Ahmedabad,1,"Worst experience ever, do not buy!"
USER_757141,Rohan Patel,Hyderabad,1,"Defective item received, returned it."
USER_700795,Vikram Patel,Kochi,2,Nice packing.
USER_638566,Kavya Patel,Chennai,2,"Worst experience ever, do not buy!"
USER_705535,Pooja Sharma,Surat,3,A bit overpriced but decent.
USER_956000,Amit Verma,Pune,4,Nice packing.
USER_922197,Anjali Das,Lucknow,3,"Average quality, could be better."
USER_248569,Sneha Deshmukh,Indore,2,A bit overpriced but decent.
USER_197239,Sneha Chauhan,Delhi,4,A bit overpriced but decent.
USER_656535,Pooja Verma,Indore,2,"Average quality, could be better."
USER_862447,Sneha Chauhan,Jaipur,4,Awesome delivery speed.
USER_973330,Riya Deshmukh,Ahmedabad,5,Excellent customer support.
USER_641056,Sneha Reddy,Surat,2,A bit overpriced but decent.
USER_184579,Rahul Patel,Chandigarh,4,"Not as expected, colors are dull."
USER_466790,Karan Iyer,Delhi,4,"Good product, value for money."
USER_141787,Arjun Verma,Hyderabad,2,"Worst experience ever, do not buy!"
USER_485340,Pooja Singh,Delhi,3,"Average quality, could be better."
USER_472175,Karan Singh,Kolkata,2,Battery drains too fast.
USER_511583,Siddharth Sharma,Bangalore,5,Loved it!
USER_270063,Priya Verma,Delhi,4,Highly recommended!
USER_665120,Aditya Reddy,Surat,1,"Worst experience ever, do not buy!"
USER_112508,Rohan Yadav,Pune,4,Battery drains too fast.
USER_685780,Divya Iyer,Ahmedabad,4,"Good product, value for money."
USER_989287,Arjun Nair,Kochi,4,Perfect fit and comfortable.
USER_831121,Aisha Singh,Kochi,2,Nice packing.
USER_366712,Karan Nair,Bangalore,4,Loved it!
USER_631030,Riya Reddy,Kolkata,1,"Defective item received, returned it."
USER_844108,Kavya Reddy,Ahmedabad,4,"Average quality, could be better."
USER_786140,Arjun Bose,Pune,4,Perfect fit and comfortable.
USER_533628,Amit Chauhan,Lucknow,4,"Good product, value for money."
USER_710652,Aisha Joshi,Bangalore,3,Nice packing.
USER_183761,Vikram Chauhan,Bangalore,2,"Not as expected, colors are dull."
USER_858129,Kavya Kumar,Ahmedabad,4,Perfect fit and comfortable.
USER_698587,Amit Iyer,Bangalore,3,A bit overpriced but decent.
USER_833379,Manish Yadav,Surat,5,Awesome delivery speed.
USER_933203,Pooja Verma,Pune,5,Loved it!
USER_162958,Neha Yadav,Kolkata,2,"Average quality, could be better."
USER_595227,Riya Yadav,Kochi,4,Exactly as shown in the picture.
USER_259833,Aisha Kumar,Kolkata,2,"Average quality, could be better."
USER_660606,Kavya Verma,Surat,4,"Average quality, could be better."
USER_334653,Aisha Reddy,Chennai,4,A bit overpriced but decent.
USER_177657,Aditya Bose,Bangalore,1,"Defective item received, returned it."
USER_864427,Sneha Chauhan,Indore,5,Awesome delivery speed.
USER_778238,Rohan Yadav,Ahmedabad,4,Awesome delivery speed.
USER_379519,Riya Sharma,Delhi,4,"Good product, value for money."
USER_402231,Kavya Joshi,Hyderabad,2,"Worst experience ever, do not buy!"
USER_710666,Rohan Deshmukh,Kochi,2,"Not as expected, colors are dull."
USER_475592,Aditya Iyer,Kochi,4,"Not as expected, colors are dull."
USER_469942,Neha Yadav,Chennai,5,Perfect fit and comfortable.
USER_678177,Rohan Singh,Lucknow,1,"Terrible, broke on the first day."
USER_196579,Kavya Joshi,Delhi,1,"Worst experience ever, do not buy!"
USER_918541,Rohan Patel,Chennai,4,"Good product, value for money."
USER_177437,Vikram Reddy,Pune,4,A bit overpriced but decent.
USER_991168,Karan Gupta,Chandigarh,2,"Not as expected, colors are dull."
USER_847825,Sneha Verma,Hyderabad,5,Awesome delivery speed.
USER_302251,Rohan Kumar,Kolkata,4,"Good product, value for money."
USER_905062,Karan Yadav,Kolkata,4,Awesome delivery speed.
USER_976512,Manish Deshmukh,Kochi,4,Battery drains too fast.
USER_220343,Pooja Kumar,Delhi,3,A bit overpriced but decent.
USER_718645,Divya Nair,Jaipur,2,Nice packing.
USER_124132,Sneha Kumar,Surat,1,"Terrible, broke on the first day."
USER_469452,Aisha Singh,Delhi,4,"Good product, value for money."
USER_612727,Aisha Bose,Kolkata,4,Loved it!
USER_359007,Anjali Nair,Hyderabad,4,Loved it!
USER_731113,Rahul Iyer,Surat,4,"Not as expected, colors are dull."
USER_253750,Riya Sharma,Bangalore,5,"Good product, value for money."
USER_497879,Divya Gupta,Surat,5,Highly recommended!
USER_299448,Manish Yadav,Hyderabad,5,"Good product, value for money."
USER_191331,Amit Yadav,Ahmedabad,5,Awesome delivery speed.
USER_208024,Kavya Verma,Delhi,4,Exactly as shown in the picture.
USER_370517,Siddharth Bose,Bangalore,2,A bit overpriced but decent.
USER_182837,Aisha Verma,Lucknow,2,"Defective item received, returned it."
USER_629181,Sneha Joshi,Kolkata,4,Loved it!
USER_590199,Manish Joshi,Ahmedabad,5,Awesome delivery speed.
USER_661656,Siddharth Sharma,Kochi,4,Exactly as shown in the picture.
USER_300148,Rohan Bose,Hyderabad,2,Battery drains too fast.
USER_899703,Arjun Chauhan,Ahmedabad,5,Excellent customer support.
USER_384629,Rahul Gupta,Ahmedabad,5,Perfect fit and comfortable.
USER_718946,Pooja Sharma,Lucknow,2,"Average quality, could be better."
USER_826497,Neha Joshi,Chandigarh,5,Loved it!
USER_297993,Aisha Gupta,Surat,2,"Defective item received, returned it."
USER_243832,Arjun Iyer,Indore,2,"Worst experience ever, do not buy!"
USER_770627,Aisha Yadav,Mumbai,4,Excellent customer support.
USER_777059,Pooja Verma,Bangalore,4,Highly recommended!
USER_797754,Priya Bose,Kolkata,1,"Defective item received, returned it."
USER_744721,Priya Patel,Ahmedabad,2,"Average quality, could be better."
USER_564755,Vikram Chauhan,Delhi,4,A bit overpriced but decent.
USER_310846,Aditya Gupta,Bangalore,2,"Defective item received, returned it."
USER_349462,Pooja Yadav,Lucknow,5,Highly recommended!
USER_806675,Manish Chauhan,Kolkata,5,"Good product, value for money."
USER_297220,Karan Chauhan,Delhi,2,"Average quality, could be better."
USER_465002,Kavya Gupta,Indore,5,Highly recommended!
USER_592400,Riya Patel,Ahmedabad,1,"Defective item received, returned it."
USER_122829,Pooja Chauhan,Indore,2,"Terrible, broke on the first day."
USER_983472,Rohan Patel,Kochi,2,A bit overpriced but decent.
USER_643039,Karan Reddy,Kochi,4,Highly recommended!
USER_126654,Neha Yadav,Bangalore,5,Loved it!
USER_434583,Siddharth Verma,Mumbai,1,"Worst experience ever, do not buy!"
USER_484583,Aditya Iyer,Chennai,4,Nice packing.
USER_549651,Riya Chauhan,Kochi,4,Perfect fit and comfortable.
USER_912985,Vikram Joshi,Mumbai,2,"Worst experience ever, do not buy!"
USER_260911,Rohan Chauhan,Hyderabad,5,Highly recommended!
USER_250321,Priya Gupta,Chandigarh,4,"Not as expected, colors are dull."
USER_619375,Pooja Das,Pune,5,"Good product, value for money."
USER_152643,Riya Yadav,Jaipur,4,Loved it!
USER_338129,Vikram Singh,Delhi,2,A bit overpriced but decent.
USER_354335,Vikram Bose,Hyderabad,3,Nice packing.
USER_691005,Rohan Gupta,Pune,4,"Good product, value for money."
USER_602681,Sneha Iyer,Ahmedabad,5,Loved it!
USER_414957,Vikram Das,Hyderabad,1,"Defective item received, returned it."
USER_260097,Anjali Singh,Kolkata,1,"Defective item received, returned it."
USER_254928,Arjun Joshi,Chandigarh,1,"Defective item received, returned it."
USER_911578,Arjun Iyer,Delhi,2,"Defective item received, returned it."
USER_468406,Rohan Gupta,Lucknow,5,Highly recommended!
USER_686923,Siddharth Joshi,Hyderabad,2,"Worst experience ever, do not buy!"
USER_614720,Kavya Nair,Hyderabad,2,"Defective item received, returned it."
USER_508229,Anjali Sharma,Ahmedabad,3,Battery drains too fast.
USER_939841,Rahul Nair,Kolkata,2,"Average quality, could be better."
USER_241151,Pooja Nair,Mumbai,4,Highly recommended!
USER_766336,Amit Chauhan,Surat,4,Exactly as shown in the picture.
USER_613231,Amit Iyer,Surat,5,Perfect fit and comfortable.
USER_704700,Divya Reddy,Chennai,1,"Defective item received, returned it."
USER_289887,Kavya Reddy,Hyderabad,4,"Average quality, could be better."
USER_587573,Sneha Iyer,Mumbai,5,"Good product, value for money."
USER_574180,Kavya Chauhan,Ahmedabad,4,Loved it!
USER_466737,Anjali Iyer,Chennai,5,Loved it!
USER_944014,Kavya Das,Lucknow,2,Battery drains too fast.
USER_315142,Manish Sharma,Surat,3,"Average quality, could be better."
USER_615569,Neha Verma,Kolkata,2,"Defective item received, returned it."
USER_490714,Aisha Bose,Ahmedabad,4,Highly recommended!
USER_938881,Amit Reddy,Indore,5,"Good product, value for money."
USER_202653,Siddharth Singh,Pune,3,"Not as expected, colors are dull."
USER_594287,Rahul Singh,Kochi,4,A bit overpriced but decent.
USER_273475,Priya Bose,Delhi,4,Perfect fit and comfortable.
USER_133331,Sneha Chauhan,Ahmedabad,2,"Worst experience ever, do not buy!"
USER_755172,Aditya Nair,Ahmedabad,4,Excellent customer support.
USER_927533,Vikram Kumar,Lucknow,5,Perfect fit and comfortable.
USER_411452,Manish Nair,Bangalore,2,"Defective item received, returned it."
USER_685183,Vikram Chauhan,Lucknow,3,Nice packing.
USER_213859,Riya Yadav,Ahmedabad,5,Excellent customer support.
USER_932992,Priya Reddy,Indore,1,"Terrible, broke on the first day."
USER_443625,Aditya Singh,Mumbai,4,Excellent customer support.
USER_474935,Priya Joshi,Kochi,4,Highly recommended!
USER_524623,Priya Iyer,Jaipur,2,"Defective item received, returned it."
USER_478838,Karan Sharma,Mumbai,5,Excellent customer support.
USER_637016,Divya Gupta,Lucknow,4,Highly recommended!
USER_183978,Anjali Joshi,Kochi,1,"Defective item received, returned it."
USER_396444,Rahul Bose,Kochi,5,"Good product, value for money."
USER_671080,Vikram Kumar,Kochi,3,"Not as expected, colors are dull."
USER_889092,Aisha Singh,Kochi,2,"Defective item received, returned it."
USER_753267,Anjali Chauhan,Ahmedabad,2,"Defective item received, returned it."
USER_814233,Arjun Gupta,Pune,4,Highly recommended!
USER_813228,Vikram Deshmukh,Surat,5,Highly recommended!
USER_936159,Amit Joshi,Mumbai,3,"Not as expected, colors are dull."
USER_394961,Rahul Sharma,Chennai,4,"Average quality, could be better."
USER_634845,Anjali Gupta,Chennai,2,"Defective item received, returned it."
USER_152272,Vikram Patel,Chennai,5,Excellent customer support.
USER_333027,Aisha Sharma,Chennai,3,"Not as expected, colors are dull."
USER_523247,Priya Verma,Bangalore,5,Highly recommended!
USER_803795,Pooja Sharma,Chennai,3,Battery drains too fast.
USER_479577,Pooja Nair,Surat,5,Loved it!
USER_809757,Aisha Singh,Chandigarh,2,"Terrible, broke on the first day."
USER_661907,Manish Sharma,Bangalore,2,A bit overpriced but decent.
USER_497863,Karan Deshmukh,Surat,5,"Good product, value for money."
USER_631128,Aditya Sharma,Ahmedabad,1,"Terrible, broke on the first day."
USER_678968,Manish Reddy,Kolkata,4,Awesome delivery speed.
USER_648968,Arjun Sharma,Bangalore,4,Loved it!
USER_368755,Kavya Patel,Pune,4,Loved it!
USER_512619,Manish Bose,Jaipur,5,Exactly as shown in the picture.
USER_317346,Aisha Sharma,Delhi,2,"Worst experience ever, do not buy!"
USER_104497,Arjun Bose,Chennai,5,Excellent customer support.
USER_268720,Manish Joshi,Delhi,3,Battery drains too fast.
USER_258790,Amit Das,Hyderabad,3,A bit overpriced but decent.
USER_659711,Amit Kumar,Kolkata,5,Excellent customer support.
USER_535140,Kavya Joshi,Chandigarh,3,Nice packing.
USER_341977,Arjun Joshi,Lucknow,1,"Worst experience ever, do not buy!"
USER_120929,Arjun Yadav,Jaipur,4,Highly recommended!
USER_243118,Rahul Deshmukh,Indore,2,"Terrible, broke on the first day."
USER_392040,Priya Singh,Kolkata,4,"Not as expected, colors are dull."
USER_522234,Sneha Reddy,Lucknow,4,Perfect fit and comfortable.
USER_900518,Kavya Bose,Pune,4,"Good product, value for money."
USER_762101,Priya Bose,Chennai,4,Perfect fit and comfortable.
USER_370517,Siddharth Bose,Bangalore,2,A bit overpriced but decent.
USER_239586,Priya Singh,Lucknow,5,Excellent customer support.
USER_347698,Sneha Das,Kochi,4,Excellent customer support.
USER_938197,Amit Joshi,Indore,5,Excellent customer support.
USER_415661,Amit Chauhan,Delhi,4,Excellent customer support.
USER_759603,Sneha Deshmukh,Pune,2,"Defective item received, returned it."
USER_975273,Kavya Yadav,Indore,3,A bit overpriced but decent.
USER_409836,Priya Bose,Hyderabad,2,"Not as expected, colors are dull."
USER_807552,Vikram Kumar,Pune,4,Nice packing.
USER_535573,Arjun Das,Hyderabad,5,Loved it!
USER_502037,Anjali Das,Indore,3,Battery drains too fast.
USER_408462,Divya Reddy,Jaipur,4,Perfect fit and comfortable.
USER_983491,Kavya Deshmukh,Delhi,5,Highly recommended!
USER_582422,Rohan Chauhan,Chandigarh,4,"Good product, value for money."
USER_184502,Pooja Verma,Hyderabad,3,Battery drains too fast.
USER_516467,Anjali Chauhan,Surat,5,Awesome delivery speed.
USER_468625,Pooja Chauhan,Bangalore,5,Excellent customer support.
USER_583357,Priya Sharma,Ahmedabad,5,Loved it!
USER_376254,Vikram Das,Kochi,4,A bit overpriced but decent.
USER_343596,Divya Chauhan,Chennai,1,"Defective item received, returned it."
USER_541059,Riya Yadav,Delhi,5,Perfect fit and comfortable.
USER_574572,Arjun Reddy,Kochi,4,Highly recommended!
USER_326234,Amit Sharma,Chandigarh,4,"Good product, value for money."
USER_577595,Neha Kumar,Bangalore,3,A bit overpriced but decent.
USER_206315,Karan Verma,Chennai,3,A bit overpriced but decent.
USER_265696,Aisha Iyer,Mumbai,3,"Not as expected, colors are dull."
USER_654285,Neha Patel,Mumbai,4,Loved it!
USER_889848,Rohan Gupta,Indore,1,"Terrible, broke on the first day."
USER_267083,Sneha Iyer,Ahmedabad,4,"Good product, value for money."
USER_433149,Riya Gupta,Bangalore,4,"Not as expected, colors are dull."
USER_482214,Rohan Chauhan,Mumbai,1,"Defective item received, returned it."
USER_444341,Aisha Singh,Ahmedabad,5,Loved it!
USER_257008,Priya Chauhan,Hyderabad,4,Exactly as shown in the picture.
USER_515251,Riya Chauhan,Kolkata,2,A bit overpriced but decent.
USER_308377,Neha Patel,Jaipur,2,A bit overpriced but decent.
USER_961043,Vikram Deshmukh,Pune,3,Nice packing.
USER_269372,Riya Nair,Kolkata,4,Awesome delivery speed.
USER_316873,Anjali Gupta,Delhi,5,Exactly as shown in the picture.
USER_455552,Arjun Deshmukh,Pune,4,"Good product, value for money."
USER_333668,Aditya Verma,Hyderabad,4,Excellent customer support.
USER_834309,Arjun Reddy,Ahmedabad,2,"Worst experience ever, do not buy!"
USER_626921,Aisha Chauhan,Ahmedabad,4,Battery drains too fast.
USER_615821,Sneha Iyer,Delhi,4,"Good product, value for money."
USER_702475,Amit Verma,Kolkata,5,Awesome delivery speed.
USER_656740,Sneha Reddy,Chandigarh,5,Perfect fit and comfortable.
USER_713742,Rohan Gupta,Indore,5,Loved it!
USER_617640,Rohan Iyer,Hyderabad,4,Highly recommended!
USER_740017,Amit Das,Bangalore,4,Awesome delivery speed.
USER_612829,Arjun Reddy,Mumbai,2,"Average quality, could be better."
USER_372903,Riya Reddy,Indore,4,Highly recommended!
USER_777076,Vikram Bose,Chandigarh,4,Awesome delivery speed.
USER_896383,Anjali Patel,Jaipur,3,Battery drains too fast.
USER_967940,Pooja Bose,Ahmedabad,2,"Worst experience ever, do not buy!"
USER_694689,Pooja Joshi,Ahmedabad,4,Nice packing.
USER_249156,Karan Verma,Hyderabad,3,Battery drains too fast.
USER_717002,Priya Bose,Hyderabad,4,Perfect fit and comfortable.
USER_333910,Arjun Bose,Chandigarh,4,Battery drains too fast.
USER_204623,Karan Nair,Chandigarh,5,Perfect fit and comfortable.
USER_910897,Sneha Sharma,Delhi,4,Exactly as shown in the picture.
USER_977419,Aisha Sharma,Chandigarh,2,Battery drains too fast.
USER_899158,Manish Verma,Hyderabad,4,Exactly as shown in the picture.
USER_904519,Amit Deshmukh,Pune,2,Battery drains too fast.
USER_837189,Arjun Nair,Surat,4,"Average quality, could be better."
USER_393390,Aditya Nair,Indore,4,A bit overpriced but decent.
USER_408110,Manish Bose,Ahmedabad,5,Perfect fit and comfortable.
USER_165417,Aditya Singh,Lucknow,4,Exactly as shown in the picture.
USER_814233,Arjun Gupta,Pune,4,Highly recommended!
USER_471719,Aisha Chauhan,Bangalore,3,A bit overpriced but decent.
USER_661032,Kavya Chauhan,Ahmedabad,4,Excellent customer support.
USER_653560,Anjali Chauhan,Surat,4,Perfect fit and comfortable.
USER_529007,Karan Deshmukh,Surat,2,"Not as expected, colors are dull."
USER_737549,Riya Singh,Ahmedabad,4,Perfect fit and comfortable.
USER_929251,Amit Nair,Chandigarh,2,"Worst experience ever, do not buy!"
USER_805325,Anjali Reddy,Kolkata,5,Exactly as shown in the picture.
USER_831255,Neha Joshi,Chennai,5,Awesome delivery speed.
USER_945720,Rahul Nair,Mumbai,4,"Good product, value for money."
USER_575106,Divya Joshi,Chennai,2,A bit overpriced but decent.
USER_646313,Kavya Chauhan,Bangalore,3,A bit overpriced but decent.
USER_221460,Sneha Das,Hyderabad,4,A bit overpriced but decent.
USER_645990,Riya Sharma,Indore,2,"Not as expected, colors are dull."
USER_789339,Arjun Joshi,Mumbai,2,"Defective item received, returned it."
USER_646774,Kavya Bose,Chandigarh,5,"Good product, value for money."
USER_959468,Sneha Sharma,Surat,2,"Worst experience ever, do not buy!"
USER_256631,Priya Patel,Indore,5,Excellent customer support.
USER_499777,Kavya Kumar,Ahmedabad,3,A bit overpriced but decent.
USER_325411,Riya Bose,Chennai,2,"Defective item received, returned it."
USER_699809,Manish Reddy,Surat,4,Perfect fit and comfortable.
USER_620086,Manish Sharma,Mumbai,2,"Terrible, broke on the first day."
USER_956588,Riya Patel,Jaipur,5,Highly recommended!
USER_522395,Kavya Verma,Indore,4,Highly recommended!
USER_761345,Aditya Kumar,Ahmedabad,3,"Average quality, could be better."
USER_303340,Neha Deshmukh,Lucknow,5,Excellent customer support.
USER_195075,Pooja Gupta,Lucknow,5,"Good product, value for money."
USER_581578,Anjali Yadav,Delhi,4,Highly recommended!
USER_576919,Riya Kumar,Kolkata,4,Awesome delivery speed.
USER_738440,Rahul Sharma,Chandigarh,5,Loved it!
USER_173417,Vikram Deshmukh,Chennai,2,"Worst experience ever, do not buy!"
USER_829430,Rohan Singh,Ahmedabad,4,"Average quality, could be better."
USER_341849,Riya Joshi,Ahmedabad,2,"Average quality, could be better."
USER_932965,Rohan Singh,Pune,5,Highly recommended!
USER_343278,Anjali Nair,Ahmedabad,4,Highly recommended!
USER_941581,Karan Chauhan,Delhi,4,Exactly as shown in the picture.
USER_173406,Rahul Bose,Pune,4,Loved it!
USER_875404,Rahul Singh,Ahmedabad,1,"Defective item received, returned it."
USER_586917,Aisha Joshi,Chandigarh,5,Perfect fit and comfortable.
USER_361428,Karan Patel,Indore,2,"Terrible, broke on the first day."
USER_231587,Rahul Deshmukh,Kochi,5,Perfect fit and comfortable.
USER_907827,Amit Joshi,Jaipur,2,Battery drains too fast.
USER_779623,Arjun Iyer,Lucknow,4,Perfect fit and comfortable.
USER_830751,Neha Yadav,Kolkata,2,"Average quality, could be better."
USER_655199,Siddharth Patel,Kolkata,4,Highly recommended!
USER_846536,Pooja Patel,Hyderabad,1,"Worst experience ever, do not buy!"
USER_549140,Rahul Patel,Kolkata,4,Exactly as shown in the picture.
USER_487003,Anjali Reddy,Surat,4,Excellent customer support.
USER_769588,Rohan Sharma,Kochi,2,"Not as expected, colors are dull."
USER_529415,Aisha Patel,Pune,5,Loved it!
USER_197633,Rohan Iyer,Chandigarh,4,"Not as expected, colors are dull."
USER_822918,Divya Das,Surat,5,"Good product, value for money."
USER_794252,Aisha Joshi,Bangalore,4,Awesome delivery speed.
USER_325967,Riya Patel,Kochi,4,Perfect fit and comfortable.
USER_997982,Aisha Singh,Delhi,4,Highly recommended!
USER_736958,Divya Verma,Jaipur,5,Highly recommended!
USER_120663,Kavya Joshi,Lucknow,1,"Worst experience ever, do not buy!"
USER_312067,Amit Das,Kolkata,4,"Not as expected, colors are dull."
USER_190147,Vikram Bose,Indore,4,Excellent customer support.
USER_407933,Aditya Verma,Bangalore,5,Excellent customer support.
USER_286704,Rahul Iyer,Chandigarh,4,Perfect fit and comfortable.
USER_767566,Divya Verma,Chennai,2,"Defective item received, returned it."
USER_539759,Divya Sharma,Chandigarh,1,"Defective item received, returned it."
USER_366685,Aditya Singh,Chennai,4,"Not as expected, colors are dull."
USER_785636,Manish Patel,Kolkata,5,Loved it!
USER_109254,Divya Reddy,Kochi,1,"Terrible, broke on the first day."
USER_121738,Divya Das,Delhi,4,"Not as expected, colors are dull."
USER_162162,Priya Sharma,Delhi,4,"Good product, value for money."
USER_989812,Vikram Singh,Hyderabad,5,Highly recommended!
USER_643733,Karan Sharma,Jaipur,3,Nice packing.
USER_606306,Pooja Iyer,Hyderabad,2,"Defective item received, returned it."
USER_691755,Pooja Iyer,Chennai,2,"Terrible, broke on the first day."
USER_780246,Manish Gupta,Delhi,3,"Average quality, could be better."
USER_429886,Rohan Deshmukh,Jaipur,4,Exactly as shown in the picture.
USER_123988,Anjali Chauhan,Chennai,1,"Terrible, broke on the first day."
USER_852841,Karan Kumar,Pune,4,Battery drains too fast.
USER_616118,Manish Gupta,Jaipur,1,"Defective item received, returned it."
USER_444933,Rahul Yadav,Mumbai,2,Battery drains too fast.
USER_912517,Aisha Joshi,Mumbai,4,Highly recommended!
USER_282309,Divya Singh,Chandigarh,5,Loved it!
USER_752961,Karan Kumar,Kolkata,1,"Worst experience ever, do not buy!"
USER_420824,Vikram Chauhan,Chandigarh,2,"Worst experience ever, do not buy!"
USER_997103,Kavya Deshmukh,Lucknow,4,Battery drains too fast.
USER_204472,Amit Chauhan,Surat,4,A bit overpriced but decent.
USER_670989,Sneha Kumar,Ahmedabad,4,"Not as expected, colors are dull."
USER_555475,Rahul Verma,Lucknow,5,Perfect fit and comfortable.
USER_452731,Anjali Sharma,Surat,4,"Average quality, could be better."
USER_724015,Kavya Sharma,Jaipur,4,Highly recommended!
USER_937173,Kavya Deshmukh,Ahmedabad,3,A bit overpriced but decent.
USER_445463,Priya Singh,Chandigarh,2,"Terrible, broke on the first day."
USER_119895,Anjali Iyer,Surat,4,"Good product, value for money."
USER_687252,Karan Gupta,Indore,3,A bit overpriced but decent.
USER_719703,Aditya Singh,Chennai,4,Exactly as shown in the picture.
USER_512165,Vikram Reddy,Jaipur,2,"Terrible, broke on the first day."
USER_462637,Karan Reddy,Kochi,3,"Average quality, could be better."
USER_782981,Arjun Nair,Lucknow,2,A bit overpriced but decent.
USER_650880,Karan Nair,Ahmedabad,4,Exactly as shown in the picture.
USER_603804,Vikram Nair,Bangalore,2,"Defective item received, returned it."
USER_168281,Anjali Patel,Surat,3,"Average quality, could be better."
USER_121902,Pooja Iyer,Delhi,5,Excellent customer support.
USER_704976,Vikram Joshi,Jaipur,5,Loved it!
USER_771183,Pooja Deshmukh,Lucknow,4,A bit overpriced but decent.
USER_787475,Siddharth Sharma,Kolkata,5,Excellent customer support.
USER_760721,Manish Verma,Ahmedabad,5,Awesome delivery speed.
USER_345108,Sneha Nair,Hyderabad,5,Awesome delivery speed.
USER_690552,Siddharth Chauhan,Jaipur,2,"Terrible, broke on the first day."
USER_940366,Anjali Kumar,Mumbai,1,"Worst experience ever, do not buy!"
USER_576181,Aditya Kumar,Indore,4,Excellent customer support.
USER_699428,Arjun Nair,Indore,1,"Terrible, broke on the first day."
USER_907827,Arjun Yadav,Hyderabad,4,Perfect fit and comfortable.
USER_279720,Aisha Sharma,Jaipur,4,Loved it!
USER_857953,Anjali Nair,Delhi,3,Battery drains too fast.
USER_859859,Pooja Patel,Chennai,2,Nice packing.
USER_759453,Manish Reddy,Surat,4,Loved it!
USER_671805,Riya Sharma,Surat,4,Excellent customer support.
USER_945888,Riya Sharma,Surat,5,Perfect fit and comfortable.
USER_238009,Siddharth Joshi,Ahmedabad,4,Exactly as shown in the picture.
USER_710868,Priya Nair,Jaipur,2,"Terrible, broke on the first day."
USER_235026,Karan Iyer,Chennai,3,A bit overpriced but decent.
USER_148648,Aditya Reddy,Delhi,4,Excellent customer support.
USER_303862,Pooja Nair,Mumbai,4,A bit overpriced but decent.
USER_773026,Sneha Bose,Delhi,1,"Worst experience ever, do not buy!"
USER_701000,Aisha Deshmukh,Kochi,2,"Defective item received, returned it."
USER_748978,Manish Patel,Jaipur,4,Excellent customer support.
USER_662625,Aisha Yadav,Lucknow,5,Exactly as shown in the picture.
USER_832188,Aisha Singh,Kochi,5,Awesome delivery speed.
USER_823415,Pooja Bose,Hyderabad,1,"Terrible, broke on the first day."
USER_690569,Rahul Chauhan,Mumbai,2,Battery drains too fast.
USER_550751,Karan Patel,Lucknow,1,"Defective item received, returned it."
USER_568648,Kavya Chauhan,Pune,1,"Terrible, broke on the first day."
USER_188129,Pooja Sharma,Kolkata,3,A bit overpriced but decent.
USER_785018,Vikram Yadav,Ahmedabad,4,Awesome delivery speed.
USER_414957,Vikram Das,Hyderabad,1,"Defective item received, returned it."
USER_498961,Manish Reddy,Ahmedabad,3,"Average quality, could be better."
USER_569474,Siddharth Iyer,Ahmedabad,4,Perfect fit and comfortable.
USER_219838,Rahul Patel,Hyderabad,4,Loved it!
USER_543750,Aditya Verma,Delhi,4,"Average quality, could be better."
USER_727271,Sneha Yadav,Ahmedabad,5,Awesome delivery speed.
USER_246312,Vikram Nair,Jaipur,4,Awesome delivery speed.
USER_929664,Pooja Singh,Chennai,5,Loved it!
USER_461726,Kavya Chauhan,Indore,4,"Average quality, could be better."
USER_697737,Anjali Iyer,Jaipur,2,"Not as expected, colors are dull."
USER_605756,Anjali Iyer,Kochi,5,Excellent customer support.
USER_805695,Neha Verma,Kochi,3,Nice packing.
USER_818763,Siddharth Das,Pune,2,"Average quality, could be better."
USER_243453,Riya Verma,Chandigarh,5,Loved it!
USER_692399,Siddharth Singh,Delhi,4,"Good product, value for money."
USER_228828,Kavya Das,Pune,2,"Average quality, could be better."
USER_138793,Aditya Gupta,Kolkata,2,"Not as expected, colors are dull."
USER_506597,Divya Iyer,Indore,4,A bit overpriced but decent.
USER_181897,Riya Kumar,Jaipur,4,Nice packing.
USER_682500,Manish Iyer,Ahmedabad,4,Excellent customer support.
USER_977216,Kavya Patel,Chennai,2,Nice packing.
USER_351742,Arjun Gupta,Bangalore,2,"Defective item received, returned it."
USER_111711,Amit Sharma,Bangalore,4,Awesome delivery speed.
USER_767490,Rahul Sharma,Chandigarh,3,Battery drains too fast.
USER_850458,Priya Yadav,Mumbai,5,Awesome delivery speed.
USER_651341,Sneha Iyer,Bangalore,4,A bit overpriced but decent.
USER_487122,Riya Iyer,Lucknow,5,Highly recommended!
USER_729293,Neha Chauhan,Lucknow,2,"Defective item received, returned it."
USER_133959,Divya Iyer,Lucknow,2,A bit overpriced but decent.
USER_723133,Karan Joshi,Bangalore,5,"Good product, value for money."
USER_669077,Neha Singh,Kolkata,2,"Worst experience ever, do not buy!"
USER_937686,Sneha Bose,Pune,5,Awesome delivery speed.
USER_461911,Arjun Reddy,Delhi,1,"Defective item received, returned it."
USER_342648,Pooja Yadav,Hyderabad,5,Loved it!
USER_178009,Rohan Nair,Chennai,3,"Not as expected, colors are dull."
USER_703430,Aisha Joshi,Kolkata,3,Battery drains too fast.
USER_774618,Aditya Iyer,Kochi,4,Nice packing.
USER_699694,Kavya Kumar,Jaipur,4,Excellent customer support.
USER_880832,Rahul Iyer,Kochi,3,"Average quality, could be better."
USER_300495,Siddharth Patel,Chandigarh,2,A bit overpriced but decent.
USER_381672,Neha Singh,Delhi,2,"Worst experience ever, do not buy!"
USER_380789,Kavya Chauhan,Delhi,4,"Average quality, could be better."
USER_666827,Divya Kumar,Surat,4,Loved it!
USER_698460,Siddharth Reddy,Ahmedabad,2,"Average quality, could be better."
USER_761279,Arjun Patel,Delhi,2,Battery drains too fast.
USER_996685,Rohan Singh,Jaipur,4,Awesome delivery speed.
USER_492524,Aditya Verma,Mumbai,3,"Not as expected, colors are dull."
USER_352638,Pooja Iyer,Surat,2,"Defective item received, returned it."
USER_190256,Neha Verma,Pune,5,Highly recommended!
USER_400940,Rahul Das,Kochi,2,"Terrible, broke on the first day."
USER_874025,Neha Joshi,Hyderabad,2,"Terrible, broke on the first day."
USER_704750,Anjali Reddy,Surat,5,"Good product, value for money."
USER_717411,Riya Bose,Pune,2,"Not as expected, colors are dull."
USER_545419,Pooja Kumar,Indore,4,Awesome delivery speed.
USER_134263,Neha Reddy,Kochi,5,Loved it!
USER_634733,Sneha Verma,Indore,1,"Defective item received, returned it."
USER_620669,Anjali Joshi,Bangalore,4,Exactly as shown in the picture.
USER_935764,Vikram Joshi,Mumbai,4,Battery drains too fast.
USER_288795,Manish Chauhan,Indore,3,Battery drains too fast.
USER_728455,Rohan Deshmukh,Lucknow,4,Excellent customer support.
USER_328607,Karan Chauhan,Kolkata,4,"Not as expected, colors are dull."
USER_230785,Riya Joshi,Kochi,5,Excellent customer support.
USER_513747,Amit Verma,Lucknow,2,Nice packing.
USER_730566,Rohan Yadav,Lucknow,1,"Terrible, broke on the first day."
USER_578936,Aisha Das,Kochi,5,Excellent customer support.
USER_671645,Aditya Reddy,Mumbai,1,"Worst experience ever, do not buy!"
USER_803772,Priya Reddy,Mumbai,5,Exactly as shown in the picture.
USER_158357,Priya Joshi,Hyderabad,5,Loved it!
USER_358159,Siddharth Nair,Mumbai,2,"Not as expected, colors are dull."
USER_774091,Sneha Singh,Mumbai,2,"Worst experience ever, do not buy!"
USER_345191,Karan Gupta,Indore,1,"Defective item received, returned it."
USER_847727,Vikram Bose,Jaipur,4,Loved it!
USER_741380,Karan Das,Indore,5,Loved it!
USER_947864,Kavya Chauhan,Kolkata,5,Excellent customer support.
USER_266715,Priya Chauhan,Hyderabad,4,"Good product, value for money."
USER_893307,Karan Bose,Chennai,5,Highly recommended!
USER_345168,Rohan Patel,Surat,2,"Worst experience ever, do not buy!"
USER_238376,Riya Deshmukh,Ahmedabad,4,"Not as expected, colors are dull."
USER_517143,Arjun Iyer,Hyderabad,4,Nice packing.
USER_256680,Sneha Bose,Indore,4,Highly recommended!
USER_160792,Riya Patel,Chennai,1,"Worst experience ever, do not buy!"
USER_903490,Priya Yadav,Indore,5,Awesome delivery speed.
USER_148652,Aisha Patel,Chennai,4,Battery drains too fast.
USER_456118,Priya Patel,Surat,5,Exactly as shown in the picture.
USER_331617,Pooja Deshmukh,Lucknow,1,"Terrible, broke on the first day."
USER_350973,Rohan Patel,Mumbai,3,"Not as expected, colors are dull."
USER_595327,Karan Bose,Mumbai,4,Excellent customer support.
USER_806816,Pooja Bose,Hyderabad,1,"Worst experience ever, do not buy!"
USER_998765,Aditya Joshi,Delhi,2,"Not as expected, colors are dull."
USER_802186,Amit Sharma,Hyderabad,2,"Terrible, broke on the first day."
USER_470189,Manish Patel,Indore,3,Battery drains too fast.
USER_706729,Manish Kumar,Bangalore,3,A bit overpriced but decent.
USER_351758,Arjun Patel,Pune,5,Awesome delivery speed.
USER_674185,Pooja Yadav,Chandigarh,2,Nice packing.
USER_411590,Anjali Patel,Chennai,4,Nice packing.
USER_114537,Sneha Joshi,Lucknow,2,"Terrible, broke on the first day."
USER_653260,Pooja Chauhan,Jaipur,4,Awesome delivery speed.
USER_121574,Rohan Yadav,Pune,5,Loved it!
USER_576046,Manish Yadav,Ahmedabad,2,"Defective item received, returned it."
USER_228885,Manish Kumar,Mumbai,5,"Good product, value for money."
USER_193348,Kavya Verma,Kolkata,4,Perfect fit and comfortable.
USER_351560,Divya Reddy,Kochi,2,"Terrible, broke on the first day."
USER_187188,Anjali Gupta,Mumbai,1,"Worst experience ever, do not buy!"
USER_707579,Aisha Kumar,Kochi,4,Perfect fit and comfortable.
USER_490956,Sneha Gupta,Surat,1,"Defective item received, returned it."
USER_956003,Arjun Verma,Pune,4,Perfect fit and comfortable.
USER_255885,Aisha Bose,Pune,3,"Average quality, could be better."
USER_535592,Aditya Sharma,Chandigarh,4,Exactly as shown in the picture.
USER_345471,Kavya Nair,Delhi,2,Battery drains too fast.
USER_985220,Priya Nair,Mumbai,3,A bit overpriced but decent.
USER_269737,Vikram Deshmukh,Delhi,4,Highly recommended!
USER_641733,Kavya Gupta,Lucknow,4,"Good product, value for money."
USER_898697,Divya Joshi,Chennai,3,"Not as expected, colors are dull."
USER_173115,Divya Das,Ahmedabad,2,A bit overpriced but decent.
USER_344410,Rohan Deshmukh,Chandigarh,1,"Defective item received, returned it."
USER_263278,Siddharth Nair,Indore,4,Awesome delivery speed.
USER_606367,Divya Verma,Kolkata,4,"Average quality, could be better."
USER_454007,Kavya Deshmukh,Lucknow,4,Exactly as shown in the picture.
USER_155919,Kavya Sharma,Jaipur,2,"Not as expected, colors are dull."
USER_301690,Amit Verma,Ahmedabad,3,"Average quality, could be better."
USER_446579,Amit Chauhan,Hyderabad,5,Awesome delivery speed.
USER_543755,Priya Deshmukh,Mumbai,2,Nice packing.
USER_536364,Aditya Sharma,Chennai,4,"Good product, value for money."
USER_448729,Pooja Deshmukh,Delhi,1,"Worst experience ever, do not buy!"
USER_306458,Divya Kumar,Jaipur,4,Exactly as shown in the picture.
USER_774485,Karan Iyer,Hyderabad,2,"Terrible, broke on the first day."
USER_612951,Divya Iyer,Lucknow,2,"Worst experience ever, do not buy!"
USER_971547,Riya Chauhan,Lucknow,4,"Average quality, could be better."
USER_607526,Riya Verma,Jaipur,5,Loved it!
USER_745402,Priya Chauhan,Chandigarh,5,Perfect fit and comfortable.
USER_646918,Riya Sharma,Lucknow,3,A bit overpriced but decent.
USER_687272,Pooja Singh,Ahmedabad,2,Battery drains too fast.
USER_315411,Divya Das,Lucknow,3,"Average quality, could be better."
USER_718622,Vikram Verma,Delhi,4,"Not as expected, colors are dull."
USER_358338,Vikram Das,Chennai,5,Perfect fit and comfortable.
USER_340953,Anjali Reddy,Chennai,2,Battery drains too fast.
USER_503670,Neha Kumar,Kochi,2,"Not as expected, colors are dull."
USER_643374,Arjun Chauhan,Pune,4,"Good product, value for money."
USER_644577,Pooja Deshmukh,Mumbai,4,A bit overpriced but decent.
USER_703838,Kavya Iyer,Surat,4,Exactly as shown in the picture.
USER_975357,Sneha Nair,Hyderabad,5,Highly recommended!
USER_475954,Karan Gupta,Surat,4,Highly recommended!
USER_264361,Divya Bose,Delhi,3,Nice packing.
USER_742311,Rahul Sharma,Ahmedabad,2,"Defective item received, returned it."
USER_661939,Sneha Joshi,Indore,5,Awesome delivery speed.
USER_849935,Vikram Bose,Hyderabad,1,"Terrible, broke on the first day."
USER_820078,Siddharth Gupta,Kolkata,2,A bit overpriced but decent.
USER_440579,Vikram Kumar,Pune,5,Perfect fit and comfortable.
USER_397487,Neha Nair,Surat,2,"Defective item received, returned it."
USER_873829,Priya Joshi,Mumbai,2,A bit overpriced but decent.
USER_904698,Riya Yadav,Mumbai,4,Loved it!
USER_971094,Anjali Sharma,Kolkata,5,"Good product, value for money."
USER_373973,Divya Deshmukh,Kochi,2,"Worst experience ever, do not buy!"
USER_421953,Aisha Kumar,Kolkata,4,"Not as expected, colors are dull."
USER_466227,Siddharth Singh,Surat,5,"Good product, value for money."
USER_664169,Divya Singh,Lucknow,4,"Good product, value for money."
USER_439863,Sneha Sharma,Delhi,4,Awesome delivery speed.
USER_849826,Kavya Joshi,Indore,4,"Average quality, could be better."
USER_704920,Aditya Sharma,Surat,5,Awesome delivery speed.
USER_704448,Rahul Chauhan,Ahmedabad,3,A bit overpriced but decent.
USER_761112,Divya Nair,Pune,4,Highly recommended!
USER_437728,Rohan Gupta,Surat,4,Awesome delivery speed.
USER_145749,Aisha Chauhan,Hyderabad,4,"Average quality, could be better."
USER_385497,Karan Singh,Delhi,1,"Defective item received, returned it."
USER_320960,Aisha Singh,Lucknow,4,Perfect fit and comfortable.
USER_713890,Vikram Reddy,Jaipur,2,"Terrible, broke on the first day."
USER_125127,Rohan Iyer,Kochi,3,A bit overpriced but decent.
USER_565171,Neha Yadav,Jaipur,2,"Defective item received, returned it."
USER_650350,Aisha Gupta,Pune,3,"Average quality, could be better."
USER_419150,Manish Patel,Hyderabad,4,"Average quality, could be better."
USER_216855,Pooja Singh,Delhi,4,Excellent customer support.
USER_819634,Aisha Patel,Hyderabad,4,Nice packing.
USER_816204,Anjali Sharma,Indore,4,Battery drains too fast.
USER_597865,Anjali Das,Jaipur,2,Battery drains too fast.
USER_434695,Neha Singh,Chennai,1,"Terrible, broke on the first day."
USER_525976,Anjali Sharma,Lucknow,5,Exactly as shown in the picture.
USER_963918,Anjali Deshmukh,Indore,4,"Good product, value for money."
USER_280439,Pooja Yadav,Hyderabad,3,A bit overpriced but decent.
USER_186047,Manish Sharma,Kochi,2,"Worst experience ever, do not buy!"
USER_621761,Anjali Kumar,Delhi,4,Battery drains too fast.
USER_655401,Kavya Sharma,Kolkata,5,Exactly as shown in the picture.
USER_741360,Neha Joshi,Kochi,2,"Average quality, could be better."
USER_985067,Pooja Nair,Mumbai,4,Perfect fit and comfortable.
USER_544933,Vikram Bose,Ahmedabad,4,"Not as expected, colors are dull."
USER_910722,Divya Joshi,Surat,1,"Defective item received, returned it."
USER_950203,Divya Das,Kochi,4,Awesome delivery speed.
USER_171087,Rahul Chauhan,Delhi,4,Highly recommended!
USER_361214,Divya Deshmukh,Kochi,2,"Not as expected, colors are dull."
USER_593821,Rohan Nair,Surat,5,Exactly as shown in the picture.
USER_682924,Vikram Joshi,Bangalore,3,Nice packing.
USER_756844,Karan Joshi,Pune,4,Awesome delivery speed.
USER_324961,Vikram Patel,Chandigarh,2,Nice packing.
USER_419436,Aditya Patel,Jaipur,3,"Not as expected, colors are dull."
USER_205034,Manish Das,Indore,1,"Worst experience ever, do not buy!"
USER_755205,Divya Singh,Kochi,1,"Terrible, broke on the first day."
USER_141881,Kavya Bose,Jaipur,5,Perfect fit and comfortable.
USER_423393,Neha Iyer,Hyderabad,2,"Terrible, broke on the first day."
USER_277704,Kavya Kumar,Indore,4,"Not as expected, colors are dull."
USER_678278,Neha Kumar,Hyderabad,5,Awesome delivery speed.
USER_862167,Riya Bose,Kochi,1,"Terrible, broke on the first day."
USER_874304,Kavya Kumar,Kochi,2,Battery drains too fast.
USER_284892,Manish Chauhan,Surat,4,Nice packing.
USER_470652,Rohan Verma,Hyderabad,5,Awesome delivery speed.
USER_577272,Amit Deshmukh,Ahmedabad,2,Battery drains too fast.
USER_743468,Aisha Singh,Surat,5,Excellent customer support.
USER_634623,Pooja Gupta,Hyderabad,1,"Terrible, broke on the first day."
USER_659860,Neha Nair,Hyderabad,5,Highly recommended!
USER_994527,Priya Patel,Chandigarh,4,A bit overpriced but decent.
USER_509023,Vikram Verma,Chennai,2,Nice packing.
USER_471870,Aditya Singh,Hyderabad,1,"Worst experience ever, do not buy!"
USER_638216,Karan Sharma,Delhi,2,"Terrible, broke on the first day."
USER_148656,Sneha Bose,Surat,4,Awesome delivery speed.
USER_398473,Aisha Nair,Surat,2,"Worst experience ever, do not buy!"
USER_317328,Anjali Gupta,Pune,4,"Not as expected, colors are dull."
USER_953617,Arjun Verma,Mumbai,4,Awesome delivery speed.
USER_750178,Sneha Patel,Bangalore,4,A bit overpriced but decent.
USER_704873,Karan Patel,Kochi,2,"Worst experience ever, do not buy!"
USER_238358,Arjun Das,Delhi,2,"Terrible, broke on the first day."
USER_258520,Rohan Verma,Surat,3,Battery drains too fast.
USER_837123,Siddharth Nair,Chennai,1,"Defective item received, returned it."
USER_358503,Anjali Joshi,Surat,5,Excellent customer support.
USER_760489,Kavya Joshi,Ahmedabad,2,"Defective item received, returned it."
USER_483573,Siddharth Iyer,Hyderabad,3,A bit overpriced but decent.
USER_880803,Rahul Bose,Chandigarh,2,"Terrible, broke on the first day."
USER_879819,Sneha Yadav,Chandigarh,5,Highly recommended!
USER_351742,Arjun Gupta,Bangalore,2,"Defective item received, returned it."
USER_774937,Aditya Gupta,Kochi,5,Excellent customer support.
USER_772799,Rahul Gupta,Hyderabad,5,Highly recommended!
USER_714173,Riya Sharma,Indore,4,"Good product, value for money."
USER_680741,Priya Sharma,Bangalore,4,Loved it!
USER_578901,Aditya Yadav,Chennai,4,Excellent customer support.
USER_940289,Anjali Bose,Bangalore,2,A bit overpriced but decent.
USER_835190,Neha Patel,Delhi,4,"Average quality, could be better."
USER_719956,Karan Kumar,Kochi,1,"Defective item received, returned it."
USER_504245,Kavya Verma,Jaipur,4,Nice packing.
USER_547780,Manish Yadav,Chennai,2,"Not as expected, colors are dull."
USER_951398,Siddharth Joshi,Mumbai,4,Highly recommended!
USER_591033,Arjun Nair,Hyderabad,4,"Not as expected, colors are dull."
USER_893650,Kavya Yadav,Mumbai,5,Perfect fit and comfortable.
USER_419821,Sneha Singh,Surat,5,Exactly as shown in the picture.
USER_468734,Manish Verma,Hyderabad,4,Excellent customer support.
USER_436724,Rahul Kumar,Bangalore,5,"Good product, value for money."
USER_704073,Amit Reddy,Chennai,5,Perfect fit and comfortable.
USER_181729,Vikram Verma,Delhi,1,"Worst experience ever, do not buy!"
USER_948326,Aditya Singh,Jaipur,5,Excellent customer support.
USER_336641,Divya Chauhan,Bangalore,4,Exactly as shown in the picture.
USER_893746,Arjun Verma,Kochi,4,Highly recommended!
USER_260081,Rohan Yadav,Bangalore,4,Battery drains too fast.
USER_196579,Kavya Joshi,Delhi,1,"Worst experience ever, do not buy!"
USER_588878,Divya Bose,Jaipur,1,"Worst experience ever, do not buy!"
USER_809657,Vikram Nair,Chennai,1,"Worst experience ever, do not buy!"
USER_465528,Manish Verma,Kochi,5,Exactly as shown in the picture.
USER_582492,Rohan Yadav,Kochi,3,Nice packing.
USER_372038,Karan Yadav,Hyderabad,4,Loved it!
USER_142077,Rohan Iyer,Lucknow,4,"Good product, value for money."
USER_926361,Rahul Chauhan,Mumbai,4,"Average quality, could be better."
USER_416676,Kavya Sharma,Indore,4,"Good product, value for money."
USER_371485,Rohan Singh,Hyderabad,5,Perfect fit and comfortable.
USER_315457,Aisha Das,Mumbai,5,Excellent customer support.
USER_361157,Divya Deshmukh,Kolkata,5,Excellent customer support.
USER_639623,Anjali Gupta,Indore,2,A bit overpriced but decent.
USER_349987,Karan Reddy,Kochi,4,"Not as expected, colors are dull."
USER_718440,Aditya Yadav,Surat,4,Nice packing.
USER_327249,Divya Sharma,Hyderabad,4,Highly recommended!
USER_833929,Anjali Kumar,Hyderabad,5,Awesome delivery speed.
USER_760561,Aisha Joshi,Bangalore,3,Battery drains too fast.
USER_303632,Riya Kumar,Mumbai,1,"Worst experience ever, do not buy!"
USER_478702,Arjun Chauhan,Ahmedabad,5,Awesome delivery speed.
USER_995058,Rohan Chauhan,Indore,2,"Average quality, could be better."
USER_803369,Sneha Verma,Kochi,2,"Average quality, could be better."
USER_812245,Manish Das,Jaipur,2,Battery drains too fast.
USER_588517,Aisha Iyer,Ahmedabad,1,"Worst experience ever, do not buy!"
USER_372665,Sneha Nair,Surat,4,Exactly as shown in the picture.
USER_310106,Arjun Bose,Bangalore,1,"Defective item received, returned it."
USER_595490,Kavya Reddy,Lucknow,4,Battery drains too fast.
USER_836763,Aisha Iyer,Chandigarh,2,"Defective item received, returned it."
USER_559305,Rahul Deshmukh,Bangalore,2,A bit overpriced but decent.
USER_792552,Anjali Verma,Surat,3,Nice packing.
USER_717313,Priya Sharma,Surat,5,"Good product, value for money."
USER_652326,Neha Chauhan,Indore,4,Excellent customer support.
USER_369463,Siddharth Verma,Ahmedabad,1,"Worst experience ever, do not buy!"
USER_495046,Divya Iyer,Hyderabad,2,A bit overpriced but decent.
USER_832727,Aditya Chauhan,Pune,2,"Average quality, could be better."
USER_434074,Sneha Yadav,Pune,2,"Worst experience ever, do not buy!"
USER_978969,Vikram Joshi,Chennai,4,Perfect fit and comfortable.
USER_947271,Rohan Iyer,Chennai,2,"Not as expected, colors are dull."
USER_764668,Priya Nair,Hyderabad,4,A bit overpriced but decent.
USER_811492,Anjali Joshi,Mumbai,5,Excellent customer support.
USER_164081,Aditya Chauhan,Delhi,4,Perfect fit and comfortable.
USER_866790,Anjali Joshi,Jaipur,5,Highly recommended!
USER_784654,Aisha Iyer,Hyderabad,2,"Worst experience ever, do not buy!"
USER_354353,Manish Bose,Jaipur,2,Battery drains too fast.
USER_746294,Manish Gupta,Surat,4,Battery drains too fast.
USER_747474,Karan Bose,Mumbai,4,"Good product, value for money."
USER_713734,Kavya Nair,Kochi,2,"Defective item received, returned it."
USER_207186,Priya Bose,Mumbai,3,A bit overpriced but decent.
USER_637005,Kavya Kumar,Kolkata,4,Exactly as shown in the picture.
USER_159726,Anjali Nair,Hyderabad,3,Nice packing.
USER_528396,Divya Bose,Pune,5,Loved it!
USER_872282,Siddharth Patel,Kolkata,4,"Good product, value for money."
USER_231492,Riya Reddy,Delhi,4,A bit overpriced but decent.
USER_658966,Aditya Yadav,Kolkata,5,Excellent customer support.
USER_297876,Priya Yadav,Kolkata,3,Battery drains too fast.
USER_601339,Rahul Das,Kolkata,1,"Worst experience ever, do not buy!"
USER_465429,Karan Chauhan,Mumbai,4,Battery drains too fast.
USER_401414,Riya Gupta,Chandigarh,1,"Worst experience ever, do not buy!"
USER_412092,Rahul Sharma,Hyderabad,2,"Defective item received, returned it."
USER_435901,Karan Sharma,Ahmedabad,5,Awesome delivery speed.
USER_878317,Vikram Bose,Mumbai,4,A bit overpriced but decent.
USER_130831,Divya Singh,Kolkata,5,Highly recommended!
USER_469038,Kavya Sharma,Indore,1,"Defective item received, returned it."
USER_145730,Riya Joshi,Indore,5,Awesome delivery speed.
USER_508551,Aditya Singh,Delhi,5,Excellent customer support.
USER_799220,Karan Singh,Surat,5,"Good product, value for money."
USER_141398,Vikram Kumar,Indore,5,Perfect fit and comfortable.
USER_735286,Divya Bose,Hyderabad,1,"Terrible, broke on the first day."
USER_787781,Riya Gupta,Jaipur,5,Exactly as shown in the picture.
USER_888989,Priya Das,Surat,4,Excellent customer support.
USER_499950,Anjali Nair,Pune,4,Battery drains too fast.
USER_999824,Priya Kumar,Ahmedabad,4,Loved it!
USER_840061,Kavya Das,Jaipur,5,Perfect fit and comfortable.
USER_359627,Rohan Das,Indore,1,"Terrible, broke on the first day."
USER_305434,Amit Sharma,Chandigarh,4,"Good product, value for money."
USER_289349,Amit Singh,Indore,2,A bit overpriced but decent.
USER_812245,Manish Das,Jaipur,2,Battery drains too fast.
USER_910579,Sneha Yadav,Hyderabad,5,Perfect fit and comfortable.
USER_155395,Rahul Reddy,Pune,2,"Defective item received, returned it."
USER_879755,Pooja Nair,Ahmedabad,3,Battery drains too fast.
USER_539392,Siddharth Singh,Lucknow,4,Battery drains too fast.
USER_204048,Aisha Iyer,Bangalore,4,Exactly as shown in the picture.
USER_795023,Aditya Chauhan,Chennai,5,Highly recommended!
USER_238696,Rahul Chauhan,Lucknow,5,"Good product, value for money."
USER_524416,Sneha Iyer,Surat,3,Battery drains too fast.
USER_603283,Siddharth Patel,Jaipur,3,Nice packing.
USER_311548,Arjun Kumar,Chennai,4,Battery drains too fast.
USER_667163,Manish Sharma,Chandigarh,4,Loved it!
USER_731647,Priya Verma,Indore,2,"Defective item received, returned it."
USER_307414,Rahul Gupta,Surat,2,Nice packing.
USER_611379,Priya Kumar,Ahmedabad,4,"Good product, value for money."
USER_869850,Amit Sharma,Delhi,4,Highly recommended!
USER_992736,Karan Bose,Mumbai,5,Excellent customer support.
USER_848656,Aisha Iyer,Chennai,4,Perfect fit and comfortable.
USER_935189,Pooja Deshmukh,Kochi,4,"Average quality, could be better."
USER_568192,Neha Chauhan,Kochi,1,"Defective item received, returned it."
USER_366920,Riya Reddy,Hyderabad,5,Awesome delivery speed.
USER_278387,Aditya Sharma,Mumbai,2,"Worst experience ever, do not buy!"
USER_414879,Aditya Das,Ahmedabad,4,A bit overpriced but decent.
USER_356829,Amit Yadav,Indore,4,Loved it!
USER_305035,Anjali Reddy,Kolkata,5,Awesome delivery speed.
USER_256273,Sneha Gupta,Kochi,1,"Defective item received, returned it."
USER_672103,Divya Gupta,Bangalore,2,"Defective item received, returned it."
USER_646144,Priya Gupta,Mumbai,3,Battery drains too fast.
USER_311806,Amit Iyer,Hyderabad,2,Nice packing.
USER_257761,Aditya Kumar,Hyderabad,4,"Good product, value for money."
USER_696751,Rahul Joshi,Ahmedabad,2,Battery drains too fast.
USER_477136,Aisha Deshmukh,Pune,4,"Not as expected, colors are dull."
USER_681459,Divya Verma,Kolkata,5,Excellent customer support.
USER_793129,Rahul Yadav,Chandigarh,5,Loved it!
USER_994618,Vikram Gupta,Chandigarh,1,"Defective item received, returned it."
USER_608675,Vikram Singh,Chennai,2,"Worst experience ever, do not buy!"
USER_614134,Aisha Das,Chennai,4,Loved it!
USER_400918,Riya Reddy,Hyderabad,4,Awesome delivery speed.
USER_834768,Priya Patel,Lucknow,2,Battery drains too fast.
USER_790106,Siddharth Yadav,Kolkata,2,"Worst experience ever, do not buy!"
USER_824166,Sneha Nair,Hyderabad,2,"Defective item received, returned it."
USER_808931,Rahul Gupta,Jaipur,2,"Average quality, could be better."
USER_510806,Aditya Reddy,Pune,4,Battery drains too fast.
USER_255757,Amit Patel,Indore,2,"Defective item received, returned it."
USER_513224,Sneha Bose,Kolkata,4,Perfect fit and comfortable.
USER_692619,Sneha Joshi,Bangalore,4,"Good product, value for money."
USER_316765,Karan Deshmukh,Indore,5,Awesome delivery speed.
USER_241583,Anjali Joshi,Lucknow,5,Excellent customer support.
USER_244160,Manish Verma,Kochi,5,Loved it!
USER_626102,Riya Patel,Indore,4,"Not as expected, colors are dull."
USER_825194,Kavya Das,Surat,4,Loved it!
USER_259460,Anjali Reddy,Kochi,5,Highly recommended!
USER_530136,Karan Das,Delhi,5,Excellent customer support.
USER_484573,Vikram Reddy,Delhi,1,"Defective item received, returned it."
USER_889532,Pooja Kumar,Hyderabad,4,Battery drains too fast.
USER_593361,Divya Yadav,Chandigarh,5,Loved it!
USER_300633,Neha Yadav,Delhi,4,"Not as expected, colors are dull."
USER_685392,Rahul Chauhan,Ahmedabad,1,"Terrible, broke on the first day."
USER_980412,Divya Bose,Bangalore,4,A bit overpriced but decent.
USER_152799,Anjali Reddy,Indore,5,Highly recommended!
USER_196229,Vikram Joshi,Surat,1,"Terrible, broke on the first day."
USER_448638,Amit Patel,Indore,1,"Worst experience ever, do not buy!"
USER_430757,Rahul Chauhan,Bangalore,4,Awesome delivery speed.
USER_697346,Priya Gupta,Pune,3,"Average quality, could be better."
USER_880678,Arjun Das,Kolkata,4,Exactly as shown in the picture.
USER_937513,Arjun Bose,Mumbai,1,"Worst experience ever, do not buy!"
USER_760083,Aditya Singh,Delhi,4,Highly recommended!
USER_910179,Divya Gupta,Kochi,2,"Terrible, broke on the first day."
USER_887909,Kavya Verma,Ahmedabad,2,"Terrible, broke on the first day."
USER_808598,Aditya Verma,Indore,1,"Worst experience ever, do not buy!"
USER_610650,Aditya Yadav,Indore,3,"Not as expected, colors are dull."
USER_742427,Pooja Verma,Ahmedabad,4,Awesome delivery speed.
USER_487969,Karan Kumar,Hyderabad,3,A bit overpriced but decent.
USER_386740,Karan Das,Hyderabad,4,Perfect fit and comfortable.
USER_247963,Aisha Reddy,Bangalore,3,A bit overpriced but decent.
USER_856045,Neha Patel,Chandigarh,2,"Terrible, broke on the first day."
USER_523245,Aisha Das,Mumbai,2,"Worst experience ever, do not buy!"
USER_277791,Rohan Bose,Ahmedabad,5,Loved it!
USER_613716,Pooja Iyer,Delhi,5,Loved it!
USER_624858,Pooja Patel,Kolkata,3,"Average quality, could be better."
USER_167535,Pooja Reddy,Indore,2,"Defective item received, returned it."
USER_743201,Riya Yadav,Indore,4,"Good product, value for money."
USER_152225,Siddharth Chauhan,Mumbai,2,"Not as expected, colors are dull."
USER_594331,Amit Yadav,Surat,4,Nice packing.
USER_397929,Arjun Das,Kochi,2,A bit overpriced but decent.
USER_938688,Amit Deshmukh,Chennai,4,Loved it!
USER_301893,Sneha Nair,Lucknow,2,Battery drains too fast.
USER_156414,Manish Yadav,Lucknow,4,Highly recommended!
USER_911819,Manish Chauhan,Jaipur,4,Highly recommended!
USER_253728,Neha Singh,Surat,4,Battery drains too fast.
USER_272914,Rahul Chauhan,Kolkata,4,Excellent customer support.
USER_611875,Anjali Reddy,Indore,4,Battery drains too fast.
USER_764626,Divya Yadav,Delhi,4,Loved it!
USER_139176,Rahul Iyer,Pune,4,A bit overpriced but decent.
USER_772612,Karan Joshi,Delhi,1,"Worst experience ever, do not buy!"
USER_564135,Sneha Kumar,Pune,5,Loved it!
USER_593689,Rohan Gupta,Jaipur,3,"Average quality, could be better."
USER_743682,Amit Joshi,Bangalore,2,"Worst experience ever, do not buy!"
USER_923599,Aditya Deshmukh,Mumbai,5,Exactly as shown in the picture.
USER_898735,Kavya Sharma,Ahmedabad,4,Nice packing.
USER_706085,Neha Kumar,Chandigarh,3,"Average quality, could be better."
USER_888675,Neha Deshmukh,Indore,4,Highly recommended!
USER_720670,Divya Sharma,Kolkata,5,"Good product, value for money."
USER_656002,Riya Reddy,Kochi,5,Exactly as shown in the picture.
USER_977313,Pooja Patel,Chennai,4,Awesome delivery speed.
USER_360957,Kavya Patel,Hyderabad,3,"Average quality, could be better."
USER_457865,Amit Sharma,Ahmedabad,4,Loved it!
USER_779363,Aditya Patel,Chennai,1,"Defective item received, returned it."
USER_566415,Manish Chauhan,Indore,2,"Worst experience ever, do not buy!"
USER_163503,Anjali Joshi,Hyderabad,2,"Worst experience ever, do not buy!"
USER_441495,Pooja Sharma,Bangalore,4,Battery drains too fast.
USER_549044,Riya Verma,Kochi,1,"Defective item received, returned it."
USER_741539,Anjali Singh,Chennai,4,Perfect fit and comfortable.
USER_272867,Amit Yadav,Kolkata,2,"Worst experience ever, do not buy!"
USER_811632,Aisha Gupta,Kolkata,5,Highly recommended!
USER_346710,Manish Joshi,Jaipur,2,"Average quality, could be better."
USER_801102,Anjali Iyer,Pune,5,Perfect fit and comfortable.
USER_577706,Arjun Iyer,Kochi,4,"Average quality, could be better."
USER_343205,Pooja Singh,Indore,2,"Defective item received, returned it."
USER_255245,Kavya Singh,Chandigarh,3,Battery drains too fast.
USER_325818,Amit Joshi,Kochi,4,Awesome delivery speed.
USER_403248,Vikram Chauhan,Lucknow,4,Excellent customer support.
USER_881433,Aditya Iyer,Chandigarh,2,Nice packing.
USER_864039,Siddharth Patel,Kochi,2,A bit overpriced but decent.
USER_873471,Aisha Gupta,Hyderabad,5,Awesome delivery speed.
USER_423483,Sneha Reddy,Surat,5,Exactly as shown in the picture.
USER_181066,Rahul Das,Lucknow,5,Awesome delivery speed.
USER_679365,Aditya Bose,Kochi,5,Excellent customer support.
USER_301441,Karan Reddy,Lucknow,4,Highly recommended!
USER_817274,Pooja Joshi,Bangalore,5,Highly recommended!
USER_904855,Divya Joshi,Kochi,3,A bit overpriced but decent.
USER_104210,Neha Das,Bangalore,3,"Not as expected, colors are dull."
USER_236762,Manish Sharma,Bangalore,5,Perfect fit and comfortable.
USER_132743,Aditya Das,Delhi,4,"Average quality, could be better."
USER_315986,Aisha Sharma,Kolkata,3,"Not as expected, colors are dull."
USER_777007,Karan Singh,Chennai,1,"Terrible, broke on the first day."
USER_672310,Anjali Kumar,Delhi,4,Perfect fit and comfortable.
USER_647553,Manish Kumar,Chandigarh,2,Battery drains too fast.
USER_409089,Rahul Sharma,Ahmedabad,1,"Defective item received, returned it."
USER_463215,Vikram Chauhan,Surat,4,"Not as expected, colors are dull."
USER_780508,Arjun Nair,Kochi,2,"Terrible, broke on the first day."
USER_288696,Sneha Chauhan,Mumbai,2,A bit overpriced but decent.
USER_347074,Karan Gupta,Jaipur,5,Awesome delivery speed.
USER_145715,Karan Iyer,Chandigarh,5,Excellent customer support.
USER_376528,Karan Chauhan,Mumbai,4,"Average quality, could be better."
USER_757069,Vikram Reddy,Pune,5,Exactly as shown in the picture.
USER_171857,Manish Verma,Kolkata,4,A bit overpriced but decent.
USER_327115,Vikram Singh,Chandigarh,5,Loved it!
USER_732360,Priya Chauhan,Lucknow,2,"Worst experience ever, do not buy!"
USER_717887,Rohan Kumar,Jaipur,4,"Not as expected, colors are dull."
USER_617310,Arjun Das,Kochi,4,Exactly as shown in the picture.
USER_784724,Priya Kumar,Mumbai,2,"Defective item received, returned it."
USER_803594,Amit Das,Chandigarh,4,Awesome delivery speed.
USER_121522,Priya Joshi,Surat,2,"Defective item received, returned it."
USER_821057,Neha Deshmukh,Lucknow,4,"Good product, value for money."
USER_515370,Neha Chauhan,Mumbai,2,"Worst experience ever, do not buy!"
USER_452740,Manish Chauhan,Kolkata,5,"Good product, value for money."
USER_883544,Siddharth Yadav,Pune,4,Excellent customer support.
USER_851885,Priya Gupta,Ahmedabad,5,Loved it!
USER_627897,Arjun Nair,Hyderabad,3,"Average quality, could be better."
USER_767536,Arjun Yadav,Kolkata,4,"Average quality, could be better."
USER_203459,Priya Nair,Mumbai,4,Awesome delivery speed.
USER_899160,Aditya Kumar,Kochi,5,Excellent customer support.
USER_648819,Rohan Kumar,Chennai,3,A bit overpriced but decent.
USER_806626,Aisha Gupta,Kochi,5,Highly recommended!
USER_683358,Siddharth Bose,Kolkata,4,Highly recommended!
USER_352638,Pooja Iyer,Surat,2,"Defective item received, returned it."
USER_986642,Neha Reddy,Bangalore,2,"Defective item received, returned it."
USER_653582,Vikram Sharma,Indore,5,Awesome delivery speed.
USER_746981,Aisha Bose,Bangalore,2,"Worst experience ever, do not buy!"
USER_599795,Kavya Iyer,Delhi,4,"Not as expected, colors are dull."
USER_142623,Riya Chauhan,Ahmedabad,4,Highly recommended!
USER_304184,Neha Chauhan,Bangalore,4,"Good product, value for money."
USER_743242,Vikram Gupta,Hyderabad,5,Exactly as shown in the picture.
USER_995599,Riya Reddy,Hyderabad,5,"Good product, value for money."
USER_307034,Rohan Bose,Hyderabad,5,Highly recommended!
USER_184698,Aisha Chauhan,Lucknow,5,Perfect fit and comfortable.
USER_598727,Karan Deshmukh,Mumbai,5,Loved it!
USER_596829,Kavya Das,Mumbai,3,Battery drains too fast.
USER_799501,Sneha Kumar,Hyderabad,5,Excellent customer support.
USER_509236,Pooja Bose,Surat,5,"Good product, value for money."
USER_433836,Pooja Yadav,Delhi,2,"Average quality, could be better."
USER_997690,Anjali Reddy,Bangalore,1,"Terrible, broke on the first day."
USER_830424,Manish Verma,Bangalore,1,"Terrible, broke on the first day."
USER_894407,Anjali Joshi,Lucknow,5,Highly recommended!
USER_249850,Amit Joshi,Indore,5,Exactly as shown in the picture.
USER_352038,Rohan Sharma,Mumbai,4,A bit overpriced but decent.
USER_901111,Siddharth Singh,Hyderabad,5,Perfect fit and comfortable.
USER_748501,Karan Patel,Hyderabad,4,"Good product, value for money."
USER_459396,Neha Gupta,Jaipur,4,Perfect fit and comfortable.
USER_404230,Arjun Kumar,Kolkata,4,Loved it!
USER_823601,Aditya Patel,Delhi,5,Perfect fit and comfortable.
USER_224542,Divya Nair,Surat,3,"Not as expected, colors are dull."
USER_231601,Divya Bose,Mumbai,2,"Defective item received, returned it."
USER_941812,Riya Bose,Kolkata,4,A bit overpriced but decent.
USER_815521,Siddharth Das,Chennai,5,Highly recommended!
USER_823415,Pooja Bose,Hyderabad,1,"Terrible, broke on the first day."
USER_160846,Aditya Joshi,Mumbai,2,"Worst experience ever, do not buy!"
USER_420599,Pooja Deshmukh,Pune,4,Loved it!
USER_645567,Sneha Das,Pune,4,A bit overpriced but decent.
USER_760546,Manish Nair,Delhi,5,Perfect fit and comfortable.
USER_716854,Arjun Gupta,Chennai,4,Exactly as shown in the picture.
USER_688188,Priya Singh,Ahmedabad,2,"Terrible, broke on the first day."
USER_582031,Pooja Patel,Chennai,5,"Good product, value for money."
USER_457721,Amit Deshmukh,Chandigarh,4,Battery drains too fast.
USER_323735,Vikram Bose,Lucknow,5,Highly recommended!
USER_454697,Neha Sharma,Delhi,4,"Not as expected, colors are dull."
USER_960147,Aisha Gupta,Chandigarh,4,A bit overpriced but decent.
USER_534478,Sneha Sharma,Ahmedabad,3,Nice packing.
USER_220133,Aditya Reddy,Kolkata,3,A bit overpriced but decent.
USER_736166,Divya Yadav,Pune,5,Awesome delivery speed.
USER_423541,Anjali Reddy,Hyderabad,3,Battery drains too fast.
USER_425902,Siddharth Joshi,Ahmedabad,5,Perfect fit and comfortable.
USER_230788,Pooja Bose,Bangalore,5,Highly recommended!
USER_454889,Sneha Sharma,Mumbai,5,Perfect fit and comfortable.
USER_473488,Rahul Yadav,Ahmedabad,2,"Worst experience ever, do not buy!"
USER_914350,Divya Kumar,Pune,4,Exactly as shown in the picture.
USER_116015,Karan Nair,Hyderabad,1,"Worst experience ever, do not buy!"
USER_692581,Aditya Das,Delhi,2,"Worst experience ever, do not buy!"
USER_253942,Rahul Singh,Jaipur,2,Nice packing.
USER_476608,Riya Gupta,Bangalore,3,"Not as expected, colors are dull."
USER_698022,Manish Reddy,Chennai,5,Perfect fit and comfortable.
USER_124312,Priya Joshi,Delhi,5,Highly recommended!
USER_325725,Arjun Singh,Chennai,2,Battery drains too fast.
USER_193721,Karan Verma,Kochi,4,Highly recommended!
USER_338586,Riya Sharma,Jaipur,5,Awesome delivery speed.
USER_797185,Arjun Patel,Ahmedabad,5,Loved it!
USER_963501,Aisha Gupta,Bangalore,5,Perfect fit and comfortable.
USER_228749,Pooja Bose,Delhi,4,Highly recommended!
USER_547355,Pooja Deshmukh,Jaipur,5,Highly recommended!
USER_891405,Divya Reddy,Hyderabad,4,Loved it!
USER_404761,Aisha Reddy,Kolkata,3,Nice packing.
USER_801292,Rahul Gupta,Jaipur,1,"Worst experience ever, do not buy!"
USER_540125,Karan Singh,Hyderabad,3,"Average quality, could be better."
USER_542953,Manish Deshmukh,Pune,3,"Average quality, could be better."
USER_765864,Amit Gupta,Mumbai,3,"Average quality, could be better."
USER_788914,Riya Verma,Chandigarh,3,"Not as expected, colors are dull."
USER_141621,Rohan Chauhan,Chennai,4,Perfect fit and comfortable.
USER_307506,Manish Singh,Kochi,1,"Defective item received, returned it."
USER_771317,Anjali Singh,Lucknow,4,Nice packing.
USER_728434,Kavya Joshi,Kolkata,5,Awesome delivery speed.
USER_124998,Amit Reddy,Surat,4,Exactly as shown in the picture.
USER_261616,Arjun Iyer,Mumbai,4,Exactly as shown in the picture.
USER_583788,Vikram Joshi,Indore,4,Exactly as shown in the picture.
USER_594552,Neha Joshi,Kolkata,5,Perfect fit and comfortable.
USER_219603,Karan Das,Indore,2,"Terrible, broke on the first day."
USER_984265,Aditya Chauhan,Delhi,4,"Average quality, could be better."
USER_714601,Riya Nair,Lucknow,4,Excellent customer support.
USER_896771,Aditya Iyer,Ahmedabad,2,"Defective item received, returned it."
USER_459165,Pooja Joshi,Chennai,5,Loved it!
USER_904126,Pooja Yadav,Hyderabad,2,"Defective item received, returned it."
USER_258952,Siddharth Patel,Kolkata,4,Battery drains too fast.
USER_209243,Karan Das,Mumbai,5,Loved it!
USER_883245,Kavya Chauhan,Pune,5,Excellent customer support.
USER_255828,Priya Iyer,Hyderabad,2,"Not as expected, colors are dull."
USER_754196,Amit Sharma,Hyderabad,4,A bit overpriced but decent.
USER_100900,Karan Yadav,Chandigarh,3,A bit overpriced but decent.
USER_352500,Arjun Iyer,Delhi,5,Excellent customer support.
USER_652827,Manish Yadav,Delhi,5,Awesome delivery speed.
USER_163254,Manish Patel,Ahmedabad,4,Awesome delivery speed.
USER_156499,Rohan Sharma,Surat,5,Exactly as shown in the picture.
USER_330106,Siddharth Joshi,Ahmedabad,2,Battery drains too fast.
USER_360446,Amit Singh,Mumbai,2,"Worst experience ever, do not buy!"
USER_653987,Siddharth Verma,Surat,4,Nice packing.
USER_764015,Neha Patel,Jaipur,4,Battery drains too fast.
USER_259982,Vikram Sharma,Chandigarh,2,"Defective item received, returned it."
USER_340210,Aditya Reddy,Mumbai,5,Exactly as shown in the picture.
USER_685063,Vikram Nair,Delhi,4,"Not as expected, colors are dull."
USER_640057,Neha Nair,Ahmedabad,4,Exactly as shown in the picture.
USER_506122,Sneha Das,Chandigarh,3,Nice packing.
USER_776067,Neha Das,Kochi,5,Exactly as shown in the picture.
USER_219594,Divya Verma,Indore,4,A bit overpriced but decent.
USER_910702,Aisha Yadav,Lucknow,4,"Not as expected, colors are dull."
USER_721449,Neha Das,Surat,3,A bit overpriced but decent.
USER_796114,Priya Yadav,Jaipur,5,Awesome delivery speed.
USER_440625,Siddharth Chauhan,Chennai,5,Exactly as shown in the picture.
USER_324136,Anjali Patel,Chennai,4,Loved it!
USER_493313,Amit Deshmukh,Jaipur,2,Nice packing.
USER_632194,Kavya Singh,Kochi,2,Battery drains too fast.
USER_642884,Priya Gupta,Pune,2,"Defective item received, returned it."
USER_516527,Priya Kumar,Chandigarh,4,Exactly as shown in the picture.
USER_787322,Karan Yadav,Chandigarh,5,Awesome delivery speed.
USER_319843,Riya Reddy,Hyderabad,5,Loved it!
USER_171203,Aisha Singh,Delhi,2,"Worst experience ever, do not buy!"
USER_704317,Vikram Verma,Mumbai,4,Excellent customer support.
USER_223050,Rahul Reddy,Kochi,2,"Defective item received, returned it."
USER_600459,Karan Joshi,Kolkata,3,"Not as expected, colors are dull."
USER_370968,Anjali Yadav,Lucknow,4,Awesome delivery speed.
USER_777007,Karan Singh,Chennai,1,"Terrible, broke on the first day."
USER_287621,Riya Sharma,Surat,5,"Good product, value for money."
USER_619893,Riya Iyer,Delhi,2,"Not as expected, colors are dull."
USER_156160,Arjun Gupta,Mumbai,2,"Worst experience ever, do not buy!"
USER_957804,Aditya Deshmukh,Kolkata,4,Perfect fit and comfortable.
USER_343149,Siddharth Iyer,Kolkata,2,"Defective item received, returned it."
USER_776398,Anjali Nair,Kolkata,2,"Terrible, broke on the first day."
USER_400293,Pooja Bose,Kochi,5,Exactly as shown in the picture.
USER_586378,Siddharth Singh,Bangalore,5,Loved it!
USER_942907,Rahul Verma,Delhi,2,"Not as expected, colors are dull."
USER_568175,Rohan Kumar,Lucknow,4,"Good product, value for money."
USER_629252,Manish Nair,Chennai,4,Excellent customer support.
USER_429326,Amit Deshmukh,Surat,5,Excellent customer support.
USER_201201,Divya Iyer,Bangalore,5,Excellent customer support.
USER_732469,Siddharth Verma,Hyderabad,2,Nice packing.
USER_368863,Pooja Patel,Hyderabad,4,Battery drains too fast.
USER_106839,Manish Yadav,Ahmedabad,5,"Good product, value for money."
USER_195907,Rohan Nair,Indore,2,Battery drains too fast.
USER_969884,Manish Nair,Jaipur,4,Exactly as shown in the picture.
USER_253268,Rohan Deshmukh,Chennai,4,Excellent customer support.
USER_901871,Neha Yadav,Bangalore,4,Exactly as shown in the picture.
USER_860755,Siddharth Deshmukh,Lucknow,2,"Worst experience ever, do not buy!"
USER_899660,Kavya Das,Bangalore,5,Exactly as shown in the picture.
USER_719661,Manish Singh,Mumbai,2,"Worst experience ever, do not buy!"
USER_366257,Arjun Reddy,Pune,5,Perfect fit and comfortable.
USER_693425,Sneha Verma,Hyderabad,3,Battery drains too fast.
USER_653533,Divya Sharma,Surat,3,Battery drains too fast.
USER_435729,Priya Singh,Chandigarh,5,Perfect fit and comfortable.
USER_792094,Kavya Bose,Bangalore,5,Excellent customer support.
USER_699437,Neha Nair,Chandigarh,4,Awesome delivery speed.
USER_507163,Divya Verma,Chandigarh,5,Perfect fit and comfortable.
USER_868972,Karan Bose,Chandigarh,2,"Terrible, broke on the first day."
USER_267180,Rohan Sharma,Chandigarh,2,Nice packing.
USER_920489,Riya Yadav,Chennai,5,Loved it!
USER_369220,Priya Nair,Pune,4,Exactly as shown in the picture.
USER_141103,Neha Gupta,Bangalore,4,Perfect fit and comfortable.
USER_702060,Pooja Das,Kochi,2,Nice packing.
USER_181532,Siddharth Singh,Bangalore,5,Exactly as shown in the picture.
USER_798226,Riya Chauhan,Delhi,5,"Good product, value for money."
USER_925557,Amit Kumar,Kochi,2,"Terrible, broke on the first day."
USER_880535,Anjali Verma,Chandigarh,1,"Defective item received, returned it."
USER_788725,Priya Nair,Pune,2,"Not as expected, colors are dull."
USER_534066,Riya Nair,Hyderabad,4,Awesome delivery speed.
USER_398450,Vikram Verma,Chennai,2,"Worst experience ever, do not buy!"
USER_741016,Pooja Kumar,Delhi,1,"Defective item received, returned it."
USER_997113,Pooja Gupta,Jaipur,2,"Worst experience ever, do not buy!"
USER_807393,Priya Gupta,Kochi,1,"Terrible, broke on the first day."
USER_326285,Amit Yadav,Chandigarh,4,Perfect fit and comfortable.
USER_783450,Divya Joshi,Kolkata,3,Nice packing.
USER_430546,Neha Singh,Bangalore,5,"Good product, value for money."
USER_194933,Priya Yadav,Kochi,2,"Not as expected, colors are dull."
USER_170448,Divya Bose,Jaipur,5,"Good product, value for money."
USER_295527,Amit Iyer,Mumbai,4,Loved it!
USER_564989,Riya Iyer,Chandigarh,2,"Average quality, could be better."
USER_198801,Rahul Reddy,Kochi,3,A bit overpriced but decent.
USER_552366,Aditya Iyer,Jaipur,2,"Worst experience ever, do not buy!"
USER_508674,Siddharth Reddy,Hyderabad,4,Awesome delivery speed.
USER_679177,Priya Reddy,Chennai,2,"Terrible, broke on the first day."
USER_924205,Anjali Verma,Ahmedabad,4,Excellent customer support.
USER_659488,Anjali Joshi,Ahmedabad,5,Loved it!
USER_540324,Rahul Joshi,Hyderabad,5,Highly recommended!
USER_597495,Anjali Reddy,Chennai,4,Excellent customer support.
USER_263624,Amit Chauhan,Kochi,5,Exactly as shown in the picture.
USER_864646,Sneha Chauhan,Surat,4,Perfect fit and comfortable.
USER_841851,Karan Deshmukh,Ahmedabad,2,"Terrible, broke on the first day."
USER_608641,Rohan Iyer,Indore,3,"Not as expected, colors are dull."
USER_767608,Aditya Verma,Ahmedabad,4,"Good product, value for money."
USER_274480,Rahul Verma,Kolkata,4,Nice packing.
USER_530070,Amit Joshi,Surat,5,"Good product, value for money."
USER_593361,Rohan Sharma,Surat,5,Highly recommended!
USER_927181,Priya Das,Lucknow,3,"Not as expected, colors are dull."
USER_419687,Rahul Yadav,Chandigarh,5,Exactly as shown in the picture.
USER_260013,Siddharth Joshi,Jaipur,1,"Worst experience ever, do not buy!"
USER_386151,Priya Verma,Kochi,5,Awesome delivery speed.
USER_988724,Aditya Yadav,Bangalore,5,Excellent customer support.
USER_300051,Kavya Deshmukh,Mumbai,2,"Defective item received, returned it."
USER_294195,Riya Nair,Lucknow,4,"Good product, value for money."
USER_191442,Manish Iyer,Ahmedabad,4,"Good product, value for money."
USER_860846,Neha Nair,Ahmedabad,3,Battery drains too fast.
USER_242408,Rohan Patel,Kolkata,5,Excellent customer support.
USER_689605,Aditya Das,Lucknow,1,"Terrible, broke on the first day."
USER_625937,Pooja Reddy,Chennai,5,Perfect fit and comfortable.
USER_400812,Kavya Bose,Jaipur,4,Awesome delivery speed.
USER_798217,Riya Deshmukh,Hyderabad,3,Battery drains too fast.
USER_185211,Neha Patel,Chandigarh,2,"Terrible, broke on the first day."
USER_232949,Pooja Chauhan,Chandigarh,2,"Average quality, could be better."
USER_848352,Riya Sharma,Surat,5,Awesome delivery speed.
USER_301684,Anjali Das,Chennai,2,A bit overpriced but decent.
USER_380200,Pooja Yadav,Delhi,5,Perfect fit and comfortable.
USER_295229,Riya Yadav,Lucknow,5,Highly recommended!
USER_259149,Aditya Kumar,Jaipur,4,"Not as expected, colors are dull."
USER_181338,Amit Bose,Chennai,2,"Not as expected, colors are dull."
USER_642850,Aditya Sharma,Chennai,3,A bit overpriced but decent.
USER_704259,Pooja Deshmukh,Bangalore,4,Excellent customer support.
USER_167339,Vikram Iyer,Surat,2,"Not as expected, colors are dull."
USER_313138,Kavya Verma,Hyderabad,1,"Defective item received, returned it."
USER_767487,Manish Singh,Kochi,5,Exactly as shown in the picture.
USER_507647,Neha Bose,Kochi,2,Nice packing.
USER_641221,Karan Chauhan,Delhi,1,"Defective item received, returned it."
USER_554333,Kavya Yadav,Chandigarh,4,Highly recommended!
USER_518250,Manish Gupta,Mumbai,1,"Terrible, broke on the first day."
USER_972239,Rohan Verma,Delhi,1,"Defective item received, returned it."
USER_435819,Karan Das,Mumbai,2,"Terrible, broke on the first day."
USER_472871,Aditya Patel,Pune,3,A bit overpriced but decent.
USER_860201,Karan Kumar,Mumbai,4,Awesome delivery speed.
USER_654608,Manish Yadav,Chandigarh,4,A bit overpriced but decent.
USER_907520,Kavya Sharma,Chennai,2,Nice packing.
USER_830419,Kavya Yadav,Hyderabad,4,Loved it!
USER_336125,Manish Deshmukh,Pune,2,"Terrible, broke on the first day."
USER_944352,Priya Verma,Chandigarh,4,"Average quality, could be better."
USER_111134,Arjun Singh,Pune,2,Battery drains too fast.
USER_450045,Anjali Patel,Mumbai,5,Loved it!
USER_769560,Karan Iyer,Hyderabad,5,Loved it!
USER_979341,Vikram Gupta,Delhi,1,"Terrible, broke on the first day."
USER_714397,Siddharth Joshi,Delhi,5,"Good product, value for money."
USER_389314,Sneha Deshmukh,Delhi,1,"Worst experience ever, do not buy!"
USER_201161,Riya Das,Delhi,2,"Worst experience ever, do not buy!"
USER_995490,Rahul Nair,Bangalore,2,"Defective item received, returned it."
USER_300051,Kavya Deshmukh,Mumbai,2,"Defective item received, returned it."
USER_691223,Neha Verma,Pune,3,Battery drains too fast.
USER_651922,Sneha Iyer,Lucknow,4,"Average quality, could be better."
USER_171498,Aditya Gupta,Lucknow,5,Perfect fit and comfortable.
USER_670907,Sneha Deshmukh,Indore,4,Exactly as shown in the picture.
USER_213157,Rohan Deshmukh,Chandigarh,1,"Worst experience ever, do not buy!"
USER_242592,Divya Reddy,Indore,2,"Not as expected, colors are dull."
USER_761363,Anjali Kumar,Pune,3,"Not as expected, colors are dull."
USER_182002,Riya Nair,Lucknow,4,"Not as expected, colors are dull."
USER_975780,Amit Kumar,Mumbai,2,A bit overpriced but decent.
USER_702730,Aditya Yadav,Hyderabad,4,A bit overpriced but decent.
USER_943366,Neha Yadav,Hyderabad,5,Excellent customer support.
USER_823546,Aisha Joshi,Lucknow,4,Exactly as shown in the picture.
USER_346237,Sneha Nair,Bangalore,1,"Defective item received, returned it."
USER_192563,Neha Chauhan,Delhi,4,Awesome delivery speed.
USER_474881,Siddharth Kumar,Pune,3,Battery drains too fast.
USER_518481,Aisha Reddy,Kochi,4,"Good product, value for money."
USER_281025,Neha Chauhan,Hyderabad,2,A bit overpriced but decent.
USER_755514,Anjali Gupta,Bangalore,2,Battery drains too fast.
USER_196942,Manish Bose,Mumbai,3,A bit overpriced but decent.
USER_636764,Rahul Singh,Indore,4,Exactly as shown in the picture.
USER_126497,Priya Gupta,Hyderabad,4,Perfect fit and comfortable.
USER_839718,Pooja Chauhan,Chennai,2,Nice packing.
USER_641811,Arjun Nair,Ahmedabad,4,Loved it!
USER_882505,Priya Joshi,Surat,5,Highly recommended!
USER_205595,Divya Verma,Indore,1,"Defective item received, returned it."
USER_294663,Manish Gupta,Chandigarh,5,Perfect fit and comfortable.
USER_694052,Neha Iyer,Ahmedabad,2,"Defective item received, returned it."
USER_370780,Rahul Deshmukh,Surat,2,"Terrible, broke on the first day."
USER_991803,Arjun Reddy,Chandigarh,5,Loved it!
USER_318368,Sneha Yadav,Surat,4,"Not as expected, colors are dull."
USER_974373,Arjun Sharma,Indore,4,Excellent customer support.
USER_545941,Siddharth Das,Kochi,1,"Worst experience ever, do not buy!"
USER_133515,Pooja Singh,Chandigarh,4,Battery drains too fast.
USER_953792,Siddharth Das,Mumbai,5,"Good product, value for money."
USER_267365,Karan Chauhan,Bangalore,1,"Defective item received, returned it."
USER_868717,Divya Yadav,Surat,5,Loved it!
USER_630421,Aisha Yadav,Surat,5,Awesome delivery speed.
USER_197162,Vikram Reddy,Chandigarh,4,Loved it!
USER_666066,Priya Gupta,Ahmedabad,2,Nice packing.
USER_425627,Aditya Joshi,Kochi,4,Exactly as shown in the picture.
USER_923717,Neha Gupta,Surat,4,Excellent customer support.
USER_776978,Karan Yadav,Mumbai,3,Nice packing.
USER_636658,Amit Singh,Kolkata,4,A bit overpriced but decent.
USER_802835,Manish Nair,Surat,2,Battery drains too fast.
USER_326696,Rohan Gupta,Mumbai,4,Nice packing.
USER_817345,Sneha Patel,Kochi,4,"Average quality, could be better."
USER_409969,Sneha Kumar,Kochi,5,Loved it!
USER_628797,Rahul Gupta,Surat,4,Perfect fit and comfortable.
USER_895457,Rahul Sharma,Mumbai,2,"Defective item received, returned it."
USER_564449,Aditya Nair,Chandigarh,2,"Worst experience ever, do not buy!"
USER_477200,Pooja Verma,Chennai,5,Excellent customer support.
USER_469406,Kavya Bose,Jaipur,2,"Terrible, broke on the first day."
USER_511531,Aisha Verma,Chennai,2,Battery drains too fast.
USER_395051,Neha Joshi,Pune,4,Battery drains too fast.
USER_312860,Rohan Bose,Delhi,3,Nice packing.
USER_982723,Neha Bose,Chennai,2,"Not as expected, colors are dull."
USER_912664,Pooja Joshi,Kolkata,4,Highly recommended!
USER_211302,Kavya Reddy,Surat,4,Loved it!
USER_546668,Neha Das,Mumbai,5,Highly recommended!
USER_103278,Karan Sharma,Bangalore,5,Awesome delivery speed.
USER_545628,Sneha Patel,Kochi,2,Battery drains too fast.
USER_481246,Rahul Sharma,Chennai,3,"Not as expected, colors are dull."
USER_521382,Rohan Reddy,Bangalore,2,"Terrible, broke on the first day."
USER_330820,Manish Nair,Chandigarh,4,"Good product, value for money."
USER_499433,Amit Patel,Chandigarh,2,Battery drains too fast.
USER_796304,Manish Deshmukh,Hyderabad,2,"Defective item received, returned it."
USER_848902,Manish Yadav,Chandigarh,4,Excellent customer support.
USER_108895,Amit Gupta,Chennai,4,Nice packing.
USER_215240,Karan Singh,Delhi,4,Nice packing.
USER_590731,Neha Das,Ahmedabad,4,"Average quality, could be better."
USER_254397,Riya Kumar,Lucknow,5,Loved it!
USER_217700,Arjun Singh,Pune,2,"Defective item received, returned it."
USER_356618,Aisha Patel,Mumbai,2,"Defective item received, returned it."
USER_169856,Manish Chauhan,Lucknow,4,Highly recommended!
USER_685409,Aditya Sharma,Delhi,5,Excellent customer support.
USER_241150,Manish Reddy,Delhi,5,"Good product, value for money."
USER_989373,Kavya Deshmukh,Kolkata,2,Nice packing.
USER_248011,Neha Kumar,Delhi,5,Exactly as shown in the picture.
USER_852496,Rahul Joshi,Kolkata,3,Nice packing.
USER_475010,Anjali Gupta,Ahmedabad,2,"Not as expected, colors are dull."
USER_639769,Karan Iyer,Delhi,5,Excellent customer support.
USER_244953,Priya Das,Pune,2,Nice packing.
USER_183789,Aisha Bose,Delhi,5,Perfect fit and comfortable.
USER_276835,Amit Sharma,Kolkata,5,"Good product, value for money."
USER_716985,Arjun Das,Kochi,4,"Not as expected, colors are dull."
USER_785028,Riya Patel,Mumbai,4,"Average quality, could be better."
USER_603501,Amit Reddy,Lucknow,4,Awesome delivery speed.
USER_102248,Pooja Verma,Surat,4,Excellent customer support.
USER_179320,Kavya Iyer,Delhi,5,"Good product, value for money."
USER_330087,Riya Verma,Pune,2,"Terrible, broke on the first day."
USER_653586,Rahul Chauhan,Delhi,2,A bit overpriced but decent.
USER_758539,Kavya Patel,Lucknow,4,"Good product, value for money."
USER_497841,Rahul Patel,Lucknow,3,"Average quality, could be better."
USER_687253,Rohan Joshi,Chandigarh,5,Perfect fit and comfortable.
USER_740048,Pooja Nair,Hyderabad,5,Highly recommended!
USER_443008,Aditya Yadav,Kochi,3,"Not as expected, colors are dull."
USER_293600,Divya Das,Delhi,4,Battery drains too fast.
USER_224872,Pooja Bose,Delhi,5,Highly recommended!
USER_749208,Amit Gupta,Hyderabad,4,Highly recommended!
USER_837391,Rohan Gupta,Bangalore,3,"Not as expected, colors are dull."
USER_739839,Priya Iyer,Chennai,3,Nice packing.
USER_478733,Sneha Joshi,Delhi,3,"Not as expected, colors are dull."
USER_663506,Riya Singh,Surat,2,Nice packing.
USER_105499,Rahul Deshmukh,Jaipur,2,Battery drains too fast.
USER_471739,Priya Bose,Surat,4,"Not as expected, colors are dull."
USER_392027,Arjun Deshmukh,Chandigarh,2,Nice packing.
USER_227916,Arjun Bose,Bangalore,1,"Worst experience ever, do not buy!"
USER_833929,Anjali Kumar,Hyderabad,5,Awesome delivery speed.
USER_409827,Rohan Singh,Lucknow,4,Highly recommended!
USER_387582,Siddharth Das,Jaipur,2,Battery drains too fast.
USER_504347,Kavya Das,Jaipur,2,"Worst experience ever, do not buy!"
USER_269406,Neha Deshmukh,Jaipur,5,Perfect fit and comfortable.
USER_153903,Rohan Yadav,Mumbai,1,"Terrible, broke on the first day."
USER_940082,Divya Das,Kolkata,2,Nice packing.
USER_467721,Aisha Patel,Kochi,2,Battery drains too fast.
USER_555425,Rohan Verma,Hyderabad,4,Perfect fit and comfortable.
USER_495483,Riya Gupta,Lucknow,4,Excellent customer support.
USER_452201,Kavya Verma,Jaipur,4,"Average quality, could be better."
USER_491455,Riya Yadav,Jaipur,4,Nice packing.
USER_154361,Kavya Verma,Bangalore,4,Exactly as shown in the picture.
USER_266267,Karan Patel,Surat,5,Exactly as shown in the picture.
USER_849730,Siddharth Kumar,Kochi,2,"Defective item received, returned it."
USER_871700,Pooja Kumar,Chennai,4,Excellent customer support.
USER_537757,Riya Iyer,Surat,5,Exactly as shown in the picture.
USER_307604,Neha Joshi,Chandigarh,2,Battery drains too fast.
USER_892524,Vikram Gupta,Mumbai,1,"Worst experience ever, do not buy!"
USER_780910,Neha Chauhan,Surat,4,Awesome delivery speed.
USER_400699,Aisha Kumar,Hyderabad,2,"Not as expected, colors are dull."
USER_664791,Pooja Das,Surat,2,"Worst experience ever, do not buy!"
USER_237702,Pooja Reddy,Delhi,4,Exactly as shown in the picture.
USER_634424,Aditya Das,Bangalore,5,Loved it!
USER_149807,Arjun Reddy,Surat,4,Loved it!
USER_371410,Vikram Singh,Kolkata,2,"Defective item received, returned it."
USER_196118,Divya Verma,Kolkata,2,"Defective item received, returned it."
USER_684105,Divya Verma,Mumbai,3,A bit overpriced but decent.
USER_807566,Rohan Deshmukh,Kolkata,3,Battery drains too fast.
USER_110476,Priya Singh,Surat,4,Perfect fit and comfortable.
USER_381225,Rahul Kumar,Chennai,5,Excellent customer support.
USER_329980,Priya Chauhan,Mumbai,4,Loved it!
USER_472519,Karan Reddy,Hyderabad,1,"Terrible, broke on the first day."
USER_477263,Rahul Sharma,Indore,5,"Good product, value for money."
USER_600571,Rahul Iyer,Ahmedabad,1,"Defective item received, returned it."
USER_603401,Arjun Bose,Chandigarh,1,"Terrible, broke on the first day."
USER_740069,Aisha Bose,Ahmedabad,4,A bit overpriced but decent.
USER_552496,Manish Sharma,Kochi,3,Battery drains too fast.
USER_322966,Priya Yadav,Jaipur,1,"Worst experience ever, do not buy!"
USER_514256,Sneha Singh,Pune,5,Highly recommended!
USER_862581,Vikram Sharma,Delhi,5,Exactly as shown in the picture.
USER_546464,Vikram Iyer,Bangalore,4,Perfect fit and comfortable.
USER_648801,Arjun Yadav,Kochi,3,"Not as expected, colors are dull."
USER_364872,Karan Reddy,Pune,1,"Worst experience ever, do not buy!"
USER_419770,Aditya Singh,Kolkata,5,Perfect fit and comfortable.
USER_715482,Neha Das,Mumbai,1,"Terrible, broke on the first day."
USER_433132,Anjali Deshmukh,Chandigarh,2,"Worst experience ever, do not buy!"
USER_891527,Riya Patel,Mumbai,1,"Terrible, broke on the first day."
USER_697415,Rahul Reddy,Chandigarh,2,A bit overpriced but decent.
USER_892253,Aditya Das,Ahmedabad,3,"Average quality, could be better."
USER_442028,Manish Iyer,Chandigarh,1,"Worst experience ever, do not buy!"
USER_886131,Priya Sharma,Lucknow,1,"Terrible, broke on the first day."
USER_528418,Arjun Reddy,Surat,4,Awesome delivery speed.
USER_517180,Aisha Nair,Indore,2,Battery drains too fast.
USER_358506,Arjun Das,Mumbai,2,"Average quality, could be better."
USER_874458,Rahul Bose,Chennai,2,Nice packing.
USER_741917,Karan Verma,Mumbai,1,"Worst experience ever, do not buy!"
USER_864386,Arjun Joshi,Lucknow,4,Battery drains too fast.
USER_707982,Manish Nair,Mumbai,4,Nice packing.
USER_175090,Amit Iyer,Kolkata,5,Loved it!
USER_604177,Divya Gupta,Chennai,3,"Not as expected, colors are dull."
USER_943173,Manish Kumar,Delhi,3,Nice packing.
USER_316615,Siddharth Verma,Surat,1,"Defective item received, returned it."
USER_578125,Vikram Joshi,Delhi,4,Awesome delivery speed.
USER_966563,Siddharth Verma,Mumbai,4,Perfect fit and comfortable.
USER_859115,Vikram Patel,Hyderabad,4,"Good product, value for money."
USER_603246,Rohan Gupta,Lucknow,4,Exactly as shown in the picture.
USER_654891,Divya Nair,Delhi,4,Battery drains too fast.
USER_262523,Aisha Reddy,Chennai,2,A bit overpriced but decent.
USER_397613,Kavya Iyer,Kolkata,2,"Terrible, broke on the first day."
USER_777362,Sneha Reddy,Delhi,4,Perfect fit and comfortable.
USER_649945,Arjun Singh,Hyderabad,2,Battery drains too fast.
USER_841574,Sneha Verma,Pune,2,"Average quality, could be better."
USER_205191,Rahul Das,Surat,5,Exactly as shown in the picture.
USER_611396,Kavya Sharma,Chennai,4,Awesome delivery speed.
USER_903049,Manish Deshmukh,Ahmedabad,2,"Terrible, broke on the first day."
USER_488944,Siddharth Yadav,Surat,5,Awesome delivery speed.
USER_540081,Karan Chauhan,Bangalore,5,Perfect fit and comfortable.
USER_591571,Rohan Chauhan,Kolkata,4,Exactly as shown in the picture.
USER_807230,Karan Nair,Kochi,2,A bit overpriced but decent.
USER_926809,Kavya Chauhan,Kochi,4,Exactly as shown in the picture.
USER_232544,Rohan Joshi,Ahmedabad,4,Highly recommended!
USER_359271,Priya Nair,Indore,4,Excellent customer support.
USER_446551,Pooja Bose,Kolkata,5,Awesome delivery speed.
USER_683398,Priya Kumar,Surat,4,Highly recommended!
USER_996418,Kavya Singh,Delhi,4,A bit overpriced but decent.
USER_408699,Riya Yadav,Jaipur,2,"Average quality, could be better."
USER_716515,Rahul Das,Jaipur,3,"Not as expected, colors are dull."
USER_292044,Divya Iyer,Pune,4,"Average quality, could be better."
USER_973491,Kavya Gupta,Indore,5,Awesome delivery speed.
USER_621179,Manish Yadav,Delhi,2,Nice packing.
USER_337518,Vikram Joshi,Indore,2,"Terrible, broke on the first day."
USER_350783,Kavya Kumar,Jaipur,5,Highly recommended!
USER_474480,Siddharth Chauhan,Surat,2,"Average quality, could be better."
USER_186323,Priya Joshi,Mumbai,4,Loved it!
USER_753151,Divya Verma,Jaipur,5,Exactly as shown in the picture.
USER_628225,Aisha Joshi,Indore,2,"Terrible, broke on the first day."
USER_742720,Riya Singh,Ahmedabad,2,Battery drains too fast.
USER_755674,Rohan Patel,Hyderabad,5,"Good product, value for money."
USER_611612,Divya Kumar,Kochi,4,Nice packing.
USER_402748,Divya Reddy,Mumbai,5,Highly recommended!
USER_177725,Rahul Verma,Ahmedabad,5,"Good product, value for money."
USER_628987,Siddharth Patel,Indore,2,Battery drains too fast.
USER_549034,Kavya Joshi,Hyderabad,2,"Average quality, could be better."
USER_614820,Rohan Das,Hyderabad,5,"Good product, value for money."
USER_900928,Divya Singh,Hyderabad,4,Nice packing.
USER_967197,Vikram Chauhan,Lucknow,4,Loved it!
USER_816529,Anjali Deshmukh,Mumbai,4,Nice packing.
USER_557599,Vikram Singh,Bangalore,3,Battery drains too fast.
USER_715081,Vikram Yadav,Lucknow,4,Exactly as shown in the picture.
USER_689404,Rohan Sharma,Kochi,3,Battery drains too fast.
USER_350627,Rahul Kumar,Delhi,2,"Average quality, could be better."
USER_756370,Neha Nair,Ahmedabad,2,"Worst experience ever, do not buy!"
USER_491710,Manish Joshi,Mumbai,1,"Worst experience ever, do not buy!"
USER_855562,Karan Deshmukh,Jaipur,2,Battery drains too fast.
USER_132796,Neha Chauhan,Chennai,4,"Good product, value for money."
USER_719956,Karan Kumar,Kochi,1,"Defective item received, returned it."
USER_811206,Siddharth Das,Ahmedabad,4,Excellent customer support.
USER_944268,Divya Gupta,Chandigarh,4,Loved it!
USER_479113,Karan Chauhan,Lucknow,4,Battery drains too fast.
USER_329217,Manish Deshmukh,Kochi,1,"Terrible, broke on the first day."
USER_927055,Anjali Sharma,Lucknow,5,Highly recommended!
USER_513295,Divya Sharma,Delhi,5,Awesome delivery speed.
USER_607267,Amit Chauhan,Bangalore,3,"Average quality, could be better."
USER_447133,Divya Joshi,Bangalore,5,Loved it!
USER_964207,Priya Deshmukh,Hyderabad,4,Nice packing.
USER_123726,Priya Yadav,Indore,4,Excellent customer support.
USER_739831,Manish Nair,Chandigarh,4,Highly recommended!
USER_804898,Divya Patel,Delhi,2,"Average quality, could be better."
USER_201017,Arjun Singh,Chandigarh,3,Battery drains too fast.
USER_222653,Manish Nair,Pune,4,Awesome delivery speed.
USER_354381,Vikram Kumar,Chandigarh,5,Highly recommended!
USER_382093,Neha Iyer,Jaipur,5,Loved it!
USER_613646,Manish Singh,Indore,3,A bit overpriced but decent.
USER_513449,Sneha Nair,Lucknow,5,Highly recommended!
USER_777059,Pooja Verma,Bangalore,4,Highly recommended!
USER_632721,Rohan Patel,Ahmedabad,4,"Not as expected, colors are dull."
USER_739261,Kavya Verma,Lucknow,5,"Good product, value for money."
USER_281717,Neha Sharma,Delhi,2,"Average quality, could be better."
USER_386715,Amit Reddy,Pune,4,Perfect fit and comfortable.
USER_576181,Aditya Kumar,Indore,4,Excellent customer support.
USER_787365,Priya Joshi,Lucknow,4,Nice packing.
USER_834802,Aditya Patel,Ahmedabad,4,Battery drains too fast.
USER_748514,Aisha Kumar,Hyderabad,2,Nice packing.
USER_692863,Kavya Verma,Ahmedabad,1,"Defective item received, returned it."
USER_296448,Vikram Verma,Mumbai,5,Excellent customer support.
USER_837596,Rohan Joshi,Pune,4,Highly recommended!
USER_583014,Kavya Chauhan,Mumbai,2,Nice packing.
USER_947307,Siddharth Gupta,Lucknow,2,"Not as expected, colors are dull."
USER_940838,Aditya Das,Delhi,4,A bit overpriced but decent.
USER_884819,Karan Nair,Bangalore,5,Perfect fit and comfortable.
USER_228522,Kavya Verma,Lucknow,1,"Terrible, broke on the first day."
USER_784192,Siddharth Das,Indore,1,"Worst experience ever, do not buy!"
USER_903490,Priya Yadav,Indore,5,Awesome delivery speed.
USER_407261,Siddharth Verma,Pune,5,Excellent customer support.
USER_502018,Pooja Nair,Delhi,2,A bit overpriced but decent.
USER_951285,Neha Patel,Kochi,1,"Worst experience ever, do not buy!"
USER_938248,Riya Yadav,Surat,1,"Terrible, broke on the first day."
USER_176128,Manish Sharma,Bangalore,4,"Good product, value for money."
USER_426869,Aditya Singh,Indore,2,"Not as expected, colors are dull."
USER_958846,Divya Bose,Delhi,2,Nice packing.
USER_737725,Divya Bose,Lucknow,3,Nice packing.
USER_965091,Divya Nair,Kolkata,4,Excellent customer support.
USER_553816,Neha Verma,Mumbai,2,"Average quality, could be better."
USER_601325,Rahul Verma,Chennai,4,Nice packing.
USER_961692,Siddharth Reddy,Kochi,2,"Average quality, could be better."
USER_744768,Manish Yadav,Kochi,4,Battery drains too fast.
USER_182965,Pooja Sharma,Chennai,4,Excellent customer support.
USER_306926,Aditya Singh,Chandigarh,4,Battery drains too fast.
USER_986642,Neha Reddy,Bangalore,2,"Defective item received, returned it."
USER_136424,Manish Deshmukh,Kolkata,5,Excellent customer support.
USER_222601,Sneha Deshmukh,Ahmedabad,4,Exactly as shown in the picture.
USER_574903,Neha Sharma,Pune,2,Battery drains too fast.
USER_998528,Pooja Gupta,Pune,4,"Good product, value for money."
USER_291725,Rohan Deshmukh,Indore,4,Awesome delivery speed.
USER_364407,Neha Reddy,Surat,4,A bit overpriced but decent.
USER_342555,Aisha Yadav,Kolkata,4,"Average quality, could be better."
USER_305568,Vikram Joshi,Pune,3,A bit overpriced but decent.
USER_952889,Rohan Chauhan,Mumbai,4,Perfect fit and comfortable.
USER_354381,Vikram Kumar,Chandigarh,5,Highly recommended!
USER_687759,Siddharth Das,Ahmedabad,5,Awesome delivery speed.
USER_475487,Pooja Sharma,Jaipur,2,"Worst experience ever, do not buy!"
USER_306003,Riya Kumar,Kolkata,4,Perfect fit and comfortable.
USER_597108,Kavya Das,Lucknow,4,Exactly as shown in the picture.
USER_828398,Divya Kumar,Pune,1,"Terrible, broke on the first day."
USER_643730,Divya Bose,Bangalore,1,"Defective item received, returned it."
USER_549140,Rahul Patel,Kolkata,4,Exactly as shown in the picture.
USER_467523,Rohan Patel,Lucknow,5,Loved it!
USER_481460,Amit Nair,Mumbai,4,Loved it!
USER_358666,Arjun Singh,Indore,5,Loved it!
USER_648148,Anjali Sharma,Chandigarh,2,"Worst experience ever, do not buy!"
USER_402950,Divya Chauhan,Mumbai,5,Loved it!
USER_463856,Divya Joshi,Kochi,5,Excellent customer support.
USER_368594,Divya Deshmukh,Pune,2,A bit overpriced but decent.
USER_687180,Manish Bose,Kochi,3,"Not as expected, colors are dull."
USER_179723,Amit Deshmukh,Chandigarh,1,"Defective item received, returned it."
USER_325674,Pooja Chauhan,Bangalore,3,Nice packing.
USER_833379,Neha Reddy,Delhi,2,Nice packing.
USER_754043,Amit Nair,Kochi,4,Exactly as shown in the picture.
USER_824225,Kavya Patel,Mumbai,1,"Defective item received, returned it."
USER_699948,Siddharth Patel,Surat,5,"Good product, value for money."
USER_750533,Neha Iyer,Chennai,5,Loved it!
USER_902329,Karan Deshmukh,Chennai,2,"Average quality, could be better."
USER_422363,Aditya Bose,Mumbai,2,"Not as expected, colors are dull."
USER_451173,Aisha Das,Hyderabad,5,Excellent customer support.
USER_132457,Sneha Deshmukh,Chandigarh,4,Nice packing.
USER_233462,Rahul Chauhan,Chennai,4,Exactly as shown in the picture.
USER_506022,Vikram Verma,Ahmedabad,4,"Average quality, could be better."
USER_585225,Karan Deshmukh,Delhi,4,Highly recommended!
USER_845406,Sneha Iyer,Kolkata,1,"Defective item received, returned it."
USER_650186,Aditya Yadav,Jaipur,4,Excellent customer support.
USER_328733,Aditya Patel,Jaipur,4,"Not as expected, colors are dull."
USER_883821,Priya Bose,Jaipur,2,"Defective item received, returned it."
USER_181479,Karan Bose,Delhi,1,"Worst experience ever, do not buy!"
USER_928532,Sneha Patel,Kochi,3,"Not as expected, colors are dull."
USER_829854,Rohan Iyer,Chennai,5,Awesome delivery speed.
USER_728755,Arjun Yadav,Surat,3,Battery drains too fast.
USER_907601,Pooja Bose,Bangalore,5,Perfect fit and comfortable.
USER_304992,Siddharth Chauhan,Kochi,2,"Defective item received, returned it."
USER_197334,Aditya Singh,Indore,1,"Worst experience ever, do not buy!"
USER_190650,Aditya Patel,Mumbai,4,Loved it!
USER_970370,Aisha Das,Surat,5,Excellent customer support.
USER_817937,Amit Patel,Delhi,1,"Terrible, broke on the first day."
USER_401233,Priya Nair,Chennai,4,Exactly as shown in the picture.
USER_620130,Divya Das,Indore,5,Loved it!
USER_831452,Divya Chauhan,Ahmedabad,4,Battery drains too fast.
USER_390170,Anjali Patel,Pune,2,"Terrible, broke on the first day."
USER_597569,Karan Patel,Ahmedabad,5,Perfect fit and comfortable.
USER_809173,Anjali Kumar,Chandigarh,2,A bit overpriced but decent.
USER_714545,Vikram Das,Kolkata,5,"Good product, value for money."
USER_335815,Rahul Gupta,Bangalore,2,"Worst experience ever, do not buy!"
USER_450904,Neha Yadav,Bangalore,4,Perfect fit and comfortable.
USER_392218,Aisha Reddy,Bangalore,4,Perfect fit and comfortable.
USER_989045,Neha Sharma,Pune,4,Loved it!
USER_982263,Rahul Verma,Pune,4,"Good product, value for money."
USER_889362,Rohan Iyer,Hyderabad,5,Loved it!
USER_316873,Divya Das,Delhi,4,Awesome delivery speed.
USER_513691,Neha Nair,Ahmedabad,4,"Not as expected, colors are dull."
USER_238558,Rahul Chauhan,Chandigarh,4,Awesome delivery speed.
USER_785064,Aditya Reddy,Hyderabad,3,A bit overpriced but decent.
USER_735079,Rahul Patel,Surat,1,"Worst experience ever, do not buy!"
USER_404935,Manish Das,Jaipur,4,"Good product, value for money."
USER_388774,Sneha Reddy,Delhi,2,A bit overpriced but decent.
USER_488249,Riya Sharma,Chandigarh,2,"Terrible, broke on the first day."
USER_956044,Aditya Verma,Indore,1,"Terrible, broke on the first day."
USER_269565,Manish Verma,Kochi,2,"Terrible, broke on the first day."
USER_172358,Aisha Kumar,Ahmedabad,5,Perfect fit and comfortable.
USER_739521,Sneha Kumar,Kolkata,4,"Good product, value for money."
USER_951576,Aditya Kumar,Kochi,5,Awesome delivery speed.
USER_543677,Priya Nair,Ahmedabad,5,Perfect fit and comfortable.
USER_414235,Divya Verma,Pune,1,"Defective item received, returned it."
USER_622566,Riya Reddy,Bangalore,2,"Defective item received, returned it."
USER_854701,Anjali Chauhan,Mumbai,3,"Average quality, could be better."
USER_705348,Vikram Yadav,Pune,3,"Not as expected, colors are dull."
USER_708978,Arjun Nair,Chandigarh,5,"Good product, value for money."
USER_571620,Rahul Iyer,Kochi,1,"Terrible, broke on the first day."
USER_669927,Amit Gupta,Kochi,5,Excellent customer support.
USER_910121,Divya Deshmukh,Hyderabad,3,Nice packing.
USER_206477,Anjali Chauhan,Mumbai,5,Excellent customer support.
USER_959369,Priya Verma,Surat,2,"Defective item received, returned it."
USER_447004,Neha Reddy,Indore,1,"Defective item received, returned it."
USER_310289,Siddharth Sharma,Kochi,4,Nice packing.
USER_233697,Amit Iyer,Mumbai,2,"Average quality, could be better."
USER_455569,Aditya Gupta,Kolkata,2,A bit overpriced but decent.
USER_995619,Neha Das,Mumbai,2,"Average quality, could be better."
USER_807299,Divya Gupta,Pune,4,Exactly as shown in the picture.
USER_839272,Aisha Kumar,Jaipur,3,"Not as expected, colors are dull."
USER_686461,Manish Kumar,Pune,2,"Worst experience ever, do not buy!"
USER_578288,Priya Chauhan,Bangalore,5,Perfect fit and comfortable.
USER_882311,Siddharth Chauhan,Bangalore,5,Awesome delivery speed.
USER_696691,Sneha Reddy,Chennai,2,"Defective item received, returned it."
USER_953692,Aditya Nair,Mumbai,1,"Defective item received, returned it."
USER_805926,Riya Reddy,Mumbai,2,Battery drains too fast.
USER_884009,Aditya Verma,Chennai,5,Awesome delivery speed.
USER_246121,Amit Sharma,Hyderabad,4,"Average quality, could be better."
USER_324027,Amit Patel,Ahmedabad,4,"Not as expected, colors are dull."
USER_447915,Priya Verma,Indore,3,Nice packing.
USER_985255,Karan Sharma,Chandigarh,4,"Not as expected, colors are dull."
USER_582657,Pooja Gupta,Pune,3,"Average quality, could be better."
USER_486801,Aditya Chauhan,Hyderabad,1,"Worst experience ever, do not buy!"
USER_103354,Rahul Nair,Pune,2,"Worst experience ever, do not buy!"
USER_198577,Priya Joshi,Indore,5,Excellent customer support.
USER_390360,Manish Singh,Pune,2,Nice packing.
USER_770743,Rohan Singh,Bangalore,2,"Terrible, broke on the first day."
USER_776428,Arjun Patel,Mumbai,4,Awesome delivery speed.
USER_807565,Riya Kumar,Chennai,4,Perfect fit and comfortable.
USER_731820,Aisha Deshmukh,Pune,5,Excellent customer support.
USER_589357,Aditya Patel,Ahmedabad,2,"Worst experience ever, do not buy!"
USER_632207,Divya Reddy,Ahmedabad,5,"Good product, value for money."
USER_754810,Anjali Patel,Ahmedabad,5,Exactly as shown in the picture.
USER_217304,Siddharth Verma,Kolkata,5,"Good product, value for money."
USER_983631,Aisha Kumar,Chandigarh,5,Awesome delivery speed.
USER_888614,Arjun Nair,Bangalore,3,Battery drains too fast.
USER_501223,Priya Nair,Mumbai,2,"Defective item received, returned it."
USER_136157,Siddharth Iyer,Mumbai,5,Awesome delivery speed.
USER_125550,Siddharth Singh,Mumbai,4,Awesome delivery speed.
USER_240475,Amit Deshmukh,Indore,2,"Average quality, could be better."
USER_634056,Divya Nair,Mumbai,4,Perfect fit and comfortable.
USER_506717,Aisha Kumar,Lucknow,5,Loved it!
USER_926688,Pooja Patel,Delhi,4,Awesome delivery speed.
USER_189024,Aditya Sharma,Jaipur,4,Battery drains too fast.
USER_885959,Sneha Reddy,Hyderabad,2,"Terrible, broke on the first day."
USER_961251,Divya Iyer,Mumbai,3,"Average quality, could be better."
USER_673400,Vikram Gupta,Mumbai,4,Awesome delivery speed.
USER_160414,Kavya Nair,Bangalore,5,Awesome delivery speed.
USER_248252,Arjun Verma,Jaipur,4,Exactly as shown in the picture.
USER_563563,Priya Kumar,Mumbai,2,"Worst experience ever, do not buy!"
USER_861315,Amit Verma,Indore,5,Perfect fit and comfortable.
USER_550195,Priya Deshmukh,Bangalore,3,A bit overpriced but decent.
USER_763017,Manish Das,Chennai,3,"Not as expected, colors are dull."
USER_150326,Kavya Patel,Chandigarh,4,Perfect fit and comfortable.
USER_111569,Amit Kumar,Hyderabad,5,Loved it!
USER_409931,Karan Joshi,Delhi,2,"Average quality, could be better."
USER_403415,Divya Iyer,Chennai,3,"Not as expected, colors are dull."
USER_480278,Anjali Sharma,Delhi,3,"Average quality, could be better."
USER_980909,Manish Sharma,Ahmedabad,4,Perfect fit and comfortable.
USER_674979,Karan Reddy,Lucknow,5,Perfect fit and comfortable.
USER_535684,Aisha Verma,Bangalore,5,Exactly as shown in the picture.
USER_573591,Pooja Yadav,Kolkata,2,"Worst experience ever, do not buy!"
USER_331354,Riya Bose,Chennai,2,"Terrible, broke on the first day."
USER_674105,Amit Das,Lucknow,4,Loved it!
USER_373413,Vikram Kumar,Delhi,4,A bit overpriced but decent.
USER_173341,Amit Iyer,Ahmedabad,2,"Not as expected, colors are dull."
USER_733838,Manish Patel,Hyderabad,1,"Worst experience ever, do not buy!"
USER_884658,Karan Deshmukh,Chandigarh,3,"Not as expected, colors are dull."
USER_213033,Divya Patel,Kolkata,1,"Terrible, broke on the first day."
USER_215178,Anjali Nair,Ahmedabad,4,"Not as expected, colors are dull."
USER_674863,Aisha Kumar,Kolkata,4,Loved it!
USER_310289,Siddharth Sharma,Kochi,4,Nice packing.
USER_619663,Priya Yadav,Kolkata,5,Exactly as shown in the picture.
USER_794670,Arjun Yadav,Bangalore,3,A bit overpriced but decent.
USER_782940,Amit Verma,Jaipur,2,"Average quality, could be better."
USER_691306,Karan Singh,Kochi,4,Highly recommended!
USER_717118,Karan Joshi,Kochi,4,Perfect fit and comfortable.
USER_868765,Karan Gupta,Mumbai,4,Highly recommended!
USER_980935,Amit Sharma,Lucknow,3,A bit overpriced but decent.
USER_645026,Divya Yadav,Delhi,5,"Good product, value for money."
USER_654371,Anjali Bose,Delhi,4,"Not as expected, colors are dull."
USER_385248,Priya Gupta,Surat,4,Loved it!
USER_312926,Rohan Verma,Indore,3,A bit overpriced but decent.
USER_221737,Arjun Das,Chennai,3,"Average quality, could be better."
USER_769069,Manish Das,Chandigarh,1,"Defective item received, returned it."
USER_300912,Anjali Verma,Kolkata,5,"Good product, value for money."
USER_968999,Rahul Bose,Chandigarh,2,A bit overpriced but decent.
USER_153728,Neha Iyer,Pune,4,Excellent customer support.
USER_764378,Manish Iyer,Pune,1,"Defective item received, returned it."
USER_459394,Aisha Yadav,Pune,4,A bit overpriced but decent.
USER_262133,Manish Chauhan,Surat,3,"Not as expected, colors are dull."
USER_821985,Rohan Chauhan,Delhi,1,"Defective item received, returned it."
USER_663994,Riya Sharma,Chennai,5,Loved it!
USER_245845,Vikram Patel,Mumbai,4,Excellent customer support.
USER_643097,Kavya Verma,Bangalore,4,Battery drains too fast.
USER_450515,Neha Nair,Chandigarh,2,"Terrible, broke on the first day."
USER_414368,Sneha Yadav,Chandigarh,1,"Terrible, broke on the first day."
USER_432193,Aditya Yadav,Pune,5,Loved it!
USER_325527,Aditya Singh,Jaipur,5,Awesome delivery speed.
USER_501260,Sneha Iyer,Mumbai,2,"Terrible, broke on the first day."
USER_474034,Divya Singh,Pune,1,"Terrible, broke on the first day."
USER_239530,Siddharth Gupta,Indore,3,Battery drains too fast.
USER_276409,Riya Singh,Indore,2,"Defective item received, returned it."
USER_412984,Amit Nair,Lucknow,5,Excellent customer support.
USER_416177,Pooja Kumar,Mumbai,3,A bit overpriced but decent.
USER_448215,Divya Joshi,Pune,2,"Worst experience ever, do not buy!"
USER_454268,Aisha Yadav,Kochi,3,"Average quality, could be better."
USER_295992,Riya Reddy,Chandigarh,5,Exactly as shown in the picture.
USER_271534,Siddharth Patel,Surat,2,"Terrible, broke on the first day."
USER_482421,Aisha Gupta,Surat,3,"Average quality, could be better."
USER_224384,Aditya Chauhan,Pune,5,Perfect fit and comfortable.
USER_155076,Arjun Iyer,Ahmedabad,4,Battery drains too fast.
USER_425287,Kavya Kumar,Hyderabad,5,Exactly as shown in the picture.
USER_283899,Kavya Sharma,Indore,4,A bit overpriced but decent.
USER_590889,Amit Yadav,Bangalore,2,"Not as expected, colors are dull."
USER_925354,Vikram Reddy,Mumbai,2,"Defective item received, returned it."
USER_645554,Priya Singh,Surat,4,Battery drains too fast.
USER_634030,Sneha Singh,Delhi,2,"Average quality, could be better."
USER_478117,Neha Gupta,Chandigarh,1,"Terrible, broke on the first day."
USER_763325,Arjun Bose,Chennai,2,Battery drains too fast.
USER_743388,Aditya Deshmukh,Pune,4,Highly recommended!
USER_662625,Aisha Yadav,Lucknow,5,Exactly as shown in the picture.
USER_994311,Vikram Bose,Kolkata,4,Nice packing.
USER_112980,Riya Gupta,Kolkata,2,"Terrible, broke on the first day."
USER_235459,Anjali Verma,Chandigarh,1,"Defective item received, returned it."
USER_256490,Rohan Reddy,Mumbai,3,Battery drains too fast.
USER_630112,Kavya Gupta,Lucknow,4,Battery drains too fast.
USER_723080,Vikram Patel,Indore,4,Excellent customer support.
USER_494851,Anjali Bose,Surat,4,Perfect fit and comfortable.
USER_362857,Anjali Singh,Indore,5,Excellent customer support.
USER_577649,Manish Iyer,Hyderabad,4,Perfect fit and comfortable.
USER_624969,Rahul Chauhan,Kolkata,2,A bit overpriced but decent.
USER_686356,Vikram Kumar,Delhi,4,Perfect fit and comfortable.
USER_502818,Aditya Chauhan,Indore,3,Nice packing.
USER_929251,Amit Nair,Chandigarh,2,"Worst experience ever, do not buy!"
USER_915365,Anjali Reddy,Chennai,4,"Good product, value for money."
USER_240784,Aditya Deshmukh,Pune,4,Perfect fit and comfortable.
USER_336125,Manish Deshmukh,Pune,2,"Terrible, broke on the first day."
USER_178686,Aisha Joshi,Pune,2,Battery drains too fast.
USER_393453,Rohan Das,Chandigarh,5,Loved it!
USER_441501,Sneha Chauhan,Pune,5,Exactly as shown in the picture.
USER_247953,Anjali Reddy,Kochi,3,"Average quality, could be better."
USER_659802,Riya Patel,Jaipur,3,Battery drains too fast.
USER_500217,Divya Patel,Kochi,5,Awesome delivery speed.
USER_243602,Divya Sharma,Delhi,2,A bit overpriced but decent.
USER_863189,Arjun Patel,Mumbai,2,"Worst experience ever, do not buy!"
USER_617208,Aditya Yadav,Bangalore,3,Battery drains too fast.
USER_631043,Amit Nair,Hyderabad,1,"Defective item received, returned it."
USER_438597,Rahul Deshmukh,Delhi,3,"Not as expected, colors are dull."
USER_805182,Sneha Kumar,Kolkata,2,"Not as expected, colors are dull."
USER_298437,Anjali Das,Lucknow,5,Highly recommended!
USER_457413,Arjun Iyer,Mumbai,5,Awesome delivery speed.
USER_177748,Karan Gupta,Ahmedabad,4,"Not as expected, colors are dull."
USER_627462,Arjun Gupta,Lucknow,2,"Defective item received, returned it."
USER_239361,Riya Sharma,Pune,4,"Average quality, could be better."
USER_189672,Neha Singh,Chennai,5,Excellent customer support.
USER_439031,Aditya Deshmukh,Hyderabad,4,Awesome delivery speed.
USER_606742,Karan Deshmukh,Ahmedabad,2,"Terrible, broke on the first day."
USER_318917,Priya Singh,Kochi,3,"Average quality, could be better."
USER_676705,Kavya Deshmukh,Ahmedabad,5,"Good product, value for money."
USER_607934,Amit Iyer,Kochi,2,"Not as expected, colors are dull."
USER_730662,Neha Patel,Surat,3,Battery drains too fast.
USER_337219,Aditya Singh,Delhi,4,Excellent customer support.
USER_546668,Neha Das,Mumbai,5,Highly recommended!
USER_615090,Rahul Reddy,Lucknow,5,Awesome delivery speed.
USER_363159,Vikram Nair,Bangalore,3,A bit overpriced but decent.
USER_588460,Aditya Das,Chandigarh,1,"Terrible, broke on the first day."
USER_828196,Priya Patel,Chandigarh,5,Highly recommended!
USER_188756,Aditya Singh,Jaipur,5,Loved it!
USER_615098,Aditya Gupta,Ahmedabad,4,Excellent customer support.
USER_713922,Siddharth Deshmukh,Delhi,2,"Defective item received, returned it."
USER_477223,Siddharth Bose,Chandigarh,2,"Not as expected, colors are dull."
USER_465858,Arjun Sharma,Surat,4,Perfect fit and comfortable.
USER_224838,Rahul Bose,Lucknow,4,Exactly as shown in the picture.
USER_405536,Siddharth Kumar,Delhi,3,"Average quality, could be better."
USER_387039,Priya Yadav,Indore,4,"Good product, value for money."
USER_937259,Manish Reddy,Kochi,3,"Average quality, could be better."
USER_323218,Arjun Das,Chandigarh,3,A bit overpriced but decent.
USER_778546,Divya Yadav,Pune,4,Perfect fit and comfortable.
USER_521736,Riya Chauhan,Mumbai,2,"Worst experience ever, do not buy!"
USER_940366,Anjali Kumar,Mumbai,1,"Worst experience ever, do not buy!"
USER_244047,Rahul Sharma,Mumbai,4,Excellent customer support.
USER_192289,Arjun Deshmukh,Kochi,5,Highly recommended!
USER_597760,Priya Patel,Surat,5,"Good product, value for money."
USER_851114,Manish Bose,Hyderabad,3,"Not as expected, colors are dull."
USER_551054,Riya Reddy,Kochi,4,Loved it!
USER_635734,Manish Bose,Pune,2,"Defective item received, returned it."
USER_601767,Sneha Sharma,Indore,4,Exactly as shown in the picture.
USER_860471,Sneha Chauhan,Chennai,2,"Not as expected, colors are dull."
USER_569710,Priya Yadav,Chennai,4,Exactly as shown in the picture.
USER_381047,Divya Verma,Hyderabad,3,Battery drains too fast.
USER_975569,Karan Bose,Chandigarh,4,Loved it!
USER_903920,Riya Verma,Ahmedabad,2,"Terrible, broke on the first day."
USER_760343,Rohan Bose,Surat,2,"Terrible, broke on the first day."
USER_272624,Rahul Yadav,Pune,4,Loved it!
USER_177273,Priya Das,Kolkata,3,"Not as expected, colors are dull."
USER_770920,Aditya Verma,Mumbai,4,Perfect fit and comfortable.
USER_326117,Anjali Deshmukh,Kochi,4,Perfect fit and comfortable.
USER_134750,Vikram Bose,Jaipur,4,A bit overpriced but decent.
USER_495766,Rahul Kumar,Pune,2,A bit overpriced but decent.
USER_746800,Rahul Verma,Bangalore,5,Awesome delivery speed.
USER_249765,Sneha Reddy,Kolkata,1,"Terrible, broke on the first day."
USER_444098,Divya Reddy,Bangalore,3,"Not as expected, colors are dull."
USER_282032,Vikram Gupta,Chennai,1,"Worst experience ever, do not buy!"
USER_309844,Arjun Kumar,Mumbai,4,Exactly as shown in the picture.
USER_982305,Priya Patel,Kolkata,5,Exactly as shown in the picture.
USER_398210,Sneha Deshmukh,Chandigarh,2,"Average quality, could be better."
USER_742552,Vikram Bose,Chennai,2,"Terrible, broke on the first day."
USER_574572,Arjun Reddy,Kochi,4,Highly recommended!
USER_383377,Kavya Iyer,Chandigarh,5,Loved it!
USER_452204,Divya Patel,Delhi,5,"Good product, value for money."
USER_234056,Kavya Singh,Surat,1,"Terrible, broke on the first day."
USER_115613,Aisha Reddy,Chandigarh,5,Excellent customer support.
USER_566579,Aisha Iyer,Hyderabad,3,"Not as expected, colors are dull."
USER_314617,Arjun Das,Ahmedabad,3,Nice packing.
USER_692312,Rahul Patel,Jaipur,1,"Terrible, broke on the first day."
USER_259076,Kavya Nair,Mumbai,4,"Average quality, could be better."
USER_770128,Aditya Verma,Chandigarh,4,Awesome delivery speed.
USER_893168,Arjun Patel,Hyderabad,4,"Good product, value for money."
USER_652530,Aditya Sharma,Indore,3,A bit overpriced but decent.
USER_224239,Karan Deshmukh,Chennai,4,"Good product, value for money."
USER_215111,Aditya Gupta,Bangalore,1,"Defective item received, returned it."
USER_505578,Pooja Patel,Pune,4,Excellent customer support.
USER_146173,Rahul Deshmukh,Pune,2,"Defective item received, returned it."
USER_404302,Manish Reddy,Delhi,4,Exactly as shown in the picture.
USER_366920,Riya Reddy,Hyderabad,5,Awesome delivery speed.
USER_399088,Priya Yadav,Chandigarh,3,A bit overpriced but decent.
USER_289855,Vikram Chauhan,Chandigarh,1,"Worst experience ever, do not buy!"
USER_915206,Vikram Kumar,Mumbai,4,"Average quality, could be better."
USER_705340,Anjali Sharma,Chennai,4,Awesome delivery speed.
USER_500036,Anjali Yadav,Jaipur,4,"Average quality, could be better."
USER_300633,Neha Yadav,Delhi,4,"Not as expected, colors are dull."
USER_520562,Rahul Das,Indore,4,Highly recommended!
USER_341776,Aditya Chauhan,Bangalore,3,"Not as expected, colors are dull."
USER_249930,Divya Verma,Mumbai,5,Highly recommended!
USER_190280,Sneha Reddy,Bangalore,2,"Not as expected, colors are dull."
USER_751547,Priya Sharma,Chandigarh,4,Excellent customer support.
USER_831144,Aisha Nair,Ahmedabad,1,"Terrible, broke on the first day."
USER_691932,Aditya Deshmukh,Mumbai,4,Highly recommended!
USER_962472,Siddharth Patel,Jaipur,4,Excellent customer support.
USER_366538,Priya Das,Surat,5,Highly recommended!
USER_687435,Neha Iyer,Indore,5,Exactly as shown in the picture.
USER_810318,Amit Gupta,Delhi,3,A bit overpriced but decent.
USER_858167,Kavya Joshi,Chandigarh,2,"Defective item received, returned it."
USER_136556,Rohan Gupta,Kolkata,5,Loved it!
USER_207836,Rohan Deshmukh,Kochi,4,"Not as expected, colors are dull."
USER_246413,Arjun Nair,Pune,2,"Defective item received, returned it."
USER_265432,Karan Chauhan,Mumbai,3,A bit overpriced but decent.
USER_471849,Aisha Reddy,Kolkata,4,Excellent customer support.
USER_422959,Karan Nair,Mumbai,5,"Good product, value for money."
USER_369749,Aisha Bose,Jaipur,4,"Average quality, could be better."
USER_289932,Rahul Yadav,Chandigarh,4,Awesome delivery speed.
USER_329352,Anjali Chauhan,Delhi,3,"Average quality, could be better."
USER_894629,Rohan Iyer,Hyderabad,2,"Defective item received, returned it."
USER_307041,Manish Verma,Kolkata,4,"Good product, value for money."
USER_361821,Neha Deshmukh,Mumbai,2,"Defective item received, returned it."
USER_729289,Karan Bose,Surat,5,Awesome delivery speed.
USER_307652,Riya Yadav,Pune,4,Highly recommended!
USER_353326,Amit Reddy,Pune,4,"Average quality, could be better."
USER_750169,Rohan Bose,Bangalore,4,"Good product, value for money."
USER_717327,Priya Reddy,Mumbai,4,Exactly as shown in the picture.
USER_545907,Manish Yadav,Kochi,5,"Good product, value for money."
USER_991873,Riya Kumar,Chandigarh,3,"Average quality, could be better."
USER_134886,Manish Nair,Ahmedabad,4,"Good product, value for money."
USER_109992,Rahul Joshi,Mumbai,5,Awesome delivery speed.
USER_560218,Karan Bose,Jaipur,2,A bit overpriced but decent.
USER_977605,Neha Sharma,Pune,4,Perfect fit and comfortable.
USER_718607,Manish Yadav,Hyderabad,4,Excellent customer support.
USER_153517,Rahul Deshmukh,Ahmedabad,4,Awesome delivery speed.
USER_663444,Rahul Verma,Ahmedabad,4,Nice packing.
USER_403746,Aisha Bose,Surat,4,Highly recommended!
USER_576003,Aditya Singh,Indore,1,"Defective item received, returned it."
USER_417601,Amit Deshmukh,Chandigarh,4,Battery drains too fast.
USER_764378,Manish Iyer,Pune,1,"Defective item received, returned it."
USER_219258,Divya Nair,Jaipur,4,"Average quality, could be better."
USER_832056,Neha Chauhan,Surat,5,Loved it!
USER_986195,Kavya Das,Kochi,4,Awesome delivery speed.
USER_907752,Neha Iyer,Lucknow,2,"Defective item received, returned it."
USER_477126,Rahul Joshi,Hyderabad,4,"Good product, value for money."
USER_138944,Priya Sharma,Pune,4,Highly recommended!
USER_966620,Amit Bose,Surat,5,Exactly as shown in the picture.
USER_838187,Aisha Reddy,Kolkata,2,"Worst experience ever, do not buy!"
USER_278947,Neha Reddy,Kolkata,4,Battery drains too fast.
USER_104806,Riya Kumar,Mumbai,2,"Worst experience ever, do not buy!"
USER_793544,Neha Chauhan,Kolkata,4,"Average quality, could be better."
USER_688269,Riya Chauhan,Lucknow,5,Exactly as shown in the picture.
USER_419695,Divya Chauhan,Mumbai,5,Excellent customer support.
USER_525337,Divya Yadav,Kolkata,4,"Not as expected, colors are dull."
USER_835907,Riya Verma,Hyderabad,2,"Terrible, broke on the first day."
USER_900249,Arjun Joshi,Kochi,2,"Average quality, could be better."
USER_257026,Manish Kumar,Hyderabad,2,A bit overpriced but decent.
USER_298675,Neha Das,Pune,3,"Average quality, could be better."
USER_477790,Aditya Reddy,Pune,4,Awesome delivery speed.
USER_224747,Anjali Sharma,Kochi,2,A bit overpriced but decent.
USER_362667,Riya Iyer,Chennai,5,Excellent customer support.
USER_283653,Aisha Patel,Lucknow,4,Awesome delivery speed.
USER_647595,Kavya Yadav,Indore,5,Loved it!
USER_883821,Priya Bose,Jaipur,2,"Defective item received, returned it."
USER_816492,Aditya Joshi,Bangalore,2,"Average quality, could be better."
USER_152281,Aisha Iyer,Pune,3,"Not as expected, colors are dull."
USER_342056,Amit Iyer,Lucknow,4,Nice packing.
USER_552176,Divya Yadav,Ahmedabad,4,Exactly as shown in the picture.
USER_687212,Sneha Yadav,Jaipur,5,Loved it!
USER_721800,Aditya Reddy,Pune,3,Nice packing.
USER_926281,Aisha Kumar,Chandigarh,1,"Worst experience ever, do not buy!"
USER_745019,Amit Verma,Pune,5,Excellent customer support.
USER_538153,Kavya Chauhan,Surat,4,"Average quality, could be better."
USER_418845,Arjun Reddy,Jaipur,3,Battery drains too fast.
USER_148563,Manish Yadav,Surat,4,Excellent customer support.
USER_117097,Divya Reddy,Bangalore,5,Highly recommended!
USER_596998,Siddharth Gupta,Chennai,5,Excellent customer support.
USER_142862,Priya Gupta,Hyderabad,5,Awesome delivery speed.
USER_440029,Neha Patel,Jaipur,5,Loved it!
USER_483171,Sneha Yadav,Ahmedabad,5,Loved it!
USER_907520,Kavya Sharma,Chennai,2,Nice packing.
USER_220177,Riya Deshmukh,Jaipur,4,Nice packing.
USER_239686,Karan Sharma,Hyderabad,4,Exactly as shown in the picture.
USER_337332,Sneha Nair,Surat,2,Battery drains too fast.
USER_902266,Pooja Iyer,Lucknow,3,Battery drains too fast.
USER_506293,Kavya Patel,Hyderabad,4,Highly recommended!
USER_859333,Siddharth Verma,Ahmedabad,4,Awesome delivery speed.
USER_846819,Rohan Deshmukh,Kochi,4,Exactly as shown in the picture.
USER_958197,Aisha Yadav,Bangalore,4,Loved it!
USER_277866,Kavya Bose,Chandigarh,4,Exactly as shown in the picture.
USER_370499,Arjun Singh,Hyderabad,5,Perfect fit and comfortable.
USER_215946,Karan Deshmukh,Kolkata,5,Awesome delivery speed.
USER_333067,Kavya Yadav,Kochi,5,Awesome delivery speed.
USER_239852,Neha Nair,Pune,4,Exactly as shown in the picture.
USER_613239,Anjali Yadav,Pune,4,Excellent customer support.
USER_585208,Pooja Yadav,Ahmedabad,4,Awesome delivery speed.
USER_452701,Aisha Singh,Jaipur,3,"Average quality, could be better."
USER_362960,Sneha Nair,Mumbai,4,Highly recommended!
USER_614840,Siddharth Iyer,Lucknow,4,Awesome delivery speed.
USER_610132,Kavya Verma,Mumbai,1,"Defective item received, returned it."
USER_180267,Neha Gupta,Kolkata,2,Battery drains too fast.
USER_677860,Divya Das,Chennai,5,Awesome delivery speed.
USER_989746,Anjali Iyer,Delhi,2,Nice packing.
USER_447536,Manish Kumar,Bangalore,5,Highly recommended!
USER_356754,Karan Reddy,Kochi,4,A bit overpriced but decent.
USER_317220,Riya Kumar,Jaipur,4,Highly recommended!
USER_916071,Aisha Reddy,Bangalore,2,A bit overpriced but decent.
USER_408613,Karan Yadav,Pune,3,"Average quality, could be better."
USER_362862,Karan Deshmukh,Surat,4,Awesome delivery speed.
USER_232867,Siddharth Deshmukh,Bangalore,2,A bit overpriced but decent.
USER_385215,Neha Sharma,Bangalore,5,"Good product, value for money."
USER_353501,Karan Sharma,Chandigarh,2,"Not as expected, colors are dull."
USER_301731,Kavya Singh,Pune,4,"Average quality, could be better."
USER_549174,Rahul Singh,Bangalore,2,"Terrible, broke on the first day."
USER_551686,Pooja Bose,Lucknow,4,Loved it!
USER_540887,Aisha Yadav,Chandigarh,1,"Defective item received, returned it."
USER_535859,Kavya Deshmukh,Delhi,4,A bit overpriced but decent.
USER_221934,Siddharth Verma,Bangalore,4,Battery drains too fast.
USER_953709,Kavya Sharma,Jaipur,1,"Terrible, broke on the first day."
USER_963413,Karan Chauhan,Surat,2,A bit overpriced but decent.
USER_994336,Siddharth Sharma,Lucknow,5,Excellent customer support.
USER_132975,Aditya Joshi,Chandigarh,5,"Good product, value for money."
USER_684994,Manish Patel,Kochi,2,A bit overpriced but decent.
USER_605521,Arjun Bose,Mumbai,5,Loved it!
USER_762241,Karan Reddy,Delhi,5,Excellent customer support.
USER_898823,Amit Verma,Mumbai,3,Battery drains too fast.
USER_940858,Divya Deshmukh,Chandigarh,4,Battery drains too fast.
USER_365331,Manish Iyer,Ahmedabad,5,Excellent customer support.
USER_698678,Karan Joshi,Surat,2,A bit overpriced but decent.
USER_813806,Kavya Reddy,Kolkata,4,Battery drains too fast.
USER_850514,Vikram Nair,Kolkata,2,Battery drains too fast.
USER_290559,Manish Deshmukh,Jaipur,4,Perfect fit and comfortable.
USER_715482,Neha Das,Mumbai,1,"Terrible, broke on the first day."
USER_868870,Anjali Iyer,Chandigarh,4,Perfect fit and comfortable.
USER_753083,Priya Deshmukh,Bangalore,4,Battery drains too fast.
USER_544444,Divya Yadav,Ahmedabad,2,A bit overpriced but decent.
USER_384878,Rahul Singh,Kolkata,5,Awesome delivery speed.
USER_336482,Rohan Nair,Jaipur,2,"Not as expected, colors are dull."
USER_258328,Neha Patel,Kolkata,4,Perfect fit and comfortable.
USER_464369,Manish Nair,Lucknow,4,Excellent customer support.
USER_537422,Sneha Yadav,Pune,2,"Terrible, broke on the first day."
USER_614560,Aisha Singh,Ahmedabad,2,"Terrible, broke on the first day."
USER_530435,Siddharth Reddy,Ahmedabad,2,"Average quality, could be better."
USER_948082,Manish Chauhan,Bangalore,5,"Good product, value for money."
USER_151812,Neha Gupta,Indore,5,"Good product, value for money."
USER_262135,Aditya Verma,Surat,4,"Not as expected, colors are dull."
USER_370235,Divya Bose,Hyderabad,4,Battery drains too fast.
USER_494757,Neha Das,Bangalore,5,Highly recommended!
USER_803795,Pooja Sharma,Chennai,3,Battery drains too fast.
USER_367359,Aisha Bose,Kochi,3,Nice packing.
USER_868819,Neha Singh,Bangalore,4,"Average quality, could be better."
USER_687455,Divya Gupta,Pune,4,Highly recommended!
USER_765937,Aditya Chauhan,Pune,2,"Defective item received, returned it."
USER_133172,Neha Singh,Ahmedabad,2,Nice packing.
USER_517515,Arjun Chauhan,Ahmedabad,4,A bit overpriced but decent.
USER_345571,Neha Reddy,Delhi,3,A bit overpriced but decent.
USER_274170,Rahul Bose,Pune,4,Battery drains too fast.
USER_117193,Anjali Gupta,Chandigarh,2,"Average quality, could be better."
USER_625074,Anjali Iyer,Indore,5,"Good product, value for money."
USER_264480,Aditya Nair,Mumbai,4,Nice packing.
USER_404359,Anjali Bose,Pune,1,"Terrible, broke on the first day."
USER_981506,Divya Sharma,Chandigarh,5,Perfect fit and comfortable.
USER_734304,Amit Reddy,Kochi,3,"Average quality, could be better."
USER_551533,Riya Singh,Kochi,4,Exactly as shown in the picture.
USER_717316,Riya Sharma,Bangalore,3,"Average quality, could be better."
USER_758749,Aditya Joshi,Pune,4,Exactly as shown in the picture.
USER_506036,Pooja Singh,Kolkata,2,"Terrible, broke on the first day."
USER_160698,Aditya Kumar,Kolkata,4,Exactly as shown in the picture.
USER_620659,Aisha Nair,Chandigarh,2,A bit overpriced but decent.
USER_471739,Priya Bose,Surat,4,"Not as expected, colors are dull."
USER_706092,Siddharth Bose,Pune,5,"Good product, value for money."
USER_625467,Aditya Kumar,Indore,2,"Terrible, broke on the first day."
USER_838024,Sneha Sharma,Kochi,5,Exactly as shown in the picture.
USER_157523,Aditya Deshmukh,Kolkata,5,Highly recommended!
USER_700919,Neha Verma,Chennai,4,Perfect fit and comfortable.
USER_147339,Kavya Gupta,Delhi,4,Highly recommended!
USER_364395,Divya Deshmukh,Indore,2,"Terrible, broke on the first day."
USER_332342,Aditya Nair,Kolkata,1,"Defective item received, returned it."
USER_797803,Arjun Iyer,Chandigarh,2,A bit overpriced but decent.
USER_186608,Kavya Sharma,Indore,2,Nice packing.
USER_667591,Pooja Nair,Mumbai,5,Loved it!
USER_206506,Riya Singh,Surat,2,"Terrible, broke on the first day."
USER_555700,Divya Nair,Kochi,5,"Good product, value for money."
USER_160655,Priya Singh,Jaipur,4,Highly recommended!
USER_706729,Manish Kumar,Bangalore,3,A bit overpriced but decent.
USER_593466,Rohan Reddy,Surat,1,"Terrible, broke on the first day."
USER_255271,Neha Joshi,Hyderabad,5,Highly recommended!
USER_402231,Kavya Joshi,Hyderabad,2,"Worst experience ever, do not buy!"
USER_607926,Rahul Reddy,Delhi,1,"Terrible, broke on the first day."
USER_424920,Divya Gupta,Chennai,2,"Average quality, could be better."
USER_596810,Sneha Singh,Chennai,1,"Terrible, broke on the first day."
USER_652704,Aditya Kumar,Surat,4,"Average quality, could be better."
USER_588314,Neha Bose,Indore,4,Exactly as shown in the picture.
USER_714128,Priya Das,Kochi,4,Exactly as shown in the picture.
USER_781864,Priya Deshmukh,Chandigarh,4,"Not as expected, colors are dull."
USER_303122,Siddharth Bose,Ahmedabad,4,Loved it!
USER_145315,Riya Gupta,Mumbai,5,Awesome delivery speed.
USER_603283,Siddharth Patel,Jaipur,3,Nice packing.
USER_658624,Manish Das,Bangalore,3,"Average quality, could be better."
USER_925253,Vikram Nair,Lucknow,5,Exactly as shown in the picture.
USER_715576,Amit Reddy,Kolkata,2,"Average quality, could be better."
USER_343185,Siddharth Kumar,Chennai,4,Battery drains too fast.
USER_750037,Manish Patel,Kolkata,2,"Defective item received, returned it."
USER_962442,Priya Nair,Lucknow,5,Exactly as shown in the picture.
USER_496237,Manish Sharma,Kochi,2,"Not as expected, colors are dull."
USER_154418,Riya Deshmukh,Mumbai,5,Loved it!
USER_819241,Pooja Chauhan,Hyderabad,4,Highly recommended!
USER_187813,Pooja Sharma,Lucknow,2,"Defective item received, returned it."
USER_768889,Rahul Nair,Kolkata,1,"Terrible, broke on the first day."
USER_328634,Divya Patel,Chennai,2,"Average quality, could be better."
USER_438513,Rohan Patel,Indore,2,"Average quality, could be better."
USER_170421,Siddharth Patel,Hyderabad,3,"Average quality, could be better."
USER_801729,Riya Iyer,Chennai,1,"Defective item received, returned it."
USER_781337,Neha Singh,Ahmedabad,5,"Good product, value for money."
USER_958555,Arjun Kumar,Indore,5,Excellent customer support.
USER_945206,Siddharth Kumar,Pune,3,"Average quality, could be better."
USER_158169,Riya Reddy,Mumbai,2,"Average quality, could be better."
USER_645925,Anjali Gupta,Kolkata,3,"Not as expected, colors are dull."
USER_286877,Rahul Das,Delhi,5,Loved it!
USER_171466,Manish Nair,Surat,3,"Not as expected, colors are dull."
USER_711418,Amit Yadav,Ahmedabad,5,Excellent customer support.
USER_386198,Riya Joshi,Delhi,5,Perfect fit and comfortable.
USER_779749,Riya Patel,Mumbai,3,Battery drains too fast.
USER_452084,Priya Joshi,Jaipur,1,"Terrible, broke on the first day."
USER_477388,Aditya Deshmukh,Ahmedabad,2,Battery drains too fast.
USER_670352,Priya Gupta,Bangalore,5,Highly recommended!
USER_372145,Neha Yadav,Ahmedabad,3,"Average quality, could be better."
USER_502255,Anjali Kumar,Ahmedabad,4,Battery drains too fast.
USER_443177,Rahul Iyer,Pune,3,"Average quality, could be better."
USER_110146,Riya Chauhan,Chandigarh,4,Awesome delivery speed.
USER_347948,Kavya Bose,Chandigarh,5,Highly recommended!
USER_995731,Amit Iyer,Indore,4,Nice packing.
USER_746710,Priya Nair,Mumbai,2,"Average quality, could be better."
USER_160830,Sneha Chauhan,Pune,4,Awesome delivery speed.
USER_791176,Manish Bose,Hyderabad,4,Nice packing.
USER_120055,Vikram Nair,Kochi,2,"Terrible, broke on the first day."
USER_128252,Kavya Nair,Chandigarh,5,Awesome delivery speed.
USER_461911,Arjun Reddy,Delhi,1,"Defective item received, returned it."
USER_347056,Divya Joshi,Delhi,4,"Average quality, could be better."
USER_504010,Riya Chauhan,Kolkata,1,"Worst experience ever, do not buy!"
USER_134635,Aditya Gupta,Kochi,5,Loved it!
USER_505987,Siddharth Yadav,Chandigarh,2,Battery drains too fast.
USER_232939,Arjun Das,Mumbai,5,Loved it!
USER_312298,Sneha Verma,Delhi,5,Awesome delivery speed.
USER_826401,Priya Singh,Kochi,2,Nice packing.
USER_119989,Sneha Yadav,Chandigarh,2,"Average quality, could be better."
USER_297802,Anjali Kumar,Hyderabad,2,"Average quality, could be better."
USER_360587,Priya Gupta,Delhi,2,"Worst experience ever, do not buy!"
USER_778429,Arjun Deshmukh,Lucknow,5,Awesome delivery speed.
USER_259693,Arjun Yadav,Bangalore,2,"Worst experience ever, do not buy!"
USER_366723,Siddharth Joshi,Jaipur,3,A bit overpriced but decent.
USER_439894,Karan Reddy,Bangalore,5,Exactly as shown in the picture.
USER_602889,Anjali Chauhan,Pune,2,"Average quality, could be better."
USER_445210,Neha Singh,Pune,3,"Average quality, could be better."
USER_745019,Amit Verma,Pune,5,Excellent customer support.
USER_559138,Rohan Reddy,Delhi,1,"Defective item received, returned it."
USER_215623,Divya Joshi,Chandigarh,1,"Worst experience ever, do not buy!"
USER_441385,Rahul Reddy,Lucknow,5,"Good product, value for money."
USER_116044,Manish Das,Pune,3,"Average quality, could be better."
USER_303264,Aisha Nair,Bangalore,1,"Worst experience ever, do not buy!"
USER_243041,Arjun Kumar,Pune,4,Battery drains too fast.
USER_666137,Riya Verma,Mumbai,4,Highly recommended!
USER_398339,Neha Gupta,Kochi,5,Highly recommended!
USER_781715,Rohan Kumar,Delhi,4,Perfect fit and comfortable.
USER_985628,Vikram Patel,Lucknow,2,Nice packing.
USER_536212,Riya Verma,Bangalore,4,"Not as expected, colors are dull."
USER_878878,Priya Nair,Jaipur,5,Excellent customer support.
USER_764051,Priya Patel,Ahmedabad,2,A bit overpriced but decent.
USER_905342,Rohan Bose,Pune,1,"Terrible, broke on the first day."
USER_953762,Kavya Joshi,Indore,4,Awesome delivery speed.
USER_111647,Divya Patel,Jaipur,4,Loved it!
USER_759327,Divya Verma,Ahmedabad,4,"Not as expected, colors are dull."
USER_485053,Divya Verma,Delhi,1,"Worst experience ever, do not buy!"
USER_590767,Riya Yadav,Delhi,4,Exactly as shown in the picture.
USER_227824,Neha Nair,Surat,2,"Terrible, broke on the first day."
USER_424578,Kavya Das,Hyderabad,2,A bit overpriced but decent.
USER_812326,Aisha Joshi,Jaipur,3,A bit overpriced but decent.
USER_221921,Karan Singh,Kolkata,4,Excellent customer support.
USER_580453,Arjun Sharma,Ahmedabad,2,"Terrible, broke on the first day."
USER_281217,Siddharth Bose,Jaipur,2,"Average quality, could be better."
USER_491259,Neha Deshmukh,Surat,2,"Defective item received, returned it."
USER_737268,Siddharth Gupta,Delhi,5,Highly recommended!
USER_781115,Riya Chauhan,Hyderabad,2,Battery drains too fast.
USER_942738,Riya Chauhan,Hyderabad,4,Loved it!
USER_283920,Sneha Yadav,Mumbai,4,A bit overpriced but decent.
USER_578458,Divya Patel,Pune,4,"Not as expected, colors are dull."
USER_838153,Arjun Gupta,Bangalore,4,Nice packing.
USER_870524,Sneha Yadav,Delhi,4,Nice packing.
USER_725781,Rahul Reddy,Pune,4,"Average quality, could be better."
USER_476844,Riya Sharma,Indore,4,Exactly as shown in the picture.
USER_165719,Amit Deshmukh,Indore,2,"Average quality, could be better."
USER_988088,Sneha Joshi,Indore,1,"Terrible, broke on the first day."
USER_497284,Kavya Joshi,Ahmedabad,3,A bit overpriced but decent.
USER_790284,Karan Reddy,Hyderabad,4,Highly recommended!
USER_511564,Rahul Gupta,Lucknow,4,"Good product, value for money."
USER_967533,Arjun Iyer,Pune,2,Battery drains too fast.
USER_443302,Aditya Gupta,Delhi,5,"Good product, value for money."
USER_613231,Amit Iyer,Surat,5,Perfect fit and comfortable.
USER_924514,Karan Bose,Jaipur,5,Excellent customer support.
USER_289845,Riya Patel,Kolkata,3,"Average quality, could be better."
USER_454571,Vikram Bose,Chandigarh,4,Awesome delivery speed.
USER_258502,Neha Bose,Hyderabad,1,"Worst experience ever, do not buy!"
USER_834398,Aditya Kumar,Mumbai,2,"Not as expected, colors are dull."
USER_840823,Pooja Das,Indore,4,"Not as expected, colors are dull."
USER_121193,Vikram Iyer,Kolkata,5,Exactly as shown in the picture.
USER_328463,Sneha Singh,Lucknow,4,Exactly as shown in the picture.
USER_686602,Kavya Patel,Jaipur,4,Awesome delivery speed.
USER_157173,Siddharth Chauhan,Chennai,1,"Worst experience ever, do not buy!"
USER_255139,Neha Iyer,Kolkata,4,Highly recommended!
USER_569583,Aisha Deshmukh,Chennai,4,"Not as expected, colors are dull."
USER_657148,Pooja Bose,Chennai,4,Battery drains too fast.
USER_694928,Sneha Das,Delhi,4,Exactly as shown in the picture.
USER_954919,Divya Nair,Hyderabad,2,"Worst experience ever, do not buy!"
USER_323554,Pooja Yadav,Jaipur,5,Awesome delivery speed.
USER_368581,Pooja Patel,Kochi,5,Perfect fit and comfortable.
USER_314102,Rohan Deshmukh,Pune,5,"Good product, value for money."
USER_999718,Manish Gupta,Indore,3,A bit overpriced but decent.
USER_814394,Divya Patel,Mumbai,2,A bit overpriced but decent.
USER_567364,Sneha Chauhan,Delhi,3,Battery drains too fast.
USER_432393,Vikram Bose,Lucknow,4,"Not as expected, colors are dull."
USER_319685,Karan Deshmukh,Indore,3,A bit overpriced but decent.
USER_942232,Siddharth Deshmukh,Mumbai,2,"Not as expected, colors are dull."
USER_336051,Priya Das,Mumbai,4,"Good product, value for money."
USER_129983,Pooja Verma,Ahmedabad,5,Highly recommended!
USER_725432,Aisha Kumar,Kochi,4,Nice packing.
USER_992031,Arjun Nair,Lucknow,4,A bit overpriced but decent.
USER_825727,Amit Chauhan,Surat,1,"Worst experience ever, do not buy!"
USER_753810,Pooja Das,Ahmedabad,4,Excellent customer support.
USER_359119,Aditya Kumar,Jaipur,2,"Not as expected, colors are dull."
USER_634084,Amit Reddy,Lucknow,2,Nice packing.
USER_590762,Riya Joshi,Kochi,5,Loved it!
USER_877519,Aditya Sharma,Ahmedabad,2,"Terrible, broke on the first day."
USER_177575,Riya Gupta,Bangalore,4,"Average quality, could be better."
USER_393207,Manish Bose,Kochi,4,Excellent customer support.
USER_960484,Arjun Joshi,Pune,1,"Defective item received, returned it."
USER_733792,Kavya Joshi,Kolkata,2,"Defective item received, returned it."
USER_940623,Rohan Verma,Lucknow,2,"Defective item received, returned it."
USER_461554,Manish Patel,Hyderabad,4,"Average quality, could be better."
USER_302320,Aisha Bose,Kochi,3,A bit overpriced but decent.
USER_510583,Manish Joshi,Mumbai,4,"Not as expected, colors are dull."
USER_227981,Anjali Singh,Bangalore,5,"Good product, value for money."
USER_343177,Kavya Deshmukh,Jaipur,5,Exactly as shown in the picture.
USER_420007,Priya Chauhan,Mumbai,4,"Average quality, could be better."
USER_391502,Riya Iyer,Chandigarh,5,Perfect fit and comfortable.
USER_263627,Neha Kumar,Ahmedabad,2,Battery drains too fast.
USER_690682,Arjun Nair,Hyderabad,5,Highly recommended!
USER_227098,Rahul Nair,Indore,2,A bit overpriced but decent.
USER_135734,Vikram Chauhan,Ahmedabad,5,Awesome delivery speed.
USER_234233,Aditya Das,Surat,2,"Worst experience ever, do not buy!"
USER_718948,Karan Deshmukh,Delhi,3,"Not as expected, colors are dull."
USER_534351,Aisha Nair,Ahmedabad,5,Perfect fit and comfortable.
USER_707382,Vikram Joshi,Chandigarh,4,Battery drains too fast.
USER_618746,Sneha Joshi,Hyderabad,4,"Average quality, could be better."
USER_935253,Arjun Patel,Jaipur,4,"Average quality, could be better."
USER_459894,Amit Deshmukh,Delhi,4,Loved it!
USER_707407,Siddharth Das,Bangalore,4,Highly recommended!
USER_612149,Priya Iyer,Bangalore,2,"Average quality, could be better."
USER_201115,Aditya Deshmukh,Kolkata,3,Battery drains too fast.
USER_602487,Rahul Chauhan,Surat,4,Awesome delivery speed.
USER_130626,Arjun Nair,Jaipur,5,Highly recommended!
USER_489607,Kavya Patel,Bangalore,3,Nice packing.
USER_815485,Arjun Chauhan,Jaipur,5,Loved it!
USER_425126,Neha Nair,Kochi,5,Exactly as shown in the picture.
USER_882036,Arjun Joshi,Ahmedabad,2,"Terrible, broke on the first day."
USER_767957,Vikram Singh,Delhi,5,Perfect fit and comfortable.
USER_745655,Priya Patel,Ahmedabad,1,"Defective item received, returned it."
USER_742828,Anjali Verma,Indore,2,A bit overpriced but decent.
USER_736166,Divya Yadav,Pune,5,Awesome delivery speed.
USER_540074,Vikram Verma,Pune,2,"Terrible, broke on the first day."
USER_604837,Priya Iyer,Surat,5,Loved it!
USER_536461,Aisha Gupta,Chennai,4,Loved it!
USER_648393,Arjun Verma,Kolkata,4,"Average quality, could be better."
USER_448794,Kavya Nair,Mumbai,4,Awesome delivery speed.
USER_461594,Kavya Patel,Bangalore,5,Excellent customer support.
USER_230542,Rohan Nair,Lucknow,2,Nice packing.
USER_154363,Arjun Chauhan,Bangalore,3,"Not as expected, colors are dull."
USER_606446,Vikram Iyer,Chennai,4,"Good product, value for money."
USER_473974,Manish Chauhan,Lucknow,2,"Worst experience ever, do not buy!"
USER_413159,Neha Patel,Kolkata,5,Awesome delivery speed.
USER_616908,Vikram Yadav,Delhi,2,"Worst experience ever, do not buy!"
USER_603919,Siddharth Chauhan,Jaipur,5,Excellent customer support.
USER_462085,Vikram Kumar,Jaipur,4,Exactly as shown in the picture.
USER_616899,Siddharth Sharma,Lucknow,2,"Not as expected, colors are dull."
USER_468692,Vikram Kumar,Chandigarh,4,Loved it!
USER_524080,Neha Deshmukh,Kochi,5,Loved it!
USER_484327,Aditya Bose,Mumbai,2,"Not as expected, colors are dull."
USER_359856,Amit Deshmukh,Delhi,2,"Worst experience ever, do not buy!"
USER_186052,Aisha Deshmukh,Hyderabad,1,"Terrible, broke on the first day."
USER_635244,Aisha Sharma,Kochi,3,Battery drains too fast.
USER_105042,Aisha Singh,Delhi,4,"Average quality, could be better."
USER_872570,Rahul Yadav,Chennai,5,"Good product, value for money."
USER_775138,Siddharth Patel,Bangalore,4,"Good product, value for money."
USER_611683,Siddharth Gupta,Hyderabad,1,"Worst experience ever, do not buy!"
USER_924246,Vikram Kumar,Kochi,4,Awesome delivery speed.
USER_537665,Aditya Yadav,Pune,1,"Defective item received, returned it."
USER_190538,Riya Gupta,Bangalore,2,"Terrible, broke on the first day."
USER_591837,Kavya Joshi,Mumbai,2,"Defective item received, returned it."
USER_591305,Arjun Reddy,Kochi,5,Highly recommended!
USER_955705,Vikram Bose,Chandigarh,2,"Defective item received, returned it."
USER_429295,Aisha Singh,Ahmedabad,4,Loved it!
USER_696588,Siddharth Iyer,Surat,4,Highly recommended!
USER_976580,Divya Reddy,Lucknow,4,Exactly as shown in the picture.
USER_739780,Divya Bose,Chennai,4,Perfect fit and comfortable.
USER_510027,Vikram Reddy,Surat,2,Nice packing.
USER_599795,Kavya Iyer,Delhi,4,"Not as expected, colors are dull."
USER_572517,Sneha Sharma,Jaipur,2,"Defective item received, returned it."
USER_491710,Manish Joshi,Mumbai,1,"Worst experience ever, do not buy!"
USER_595742,Rohan Deshmukh,Pune,2,"Terrible, broke on the first day."
USER_576779,Divya Kumar,Chandigarh,2,"Not as expected, colors are dull."
USER_146913,Anjali Deshmukh,Surat,1,"Worst experience ever, do not buy!"
USER_667573,Vikram Nair,Lucknow,5,Exactly as shown in the picture.
USER_731118,Kavya Kumar,Chennai,4,Exactly as shown in the picture.
USER_709849,Siddharth Gupta,Chennai,4,A bit overpriced but decent.
USER_689722,Aditya Verma,Lucknow,2,"Average quality, could be better."
USER_933561,Priya Iyer,Kochi,2,"Defective item received, returned it."
USER_836994,Pooja Yadav,Indore,4,"Not as expected, colors are dull."
USER_508366,Arjun Das,Chennai,5,Exactly as shown in the picture.
USER_486332,Riya Chauhan,Lucknow,4,"Average quality, could be better."
USER_114384,Neha Chauhan,Pune,1,"Worst experience ever, do not buy!"
USER_801769,Arjun Verma,Pune,5,Awesome delivery speed.
USER_986253,Vikram Chauhan,Mumbai,5,Awesome delivery speed.
USER_711502,Riya Nair,Ahmedabad,1,"Terrible, broke on the first day."
USER_372428,Sneha Joshi,Ahmedabad,2,Battery drains too fast.
USER_734787,Arjun Das,Ahmedabad,5,"Good product, value for money."
USER_256158,Siddharth Gupta,Pune,5,Exactly as shown in the picture.
USER_393135,Aditya Das,Surat,4,Exactly as shown in the picture.
USER_428592,Anjali Sharma,Surat,2,Nice packing.
USER_846536,Pooja Patel,Hyderabad,1,"Worst experience ever, do not buy!"
USER_159193,Pooja Iyer,Jaipur,5,Loved it!
USER_859807,Siddharth Singh,Chennai,2,Nice packing.
USER_964304,Riya Das,Lucknow,4,Perfect fit and comfortable.
USER_630841,Manish Nair,Ahmedabad,5,Highly recommended!
USER_479141,Manish Nair,Hyderabad,5,Awesome delivery speed.
USER_179039,Divya Verma,Mumbai,2,"Worst experience ever, do not buy!"
USER_741446,Manish Deshmukh,Kochi,5,Highly recommended!
USER_293783,Amit Sharma,Bangalore,4,Nice packing.
USER_684753,Aditya Nair,Chandigarh,5,Perfect fit and comfortable.
USER_361697,Siddharth Nair,Bangalore,2,"Worst experience ever, do not buy!"
USER_325624,Aditya Joshi,Jaipur,4,Excellent customer support.
USER_848407,Siddharth Verma,Bangalore,2,Battery drains too fast.
USER_190798,Siddharth Deshmukh,Jaipur,2,"Defective item received, returned it."
USER_142451,Karan Nair,Surat,2,"Worst experience ever, do not buy!"
USER_321255,Amit Patel,Indore,4,Exactly as shown in the picture.
USER_124807,Aditya Yadav,Chandigarh,5,Excellent customer support.
USER_121612,Pooja Chauhan,Bangalore,2,"Worst experience ever, do not buy!"
USER_683739,Priya Yadav,Lucknow,2,"Defective item received, returned it."
USER_722661,Rahul Sharma,Chennai,5,Excellent customer support.
USER_907877,Aditya Chauhan,Mumbai,5,Excellent customer support.
USER_647922,Riya Patel,Chandigarh,3,"Not as expected, colors are dull."
USER_929013,Sneha Bose,Mumbai,5,Highly recommended!
USER_911818,Karan Gupta,Hyderabad,5,Loved it!
USER_407005,Anjali Sharma,Kochi,1,"Terrible, broke on the first day."
USER_862308,Kavya Kumar,Lucknow,3,"Not as expected, colors are dull."
USER_978712,Manish Iyer,Pune,5,"Good product, value for money."
USER_165111,Amit Nair,Surat,2,"Average quality, could be better."
USER_652439,Siddharth Sharma,Indore,4,"Good product, value for money."
USER_525736,Aditya Sharma,Kolkata,2,"Not as expected, colors are dull."
USER_930337,Karan Singh,Indore,2,"Terrible, broke on the first day."
USER_574500,Arjun Das,Bangalore,3,A bit overpriced but decent.
USER_542500,Riya Das,Delhi,2,"Worst experience ever, do not buy!"
USER_145522,Pooja Yadav,Surat,4,"Average quality, could be better."
USER_184507,Vikram Reddy,Lucknow,4,"Good product, value for money."
USER_246413,Arjun Nair,Pune,2,"Defective item received, returned it."
USER_172343,Arjun Verma,Indore,4,A bit overpriced but decent.
USER_508203,Rahul Singh,Delhi,4,Highly recommended!
USER_694490,Divya Chauhan,Surat,5,Excellent customer support.
USER_658001,Priya Joshi,Indore,5,Highly recommended!
USER_867644,Aditya Iyer,Pune,1,"Defective item received, returned it."
USER_118825,Amit Gupta,Ahmedabad,4,Perfect fit and comfortable.
USER_787503,Aditya Chauhan,Mumbai,3,A bit overpriced but decent.
USER_476002,Priya Iyer,Kolkata,1,"Defective item received, returned it."
USER_651871,Rohan Deshmukh,Bangalore,5,Excellent customer support.
USER_487365,Aisha Verma,Delhi,5,"Good product, value for money."
USER_467647,Priya Iyer,Bangalore,4,Exactly as shown in the picture.
USER_882733,Rahul Verma,Lucknow,3,"Not as expected, colors are dull."
USER_193348,Kavya Verma,Kolkata,4,Perfect fit and comfortable.
USER_487333,Aisha Nair,Mumbai,4,Highly recommended!
USER_266735,Karan Chauhan,Pune,5,Loved it!
USER_137047,Amit Verma,Kolkata,4,A bit overpriced but decent.
USER_909798,Arjun Reddy,Jaipur,5,"Good product, value for money."
USER_390942,Karan Sharma,Delhi,2,Battery drains too fast.
USER_401233,Priya Nair,Chennai,4,Exactly as shown in the picture.
USER_546062,Siddharth Kumar,Bangalore,5,Awesome delivery speed.
USER_663634,Pooja Patel,Indore,4,Loved it!
USER_848149,Arjun Joshi,Mumbai,5,Excellent customer support.
USER_253143,Rohan Sharma,Ahmedabad,1,"Defective item received, returned it."
USER_256743,Neha Singh,Chennai,3,"Not as expected, colors are dull."
USER_247016,Pooja Nair,Pune,5,Excellent customer support.
USER_986741,Rahul Iyer,Indore,5,Excellent customer support.
USER_192075,Karan Deshmukh,Kochi,2,"Defective item received, returned it."
USER_302036,Manish Sharma,Chennai,5,Highly recommended!
USER_510875,Karan Singh,Mumbai,3,Battery drains too fast.
USER_811241,Pooja Kumar,Chennai,3,"Average quality, could be better."
USER_258783,Arjun Sharma,Ahmedabad,5,Highly recommended!
USER_603499,Manish Bose,Pune,4,Battery drains too fast.
USER_183284,Rahul Reddy,Pune,2,"Terrible, broke on the first day."
USER_506589,Anjali Bose,Ahmedabad,4,Battery drains too fast.
USER_770827,Neha Das,Chennai,1,"Defective item received, returned it."
USER_943449,Aditya Verma,Hyderabad,1,"Terrible, broke on the first day."
USER_313221,Sneha Gupta,Lucknow,5,Highly recommended!
USER_397835,Neha Iyer,Chennai,1,"Terrible, broke on the first day."
USER_772300,Pooja Deshmukh,Jaipur,4,A bit overpriced but decent.
USER_448638,Amit Patel,Indore,1,"Worst experience ever, do not buy!"
USER_827783,Riya Iyer,Hyderabad,5,Perfect fit and comfortable.
USER_991578,Kavya Deshmukh,Hyderabad,4,Perfect fit and comfortable.
USER_720868,Aisha Gupta,Jaipur,3,A bit overpriced but decent.
USER_919529,Siddharth Sharma,Bangalore,5,Excellent customer support.
USER_965411,Arjun Das,Chennai,2,"Defective item received, returned it."
USER_999431,Vikram Das,Chennai,5,Loved it!
USER_862572,Amit Gupta,Kochi,4,Exactly as shown in the picture.
USER_465091,Neha Joshi,Chennai,1,"Defective item received, returned it."
USER_187813,Pooja Sharma,Lucknow,2,"Defective item received, returned it."
USER_854952,Arjun Das,Kochi,5,Exactly as shown in the picture.
USER_197242,Neha Sharma,Chennai,4,Perfect fit and comfortable.
USER_952389,Anjali Verma,Chennai,4,Highly recommended!
USER_881330,Sneha Reddy,Bangalore,1,"Terrible, broke on the first day."
USER_187844,Rahul Bose,Surat,1,"Defective item received, returned it."
USER_700930,Arjun Bose,Ahmedabad,5,Highly recommended!
USER_502096,Aisha Joshi,Kolkata,4,Awesome delivery speed.
USER_374322,Manish Sharma,Jaipur,5,Excellent customer support.
USER_370283,Rahul Yadav,Lucknow,4,"Good product, value for money."
USER_160955,Pooja Patel,Delhi,3,"Average quality, could be better."
USER_606442,Aisha Iyer,Kochi,4,Highly recommended!
USER_894260,Karan Das,Kolkata,3,"Average quality, could be better."
USER_959068,Rohan Deshmukh,Pune,1,"Worst experience ever, do not buy!"
USER_353337,Siddharth Patel,Jaipur,5,Perfect fit and comfortable.
USER_727332,Arjun Nair,Kolkata,5,Highly recommended!
USER_493527,Karan Kumar,Jaipur,1,"Worst experience ever, do not buy!"
USER_993293,Divya Iyer,Bangalore,4,Battery drains too fast.
USER_619578,Rahul Verma,Kochi,2,"Worst experience ever, do not buy!"
USER_837239,Priya Gupta,Kochi,4,"Good product, value for money."
USER_406445,Anjali Yadav,Hyderabad,5,Excellent customer support.
USER_235683,Priya Das,Hyderabad,2,Nice packing.
USER_319685,Karan Deshmukh,Indore,3,A bit overpriced but decent.
USER_770863,Aditya Chauhan,Kolkata,4,Excellent customer support.
USER_387319,Manish Joshi,Kolkata,4,Nice packing.
USER_339339,Karan Bose,Kochi,4,Loved it!
USER_742334,Amit Gupta,Delhi,1,"Worst experience ever, do not buy!"
USER_172526,Amit Yadav,Hyderabad,4,Awesome delivery speed.
USER_788620,Kavya Yadav,Mumbai,2,"Defective item received, returned it."
USER_674426,Divya Singh,Surat,1,"Terrible, broke on the first day."
USER_528022,Rahul Joshi,Surat,1,"Terrible, broke on the first day."
USER_743144,Divya Verma,Jaipur,3,Battery drains too fast.
USER_806671,Pooja Joshi,Surat,3,Nice packing.
USER_909114,Divya Joshi,Indore,2,"Average quality, could be better."
USER_878934,Rohan Bose,Kochi,2,A bit overpriced but decent.
USER_595540,Vikram Bose,Indore,5,Perfect fit and comfortable.
USER_227555,Vikram Kumar,Delhi,1,"Terrible, broke on the first day."
USER_284976,Aisha Deshmukh,Chennai,4,Exactly as shown in the picture.
USER_502973,Priya Iyer,Ahmedabad,4,A bit overpriced but decent.
USER_719956,Karan Kumar,Kochi,1,"Defective item received, returned it."
USER_244676,Priya Deshmukh,Delhi,5,Highly recommended!
USER_352827,Anjali Verma,Lucknow,5,"Good product, value for money."
USER_834415,Kavya Joshi,Ahmedabad,4,"Good product, value for money."
USER_693766,Riya Sharma,Jaipur,5,Loved it!
USER_818709,Riya Yadav,Kolkata,5,Awesome delivery speed.
USER_499671,Divya Bose,Indore,4,Perfect fit and comfortable.
USER_784958,Karan Chauhan,Surat,5,"Good product, value for money."
USER_752094,Siddharth Chauhan,Delhi,2,"Average quality, could be better."
USER_541276,Vikram Joshi,Mumbai,4,Nice packing.
USER_200166,Neha Chauhan,Kochi,2,"Average quality, could be better."
USER_177163,Sneha Singh,Mumbai,1,"Worst experience ever, do not buy!"
USER_650378,Aditya Joshi,Kolkata,4,Highly recommended!
USER_308806,Kavya Chauhan,Lucknow,5,Perfect fit and comfortable.
USER_343425,Kavya Deshmukh,Indore,1,"Defective item received, returned it."
USER_998062,Anjali Joshi,Mumbai,5,"Good product, value for money."
USER_164070,Divya Bose,Surat,1,"Worst experience ever, do not buy!"
USER_904205,Neha Deshmukh,Pune,3,A bit overpriced but decent.
USER_606389,Siddharth Das,Kolkata,5,Awesome delivery speed.
USER_812052,Arjun Chauhan,Delhi,3,A bit overpriced but decent.
USER_448173,Rahul Sharma,Kochi,4,"Good product, value for money."
USER_226611,Manish Kumar,Delhi,4,Battery drains too fast.
USER_801848,Riya Nair,Lucknow,5,Perfect fit and comfortable.
USER_437659,Riya Singh,Chandigarh,5,Excellent customer support.
USER_778933,Karan Kumar,Indore,4,Highly recommended!
USER_252164,Sneha Iyer,Chandigarh,5,Excellent customer support.
USER_770651,Sneha Patel,Chennai,4,A bit overpriced but decent.
USER_437544,Manish Gupta,Hyderabad,4,Nice packing.
USER_718938,Aditya Das,Kochi,2,Nice packing.
USER_102874,Siddharth Chauhan,Mumbai,4,Awesome delivery speed.
USER_764373,Rohan Patel,Hyderabad,5,Loved it!
USER_496161,Aditya Sharma,Chandigarh,4,Highly recommended!
USER_136536,Karan Sharma,Bangalore,4,Excellent customer support.
USER_584762,Rohan Iyer,Lucknow,3,"Average quality, could be better."
USER_553722,Neha Deshmukh,Bangalore,4,Awesome delivery speed.
USER_976466,Pooja Chauhan,Chandigarh,4,Awesome delivery speed.
USER_484345,Pooja Patel,Chennai,1,"Worst experience ever, do not buy!"
USER_118953,Priya Kumar,Jaipur,2,Battery drains too fast.
USER_707579,Aisha Kumar,Kochi,4,Perfect fit and comfortable.
USER_395843,Aditya Patel,Bangalore,4,Perfect fit and comfortable.
USER_108078,Aditya Deshmukh,Chennai,2,"Worst experience ever, do not buy!"
USER_496736,Sneha Bose,Lucknow,4,Awesome delivery speed.
USER_197128,Vikram Bose,Kochi,2,"Defective item received, returned it."
USER_116201,Priya Kumar,Chandigarh,5,Exactly as shown in the picture.
USER_376616,Rahul Iyer,Chennai,4,Excellent customer support.
USER_481581,Divya Iyer,Mumbai,2,"Average quality, could be better."
USER_570324,Priya Reddy,Mumbai,4,Awesome delivery speed.
USER_983612,Rahul Reddy,Chennai,4,Perfect fit and comfortable.
USER_761474,Vikram Yadav,Pune,2,"Worst experience ever, do not buy!"
USER_866901,Arjun Patel,Delhi,5,Excellent customer support.
USER_857807,Neha Joshi,Jaipur,3,Nice packing.
USER_989388,Manish Das,Pune,3,"Average quality, could be better."
USER_732639,Aisha Deshmukh,Delhi,1,"Worst experience ever, do not buy!"
USER_483256,Rohan Chauhan,Indore,1,"Terrible, broke on the first day."
USER_710034,Kavya Singh,Mumbai,3,"Average quality, could be better."
USER_701203,Pooja Kumar,Kolkata,3,"Not as expected, colors are dull."
USER_704872,Anjali Kumar,Chandigarh,1,"Defective item received, returned it."
USER_248537,Manish Sharma,Bangalore,1,"Terrible, broke on the first day."
USER_738284,Manish Gupta,Bangalore,5,Highly recommended!
USER_156876,Siddharth Deshmukh,Mumbai,2,"Defective item received, returned it."
USER_914996,Manish Bose,Ahmedabad,4,Battery drains too fast.
USER_678647,Anjali Reddy,Chandigarh,5,Exactly as shown in the picture.
USER_183761,Vikram Chauhan,Bangalore,2,"Not as expected, colors are dull."
USER_419620,Aisha Iyer,Delhi,4,Excellent customer support.
USER_805111,Pooja Verma,Pune,1,"Defective item received, returned it."
USER_684190,Arjun Deshmukh,Indore,4,Exactly as shown in the picture.
USER_649477,Pooja Yadav,Bangalore,2,"Defective item received, returned it."
USER_876938,Anjali Singh,Ahmedabad,4,Awesome delivery speed.
USER_721149,Siddharth Bose,Delhi,4,Loved it!
USER_296433,Rohan Reddy,Jaipur,3,Battery drains too fast.
USER_483205,Manish Iyer,Pune,5,Awesome delivery speed.
USER_572141,Karan Chauhan,Ahmedabad,2,"Terrible, broke on the first day."
USER_586612,Divya Chauhan,Indore,4,Loved it!
USER_753376,Neha Reddy,Delhi,4,Loved it!
USER_881233,Karan Kumar,Hyderabad,4,Battery drains too fast.
USER_635367,Rahul Verma,Bangalore,2,"Worst experience ever, do not buy!"
USER_433845,Aisha Patel,Surat,3,A bit overpriced but decent.
USER_150583,Pooja Singh,Delhi,4,Perfect fit and comfortable.
USER_284718,Neha Patel,Pune,4,Nice packing.
USER_872259,Divya Sharma,Hyderabad,1,"Defective item received, returned it."
USER_544615,Neha Das,Ahmedabad,4,Nice packing.
USER_312883,Manish Sharma,Pune,2,"Defective item received, returned it."
USER_267210,Rahul Chauhan,Hyderabad,3,Nice packing.
USER_628128,Manish Patel,Jaipur,5,Exactly as shown in the picture.
USER_924522,Anjali Deshmukh,Bangalore,2,"Defective item received, returned it."
USER_265366,Arjun Verma,Kochi,4,"Good product, value for money."
USER_376796,Amit Reddy,Lucknow,2,"Terrible, broke on the first day."
USER_543722,Priya Joshi,Lucknow,2,"Terrible, broke on the first day."
USER_270622,Anjali Das,Kolkata,4,"Good product, value for money."
USER_172680,Rahul Singh,Ahmedabad,5,Highly recommended!
USER_228920,Karan Gupta,Surat,2,"Defective item received, returned it."
USER_348192,Rahul Kumar,Chennai,4,Nice packing.
USER_266062,Siddharth Gupta,Mumbai,4,Nice packing.
USER_826473,Sneha Nair,Jaipur,2,"Defective item received, returned it."
USER_616161,Rohan Chauhan,Chandigarh,2,"Defective item received, returned it."
USER_388993,Manish Gupta,Surat,2,A bit overpriced but decent.
USER_872924,Rohan Gupta,Kochi,5,Loved it!
USER_722270,Riya Singh,Pune,4,"Average quality, could be better."
USER_292452,Riya Verma,Chandigarh,1,"Terrible, broke on the first day."
USER_523575,Divya Joshi,Kochi,3,A bit overpriced but decent.
USER_772204,Siddharth Yadav,Bangalore,4,"Not as expected, colors are dull."
USER_197213,Amit Bose,Surat,4,Nice packing.
USER_904139,Rohan Patel,Bangalore,3,Nice packing.
USER_713084,Sneha Bose,Kolkata,3,"Not as expected, colors are dull."
USER_612635,Arjun Singh,Bangalore,5,Loved it!
USER_730354,Sneha Nair,Mumbai,4,Loved it!
USER_808438,Pooja Verma,Pune,2,A bit overpriced but decent.
USER_226267,Karan Joshi,Hyderabad,5,Loved it!
USER_286867,Vikram Joshi,Pune,5,Exactly as shown in the picture.
USER_828680,Riya Yadav,Indore,5,Awesome delivery speed.
USER_771308,Arjun Joshi,Bangalore,5,Excellent customer support.
USER_778765,Aditya Chauhan,Surat,4,A bit overpriced but decent.
USER_522319,Amit Yadav,Indore,5,Loved it!
USER_494740,Manish Yadav,Pune,2,Battery drains too fast.
USER_532914,Amit Kumar,Hyderabad,4,"Good product, value for money."
USER_523485,Amit Iyer,Surat,4,Loved it!
USER_193921,Pooja Yadav,Indore,5,Perfect fit and comfortable.
USER_753836,Aditya Yadav,Hyderabad,1,"Worst experience ever, do not buy!"
USER_101761,Vikram Patel,Ahmedabad,4,A bit overpriced but decent.
USER_158190,Priya Iyer,Hyderabad,3,Battery drains too fast.
USER_428938,Aisha Singh,Ahmedabad,2,"Defective item received, returned it."
USER_433147,Kavya Kumar,Kochi,2,"Not as expected, colors are dull."
USER_425244,Rahul Sharma,Hyderabad,3,"Not as expected, colors are dull."
USER_131586,Vikram Das,Kochi,3,Battery drains too fast.
USER_621187,Kavya Deshmukh,Chandigarh,4,Excellent customer support.
USER_899660,Kavya Das,Bangalore,5,Exactly as shown in the picture.
USER_533793,Aditya Chauhan,Jaipur,5,Excellent customer support.
USER_419687,Rahul Yadav,Chandigarh,5,Exactly as shown in the picture.
USER_961020,Karan Yadav,Mumbai,4,Awesome delivery speed.
USER_994100,Kavya Kumar,Kolkata,2,"Terrible, broke on the first day."
USER_263667,Anjali Bose,Chandigarh,5,Exactly as shown in the picture.
USER_945569,Vikram Verma,Chennai,2,"Not as expected, colors are dull."
USER_867830,Pooja Nair,Mumbai,4,"Good product, value for money."
USER_232163,Neha Gupta,Delhi,4,Awesome delivery speed.
USER_562285,Siddharth Joshi,Bangalore,3,Nice packing.
USER_696682,Rohan Nair,Delhi,4,A bit overpriced but decent.
USER_351881,Rahul Nair,Mumbai,5,"Good product, value for money."
USER_752646,Pooja Sharma,Bangalore,4,"Good product, value for money."
USER_854683,Rahul Kumar,Kolkata,1,"Defective item received, returned it."
USER_261613,Siddharth Joshi,Chandigarh,5,Loved it!
USER_813343,Amit Patel,Mumbai,1,"Terrible, broke on the first day."
USER_522442,Vikram Yadav,Pune,4,Perfect fit and comfortable.
USER_172607,Neha Nair,Hyderabad,4,Awesome delivery speed.
USER_128602,Arjun Deshmukh,Lucknow,5,Exactly as shown in the picture.
USER_725200,Aditya Gupta,Bangalore,4,Perfect fit and comfortable.
USER_213299,Vikram Patel,Kolkata,3,Battery drains too fast.
USER_505407,Siddharth Singh,Kolkata,1,"Terrible, broke on the first day."
USER_692182,Amit Nair,Surat,4,Loved it!
USER_680399,Siddharth Kumar,Jaipur,2,"Defective item received, returned it."
USER_903765,Aditya Bose,Chennai,2,Nice packing.
USER_704117,Vikram Singh,Lucknow,3,"Not as expected, colors are dull."
USER_305952,Aisha Bose,Hyderabad,2,"Worst experience ever, do not buy!"
USER_943210,Siddharth Das,Delhi,1,"Terrible, broke on the first day."
USER_690096,Manish Patel,Bangalore,2,"Not as expected, colors are dull."
USER_351560,Divya Reddy,Kochi,2,"Terrible, broke on the first day."
USER_104569,Anjali Kumar,Surat,4,"Good product, value for money."
USER_619586,Manish Nair,Indore,3,A bit overpriced but decent.
USER_997707,Amit Nair,Chennai,5,Loved it!
USER_430957,Priya Chauhan,Mumbai,1,"Worst experience ever, do not buy!"
USER_439224,Rohan Iyer,Hyderabad,1,"Terrible, broke on the first day."
USER_553843,Anjali Chauhan,Indore,4,A bit overpriced but decent.
USER_406627,Kavya Singh,Indore,3,Battery drains too fast.
USER_701557,Karan Gupta,Indore,4,Exactly as shown in the picture.
USER_352444,Vikram Das,Mumbai,4,Highly recommended!
USER_670185,Anjali Kumar,Chandigarh,4,Nice packing.
USER_571356,Riya Patel,Bangalore,1,"Terrible, broke on the first day."
USER_661157,Aisha Iyer,Mumbai,4,Perfect fit and comfortable.
USER_381542,Vikram Das,Jaipur,5,"Good product, value for money."
USER_433147,Kavya Kumar,Kochi,2,"Not as expected, colors are dull."
USER_456897,Aditya Deshmukh,Chandigarh,2,Nice packing.
USER_481275,Aditya Sharma,Delhi,3,"Not as expected, colors are dull."
USER_330423,Rahul Gupta,Mumbai,1,"Defective item received, returned it."
USER_329980,Priya Chauhan,Mumbai,4,Loved it!
USER_995725,Rohan Iyer,Ahmedabad,4,"Good product, value for money."
USER_200223,Pooja Yadav,Chennai,5,Excellent customer support.
USER_195070,Riya Reddy,Chennai,4,Highly recommended!
USER_697160,Riya Das,Ahmedabad,5,Perfect fit and comfortable.
USER_846819,Rohan Deshmukh,Kochi,4,Exactly as shown in the picture.
USER_436359,Kavya Sharma,Lucknow,4,"Good product, value for money."
USER_186639,Siddharth Reddy,Ahmedabad,4,"Average quality, could be better."
USER_976535,Sneha Gupta,Surat,4,Exactly as shown in the picture.
USER_384395,Karan Deshmukh,Hyderabad,5,Perfect fit and comfortable.
USER_534992,Rahul Das,Indore,5,Excellent customer support.
USER_426956,Manish Deshmukh,Pune,5,"Good product, value for money."
USER_579706,Priya Singh,Delhi,2,"Worst experience ever, do not buy!"
USER_795675,Pooja Singh,Kochi,4,Nice packing.
USER_125477,Karan Joshi,Mumbai,5,Highly recommended!
USER_898615,Neha Iyer,Hyderabad,3,A bit overpriced but decent.
USER_972566,Divya Chauhan,Jaipur,3,A bit overpriced but decent.
USER_190519,Pooja Das,Kolkata,4,Loved it!
USER_107818,Manish Sharma,Indore,4,Highly recommended!
USER_545618,Riya Das,Hyderabad,4,Nice packing.
USER_721498,Neha Singh,Chennai,4,Awesome delivery speed.
USER_441087,Pooja Kumar,Pune,5,"Good product, value for money."
USER_475494,Aisha Gupta,Hyderabad,1,"Terrible, broke on the first day."
USER_972170,Neha Verma,Ahmedabad,3,Battery drains too fast.
USER_269702,Amit Bose,Ahmedabad,4,Exactly as shown in the picture.
USER_236444,Vikram Verma,Delhi,4,"Good product, value for money."
USER_939794,Karan Deshmukh,Ahmedabad,4,Awesome delivery speed.
USER_651860,Riya Sharma,Chennai,4,Loved it!
USER_383709,Kavya Gupta,Chennai,4,Perfect fit and comfortable.
USER_989895,Pooja Iyer,Bangalore,2,"Worst experience ever, do not buy!"
USER_447275,Priya Singh,Kochi,1,"Terrible, broke on the first day."
USER_779321,Neha Nair,Surat,4,Perfect fit and comfortable.
USER_135886,Karan Iyer,Delhi,1,"Worst experience ever, do not buy!"
USER_318121,Aisha Iyer,Chandigarh,4,Highly recommended!
USER_736408,Anjali Gupta,Bangalore,2,"Worst experience ever, do not buy!"
USER_479046,Pooja Gupta,Mumbai,5,Perfect fit and comfortable.
USER_241747,Divya Kumar,Lucknow,4,"Average quality, could be better."
USER_706873,Karan Deshmukh,Hyderabad,4,Perfect fit and comfortable.
USER_662652,Arjun Patel,Surat,4,Exactly as shown in the picture.
USER_510596,Amit Nair,Kolkata,3,Nice packing.
USER_286085,Siddharth Joshi,Jaipur,4,Nice packing.
USER_227912,Siddharth Gupta,Bangalore,5,Excellent customer support.
USER_957431,Rahul Iyer,Delhi,4,Perfect fit and comfortable.
USER_979669,Kavya Yadav,Hyderabad,3,"Average quality, could be better."
USER_248372,Divya Verma,Mumbai,2,"Not as expected, colors are dull."
USER_511877,Anjali Iyer,Bangalore,1,"Terrible, broke on the first day."
USER_849121,Vikram Bose,Mumbai,4,"Not as expected, colors are dull."
USER_600308,Divya Kumar,Mumbai,5,Exactly as shown in the picture.
USER_768864,Manish Joshi,Hyderabad,4,Awesome delivery speed.
USER_911013,Priya Verma,Jaipur,5,"Good product, value for money."
USER_744246,Vikram Joshi,Hyderabad,1,"Worst experience ever, do not buy!"
USER_749885,Divya Iyer,Bangalore,4,Nice packing.
USER_700850,Karan Verma,Delhi,5,Perfect fit and comfortable.
USER_793550,Riya Sharma,Bangalore,2,"Average quality, could be better."
USER_240129,Rohan Nair,Kochi,4,Perfect fit and comfortable.
USER_701796,Neha Nair,Bangalore,3,"Not as expected, colors are dull."
USER_554084,Rahul Verma,Mumbai,4,Awesome delivery speed.
USER_630367,Aditya Sharma,Chennai,2,Battery drains too fast.
USER_537555,Siddharth Iyer,Delhi,2,A bit overpriced but decent.
USER_421091,Anjali Deshmukh,Pune,5,Exactly as shown in the picture.
USER_990975,Amit Sharma,Pune,2,A bit overpriced but decent.
USER_185488,Sneha Patel,Chandigarh,4,"Good product, value for money."
USER_423396,Siddharth Joshi,Mumbai,4,Exactly as shown in the picture.
USER_864153,Priya Reddy,Kolkata,5,Awesome delivery speed.
USER_144296,Vikram Verma,Hyderabad,5,Awesome delivery speed.
USER_500885,Anjali Kumar,Pune,3,Battery drains too fast.
USER_235989,Manish Singh,Kochi,5,Perfect fit and comfortable.
USER_209376,Siddharth Das,Mumbai,3,"Average quality, could be better."
USER_559991,Vikram Deshmukh,Indore,4,Awesome delivery speed.
USER_340374,Pooja Gupta,Chandigarh,5,Exactly as shown in the picture.
USER_368481,Priya Nair,Chennai,4,"Good product, value for money."
USER_677484,Riya Kumar,Delhi,4,Excellent customer support.
USER_100516,Aditya Nair,Bangalore,4,"Good product, value for money."
USER_306006,Kavya Bose,Bangalore,4,"Good product, value for money."
USER_978245,Rohan Joshi,Lucknow,4,"Average quality, could be better."
USER_312678,Kavya Iyer,Jaipur,2,"Defective item received, returned it."
USER_557847,Arjun Reddy,Bangalore,4,Awesome delivery speed.
USER_633187,Vikram Sharma,Kolkata,1,"Defective item received, returned it."
USER_970921,Anjali Yadav,Mumbai,2,"Worst experience ever, do not buy!"
USER_318526,Neha Yadav,Kolkata,1,"Terrible, broke on the first day."
USER_519653,Rohan Patel,Indore,5,Perfect fit and comfortable.
USER_374224,Karan Sharma,Indore,4,Exactly as shown in the picture.
USER_670489,Karan Chauhan,Kolkata,2,"Worst experience ever, do not buy!"
USER_641733,Kavya Gupta,Lucknow,4,"Good product, value for money."
USER_548366,Divya Iyer,Surat,4,Loved it!
USER_142594,Karan Sharma,Chandigarh,2,"Average quality, could be better."
USER_653560,Anjali Chauhan,Surat,4,Perfect fit and comfortable.
USER_204450,Rahul Singh,Chandigarh,4,Nice packing.
USER_575919,Arjun Yadav,Mumbai,2,A bit overpriced but decent.
USER_725748,Vikram Yadav,Bangalore,3,"Average quality, could be better."
USER_149569,Neha Nair,Hyderabad,3,Nice packing.
USER_867242,Rahul Patel,Chennai,4,Awesome delivery speed.
USER_396660,Priya Sharma,Indore,3,A bit overpriced but decent.
USER_282255,Divya Das,Delhi,5,Awesome delivery speed.
USER_900228,Priya Reddy,Chennai,3,Battery drains too fast.
USER_598107,Rohan Reddy,Hyderabad,1,"Worst experience ever, do not buy!"
USER_275293,Divya Singh,Lucknow,5,Excellent customer support.
USER_353315,Priya Chauhan,Lucknow,5,Exactly as shown in the picture.
USER_565982,Manish Deshmukh,Jaipur,5,Loved it!
USER_458290,Priya Yadav,Ahmedabad,4,Battery drains too fast.
USER_830731,Siddharth Gupta,Pune,4,Nice packing.
USER_995085,Aisha Sharma,Bangalore,1,"Terrible, broke on the first day."
USER_291731,Priya Joshi,Mumbai,1,"Terrible, broke on the first day."
USER_472046,Karan Joshi,Jaipur,5,Excellent customer support.
USER_477398,Riya Das,Delhi,2,"Worst experience ever, do not buy!"
USER_276444,Anjali Deshmukh,Bangalore,3,"Not as expected, colors are dull."
USER_919123,Karan Iyer,Bangalore,4,"Not as expected, colors are dull."
USER_483171,Sneha Yadav,Ahmedabad,5,Loved it!
USER_403473,Aisha Joshi,Surat,3,"Average quality, could be better."
USER_941368,Aisha Singh,Lucknow,1,"Worst experience ever, do not buy!"
USER_162600,Arjun Sharma,Lucknow,4,Loved it!
USER_699163,Siddharth Patel,Ahmedabad,4,Awesome delivery speed.
USER_192437,Pooja Sharma,Ahmedabad,4,"Good product, value for money."
USER_829471,Aisha Bose,Mumbai,5,Perfect fit and comfortable.
USER_483124,Aisha Singh,Delhi,4,"Good product, value for money."
USER_151619,Kavya Chauhan,Kolkata,2,Battery drains too fast.
USER_448548,Siddharth Yadav,Surat,5,Excellent customer support.
USER_511128,Neha Nair,Pune,5,"Good product, value for money."
USER_867720,Neha Nair,Mumbai,4,Exactly as shown in the picture.
USER_316463,Neha Patel,Lucknow,5,Highly recommended!
USER_398011,Vikram Iyer,Jaipur,2,Battery drains too fast.
USER_536166,Sneha Gupta,Jaipur,3,A bit overpriced but decent.
USER_527062,Amit Deshmukh,Hyderabad,2,"Not as expected, colors are dull."
USER_253732,Divya Bose,Surat,2,Battery drains too fast.
USER_731594,Rahul Yadav,Kochi,5,Loved it!
USER_612296,Kavya Iyer,Lucknow,2,"Not as expected, colors are dull."
USER_311384,Vikram Verma,Mumbai,5,Exactly as shown in the picture.
USER_189458,Kavya Bose,Pune,5,"Good product, value for money."
USER_604445,Aisha Singh,Jaipur,2,"Terrible, broke on the first day."
USER_114926,Priya Bose,Chandigarh,5,Exactly as shown in the picture.
USER_224998,Arjun Chauhan,Lucknow,1,"Worst experience ever, do not buy!"
USER_701138,Arjun Reddy,Hyderabad,2,"Defective item received, returned it."
USER_755940,Neha Iyer,Mumbai,4,Highly recommended!
USER_911249,Aisha Das,Chandigarh,4,Exactly as shown in the picture.
USER_126507,Karan Patel,Bangalore,4,Exactly as shown in the picture.
USER_150442,Rahul Bose,Jaipur,2,"Average quality, could be better."
USER_856556,Neha Gupta,Kolkata,2,"Terrible, broke on the first day."
USER_138576,Sneha Patel,Chennai,5,Excellent customer support.
USER_861802,Rahul Das,Pune,4,"Good product, value for money."
USER_504799,Aditya Singh,Pune,4,A bit overpriced but decent.
USER_641718,Neha Yadav,Surat,5,Highly recommended!
USER_450385,Anjali Sharma,Kolkata,4,Awesome delivery speed.
USER_246413,Arjun Nair,Pune,2,"Defective item received, returned it."
USER_747895,Anjali Joshi,Chennai,5,Excellent customer support.
USER_970921,Anjali Yadav,Mumbai,2,"Worst experience ever, do not buy!"
USER_785636,Manish Patel,Kolkata,5,Loved it!
USER_494637,Amit Bose,Lucknow,4,Exactly as shown in the picture.
USER_267984,Arjun Bose,Chennai,4,Loved it!
USER_922307,Priya Yadav,Hyderabad,1,"Defective item received, returned it."
USER_361214,Divya Deshmukh,Kochi,2,"Not as expected, colors are dull."
USER_438361,Kavya Bose,Bangalore,2,"Terrible, broke on the first day."
USER_841618,Divya Patel,Kolkata,4,Highly recommended!
USER_674826,Siddharth Patel,Chennai,4,Excellent customer support.
USER_301061,Aditya Patel,Mumbai,2,"Defective item received, returned it."
USER_886285,Anjali Joshi,Surat,4,"Average quality, could be better."
USER_534185,Riya Chauhan,Pune,4,Excellent customer support.
USER_660450,Aditya Kumar,Surat,4,Perfect fit and comfortable.
USER_178686,Aisha Joshi,Pune,2,Battery drains too fast.
USER_441524,Rohan Nair,Bangalore,4,"Not as expected, colors are dull."
USER_899260,Karan Das,Ahmedabad,4,A bit overpriced but decent.
USER_358465,Manish Das,Chennai,4,Excellent customer support.
USER_577679,Neha Das,Chennai,5,Awesome delivery speed.
USER_431662,Siddharth Iyer,Mumbai,5,Loved it!
USER_779935,Pooja Joshi,Kolkata,5,Perfect fit and comfortable.
USER_306748,Manish Singh,Chennai,4,"Average quality, could be better."
USER_234011,Anjali Sharma,Kochi,2,A bit overpriced but decent.
USER_340524,Amit Iyer,Hyderabad,3,A bit overpriced but decent.
USER_758448,Vikram Gupta,Delhi,3,Battery drains too fast.
USER_755558,Amit Chauhan,Chennai,4,Exactly as shown in the picture.
USER_257405,Kavya Verma,Pune,3,"Average quality, could be better."
USER_270511,Amit Patel,Chennai,5,Loved it!
USER_378429,Arjun Kumar,Kolkata,4,Awesome delivery speed.
USER_662580,Neha Reddy,Kolkata,5,Exactly as shown in the picture.
USER_278912,Rohan Deshmukh,Bangalore,5,Exactly as shown in the picture.
USER_620461,Manish Sharma,Ahmedabad,4,Awesome delivery speed.
USER_226806,Sneha Singh,Mumbai,3,Nice packing.
USER_357824,Karan Gupta,Indore,3,"Average quality, could be better."
USER_946266,Arjun Bose,Kochi,4,"Good product, value for money."
USER_821308,Sneha Deshmukh,Chandigarh,5,Loved it!
USER_387319,Manish Joshi,Kolkata,4,Nice packing.
USER_593675,Priya Deshmukh,Chennai,4,Loved it!
USER_160637,Neha Deshmukh,Lucknow,5,Highly recommended!
USER_853867,Arjun Verma,Surat,5,"Good product, value for money."
USER_761485,Kavya Reddy,Chandigarh,2,"Terrible, broke on the first day."
USER_461547,Manish Verma,Bangalore,2,Nice packing.
USER_899347,Siddharth Kumar,Hyderabad,5,Excellent customer support.
USER_309174,Rohan Joshi,Pune,5,Perfect fit and comfortable.
USER_323287,Pooja Deshmukh,Chandigarh,5,Highly recommended!
USER_733521,Aditya Chauhan,Mumbai,2,"Average quality, could be better."
USER_235970,Manish Deshmukh,Bangalore,5,Perfect fit and comfortable.
USER_389640,Anjali Patel,Delhi,4,Exactly as shown in the picture.
USER_255025,Aditya Kumar,Mumbai,3,Nice packing.
USER_273646,Riya Reddy,Bangalore,2,"Defective item received, returned it."
USER_644510,Amit Gupta,Chennai,1,"Worst experience ever, do not buy!"
USER_984857,Anjali Gupta,Bangalore,4,Highly recommended!
USER_234518,Pooja Bose,Jaipur,5,Awesome delivery speed.
USER_904171,Kavya Singh,Indore,5,Perfect fit and comfortable.
USER_334802,Sneha Reddy,Mumbai,4,Awesome delivery speed.
USER_813610,Manish Patel,Jaipur,2,Battery drains too fast.
USER_736775,Divya Reddy,Kochi,2,Battery drains too fast.
USER_694202,Arjun Joshi,Kolkata,5,Excellent customer support.
USER_221995,Kavya Verma,Ahmedabad,1,"Terrible, broke on the first day."
USER_808931,Rahul Gupta,Jaipur,2,"Average quality, could be better."
USER_182029,Priya Patel,Chennai,2,"Worst experience ever, do not buy!"
USER_247684,Divya Iyer,Delhi,4,"Average quality, could be better."
USER_445151,Manish Joshi,Chandigarh,2,A bit overpriced but decent.
USER_337549,Priya Iyer,Delhi,5,"Good product, value for money."
USER_999304,Karan Sharma,Ahmedabad,2,"Worst experience ever, do not buy!"
USER_421953,Aisha Kumar,Kolkata,4,"Not as expected, colors are dull."
USER_916133,Siddharth Nair,Jaipur,4,Exactly as shown in the picture.
USER_691206,Anjali Iyer,Indore,1,"Worst experience ever, do not buy!"
USER_683078,Aisha Singh,Lucknow,2,"Worst experience ever, do not buy!"
USER_156095,Pooja Sharma,Indore,4,Battery drains too fast.
USER_902329,Karan Deshmukh,Chennai,2,"Average quality, could be better."
USER_861878,Pooja Deshmukh,Lucknow,5,Highly recommended!
USER_149592,Amit Iyer,Jaipur,5,Highly recommended!
USER_291774,Aditya Chauhan,Mumbai,4,"Good product, value for money."
USER_910260,Anjali Singh,Kolkata,5,Loved it!
USER_558419,Divya Bose,Hyderabad,5,Exactly as shown in the picture.
USER_815591,Aditya Joshi,Hyderabad,2,"Average quality, could be better."
USER_813392,Rohan Iyer,Chandigarh,1,"Defective item received, returned it."
USER_738607,Manish Bose,Chandigarh,4,Awesome delivery speed.
USER_245116,Siddharth Bose,Bangalore,4,Excellent customer support.
USER_704579,Karan Nair,Ahmedabad,2,A bit overpriced but decent.
USER_718609,Aisha Yadav,Lucknow,3,Battery drains too fast.
USER_394189,Anjali Gupta,Chennai,5,Excellent customer support.
USER_735058,Manish Iyer,Ahmedabad,3,"Not as expected, colors are dull."
USER_610878,Siddharth Yadav,Hyderabad,4,A bit overpriced but decent.
USER_896811,Neha Kumar,Bangalore,2,"Not as expected, colors are dull."
USER_555271,Karan Sharma,Ahmedabad,3,"Average quality, could be better."
USER_237589,Amit Verma,Chandigarh,5,Perfect fit and comfortable.
USER_799564,Vikram Verma,Surat,4,Perfect fit and comfortable.
USER_165947,Kavya Yadav,Lucknow,2,"Defective item received, returned it."
USER_361566,Neha Bose,Chennai,2,"Worst experience ever, do not buy!"
USER_352076,Sneha Reddy,Indore,5,Excellent customer support.
USER_879679,Divya Deshmukh,Delhi,2,"Terrible, broke on the first day."
USER_635187,Pooja Singh,Pune,5,Loved it!
USER_951167,Karan Chauhan,Chennai,2,"Worst experience ever, do not buy!"
USER_737630,Manish Chauhan,Bangalore,5,Awesome delivery speed.
USER_533575,Rohan Patel,Ahmedabad,2,Nice packing.
USER_800496,Arjun Patel,Chennai,4,Perfect fit and comfortable.
USER_515501,Kavya Gupta,Bangalore,5,Perfect fit and comfortable.
USER_597760,Priya Patel,Surat,5,"Good product, value for money."
USER_921078,Anjali Reddy,Lucknow,4,"Good product, value for money."
USER_848149,Arjun Joshi,Mumbai,5,Excellent customer support.
USER_451372,Anjali Iyer,Indore,2,Nice packing.
USER_905062,Karan Yadav,Kolkata,4,Awesome delivery speed.
USER_456808,Aditya Deshmukh,Bangalore,2,"Defective item received, returned it."
USER_762990,Siddharth Kumar,Chandigarh,4,"Not as expected, colors are dull."
USER_659566,Siddharth Yadav,Chandigarh,1,"Worst experience ever, do not buy!"
USER_260353,Aditya Verma,Delhi,3,"Not as expected, colors are dull."
USER_629884,Kavya Reddy,Bangalore,2,"Terrible, broke on the first day."
USER_659397,Rohan Iyer,Delhi,2,"Defective item received, returned it."
USER_887346,Aisha Iyer,Indore,2,"Terrible, broke on the first day."
USER_755158,Aditya Sharma,Delhi,5,Exactly as shown in the picture.
USER_310519,Karan Sharma,Indore,5,Loved it!
USER_493313,Amit Deshmukh,Jaipur,2,Nice packing.
USER_720257,Vikram Sharma,Mumbai,5,Exactly as shown in the picture.
USER_848901,Neha Nair,Chennai,5,Excellent customer support.
USER_964831,Vikram Joshi,Kolkata,3,"Average quality, could be better."
USER_298188,Rahul Kumar,Delhi,4,Highly recommended!
USER_225110,Aisha Patel,Kolkata,4,"Good product, value for money."
USER_408128,Amit Patel,Kolkata,5,Awesome delivery speed.
USER_766056,Pooja Bose,Lucknow,4,"Good product, value for money."
USER_176369,Priya Kumar,Chennai,5,Loved it!
USER_931969,Anjali Patel,Chandigarh,4,A bit overpriced but decent.
USER_900652,Riya Nair,Kochi,5,"Good product, value for money."
USER_295554,Siddharth Yadav,Kolkata,3,Battery drains too fast.
USER_761352,Aisha Singh,Delhi,2,A bit overpriced but decent.
USER_306778,Arjun Reddy,Chennai,4,A bit overpriced but decent.
USER_105397,Manish Bose,Indore,4,Exactly as shown in the picture.
USER_904935,Sneha Chauhan,Kochi,2,"Average quality, could be better."
USER_441546,Neha Iyer,Bangalore,2,"Not as expected, colors are dull."
USER_300912,Anjali Verma,Kolkata,5,"Good product, value for money."
USER_149632,Priya Nair,Pune,3,A bit overpriced but decent.
USER_202833,Priya Joshi,Hyderabad,5,Highly recommended!
USER_649632,Siddharth Das,Hyderabad,2,"Worst experience ever, do not buy!"
USER_273598,Riya Reddy,Chandigarh,5,Exactly as shown in the picture.
USER_222720,Anjali Kumar,Pune,2,"Not as expected, colors are dull."
USER_951043,Riya Das,Mumbai,5,Excellent customer support.
USER_319188,Neha Verma,Lucknow,2,"Not as expected, colors are dull."
USER_893650,Kavya Yadav,Mumbai,5,Perfect fit and comfortable.
USER_467736,Karan Deshmukh,Pune,5,Highly recommended!
USER_501938,Neha Reddy,Delhi,5,Awesome delivery speed.
USER_529415,Aisha Patel,Pune,5,Loved it!
USER_703757,Siddharth Gupta,Jaipur,2,"Not as expected, colors are dull."
USER_830212,Rahul Nair,Kolkata,2,A bit overpriced but decent.
USER_272624,Rahul Yadav,Pune,4,Loved it!
USER_638885,Rohan Chauhan,Mumbai,4,"Good product, value for money."
USER_689782,Priya Iyer,Ahmedabad,4,Highly recommended!
USER_523832,Priya Joshi,Kochi,3,"Not as expected, colors are dull."
USER_275520,Aditya Bose,Ahmedabad,4,Highly recommended!
USER_334802,Sneha Reddy,Mumbai,4,Awesome delivery speed.
USER_910064,Manish Reddy,Chennai,4,Nice packing.
USER_545468,Karan Verma,Hyderabad,5,Loved it!
USER_899826,Kavya Yadav,Surat,4,Highly recommended!
USER_641509,Rohan Gupta,Hyderabad,2,Nice packing.
USER_359296,Sneha Sharma,Mumbai,4,Perfect fit and comfortable.
USER_488283,Manish Yadav,Ahmedabad,4,A bit overpriced but decent.
USER_694463,Vikram Verma,Kochi,2,"Average quality, could be better."
USER_335698,Amit Bose,Jaipur,2,"Terrible, broke on the first day."
USER_662467,Divya Singh,Ahmedabad,3,Nice packing.
USER_881158,Siddharth Bose,Surat,5,Exactly as shown in the picture.
USER_389659,Neha Yadav,Mumbai,1,"Terrible, broke on the first day."
USER_904917,Vikram Gupta,Surat,5,Excellent customer support.
USER_316407,Rahul Verma,Hyderabad,2,A bit overpriced but decent.
USER_213938,Rohan Singh,Hyderabad,1,"Terrible, broke on the first day."
USER_650282,Pooja Yadav,Indore,2,"Defective item received, returned it."
USER_841077,Amit Reddy,Chandigarh,2,"Not as expected, colors are dull."
USER_389314,Sneha Deshmukh,Delhi,1,"Worst experience ever, do not buy!"
USER_903286,Riya Kumar,Jaipur,5,Awesome delivery speed.
USER_591700,Priya Patel,Chandigarh,4,Exactly as shown in the picture.
USER_124192,Riya Reddy,Kolkata,4,Excellent customer support.
USER_916601,Pooja Nair,Kochi,4,Highly recommended!
USER_598562,Aditya Reddy,Hyderabad,5,"Good product, value for money."
USER_211994,Siddharth Yadav,Pune,2,"Terrible, broke on the first day."
USER_741866,Riya Deshmukh,Chandigarh,2,"Defective item received, returned it."
USER_986174,Anjali Joshi,Kochi,4,Exactly as shown in the picture.
USER_663999,Aditya Das,Mumbai,5,Excellent customer support.
USER_102510,Riya Patel,Delhi,4,Highly recommended!
USER_875984,Aditya Bose,Ahmedabad,2,"Terrible, broke on the first day."
USER_841559,Karan Yadav,Ahmedabad,3,Nice packing.
USER_373196,Divya Bose,Hyderabad,2,A bit overpriced but decent.
USER_102652,Manish Patel,Kochi,5,Loved it!
USER_871048,Vikram Das,Indore,4,Highly recommended!
USER_768151,Neha Patel,Hyderabad,4,"Average quality, could be better."
USER_226025,Sneha Patel,Bangalore,2,"Defective item received, returned it."
USER_102705,Priya Joshi,Delhi,4,Nice packing.
USER_252821,Arjun Nair,Delhi,2,"Terrible, broke on the first day."
USER_289422,Priya Yadav,Bangalore,2,"Worst experience ever, do not buy!"
USER_783157,Karan Das,Surat,1,"Terrible, broke on the first day."
USER_902537,Kavya Iyer,Indore,1,"Worst experience ever, do not buy!"
USER_318917,Priya Singh,Kochi,3,"Average quality, could be better."
USER_479855,Neha Verma,Ahmedabad,2,"Terrible, broke on the first day."
USER_576379,Kavya Patel,Indore,2,"Terrible, broke on the first day."
USER_601865,Neha Reddy,Delhi,2,"Not as expected, colors are dull."
USER_316254,Neha Das,Chandigarh,5,Loved it!
USER_326486,Sneha Patel,Kolkata,3,"Average quality, could be better."
USER_384167,Vikram Verma,Chandigarh,2,"Not as expected, colors are dull."
USER_601386,Neha Gupta,Chandigarh,3,A bit overpriced but decent.
USER_586343,Aditya Bose,Kolkata,4,Battery drains too fast.
USER_964460,Sneha Deshmukh,Kochi,1,"Worst experience ever, do not buy!"
USER_735519,Siddharth Reddy,Chandigarh,5,Highly recommended!
USER_482596,Aditya Sharma,Pune,4,Nice packing.
USER_603405,Rahul Deshmukh,Bangalore,5,Awesome delivery speed.
USER_663832,Anjali Gupta,Kolkata,3,Nice packing.
USER_869529,Kavya Nair,Chennai,2,Battery drains too fast.
USER_236005,Arjun Chauhan,Chandigarh,1,"Defective item received, returned it."
USER_911032,Manish Gupta,Indore,5,Highly recommended!
USER_626715,Riya Verma,Ahmedabad,4,A bit overpriced but decent.
USER_220845,Divya Nair,Kolkata,4,Highly recommended!
USER_740020,Vikram Verma,Bangalore,4,Excellent customer support.
USER_475830,Priya Kumar,Indore,5,Perfect fit and comfortable.
USER_803782,Pooja Verma,Indore,3,"Average quality, could be better."
USER_770207,Aisha Yadav,Surat,3,A bit overpriced but decent.
USER_802224,Manish Patel,Indore,2,"Worst experience ever, do not buy!"
USER_584823,Pooja Joshi,Delhi,4,Excellent customer support.
USER_793727,Manish Verma,Chennai,4,Loved it!
USER_498296,Aditya Kumar,Chennai,2,"Defective item received, returned it."
USER_414823,Aditya Patel,Chennai,3,"Average quality, could be better."
USER_595490,Kavya Reddy,Lucknow,4,Battery drains too fast.
USER_366920,Riya Reddy,Hyderabad,5,Awesome delivery speed.
USER_438503,Kavya Deshmukh,Pune,4,Loved it!
USER_668965,Anjali Nair,Mumbai,2,"Not as expected, colors are dull."
USER_125266,Pooja Chauhan,Pune,2,"Terrible, broke on the first day."
USER_542564,Kavya Iyer,Indore,4,"Average quality, could be better."
USER_131391,Rahul Reddy,Lucknow,5,Perfect fit and comfortable.
USER_541694,Riya Patel,Surat,2,"Terrible, broke on the first day."
USER_708894,Vikram Chauhan,Jaipur,5,"Good product, value for money."
USER_685532,Manish Yadav,Mumbai,2,"Defective item received, returned it."
USER_819622,Riya Verma,Pune,4,Loved it!
USER_578789,Karan Patel,Jaipur,5,Highly recommended!
USER_269864,Rohan Chauhan,Pune,5,Awesome delivery speed.
USER_269565,Manish Verma,Kochi,2,"Terrible, broke on the first day."
USER_125997,Manish Das,Chandigarh,4,Nice packing.
USER_301021,Pooja Gupta,Indore,5,Highly recommended!
USER_404099,Neha Nair,Chennai,5,Highly recommended!
USER_672617,Neha Reddy,Kochi,3,Battery drains too fast.
USER_587573,Sneha Iyer,Mumbai,5,"Good product, value for money."
USER_753614,Anjali Yadav,Bangalore,4,Perfect fit and comfortable.
USER_397245,Rohan Sharma,Hyderabad,4,"Good product, value for money."
USER_911985,Sneha Iyer,Bangalore,2,"Worst experience ever, do not buy!"
USER_500389,Aditya Yadav,Kolkata,5,Awesome delivery speed.
USER_342069,Neha Iyer,Bangalore,5,Highly recommended!
USER_468556,Karan Joshi,Mumbai,4,A bit overpriced but decent.
USER_381745,Aditya Nair,Pune,4,Excellent customer support.
USER_415350,Amit Gupta,Delhi,4,"Not as expected, colors are dull."
USER_481651,Kavya Deshmukh,Kochi,3,Battery drains too fast.
USER_750995,Amit Yadav,Jaipur,4,A bit overpriced but decent.
USER_875400,Rohan Sharma,Ahmedabad,3,Battery drains too fast.
USER_218044,Riya Yadav,Delhi,4,Exactly as shown in the picture.
USER_788856,Rohan Singh,Jaipur,4,Nice packing.
USER_735236,Anjali Iyer,Hyderabad,5,Highly recommended!
USER_120516,Kavya Reddy,Mumbai,4,Highly recommended!
USER_489939,Neha Singh,Kolkata,4,"Good product, value for money."
USER_557379,Aisha Kumar,Surat,2,Battery drains too fast.
USER_950649,Pooja Yadav,Mumbai,4,"Average quality, could be better."
USER_239843,Anjali Gupta,Bangalore,5,Exactly as shown in the picture.
USER_125127,Rohan Iyer,Kochi,3,A bit overpriced but decent.
USER_584431,Vikram Nair,Kolkata,4,A bit overpriced but decent.
USER_765259,Riya Yadav,Surat,2,"Terrible, broke on the first day."
USER_476843,Pooja Reddy,Kochi,5,Perfect fit and comfortable.
USER_754537,Rohan Kumar,Kolkata,3,Battery drains too fast.
USER_392714,Kavya Joshi,Delhi,5,"Good product, value for money."
USER_594987,Karan Reddy,Indore,4,Battery drains too fast.
USER_196367,Priya Joshi,Kochi,1,"Defective item received, returned it."
USER_597725,Anjali Bose,Bangalore,4,Battery drains too fast.
USER_726175,Karan Bose,Surat,3,"Average quality, could be better."
USER_516114,Anjali Verma,Ahmedabad,3,"Not as expected, colors are dull."
USER_733765,Sneha Deshmukh,Bangalore,4,Nice packing.
USER_960181,Arjun Reddy,Kolkata,5,Perfect fit and comfortable.
USER_121845,Karan Chauhan,Lucknow,5,Awesome delivery speed.
USER_205997,Anjali Reddy,Chandigarh,5,Awesome delivery speed.
USER_440248,Manish Yadav,Bangalore,5,"Good product, value for money."
USER_530077,Aditya Iyer,Mumbai,5,Awesome delivery speed.
USER_710184,Neha Iyer,Jaipur,5,Awesome delivery speed.
USER_391769,Karan Verma,Kochi,4,"Average quality, could be better."
USER_256115,Aisha Nair,Kolkata,4,"Average quality, could be better."
USER_857807,Neha Joshi,Jaipur,3,Nice packing.
USER_971071,Anjali Chauhan,Surat,5,Exactly as shown in the picture.
USER_974775,Kavya Verma,Jaipur,2,"Average quality, could be better."
USER_753653,Amit Joshi,Ahmedabad,5,Excellent customer support.
USER_531995,Anjali Deshmukh,Ahmedabad,1,"Terrible, broke on the first day."
USER_622249,Aisha Reddy,Jaipur,2,Nice packing.
USER_448510,Sneha Iyer,Chandigarh,2,"Not as expected, colors are dull."
USER_693972,Kavya Iyer,Hyderabad,4,Loved it!
USER_640780,Rohan Gupta,Pune,1,"Defective item received, returned it."
USER_906999,Priya Deshmukh,Hyderabad,3,Battery drains too fast.
USER_631011,Aditya Sharma,Chennai,5,Highly recommended!
USER_365923,Manish Yadav,Jaipur,4,Highly recommended!
USER_310511,Rohan Nair,Chandigarh,5,Excellent customer support.
USER_344141,Riya Joshi,Chandigarh,4,A bit overpriced but decent.
USER_715712,Aditya Singh,Surat,2,"Defective item received, returned it."
USER_800786,Riya Das,Jaipur,4,Perfect fit and comfortable.
USER_947271,Anjali Verma,Ahmedabad,4,"Average quality, could be better."
USER_270494,Neha Patel,Kochi,4,Nice packing.
USER_246804,Kavya Chauhan,Hyderabad,5,Excellent customer support.
USER_714773,Neha Patel,Kolkata,3,"Average quality, could be better."
USER_374265,Riya Gupta,Pune,2,Battery drains too fast.
USER_453163,Vikram Patel,Bangalore,4,Loved it!
USER_364130,Manish Iyer,Ahmedabad,2,"Defective item received, returned it."
USER_362862,Karan Deshmukh,Surat,4,Awesome delivery speed.
USER_721498,Neha Singh,Chennai,4,Awesome delivery speed.
USER_958527,Manish Chauhan,Ahmedabad,5,Excellent customer support.
USER_563714,Amit Joshi,Jaipur,2,Nice packing.
USER_497842,Anjali Das,Kolkata,4,Excellent customer support.
USER_999325,Rahul Verma,Hyderabad,2,"Average quality, could be better."
USER_876736,Priya Patel,Ahmedabad,5,Excellent customer support.
USER_265299,Divya Sharma,Pune,5,"Good product, value for money."
USER_267355,Arjun Verma,Surat,2,"Worst experience ever, do not buy!"
USER_473854,Divya Das,Kochi,1,"Defective item received, returned it."
USER_470167,Vikram Sharma,Chennai,4,Perfect fit and comfortable.
USER_853242,Divya Bose,Lucknow,2,"Terrible, broke on the first day."
USER_832982,Priya Iyer,Pune,5,Excellent customer support.
USER_573639,Sneha Bose,Delhi,4,"Good product, value for money."
USER_739538,Riya Gupta,Mumbai,3,Battery drains too fast.
USER_817445,Aisha Sharma,Chandigarh,4,Loved it!
USER_205323,Anjali Patel,Pune,2,"Average quality, could be better."
USER_607626,Kavya Das,Jaipur,5,Exactly as shown in the picture.
USER_497863,Karan Deshmukh,Surat,5,"Good product, value for money."
USER_917505,Anjali Singh,Ahmedabad,4,Perfect fit and comfortable.
USER_630108,Rohan Kumar,Kolkata,4,Loved it!
USER_551900,Manish Das,Jaipur,4,Exactly as shown in the picture.
USER_516172,Rahul Verma,Chandigarh,4,Highly recommended!
USER_124807,Aditya Yadav,Chandigarh,5,Excellent customer support.
USER_603491,Vikram Bose,Chennai,5,Loved it!
USER_831926,Divya Joshi,Chandigarh,4,"Not as expected, colors are dull."
USER_484893,Kavya Verma,Chandigarh,1,"Defective item received, returned it."
USER_566182,Kavya Patel,Kolkata,4,Loved it!
USER_918640,Siddharth Kumar,Lucknow,4,Exactly as shown in the picture.
USER_425420,Siddharth Nair,Pune,1,"Defective item received, returned it."
USER_242028,Karan Joshi,Surat,1,"Defective item received, returned it."
USER_892006,Karan Singh,Hyderabad,5,Perfect fit and comfortable.
USER_454139,Arjun Yadav,Lucknow,4,Excellent customer support.
USER_428937,Neha Reddy,Chandigarh,2,"Defective item received, returned it."
USER_316493,Riya Gupta,Pune,5,Highly recommended!
USER_423026,Arjun Nair,Indore,2,Battery drains too fast.
USER_560780,Riya Singh,Delhi,5,Exactly as shown in the picture.
USER_434025,Kavya Iyer,Jaipur,1,"Defective item received, returned it."
USER_364777,Vikram Iyer,Mumbai,2,"Defective item received, returned it."
USER_453163,Vikram Patel,Bangalore,4,Loved it!
USER_123537,Vikram Joshi,Ahmedabad,3,"Average quality, could be better."
USER_286738,Siddharth Iyer,Bangalore,2,Nice packing.
USER_124885,Karan Gupta,Pune,1,"Terrible, broke on the first day."
USER_617386,Amit Kumar,Indore,2,Nice packing.
USER_794639,Amit Joshi,Kochi,3,"Not as expected, colors are dull."
USER_664690,Vikram Verma,Delhi,4,Excellent customer support.
USER_441501,Sneha Chauhan,Pune,5,Exactly as shown in the picture.
USER_676712,Manish Verma,Bangalore,2,"Average quality, could be better."
USER_790079,Karan Iyer,Ahmedabad,2,"Not as expected, colors are dull."
USER_277444,Manish Deshmukh,Indore,3,A bit overpriced but decent.
USER_820554,Siddharth Kumar,Chandigarh,4,Awesome delivery speed.
USER_968322,Riya Yadav,Mumbai,2,"Not as expected, colors are dull."
USER_583833,Siddharth Joshi,Lucknow,1,"Terrible, broke on the first day."
USER_967021,Arjun Iyer,Chandigarh,4,"Good product, value for money."
USER_238459,Divya Das,Mumbai,2,"Defective item received, returned it."
USER_341874,Pooja Reddy,Chennai,4,Excellent customer support.
USER_497698,Kavya Yadav,Ahmedabad,5,Perfect fit and comfortable.
USER_419770,Aditya Singh,Kolkata,5,Perfect fit and comfortable.
USER_462494,Anjali Das,Hyderabad,5,Perfect fit and comfortable.
USER_982442,Rohan Kumar,Hyderabad,4,Loved it!
USER_627912,Riya Sharma,Indore,2,"Terrible, broke on the first day."
USER_561921,Karan Singh,Surat,2,Nice packing.
USER_543677,Priya Nair,Ahmedabad,5,Perfect fit and comfortable.
USER_126497,Aisha Verma,Ahmedabad,4,Highly recommended!
USER_248702,Aisha Deshmukh,Surat,4,Perfect fit and comfortable.
USER_168700,Amit Kumar,Chandigarh,2,"Worst experience ever, do not buy!"
USER_504090,Priya Patel,Bangalore,4,Highly recommended!
USER_880281,Arjun Das,Kolkata,4,Excellent customer support.
USER_788818,Priya Gupta,Ahmedabad,1,"Worst experience ever, do not buy!"
USER_411392,Arjun Sharma,Jaipur,2,"Worst experience ever, do not buy!"
USER_115320,Riya Verma,Bangalore,2,"Terrible, broke on the first day."
USER_451847,Anjali Iyer,Delhi,4,Awesome delivery speed.
USER_961505,Aditya Nair,Jaipur,4,"Good product, value for money."
USER_402003,Amit Iyer,Kochi,4,Excellent customer support.
USER_871114,Sneha Iyer,Delhi,4,"Good product, value for money."
USER_342056,Amit Iyer,Lucknow,4,Nice packing.
USER_551799,Aisha Bose,Chennai,5,Excellent customer support.
USER_486705,Priya Patel,Chennai,2,"Defective item received, returned it."
USER_826275,Manish Sharma,Indore,2,A bit overpriced but decent.
USER_449687,Vikram Patel,Kochi,2,"Defective item received, returned it."
USER_369129,Amit Chauhan,Indore,4,"Good product, value for money."
USER_892839,Aditya Reddy,Surat,4,Excellent customer support.
USER_741204,Neha Das,Hyderabad,2,"Average quality, could be better."
USER_566294,Divya Yadav,Pune,5,"Good product, value for money."
USER_533965,Kavya Das,Bangalore,2,"Average quality, could be better."
USER_388767,Aisha Singh,Chennai,5,Loved it!
USER_528159,Priya Deshmukh,Kochi,4,Loved it!
USER_144955,Pooja Das,Mumbai,5,Loved it!
USER_558827,Neha Patel,Indore,5,Awesome delivery speed.
USER_674368,Divya Gupta,Pune,2,"Terrible, broke on the first day."
USER_944724,Vikram Verma,Kolkata,5,Loved it!
USER_284027,Karan Reddy,Chandigarh,4,Loved it!
USER_734472,Vikram Iyer,Lucknow,3,A bit overpriced but decent.
USER_200482,Sneha Sharma,Hyderabad,5,Perfect fit and comfortable.
USER_990503,Kavya Deshmukh,Delhi,4,"Average quality, could be better."
USER_871319,Amit Patel,Pune,5,Awesome delivery speed.
USER_385410,Manish Gupta,Jaipur,4,Exactly as shown in the picture.
USER_753450,Kavya Patel,Hyderabad,2,"Not as expected, colors are dull."
USER_479778,Anjali Bose,Bangalore,5,"Good product, value for money."
USER_599160,Anjali Chauhan,Jaipur,5,Perfect fit and comfortable.
USER_173633,Arjun Gupta,Mumbai,4,"Not as expected, colors are dull."
USER_773746,Rohan Nair,Jaipur,2,"Average quality, could be better."
USER_855570,Anjali Patel,Kolkata,2,"Worst experience ever, do not buy!"
USER_264250,Aisha Das,Lucknow,2,"Worst experience ever, do not buy!"
USER_661014,Anjali Das,Hyderabad,1,"Worst experience ever, do not buy!"
USER_125425,Riya Das,Chandigarh,4,Perfect fit and comfortable.
USER_689404,Rohan Sharma,Kochi,3,Battery drains too fast.
USER_204793,Amit Reddy,Surat,1,"Worst experience ever, do not buy!"
USER_383229,Amit Bose,Surat,4,Highly recommended!
USER_587378,Siddharth Yadav,Jaipur,2,"Worst experience ever, do not buy!"
USER_955280,Arjun Bose,Pune,3,"Average quality, could be better."
USER_121393,Riya Joshi,Jaipur,4,Highly recommended!
USER_104472,Sneha Singh,Indore,5,Excellent customer support.
USER_295783,Pooja Sharma,Ahmedabad,4,Battery drains too fast.
USER_966183,Siddharth Das,Mumbai,5,Exactly as shown in the picture.
USER_879753,Aisha Nair,Surat,4,Loved it!
USER_407097,Riya Deshmukh,Delhi,4,Loved it!
USER_353976,Karan Singh,Delhi,1,"Terrible, broke on the first day."
USER_774545,Aisha Verma,Jaipur,1,"Worst experience ever, do not buy!"
USER_305906,Riya Verma,Chandigarh,2,"Not as expected, colors are dull."
USER_926600,Vikram Bose,Pune,4,"Not as expected, colors are dull."
USER_471032,Neha Reddy,Kolkata,4,Perfect fit and comfortable.
USER_556878,Arjun Yadav,Mumbai,2,"Not as expected, colors are dull."
USER_152269,Pooja Verma,Hyderabad,1,"Defective item received, returned it."
USER_347852,Aditya Gupta,Surat,5,Highly recommended!
USER_904917,Vikram Gupta,Surat,5,Excellent customer support.
USER_939449,Neha Nair,Jaipur,1,"Defective item received, returned it."
USER_411232,Aisha Reddy,Bangalore,1,"Terrible, broke on the first day."
USER_115152,Priya Gupta,Mumbai,2,"Defective item received, returned it."
USER_699847,Aisha Joshi,Kochi,4,Highly recommended!
USER_794291,Aisha Gupta,Mumbai,2,A bit overpriced but decent.
USER_158642,Pooja Singh,Hyderabad,3,Battery drains too fast.
USER_199296,Rohan Reddy,Chennai,4,Battery drains too fast.
USER_587546,Aisha Deshmukh,Kochi,4,"Good product, value for money."
USER_559893,Divya Singh,Mumbai,2,"Not as expected, colors are dull."
USER_415450,Arjun Singh,Kolkata,2,"Worst experience ever, do not buy!"
USER_429518,Divya Deshmukh,Jaipur,1,"Defective item received, returned it."
USER_129181,Priya Sharma,Kolkata,4,Loved it!
USER_284547,Riya Das,Kolkata,4,Excellent customer support.
USER_254518,Neha Deshmukh,Mumbai,4,Highly recommended!
USER_973260,Sneha Bose,Surat,2,"Defective item received, returned it."
USER_730282,Rahul Das,Jaipur,4,"Not as expected, colors are dull."
USER_577023,Anjali Kumar,Chandigarh,5,Highly recommended!
USER_173458,Riya Verma,Bangalore,1,"Worst experience ever, do not buy!"
USER_210139,Pooja Bose,Pune,5,"Good product, value for money."
USER_205354,Priya Reddy,Ahmedabad,5,Loved it!
USER_604804,Rohan Yadav,Lucknow,5,Highly recommended!
USER_556213,Neha Reddy,Jaipur,5,Perfect fit and comfortable.
USER_107153,Kavya Chauhan,Chennai,4,Loved it!
USER_466790,Aditya Verma,Bangalore,4,Highly recommended!
USER_613235,Karan Iyer,Ahmedabad,3,"Not as expected, colors are dull."
USER_790431,Karan Yadav,Chennai,4,"Average quality, could be better."
USER_496307,Sneha Deshmukh,Jaipur,4,Nice packing.
USER_286692,Riya Sharma,Surat,4,"Not as expected, colors are dull."
USER_268142,Manish Deshmukh,Chennai,1,"Defective item received, returned it."
USER_755673,Aisha Joshi,Jaipur,4,Nice packing.
USER_926794,Siddharth Reddy,Delhi,2,Battery drains too fast.
USER_155726,Manish Singh,Chennai,4,Perfect fit and comfortable.
USER_746952,Karan Gupta,Surat,5,"Good product, value for money."
USER_741654,Siddharth Joshi,Kolkata,5,Awesome delivery speed.
USER_519963,Rohan Bose,Mumbai,5,Perfect fit and comfortable.
USER_346549,Karan Nair,Pune,5,Excellent customer support.
USER_951415,Priya Yadav,Kochi,1,"Terrible, broke on the first day."
USER_961661,Rohan Patel,Indore,2,"Worst experience ever, do not buy!"
USER_175553,Arjun Iyer,Surat,4,Excellent customer support.
USER_484513,Anjali Chauhan,Chennai,4,Battery drains too fast.
USER_131535,Vikram Verma,Chandigarh,1,"Terrible, broke on the first day."
USER_606236,Karan Verma,Surat,1,"Terrible, broke on the first day."
USER_917486,Arjun Bose,Bangalore,5,Highly recommended!
USER_923266,Rahul Verma,Chennai,5,Exactly as shown in the picture.
USER_819712,Karan Singh,Bangalore,4,Exactly as shown in the picture.
USER_278730,Anjali Kumar,Hyderabad,4,Excellent customer support.
USER_598667,Arjun Iyer,Lucknow,4,Exactly as shown in the picture.
USER_985530,Kavya Nair,Jaipur,2,"Not as expected, colors are dull."
USER_265720,Anjali Joshi,Kolkata,4,"Good product, value for money."
USER_395996,Sneha Yadav,Kochi,4,Awesome delivery speed.
USER_111134,Arjun Singh,Pune,2,Battery drains too fast.
USER_741446,Manish Deshmukh,Kochi,5,Highly recommended!
USER_398632,Divya Iyer,Ahmedabad,3,A bit overpriced but decent.
USER_965789,Amit Verma,Lucknow,4,A bit overpriced but decent.
USER_113891,Sneha Iyer,Jaipur,4,Loved it!
USER_332617,Neha Gupta,Mumbai,4,Highly recommended!
USER_780117,Priya Verma,Mumbai,4,"Average quality, could be better."
USER_594034,Amit Gupta,Ahmedabad,4,Perfect fit and comfortable.
USER_120886,Aisha Nair,Kolkata,2,Nice packing.
USER_716347,Sneha Chauhan,Kolkata,2,A bit overpriced but decent.
USER_751821,Divya Bose,Delhi,2,Battery drains too fast.
USER_661157,Aisha Iyer,Mumbai,4,Perfect fit and comfortable.
USER_166936,Sneha Iyer,Hyderabad,5,Awesome delivery speed.
USER_981531,Anjali Reddy,Pune,2,Battery drains too fast.
USER_993259,Manish Bose,Surat,4,Awesome delivery speed.
USER_182751,Karan Joshi,Ahmedabad,4,Exactly as shown in the picture.
USER_643225,Anjali Yadav,Kolkata,2,Battery drains too fast.
USER_917279,Siddharth Singh,Surat,3,"Not as expected, colors are dull."
USER_954159,Rohan Bose,Kolkata,4,Battery drains too fast.
USER_925764,Sneha Iyer,Jaipur,5,Exactly as shown in the picture.
USER_952902,Manish Nair,Bangalore,4,Nice packing.
USER_332061,Pooja Gupta,Lucknow,4,"Good product, value for money."
USER_953227,Priya Deshmukh,Ahmedabad,4,A bit overpriced but decent.
USER_117521,Anjali Sharma,Chandigarh,4,Exactly as shown in the picture.
USER_103142,Amit Sharma,Surat,4,Exactly as shown in the picture.
USER_286355,Siddharth Kumar,Hyderabad,4,Perfect fit and comfortable.
USER_308806,Kavya Chauhan,Lucknow,5,Perfect fit and comfortable.
USER_744002,Sneha Bose,Surat,4,Loved it!
USER_217490,Vikram Gupta,Indore,2,"Worst experience ever, do not buy!"
USER_247662,Divya Das,Bangalore,5,Excellent customer support.
USER_716569,Neha Gupta,Kochi,3,Battery drains too fast.
USER_482920,Amit Verma,Mumbai,4,Awesome delivery speed.
USER_533652,Kavya Gupta,Kolkata,2,Battery drains too fast.
USER_641474,Pooja Iyer,Chandigarh,4,Excellent customer support.
USER_843880,Riya Sharma,Chandigarh,2,A bit overpriced but decent.
USER_467161,Vikram Reddy,Jaipur,4,Excellent customer support.
USER_254959,Priya Kumar,Delhi,5,Exactly as shown in the picture.
USER_728446,Manish Das,Kolkata,3,"Average quality, could be better."
USER_875855,Vikram Bose,Surat,5,Awesome delivery speed.
USER_269685,Manish Reddy,Delhi,4,Nice packing.
USER_353011,Karan Das,Ahmedabad,4,Nice packing.
USER_813068,Rahul Sharma,Jaipur,4,"Average quality, could be better."
USER_540546,Amit Yadav,Pune,4,Nice packing.
USER_440064,Vikram Yadav,Chennai,5,Loved it!
USER_364398,Amit Nair,Surat,5,Exactly as shown in the picture.
USER_644438,Arjun Das,Bangalore,2,"Average quality, could be better."
USER_522067,Rohan Das,Kolkata,5,Highly recommended!
USER_142623,Riya Chauhan,Ahmedabad,4,Highly recommended!
USER_159129,Arjun Reddy,Indore,4,"Good product, value for money."
USER_100361,Aditya Kumar,Bangalore,5,Exactly as shown in the picture.
USER_677630,Rohan Reddy,Lucknow,4,Excellent customer support.
USER_445968,Priya Yadav,Jaipur,4,Awesome delivery speed.
USER_855313,Anjali Kumar,Delhi,4,"Good product, value for money."
USER_309733,Priya Patel,Chandigarh,1,"Terrible, broke on the first day."
USER_286130,Manish Joshi,Jaipur,5,"Good product, value for money."
USER_449388,Rahul Joshi,Jaipur,5,Loved it!
USER_545008,Neha Gupta,Jaipur,2,"Not as expected, colors are dull."
USER_335055,Manish Chauhan,Ahmedabad,1,"Worst experience ever, do not buy!"
USER_830459,Vikram Das,Surat,4,Excellent customer support.
USER_165968,Pooja Deshmukh,Indore,2,"Worst experience ever, do not buy!"
USER_965512,Rohan Sharma,Kochi,5,Exactly as shown in the picture.
USER_853733,Pooja Gupta,Surat,4,"Good product, value for money."
USER_918576,Anjali Singh,Bangalore,2,"Defective item received, returned it."
USER_355566,Riya Deshmukh,Jaipur,5,Highly recommended!
USER_322382,Pooja Bose,Pune,5,Loved it!
USER_778514,Kavya Chauhan,Kolkata,4,Nice packing.
USER_599982,Priya Patel,Mumbai,5,Excellent customer support.
USER_655397,Karan Sharma,Jaipur,1,"Worst experience ever, do not buy!"
USER_829565,Aditya Singh,Ahmedabad,4,Exactly as shown in the picture.
USER_131770,Aditya Iyer,Jaipur,1,"Worst experience ever, do not buy!"
USER_692444,Rohan Iyer,Ahmedabad,4,Battery drains too fast.
USER_183039,Rahul Deshmukh,Bangalore,4,"Average quality, could be better."
USER_802357,Siddharth Verma,Indore,2,Nice packing.
USER_688717,Rahul Nair,Delhi,5,Highly recommended!
USER_820142,Aisha Deshmukh,Pune,4,"Not as expected, colors are dull."
USER_812987,Sneha Singh,Mumbai,2,"Terrible, broke on the first day."
USER_580063,Kavya Reddy,Lucknow,4,"Average quality, could be better."
USER_753191,Rahul Das,Lucknow,4,Excellent customer support.
USER_414732,Siddharth Nair,Surat,4,Battery drains too fast.
USER_655680,Pooja Joshi,Kolkata,2,Nice packing.
USER_297660,Priya Deshmukh,Chandigarh,4,Perfect fit and comfortable.
USER_995492,Rahul Sharma,Mumbai,2,"Worst experience ever, do not buy!"
USER_391867,Rohan Iyer,Ahmedabad,1,"Terrible, broke on the first day."
USER_816847,Rahul Verma,Chennai,2,Nice packing.
USER_657334,Priya Verma,Jaipur,2,"Worst experience ever, do not buy!"
USER_285637,Karan Chauhan,Delhi,4,Exactly as shown in the picture.
USER_698039,Riya Bose,Lucknow,5,Highly recommended!
USER_919234,Anjali Sharma,Bangalore,4,Nice packing.
USER_575878,Sneha Sharma,Mumbai,3,"Not as expected, colors are dull."
USER_390554,Kavya Singh,Hyderabad,2,"Worst experience ever, do not buy!"
USER_507734,Vikram Sharma,Chandigarh,2,"Average quality, could be better."
USER_456571,Vikram Nair,Surat,4,Loved it!
USER_536816,Pooja Patel,Chennai,2,Nice packing.
USER_811662,Siddharth Kumar,Surat,1,"Worst experience ever, do not buy!"
USER_459002,Manish Chauhan,Jaipur,3,Nice packing.
USER_128617,Pooja Chauhan,Kochi,2,Nice packing.
USER_857816,Rohan Verma,Pune,4,Perfect fit and comfortable.
USER_500812,Sneha Gupta,Kochi,2,Battery drains too fast.
USER_255379,Vikram Das,Lucknow,4,Highly recommended!
USER_508269,Neha Yadav,Surat,2,Nice packing.
USER_844579,Siddharth Chauhan,Delhi,3,Battery drains too fast.
USER_953743,Karan Bose,Jaipur,1,"Terrible, broke on the first day."
USER_309844,Arjun Kumar,Mumbai,4,Exactly as shown in the picture.
USER_844718,Karan Kumar,Mumbai,5,Perfect fit and comfortable.
USER_371303,Neha Joshi,Indore,2,"Worst experience ever, do not buy!"
USER_564449,Aditya Nair,Chandigarh,2,"Worst experience ever, do not buy!"
USER_303327,Anjali Bose,Kolkata,2,"Worst experience ever, do not buy!"
USER_551701,Priya Singh,Surat,4,"Average quality, could be better."
USER_103856,Aditya Kumar,Ahmedabad,5,"Good product, value for money."
USER_432585,Anjali Iyer,Mumbai,3,Nice packing.
USER_305132,Kavya Kumar,Mumbai,3,Nice packing.
USER_381957,Amit Sharma,Lucknow,2,Nice packing.
USER_439213,Rohan Verma,Bangalore,4,A bit overpriced but decent.
USER_346462,Aisha Deshmukh,Chandigarh,5,Perfect fit and comfortable.
USER_443751,Sneha Patel,Chennai,2,"Worst experience ever, do not buy!"
USER_235459,Anjali Verma,Chandigarh,1,"Defective item received, returned it."
USER_604165,Amit Deshmukh,Surat,4,Battery drains too fast.
USER_136961,Anjali Gupta,Lucknow,1,"Terrible, broke on the first day."
USER_369142,Amit Gupta,Bangalore,4,Perfect fit and comfortable.
USER_260833,Siddharth Bose,Chennai,2,"Average quality, could be better."
USER_943577,Anjali Chauhan,Kolkata,1,"Terrible, broke on the first day."
USER_301421,Rahul Gupta,Kochi,3,Battery drains too fast.
USER_193047,Kavya Bose,Lucknow,5,Exactly as shown in the picture.
USER_629781,Karan Joshi,Surat,3,"Average quality, could be better."
USER_189475,Kavya Gupta,Lucknow,4,Nice packing.
USER_435715,Kavya Verma,Lucknow,3,Battery drains too fast.
USER_459418,Riya Yadav,Ahmedabad,3,Nice packing.
USER_202418,Pooja Nair,Surat,4,A bit overpriced but decent.
USER_212626,Kavya Singh,Lucknow,2,"Not as expected, colors are dull."
USER_720144,Siddharth Gupta,Kochi,4,"Good product, value for money."
USER_620356,Vikram Patel,Bangalore,5,Loved it!
USER_307276,Vikram Bose,Chennai,5,Awesome delivery speed.
USER_117186,Divya Verma,Ahmedabad,2,"Average quality, could be better."
USER_256193,Arjun Sharma,Indore,4,Nice packing.
USER_942350,Anjali Nair,Surat,5,Excellent customer support.
USER_850596,Karan Yadav,Delhi,4,Battery drains too fast.
USER_865084,Rahul Reddy,Bangalore,3,Battery drains too fast.
USER_555393,Siddharth Das,Bangalore,4,Nice packing.
USER_347425,Siddharth Kumar,Bangalore,5,Highly recommended!
USER_120128,Amit Das,Ahmedabad,5,Highly recommended!
USER_197798,Rohan Nair,Pune,1,"Worst experience ever, do not buy!"
USER_378233,Priya Iyer,Mumbai,4,Awesome delivery speed.
USER_197162,Vikram Reddy,Chandigarh,4,Loved it!
USER_261780,Pooja Singh,Chandigarh,1,"Terrible, broke on the first day."
USER_752448,Aisha Iyer,Hyderabad,4,Exactly as shown in the picture.
USER_934758,Arjun Verma,Delhi,2,Battery drains too fast.
USER_185132,Neha Verma,Delhi,5,Loved it!
USER_421093,Vikram Bose,Surat,2,"Average quality, could be better."
USER_951794,Divya Gupta,Indore,4,"Average quality, could be better."
USER_778201,Vikram Bose,Pune,4,Loved it!
USER_937975,Manish Yadav,Chennai,4,Loved it!
USER_579202,Priya Chauhan,Ahmedabad,4,Battery drains too fast.
USER_470559,Riya Yadav,Pune,5,Perfect fit and comfortable.
USER_405896,Vikram Singh,Pune,1,"Worst experience ever, do not buy!"
USER_613986,Anjali Yadav,Kochi,4,Excellent customer support.
USER_966563,Siddharth Verma,Mumbai,4,Perfect fit and comfortable.
USER_629229,Vikram Bose,Jaipur,4,Perfect fit and comfortable.
USER_703938,Arjun Chauhan,Bangalore,4,Loved it!
USER_552921,Riya Kumar,Ahmedabad,2,"Average quality, could be better."
USER_802289,Vikram Yadav,Surat,2,A bit overpriced but decent.
USER_801727,Kavya Nair,Jaipur,4,Excellent customer support.
USER_338259,Neha Nair,Mumbai,5,Awesome delivery speed.
USER_385738,Pooja Verma,Lucknow,4,Awesome delivery speed.
USER_100632,Anjali Gupta,Mumbai,4,Excellent customer support.
USER_363447,Kavya Deshmukh,Kolkata,1,"Defective item received, returned it."
USER_712971,Arjun Singh,Chennai,1,"Terrible, broke on the first day."
USER_969878,Arjun Reddy,Kolkata,4,Loved it!
USER_328399,Rohan Das,Chandigarh,2,Battery drains too fast.
USER_272268,Rahul Bose,Surat,5,"Good product, value for money."
USER_973949,Anjali Deshmukh,Ahmedabad,4,Excellent customer support.
USER_684356,Riya Kumar,Kochi,2,"Defective item received, returned it."
USER_832982,Priya Iyer,Pune,5,Excellent customer support.
USER_133797,Amit Kumar,Pune,5,Awesome delivery speed.
USER_468692,Vikram Kumar,Chandigarh,4,Loved it!
USER_359259,Kavya Gupta,Surat,4,"Good product, value for money."
USER_928365,Karan Gupta,Hyderabad,5,Excellent customer support.
USER_592285,Neha Patel,Chennai,1,"Terrible, broke on the first day."
USER_314827,Sneha Kumar,Hyderabad,5,Perfect fit and comfortable.
USER_319040,Aditya Iyer,Hyderabad,4,Perfect fit and comfortable.
USER_794950,Riya Gupta,Surat,2,"Not as expected, colors are dull."
USER_406643,Rahul Iyer,Pune,3,A bit overpriced but decent.
USER_161169,Amit Verma,Hyderabad,3,"Average quality, could be better."
USER_157439,Vikram Yadav,Chennai,3,"Average quality, could be better."
USER_575941,Sneha Gupta,Hyderabad,2,"Average quality, could be better."
USER_850804,Kavya Nair,Kochi,3,Battery drains too fast.
USER_492443,Rohan Sharma,Kochi,5,Perfect fit and comfortable.
USER_144955,Pooja Das,Mumbai,5,Loved it!
USER_168833,Anjali Das,Mumbai,5,Highly recommended!
USER_150411,Neha Deshmukh,Hyderabad,5,Excellent customer support.
USER_385430,Anjali Gupta,Chennai,2,"Terrible, broke on the first day."
USER_854989,Anjali Yadav,Hyderabad,5,Excellent customer support.
USER_221663,Amit Reddy,Mumbai,2,Battery drains too fast.
USER_433330,Manish Nair,Delhi,1,"Worst experience ever, do not buy!"
USER_679593,Kavya Kumar,Surat,5,Exactly as shown in the picture.
USER_480235,Anjali Bose,Kochi,1,"Terrible, broke on the first day."
USER_145977,Amit Singh,Chandigarh,2,"Worst experience ever, do not buy!"
USER_626822,Pooja Singh,Kochi,4,"Good product, value for money."
USER_219591,Kavya Joshi,Jaipur,5,"Good product, value for money."
USER_939957,Manish Sharma,Jaipur,4,Nice packing.
USER_348039,Kavya Das,Lucknow,4,Loved it!
USER_584091,Manish Kumar,Delhi,3,A bit overpriced but decent.
USER_484489,Neha Das,Lucknow,4,Awesome delivery speed.
USER_805257,Karan Patel,Hyderabad,2,"Defective item received, returned it."
USER_945189,Pooja Iyer,Pune,2,Battery drains too fast.
USER_173606,Karan Chauhan,Chennai,4,Battery drains too fast.
USER_512723,Anjali Bose,Kochi,2,"Worst experience ever, do not buy!"
USER_339423,Aditya Joshi,Hyderabad,4,Perfect fit and comfortable.
USER_353772,Neha Chauhan,Chandigarh,2,"Worst experience ever, do not buy!"
USER_239816,Sneha Kumar,Pune,4,Nice packing.
USER_276727,Amit Verma,Chennai,2,"Not as expected, colors are dull."
USER_729706,Manish Deshmukh,Chandigarh,2,"Worst experience ever, do not buy!"
USER_362948,Riya Singh,Surat,4,Loved it!
USER_466695,Rahul Joshi,Bangalore,5,Perfect fit and comfortable.
USER_162546,Aisha Nair,Kochi,3,Nice packing.
USER_879178,Sneha Patel,Jaipur,4,Perfect fit and comfortable.
USER_692781,Karan Bose,Pune,5,Loved it!
USER_286190,Riya Deshmukh,Kolkata,1,"Terrible, broke on the first day."
USER_544143,Amit Reddy,Kochi,4,"Average quality, could be better."
USER_525067,Pooja Das,Chandigarh,4,Nice packing.
USER_379248,Amit Bose,Hyderabad,3,Battery drains too fast.
USER_294835,Sneha Joshi,Hyderabad,5,Exactly as shown in the picture.
USER_192076,Amit Singh,Surat,4,Awesome delivery speed.
USER_950581,Priya Verma,Chandigarh,2,"Defective item received, returned it."
USER_323987,Kavya Yadav,Chennai,4,"Average quality, could be better."
USER_915274,Siddharth Das,Ahmedabad,2,"Average quality, could be better."
USER_143282,Priya Singh,Kolkata,4,"Average quality, could be better."
USER_291235,Siddharth Deshmukh,Chandigarh,5,Awesome delivery speed.
USER_197717,Riya Bose,Mumbai,2,"Defective item received, returned it."
USER_140698,Neha Singh,Bangalore,2,"Worst experience ever, do not buy!"
USER_778639,Divya Verma,Chennai,2,A bit overpriced but decent.
USER_624528,Arjun Sharma,Chandigarh,2,"Worst experience ever, do not buy!"
USER_487521,Pooja Yadav,Bangalore,4,Highly recommended!
USER_245069,Amit Das,Kolkata,2,"Terrible, broke on the first day."
USER_543471,Neha Yadav,Surat,2,"Worst experience ever, do not buy!"
USER_880974,Arjun Gupta,Bangalore,4,Perfect fit and comfortable.
USER_345957,Priya Kumar,Jaipur,4,Awesome delivery speed.
USER_434373,Neha Nair,Chennai,5,Highly recommended!
USER_205734,Kavya Das,Ahmedabad,3,"Average quality, could be better."
USER_682561,Aisha Kumar,Surat,2,"Not as expected, colors are dull."
USER_362485,Anjali Yadav,Chennai,2,"Terrible, broke on the first day."
USER_715493,Sneha Verma,Surat,1,"Defective item received, returned it."
USER_256630,Aditya Bose,Jaipur,4,Excellent customer support.
USER_468157,Rahul Das,Kochi,1,"Worst experience ever, do not buy!"
USER_874692,Karan Nair,Bangalore,4,Highly recommended!
USER_552826,Amit Das,Pune,4,"Good product, value for money."
USER_247772,Manish Kumar,Kochi,2,"Terrible, broke on the first day."
USER_363022,Vikram Kumar,Hyderabad,3,A bit overpriced but decent.
USER_688159,Anjali Sharma,Pune,3,"Not as expected, colors are dull."
USER_105827,Vikram Iyer,Hyderabad,2,"Defective item received, returned it."
USER_291224,Pooja Iyer,Delhi,5,Highly recommended!
USER_938411,Vikram Kumar,Surat,4,Nice packing.
USER_137454,Rahul Kumar,Jaipur,4,Excellent customer support.
USER_382472,Anjali Deshmukh,Chennai,4,"Good product, value for money."
USER_957558,Sneha Singh,Chandigarh,5,Perfect fit and comfortable.
USER_993610,Neha Patel,Indore,4,A bit overpriced but decent.
USER_659891,Pooja Verma,Mumbai,1,"Worst experience ever, do not buy!"
USER_655754,Arjun Nair,Indore,5,"Good product, value for money."
USER_835407,Amit Nair,Lucknow,4,Highly recommended!
USER_311714,Sneha Verma,Jaipur,5,"Good product, value for money."
USER_858123,Karan Joshi,Hyderabad,1,"Worst experience ever, do not buy!"
USER_566182,Kavya Patel,Kolkata,4,Loved it!
USER_676636,Vikram Bose,Bangalore,4,Loved it!
USER_404499,Kavya Patel,Chandigarh,4,Excellent customer support.
USER_236542,Arjun Gupta,Pune,4,Highly recommended!
USER_801795,Rohan Deshmukh,Mumbai,3,A bit overpriced but decent.
USER_442721,Aditya Deshmukh,Indore,4,Awesome delivery speed.
USER_304683,Manish Yadav,Indore,5,Awesome delivery speed.
USER_651434,Rahul Bose,Surat,3,Nice packing.
USER_540031,Anjali Singh,Kolkata,4,Nice packing.
USER_866630,Karan Patel,Lucknow,4,Battery drains too fast.
USER_737697,Vikram Joshi,Surat,4,Awesome delivery speed.
USER_825576,Arjun Gupta,Delhi,2,"Worst experience ever, do not buy!"
USER_286839,Pooja Das,Bangalore,4,Exactly as shown in the picture.
USER_974072,Sneha Patel,Pune,4,Loved it!
USER_240312,Karan Yadav,Kochi,2,"Defective item received, returned it."
USER_346237,Sneha Nair,Bangalore,1,"Defective item received, returned it."
USER_922623,Pooja Gupta,Surat,2,A bit overpriced but decent.
USER_914703,Riya Verma,Ahmedabad,5,Exactly as shown in the picture.
USER_130626,Arjun Nair,Jaipur,5,Highly recommended!
USER_550146,Priya Singh,Bangalore,2,"Average quality, could be better."
USER_519832,Neha Verma,Lucknow,4,Exactly as shown in the picture.
USER_907495,Anjali Iyer,Ahmedabad,5,Awesome delivery speed.
USER_489939,Neha Singh,Kolkata,4,"Good product, value for money."
USER_122674,Anjali Yadav,Surat,4,Exactly as shown in the picture.
USER_707045,Arjun Deshmukh,Surat,2,Battery drains too fast.
USER_543156,Riya Nair,Indore,1,"Terrible, broke on the first day."
USER_533575,Rohan Patel,Ahmedabad,2,Nice packing.
USER_518769,Pooja Singh,Chandigarh,4,Perfect fit and comfortable.
USER_397253,Vikram Bose,Lucknow,5,Highly recommended!
USER_668085,Anjali Sharma,Chandigarh,4,Nice packing.
USER_634806,Priya Reddy,Delhi,2,"Average quality, could be better."
USER_441993,Neha Singh,Bangalore,4,Awesome delivery speed.
USER_205213,Divya Deshmukh,Hyderabad,2,Battery drains too fast.
USER_517752,Vikram Bose,Hyderabad,5,Highly recommended!
USER_387679,Siddharth Bose,Kolkata,1,"Worst experience ever, do not buy!"
USER_589003,Anjali Sharma,Indore,2,"Average quality, could be better."
USER_352868,Siddharth Deshmukh,Hyderabad,4,Awesome delivery speed.
USER_567179,Siddharth Bose,Ahmedabad,5,"Good product, value for money."
USER_485485,Divya Verma,Mumbai,4,"Good product, value for money."
USER_969111,Kavya Bose,Pune,4,"Good product, value for money."
USER_867498,Aditya Chauhan,Hyderabad,4,Highly recommended!
USER_570786,Rohan Yadav,Bangalore,5,Awesome delivery speed.
USER_620695,Priya Deshmukh,Bangalore,4,Nice packing.
USER_309005,Siddharth Deshmukh,Kolkata,2,"Defective item received, returned it."
USER_711392,Aisha Patel,Jaipur,5,Awesome delivery speed.
USER_894317,Siddharth Chauhan,Delhi,5,Exactly as shown in the picture.
USER_514262,Kavya Das,Bangalore,2,Nice packing.
USER_605762,Riya Das,Chandigarh,5,"Good product, value for money."
USER_934164,Manish Kumar,Lucknow,4,Awesome delivery speed.
USER_536113,Siddharth Deshmukh,Mumbai,5,Loved it!
USER_956812,Neha Nair,Chandigarh,4,Excellent customer support.
USER_366712,Karan Nair,Bangalore,4,Loved it!
USER_491299,Vikram Patel,Ahmedabad,3,"Average quality, could be better."
USER_579716,Rahul Joshi,Bangalore,4,Awesome delivery speed.
USER_887985,Priya Deshmukh,Indore,4,A bit overpriced but decent.
USER_598961,Aisha Joshi,Chennai,5,Excellent customer support.
USER_734912,Aisha Joshi,Chennai,2,"Terrible, broke on the first day."
USER_472893,Neha Reddy,Bangalore,4,A bit overpriced but decent.
USER_555281,Amit Joshi,Lucknow,4,Perfect fit and comfortable.
USER_221387,Kavya Patel,Pune,2,"Not as expected, colors are dull."
USER_262890,Manish Patel,Kochi,3,"Not as expected, colors are dull."
USER_834888,Aisha Kumar,Lucknow,5,Perfect fit and comfortable.
USER_771043,Sneha Singh,Hyderabad,2,"Worst experience ever, do not buy!"
USER_744418,Neha Sharma,Bangalore,4,Highly recommended!
USER_297220,Karan Chauhan,Delhi,2,"Average quality, could be better."
USER_165923,Karan Nair,Jaipur,1,"Worst experience ever, do not buy!"
USER_123799,Aisha Joshi,Lucknow,5,Awesome delivery speed.
USER_190344,Karan Reddy,Hyderabad,2,"Worst experience ever, do not buy!"
USER_362214,Priya Singh,Kochi,3,"Average quality, could be better."
USER_922081,Amit Bose,Kolkata,3,"Not as expected, colors are dull."
USER_634907,Rohan Joshi,Bangalore,3,"Not as expected, colors are dull."
USER_140966,Rahul Joshi,Ahmedabad,1,"Worst experience ever, do not buy!"
USER_194524,Arjun Iyer,Delhi,5,Exactly as shown in the picture.
USER_811981,Sneha Deshmukh,Kolkata,4,"Average quality, could be better."
USER_548597,Neha Sharma,Chennai,2,"Worst experience ever, do not buy!"
USER_403789,Karan Chauhan,Chennai,1,"Terrible, broke on the first day."
USER_373425,Priya Verma,Delhi,4,Battery drains too fast.
USER_556878,Arjun Yadav,Mumbai,2,"Not as expected, colors are dull."
USER_986329,Aisha Bose,Bangalore,2,A bit overpriced but decent.
USER_901008,Manish Singh,Kolkata,5,Highly recommended!
USER_842488,Amit Chauhan,Ahmedabad,3,A bit overpriced but decent.
USER_783292,Priya Kumar,Chandigarh,1,"Defective item received, returned it."
USER_878492,Riya Iyer,Ahmedabad,4,Loved it!
USER_880678,Arjun Das,Kolkata,4,Exactly as shown in the picture.
USER_871051,Divya Reddy,Ahmedabad,4,Highly recommended!
USER_203520,Amit Singh,Hyderabad,4,A bit overpriced but decent.
USER_505724,Siddharth Chauhan,Ahmedabad,2,"Defective item received, returned it."
USER_676506,Aditya Deshmukh,Lucknow,4,Excellent customer support.
USER_161243,Manish Bose,Jaipur,4,Awesome delivery speed.
USER_343633,Kavya Kumar,Surat,5,Highly recommended!
USER_204991,Manish Das,Surat,2,"Terrible, broke on the first day."
USER_650213,Rahul Verma,Kochi,2,A bit overpriced but decent.
USER_945069,Vikram Das,Bangalore,1,"Defective item received, returned it."
USER_779243,Amit Verma,Hyderabad,2,"Defective item received, returned it."
USER_543521,Karan Sharma,Jaipur,2,A bit overpriced but decent.
USER_818647,Manish Sharma,Ahmedabad,5,Excellent customer support.
USER_528034,Arjun Reddy,Surat,3,"Average quality, could be better."
USER_272772,Rahul Sharma,Mumbai,5,Exactly as shown in the picture.
USER_452629,Aisha Gupta,Surat,1,"Terrible, broke on the first day."
USER_496965,Sneha Patel,Kochi,5,Loved it!
USER_982257,Divya Joshi,Delhi,4,Loved it!
USER_640334,Vikram Bose,Bangalore,4,Battery drains too fast.
USER_999960,Siddharth Yadav,Surat,4,Loved it!
USER_437883,Priya Das,Hyderabad,2,"Average quality, could be better."
USER_189593,Anjali Joshi,Mumbai,4,"Good product, value for money."
USER_224402,Amit Joshi,Pune,1,"Defective item received, returned it."
USER_557572,Kavya Sharma,Hyderabad,4,Excellent customer support.
USER_559871,Pooja Sharma,Mumbai,2,A bit overpriced but decent.
USER_350556,Anjali Verma,Indore,5,Awesome delivery speed.
USER_528786,Manish Sharma,Ahmedabad,5,Exactly as shown in the picture.
USER_789437,Divya Iyer,Kolkata,2,"Defective item received, returned it."
USER_318579,Rahul Sharma,Delhi,5,Exactly as shown in the picture.
USER_813824,Sneha Reddy,Lucknow,4,Exactly as shown in the picture.
USER_500098,Aditya Yadav,Jaipur,5,Exactly as shown in the picture.
USER_737938,Rohan Das,Ahmedabad,5,Loved it!
USER_880526,Priya Reddy,Mumbai,2,"Not as expected, colors are dull."
USER_996446,Siddharth Das,Mumbai,4,Exactly as shown in the picture.
USER_215314,Aisha Gupta,Delhi,5,Excellent customer support.
USER_203122,Priya Patel,Hyderabad,2,"Defective item received, returned it."
USER_220749,Divya Sharma,Chennai,4,Exactly as shown in the picture.
USER_387448,Manish Deshmukh,Jaipur,2,"Worst experience ever, do not buy!"
USER_909586,Manish Bose,Delhi,4,Perfect fit and comfortable.
USER_571760,Amit Sharma,Kolkata,5,Highly recommended!
USER_871903,Rohan Kumar,Indore,2,Nice packing.
USER_731143,Rohan Singh,Hyderabad,5,Perfect fit and comfortable.
USER_416893,Riya Singh,Ahmedabad,2,Battery drains too fast.
USER_907208,Pooja Yadav,Surat,1,"Defective item received, returned it."
USER_353281,Rahul Verma,Mumbai,2,"Worst experience ever, do not buy!"
USER_933523,Pooja Patel,Kochi,3,"Average quality, could be better."
USER_201202,Riya Chauhan,Ahmedabad,4,Loved it!
USER_833254,Kavya Bose,Indore,1,"Worst experience ever, do not buy!"
USER_235166,Kavya Reddy,Pune,2,"Worst experience ever, do not buy!"
USER_743468,Aisha Singh,Surat,5,Excellent customer support.
USER_581574,Divya Nair,Surat,3,Nice packing.
USER_605777,Aisha Sharma,Bangalore,4,Exactly as shown in the picture.
USER_238376,Riya Deshmukh,Ahmedabad,4,"Not as expected, colors are dull."
USER_289372,Divya Nair,Chennai,4,"Good product, value for money."
USER_458290,Priya Yadav,Ahmedabad,4,Battery drains too fast.
USER_181660,Anjali Chauhan,Hyderabad,5,Perfect fit and comfortable.
USER_129877,Sneha Sharma,Chandigarh,4,Exactly as shown in the picture.
USER_381988,Sneha Iyer,Jaipur,5,Exactly as shown in the picture.
USER_116131,Pooja Verma,Mumbai,4,"Average quality, could be better."
USER_591837,Kavya Joshi,Mumbai,2,"Defective item received, returned it."
USER_581504,Divya Chauhan,Ahmedabad,5,Highly recommended!
USER_255666,Rahul Patel,Jaipur,5,Perfect fit and comfortable.
USER_742615,Kavya Joshi,Delhi,4,Highly recommended!
USER_197602,Priya Iyer,Delhi,2,"Worst experience ever, do not buy!"
USER_761655,Amit Bose,Surat,5,Loved it!
USER_314521,Riya Patel,Kochi,2,"Worst experience ever, do not buy!"
USER_425350,Vikram Gupta,Hyderabad,2,"Terrible, broke on the first day."
USER_904434,Aditya Kumar,Pune,2,"Defective item received, returned it."
USER_883021,Anjali Das,Bangalore,2,Battery drains too fast.
USER_104319,Manish Reddy,Pune,5,Awesome delivery speed.
USER_682400,Karan Iyer,Bangalore,2,Battery drains too fast.
USER_282379,Siddharth Gupta,Jaipur,2,Battery drains too fast.
USER_350576,Kavya Sharma,Lucknow,4,Battery drains too fast.
USER_842365,Divya Bose,Jaipur,4,Awesome delivery speed.
USER_882742,Manish Yadav,Delhi,5,Awesome delivery speed.
USER_905493,Riya Sharma,Chandigarh,4,A bit overpriced but decent.
USER_344374,Manish Gupta,Hyderabad,4,Excellent customer support.
USER_406571,Riya Verma,Delhi,1,"Worst experience ever, do not buy!"
USER_539580,Kavya Nair,Indore,3,"Average quality, could be better."
USER_435715,Aditya Chauhan,Kochi,5,Loved it!
USER_182965,Pooja Sharma,Chennai,4,Excellent customer support.
USER_570465,Sneha Patel,Chennai,5,Excellent customer support.
USER_271880,Karan Bose,Kochi,4,Highly recommended!
USER_524084,Siddharth Das,Surat,3,Nice packing.
USER_703242,Arjun Gupta,Delhi,2,"Worst experience ever, do not buy!"
USER_909586,Manish Bose,Delhi,4,Perfect fit and comfortable.
USER_833379,Neha Reddy,Delhi,2,Nice packing.
USER_150001,Priya Patel,Hyderabad,5,Highly recommended!
USER_489569,Priya Kumar,Kolkata,1,"Defective item received, returned it."
USER_869740,Priya Gupta,Chandigarh,5,Excellent customer support.
USER_362167,Sneha Iyer,Chandigarh,5,Awesome delivery speed.
USER_553088,Arjun Sharma,Kochi,4,"Not as expected, colors are dull."
USER_531995,Anjali Deshmukh,Ahmedabad,1,"Terrible, broke on the first day."
USER_130728,Siddharth Gupta,Chandigarh,4,"Not as expected, colors are dull."
USER_235192,Sneha Kumar,Pune,4,Highly recommended!
USER_395752,Sneha Sharma,Mumbai,4,Highly recommended!
USER_782694,Manish Kumar,Bangalore,4,Perfect fit and comfortable.
USER_420588,Aisha Singh,Kolkata,2,"Defective item received, returned it."
USER_134813,Sneha Yadav,Chennai,4,Highly recommended!
USER_915365,Anjali Reddy,Chennai,4,"Good product, value for money."
USER_883974,Arjun Singh,Mumbai,1,"Defective item received, returned it."
USER_251888,Divya Verma,Mumbai,1,"Terrible, broke on the first day."
USER_238451,Priya Yadav,Kochi,2,Battery drains too fast.
USER_557720,Siddharth Das,Lucknow,4,Exactly as shown in the picture.
USER_169167,Anjali Nair,Chandigarh,2,Nice packing.
USER_475785,Anjali Yadav,Ahmedabad,2,A bit overpriced but decent.
USER_225985,Karan Kumar,Pune,5,Perfect fit and comfortable.
USER_442002,Arjun Singh,Kochi,4,A bit overpriced but decent.
USER_183047,Vikram Gupta,Chennai,5,Exactly as shown in the picture.
USER_775749,Anjali Yadav,Lucknow,5,Excellent customer support.
USER_570699,Pooja Joshi,Hyderabad,4,Nice packing.
USER_241819,Manish Chauhan,Jaipur,1,"Worst experience ever, do not buy!"
USER_593554,Siddharth Das,Hyderabad,2,"Average quality, could be better."
USER_948093,Rohan Kumar,Chennai,4,Highly recommended!
USER_718289,Vikram Deshmukh,Lucknow,5,Awesome delivery speed.
USER_474925,Aisha Reddy,Bangalore,4,Excellent customer support.
USER_196341,Anjali Verma,Mumbai,5,Highly recommended!
USER_920443,Arjun Reddy,Chandigarh,5,Excellent customer support.
USER_866527,Aditya Nair,Kochi,5,Awesome delivery speed.
USER_922167,Amit Iyer,Indore,2,"Worst experience ever, do not buy!"
USER_722322,Aditya Iyer,Lucknow,3,"Average quality, could be better."
USER_539414,Manish Verma,Chandigarh,5,Exactly as shown in the picture.
USER_560584,Aditya Verma,Indore,5,Highly recommended!
USER_430526,Anjali Kumar,Jaipur,4,"Not as expected, colors are dull."
USER_300504,Riya Deshmukh,Delhi,2,"Terrible, broke on the first day."
USER_559356,Aisha Das,Pune,5,Highly recommended!
USER_797327,Priya Deshmukh,Mumbai,5,Loved it!
USER_671492,Rahul Iyer,Bangalore,4,"Not as expected, colors are dull."
USER_989812,Vikram Singh,Hyderabad,5,Highly recommended!
USER_305994,Priya Gupta,Kolkata,1,"Terrible, broke on the first day."
USER_259747,Divya Singh,Delhi,5,Loved it!
USER_652235,Arjun Deshmukh,Chandigarh,5,Excellent customer support.
USER_537585,Kavya Sharma,Kochi,3,A bit overpriced but decent.
USER_935108,Divya Bose,Bangalore,4,Battery drains too fast.
USER_856680,Arjun Chauhan,Surat,5,Excellent customer support.
USER_616176,Rahul Nair,Chennai,5,Awesome delivery speed.
USER_328638,Aditya Kumar,Mumbai,4,Nice packing.
USER_556969,Aisha Reddy,Surat,2,"Average quality, could be better."
USER_760869,Vikram Bose,Kochi,4,Exactly as shown in the picture.
USER_993750,Pooja Gupta,Bangalore,2,"Worst experience ever, do not buy!"
USER_197691,Rahul Kumar,Bangalore,1,"Terrible, broke on the first day."
USER_678375,Vikram Patel,Kochi,2,"Terrible, broke on the first day."
USER_340374,Pooja Gupta,Chandigarh,5,Exactly as shown in the picture.
USER_825587,Rohan Chauhan,Hyderabad,4,Exactly as shown in the picture.
USER_340247,Divya Verma,Hyderabad,2,"Average quality, could be better."
USER_129311,Vikram Singh,Chandigarh,4,Awesome delivery speed.
USER_922808,Vikram Gupta,Kolkata,1,"Defective item received, returned it."
USER_724366,Kavya Gupta,Bangalore,2,"Average quality, could be better."
USER_384578,Divya Verma,Ahmedabad,4,Awesome delivery speed.
USER_816642,Siddharth Gupta,Chennai,2,"Average quality, could be better."
USER_213481,Aditya Gupta,Ahmedabad,5,Exactly as shown in the picture.
USER_844294,Rahul Nair,Hyderabad,2,Nice packing.
USER_624117,Anjali Reddy,Jaipur,4,A bit overpriced but decent.
USER_405317,Riya Nair,Mumbai,5,Loved it!
USER_434096,Priya Nair,Jaipur,2,Battery drains too fast.
USER_263627,Neha Kumar,Ahmedabad,2,Battery drains too fast.
USER_329331,Kavya Das,Jaipur,1,"Defective item received, returned it."
USER_202445,Aditya Das,Surat,1,"Terrible, broke on the first day."
USER_289112,Kavya Singh,Indore,4,Highly recommended!
USER_933609,Arjun Kumar,Chennai,1,"Defective item received, returned it."
USER_241321,Karan Kumar,Indore,3,Nice packing.
USER_531109,Riya Deshmukh,Hyderabad,4,Loved it!
USER_498929,Anjali Sharma,Jaipur,4,Excellent customer support.
USER_433226,Sneha Gupta,Mumbai,1,"Worst experience ever, do not buy!"
USER_216652,Karan Patel,Chennai,3,"Not as expected, colors are dull."
USER_625649,Karan Joshi,Lucknow,3,"Average quality, could be better."
USER_427243,Riya Singh,Ahmedabad,4,Battery drains too fast.
USER_592128,Anjali Singh,Bangalore,2,"Average quality, could be better."
USER_909607,Amit Iyer,Chandigarh,3,A bit overpriced but decent.
USER_434914,Anjali Nair,Indore,1,"Terrible, broke on the first day."
USER_552909,Rohan Sharma,Hyderabad,4,Excellent customer support.
USER_891230,Kavya Deshmukh,Bangalore,3,Nice packing.
USER_438850,Amit Sharma,Pune,5,Exactly as shown in the picture.
USER_147339,Kavya Gupta,Delhi,4,Highly recommended!
USER_628822,Pooja Kumar,Jaipur,5,Highly recommended!
USER_783128,Riya Singh,Hyderabad,4,Highly recommended!
USER_402522,Aisha Gupta,Bangalore,5,Excellent customer support.
USER_134983,Riya Iyer,Delhi,4,Excellent customer support.
USER_597928,Amit Deshmukh,Chandigarh,4,"Good product, value for money."
USER_987476,Kavya Das,Surat,4,Highly recommended!
USER_536342,Karan Patel,Lucknow,4,Loved it!
USER_544514,Aisha Iyer,Indore,2,"Worst experience ever, do not buy!"
USER_657149,Arjun Yadav,Ahmedabad,5,Perfect fit and comfortable.
USER_907587,Manish Das,Bangalore,5,Excellent customer support.
USER_423026,Arjun Nair,Indore,2,Battery drains too fast.
USER_929759,Kavya Bose,Indore,4,"Average quality, could be better."
USER_100216,Riya Deshmukh,Ahmedabad,4,Perfect fit and comfortable.
USER_994367,Siddharth Sharma,Pune,5,Awesome delivery speed.
USER_297037,Aisha Verma,Hyderabad,4,Nice packing.
USER_313533,Kavya Deshmukh,Lucknow,2,"Worst experience ever, do not buy!"
USER_974982,Divya Kumar,Ahmedabad,4,Exactly as shown in the picture.
USER_899161,Rahul Verma,Kochi,3,A bit overpriced but decent.
USER_626797,Rahul Bose,Ahmedabad,5,Perfect fit and comfortable.
USER_899694,Manish Nair,Pune,2,"Defective item received, returned it."
USER_324586,Priya Kumar,Kochi,4,Exactly as shown in the picture.
USER_391133,Pooja Das,Surat,4,Loved it!
USER_876585,Aditya Deshmukh,Jaipur,2,"Worst experience ever, do not buy!"
USER_320899,Karan Sharma,Mumbai,3,Nice packing.
USER_865293,Divya Bose,Bangalore,4,Awesome delivery speed.
USER_453038,Rohan Sharma,Chandigarh,3,A bit overpriced but decent.
USER_877519,Aditya Sharma,Ahmedabad,2,"Terrible, broke on the first day."
USER_209559,Rohan Verma,Pune,5,Loved it!
USER_155828,Aditya Reddy,Chennai,1,"Defective item received, returned it."
USER_408424,Aditya Bose,Hyderabad,4,"Good product, value for money."
USER_917966,Manish Iyer,Delhi,1,"Terrible, broke on the first day."
USER_219088,Amit Joshi,Hyderabad,5,Highly recommended!
USER_223868,Rahul Bose,Mumbai,4,"Good product, value for money."
USER_718607,Manish Yadav,Hyderabad,4,Excellent customer support.
USER_721248,Amit Bose,Mumbai,4,Perfect fit and comfortable.
USER_319291,Karan Reddy,Surat,4,Awesome delivery speed.
USER_114316,Vikram Singh,Surat,2,Battery drains too fast.
USER_867360,Manish Chauhan,Surat,5,"Good product, value for money."
USER_196507,Aditya Singh,Lucknow,2,"Worst experience ever, do not buy!"
USER_528576,Pooja Verma,Mumbai,4,Excellent customer support.
USER_269930,Arjun Reddy,Hyderabad,2,"Not as expected, colors are dull."
USER_392645,Siddharth Kumar,Chennai,2,"Terrible, broke on the first day."
USER_917922,Kavya Joshi,Mumbai,5,Awesome delivery speed.
USER_405081,Arjun Patel,Pune,2,"Worst experience ever, do not buy!"
USER_677174,Rahul Gupta,Chandigarh,5,Perfect fit and comfortable.
USER_965182,Neha Sharma,Jaipur,5,Exactly as shown in the picture.
USER_226655,Aisha Iyer,Chennai,5,Awesome delivery speed.
USER_416819,Neha Bose,Pune,5,Exactly as shown in the picture.
USER_340186,Riya Reddy,Ahmedabad,2,"Worst experience ever, do not buy!"
USER_252586,Riya Iyer,Jaipur,2,Battery drains too fast.
USER_829533,Aditya Verma,Delhi,2,"Defective item received, returned it."
USER_954367,Anjali Joshi,Delhi,4,Perfect fit and comfortable.
USER_123489,Karan Yadav,Mumbai,1,"Defective item received, returned it."
USER_780508,Arjun Nair,Kochi,2,"Terrible, broke on the first day."
USER_861612,Karan Patel,Chennai,2,A bit overpriced but decent.
USER_236850,Vikram Kumar,Kochi,5,"Good product, value for money."
USER_246725,Anjali Das,Delhi,3,"Average quality, could be better."
USER_423663,Kavya Nair,Mumbai,5,Highly recommended!
USER_799246,Kavya Reddy,Pune,2,"Defective item received, returned it."
USER_749506,Riya Nair,Surat,2,"Terrible, broke on the first day."
USER_383598,Arjun Gupta,Jaipur,3,A bit overpriced but decent.
USER_175847,Vikram Iyer,Jaipur,5,"Good product, value for money."
USER_890213,Arjun Iyer,Kolkata,4,Highly recommended!
USER_576844,Arjun Bose,Delhi,4,"Good product, value for money."
USER_219258,Divya Nair,Jaipur,4,"Average quality, could be better."
USER_719115,Divya Kumar,Jaipur,5,Loved it!
USER_524797,Siddharth Chauhan,Chennai,4,Battery drains too fast.
USER_148667,Divya Nair,Jaipur,4,A bit overpriced but decent.
USER_989442,Sneha Deshmukh,Kochi,4,Perfect fit and comfortable.
USER_811070,Aditya Iyer,Indore,1,"Terrible, broke on the first day."
USER_122157,Manish Patel,Surat,4,Perfect fit and comfortable.
USER_514220,Siddharth Deshmukh,Lucknow,5,Exactly as shown in the picture.
USER_388774,Sneha Reddy,Delhi,2,A bit overpriced but decent.
USER_205868,Neha Verma,Jaipur,3,Battery drains too fast.
USER_633791,Amit Verma,Surat,3,Battery drains too fast.
USER_694332,Amit Chauhan,Surat,1,"Worst experience ever, do not buy!"
USER_904002,Kavya Nair,Delhi,2,"Terrible, broke on the first day."
USER_343947,Kavya Chauhan,Chandigarh,4,Battery drains too fast.
USER_593482,Karan Kumar,Lucknow,4,Excellent customer support.
USER_291589,Amit Patel,Lucknow,4,Highly recommended!
USER_644963,Siddharth Patel,Surat,3,Battery drains too fast.
USER_789564,Neha Bose,Bangalore,4,Loved it!
USER_693307,Anjali Singh,Lucknow,5,Excellent customer support.
USER_897844,Sneha Sharma,Surat,4,Exactly as shown in the picture.
USER_287590,Priya Reddy,Pune,2,"Terrible, broke on the first day."
USER_821054,Vikram Gupta,Ahmedabad,2,Nice packing.
USER_704897,Neha Chauhan,Chandigarh,4,"Good product, value for money."
USER_285403,Vikram Chauhan,Chennai,4,Nice packing.
USER_618362,Siddharth Sharma,Lucknow,4,"Not as expected, colors are dull."
USER_961487,Anjali Joshi,Jaipur,5,Perfect fit and comfortable.
USER_807839,Pooja Joshi,Hyderabad,5,Highly recommended!
USER_318069,Amit Sharma,Chandigarh,1,"Worst experience ever, do not buy!"
USER_808520,Priya Deshmukh,Lucknow,5,Awesome delivery speed.
USER_811625,Arjun Reddy,Jaipur,1,"Worst experience ever, do not buy!"
USER_818443,Riya Verma,Kochi,4,Battery drains too fast.
USER_195185,Vikram Iyer,Indore,5,Awesome delivery speed.
USER_136528,Pooja Iyer,Kolkata,1,"Worst experience ever, do not buy!"
USER_245718,Riya Das,Delhi,5,Awesome delivery speed.
USER_194269,Pooja Nair,Surat,1,"Terrible, broke on the first day."
USER_175026,Neha Deshmukh,Indore,5,Perfect fit and comfortable.
USER_428714,Pooja Deshmukh,Ahmedabad,1,"Terrible, broke on the first day."
USER_844481,Sneha Patel,Delhi,4,"Good product, value for money."
USER_912338,Aditya Singh,Hyderabad,2,"Terrible, broke on the first day."
USER_423365,Amit Patel,Indore,4,Loved it!
USER_445873,Divya Deshmukh,Surat,2,"Not as expected, colors are dull."
USER_257379,Aditya Patel,Pune,4,Nice packing.
USER_145471,Amit Iyer,Hyderabad,4,A bit overpriced but decent.
USER_561205,Vikram Singh,Jaipur,5,Exactly as shown in the picture.
USER_962705,Pooja Iyer,Surat,4,Nice packing.
USER_324129,Sneha Reddy,Jaipur,3,"Not as expected, colors are dull."
USER_157936,Anjali Yadav,Chandigarh,5,Exactly as shown in the picture.
USER_730737,Rahul Joshi,Kochi,4,Nice packing.
USER_711135,Amit Kumar,Pune,4,A bit overpriced but decent.
USER_614537,Sneha Chauhan,Delhi,4,Exactly as shown in the picture.
USER_295662,Amit Das,Chandigarh,4,"Good product, value for money."
USER_841359,Neha Bose,Indore,2,Battery drains too fast.
USER_841372,Pooja Singh,Indore,1,"Defective item received, returned it."
USER_776578,Rohan Patel,Chennai,5,Loved it!
USER_121113,Arjun Sharma,Indore,4,"Good product, value for money."
USER_496424,Manish Singh,Lucknow,5,Perfect fit and comfortable.
USER_906749,Kavya Deshmukh,Mumbai,5,Loved it!
USER_271976,Aisha Reddy,Ahmedabad,5,Exactly as shown in the picture.
USER_370500,Rahul Patel,Chennai,1,"Worst experience ever, do not buy!"
USER_784774,Arjun Das,Hyderabad,4,Exactly as shown in the picture.
USER_512547,Pooja Verma,Kochi,2,"Not as expected, colors are dull."
USER_987906,Amit Gupta,Chandigarh,4,Highly recommended!
USER_788406,Rahul Patel,Indore,4,Excellent customer support.
USER_682788,Kavya Bose,Pune,4,Loved it!
USER_349553,Aisha Kumar,Kochi,5,Awesome delivery speed.
USER_830309,Manish Reddy,Delhi,4,Highly recommended!
USER_400874,Amit Joshi,Kolkata,5,"Good product, value for money."
USER_392767,Manish Chauhan,Chennai,2,"Defective item received, returned it."
USER_140175,Siddharth Patel,Jaipur,4,Loved it!
USER_593982,Arjun Joshi,Chennai,2,"Defective item received, returned it."
USER_199521,Aisha Kumar,Lucknow,3,"Average quality, could be better."
USER_776025,Amit Yadav,Pune,2,"Not as expected, colors are dull."
USER_157592,Karan Chauhan,Ahmedabad,1,"Worst experience ever, do not buy!"
USER_929244,Manish Verma,Chennai,5,Awesome delivery speed.
USER_272836,Neha Das,Surat,4,A bit overpriced but decent.
USER_374238,Riya Joshi,Surat,5,Excellent customer support.
USER_354336,Aditya Patel,Lucknow,3,"Average quality, could be better."
USER_447956,Karan Deshmukh,Lucknow,5,Excellent customer support.
USER_521733,Karan Kumar,Hyderabad,4,Awesome delivery speed.
USER_535874,Rahul Chauhan,Delhi,2,"Terrible, broke on the first day."
USER_900699,Pooja Reddy,Chennai,2,"Terrible, broke on the first day."
USER_449028,Neha Reddy,Indore,4,Excellent customer support.
USER_751576,Riya Iyer,Chennai,5,Loved it!
USER_860679,Priya Nair,Surat,5,Exactly as shown in the picture.
USER_202132,Pooja Gupta,Hyderabad,2,"Worst experience ever, do not buy!"
USER_772415,Anjali Yadav,Hyderabad,1,"Worst experience ever, do not buy!"
USER_443936,Aditya Yadav,Chandigarh,1,"Defective item received, returned it."
USER_876746,Pooja Gupta,Bangalore,1,"Defective item received, returned it."
USER_305597,Anjali Chauhan,Kolkata,2,Battery drains too fast.
USER_617811,Amit Yadav,Lucknow,2,Battery drains too fast.
USER_272326,Siddharth Yadav,Indore,5,Excellent customer support.
USER_804154,Priya Yadav,Delhi,1,"Worst experience ever, do not buy!"
USER_857641,Kavya Deshmukh,Surat,4,"Not as expected, colors are dull."
USER_490641,Riya Verma,Kochi,4,Excellent customer support.
USER_553822,Priya Patel,Kochi,2,Nice packing.
USER_414267,Vikram Singh,Chennai,4,Exactly as shown in the picture.
USER_547315,Manish Bose,Pune,1,"Terrible, broke on the first day."
USER_266768,Kavya Verma,Mumbai,4,Battery drains too fast.
USER_299690,Vikram Yadav,Chandigarh,5,Awesome delivery speed.
USER_242806,Rohan Sharma,Chennai,5,"Good product, value for money."
USER_787401,Neha Deshmukh,Chennai,4,"Good product, value for money."
USER_681277,Priya Das,Chennai,2,"Defective item received, returned it."
USER_254223,Riya Yadav,Indore,4,Highly recommended!
USER_754717,Amit Iyer,Ahmedabad,5,Perfect fit and comfortable.
USER_385215,Neha Sharma,Bangalore,5,"Good product, value for money."
USER_406815,Neha Reddy,Chennai,5,"Good product, value for money."
USER_640780,Rohan Gupta,Pune,1,"Defective item received, returned it."
USER_588460,Manish Iyer,Indore,4,Loved it!
USER_668871,Kavya Joshi,Surat,5,Perfect fit and comfortable.
USER_142594,Karan Sharma,Chandigarh,2,"Average quality, could be better."
USER_257301,Arjun Deshmukh,Pune,5,Loved it!
USER_936289,Sneha Bose,Jaipur,4,"Good product, value for money."
USER_279084,Aditya Chauhan,Lucknow,4,Highly recommended!
USER_933156,Rohan Singh,Mumbai,2,"Not as expected, colors are dull."
USER_395309,Anjali Singh,Mumbai,4,Loved it!
USER_153273,Sneha Bose,Surat,5,Highly recommended!
USER_726196,Vikram Yadav,Surat,4,"Good product, value for money."
USER_355658,Vikram Joshi,Indore,3,"Average quality, could be better."
USER_587573,Sneha Iyer,Mumbai,5,"Good product, value for money."
USER_929668,Arjun Reddy,Lucknow,5,Perfect fit and comfortable.
USER_258475,Pooja Yadav,Surat,4,Loved it!
USER_279202,Siddharth Gupta,Kochi,4,Loved it!
USER_577885,Manish Nair,Bangalore,4,Loved it!
USER_941360,Karan Joshi,Jaipur,3,Nice packing.
USER_255379,Vikram Das,Lucknow,4,Highly recommended!
USER_614513,Anjali Patel,Surat,4,Highly recommended!
USER_553543,Siddharth Singh,Pune,5,Highly recommended!
USER_418901,Rahul Sharma,Delhi,5,"Good product, value for money."
USER_617586,Siddharth Chauhan,Pune,5,Loved it!
USER_624901,Neha Nair,Kolkata,5,Excellent customer support.
USER_917576,Rohan Bose,Kochi,4,"Not as expected, colors are dull."
USER_641731,Karan Kumar,Surat,2,Battery drains too fast.
USER_855072,Vikram Joshi,Chandigarh,2,"Average quality, could be better."
USER_219620,Kavya Gupta,Kochi,5,Excellent customer support.
USER_330980,Karan Das,Ahmedabad,5,Excellent customer support.
USER_903661,Karan Nair,Bangalore,1,"Worst experience ever, do not buy!"
USER_770827,Neha Das,Chennai,1,"Defective item received, returned it."
USER_294528,Neha Bose,Chennai,4,"Average quality, could be better."
USER_149870,Karan Deshmukh,Kochi,2,"Defective item received, returned it."
USER_331925,Aditya Joshi,Chennai,5,"Good product, value for money."
USER_441108,Rahul Patel,Bangalore,2,A bit overpriced but decent.
USER_632818,Amit Bose,Kolkata,3,Nice packing.
USER_616659,Aditya Das,Kolkata,5,Loved it!
USER_745748,Rahul Das,Kolkata,4,Exactly as shown in the picture.
USER_191119,Anjali Singh,Delhi,3,"Average quality, could be better."
USER_931746,Vikram Nair,Jaipur,5,Awesome delivery speed.
USER_177810,Amit Yadav,Jaipur,4,Perfect fit and comfortable.
USER_443487,Riya Singh,Bangalore,3,"Not as expected, colors are dull."
USER_404573,Aisha Bose,Indore,2,"Defective item received, returned it."
USER_282974,Riya Bose,Lucknow,4,"Average quality, could be better."
USER_933523,Pooja Patel,Kochi,3,"Average quality, could be better."
USER_283926,Manish Chauhan,Pune,4,Nice packing.
USER_449055,Divya Iyer,Kochi,1,"Defective item received, returned it."
USER_635203,Rohan Deshmukh,Mumbai,5,Perfect fit and comfortable.
USER_904460,Neha Bose,Bangalore,4,A bit overpriced but decent.
USER_969309,Sneha Nair,Bangalore,5,Highly recommended!
USER_664187,Aisha Chauhan,Bangalore,1,"Worst experience ever, do not buy!"
USER_949083,Kavya Singh,Mumbai,4,"Good product, value for money."
USER_936470,Neha Das,Ahmedabad,5,Highly recommended!
USER_679715,Riya Chauhan,Delhi,4,"Good product, value for money."
USER_339603,Divya Yadav,Chennai,4,"Average quality, could be better."
USER_752331,Aisha Patel,Kolkata,4,Perfect fit and comfortable.
USER_185312,Riya Gupta,Hyderabad,5,Highly recommended!
USER_390883,Manish Kumar,Chennai,5,Awesome delivery speed.
USER_703105,Manish Yadav,Indore,3,Battery drains too fast.
USER_708975,Karan Bose,Jaipur,4,Battery drains too fast.
USER_872744,Divya Nair,Indore,1,"Worst experience ever, do not buy!"
USER_429447,Karan Das,Surat,3,Battery drains too fast.
USER_311714,Sneha Verma,Jaipur,5,"Good product, value for money."
USER_416047,Amit Kumar,Surat,1,"Defective item received, returned it."
USER_805182,Sneha Kumar,Kolkata,2,"Not as expected, colors are dull."
USER_633559,Arjun Verma,Jaipur,4,Highly recommended!
USER_745955,Arjun Deshmukh,Chandigarh,2,"Terrible, broke on the first day."
USER_472216,Amit Nair,Delhi,5,"Good product, value for money."
USER_856733,Riya Iyer,Jaipur,4,Nice packing.
USER_563295,Arjun Das,Lucknow,2,"Defective item received, returned it."
USER_716837,Divya Reddy,Surat,3,"Average quality, could be better."
USER_543613,Aisha Bose,Ahmedabad,3,A bit overpriced but decent.
USER_869403,Amit Singh,Chennai,1,"Worst experience ever, do not buy!"
USER_208652,Neha Verma,Pune,4,Nice packing.
USER_656002,Riya Reddy,Kochi,5,Exactly as shown in the picture.
USER_601386,Neha Gupta,Chandigarh,3,A bit overpriced but decent.
USER_682825,Priya Reddy,Mumbai,2,"Worst experience ever, do not buy!"
USER_824766,Manish Patel,Kolkata,3,"Average quality, could be better."
USER_157305,Rohan Das,Hyderabad,5,Awesome delivery speed.
USER_393188,Karan Verma,Hyderabad,4,"Not as expected, colors are dull."
USER_327965,Karan Nair,Bangalore,5,Excellent customer support.
USER_104550,Siddharth Iyer,Lucknow,4,Excellent customer support.
USER_341808,Sneha Yadav,Indore,2,"Not as expected, colors are dull."
USER_425862,Anjali Bose,Kochi,5,Loved it!
USER_851894,Karan Gupta,Delhi,1,"Worst experience ever, do not buy!"
USER_202416,Karan Reddy,Surat,2,Nice packing.
USER_835824,Arjun Joshi,Chennai,2,"Defective item received, returned it."
USER_283292,Neha Yadav,Chandigarh,2,"Defective item received, returned it."
USER_131109,Rahul Deshmukh,Surat,5,Exactly as shown in the picture.
USER_821202,Sneha Singh,Pune,4,Excellent customer support.
USER_323345,Sneha Sharma,Bangalore,5,Loved it!
USER_849858,Kavya Das,Indore,4,"Good product, value for money."
USER_598562,Aditya Reddy,Hyderabad,5,"Good product, value for money."
USER_856137,Vikram Joshi,Kochi,5,Awesome delivery speed.
USER_525738,Rohan Verma,Mumbai,4,Excellent customer support.
USER_351116,Rohan Nair,Pune,3,"Not as expected, colors are dull."
USER_800510,Vikram Kumar,Delhi,2,"Terrible, broke on the first day."
USER_992356,Neha Bose,Hyderabad,2,"Defective item received, returned it."
USER_965217,Neha Sharma,Lucknow,5,Exactly as shown in the picture.
USER_411162,Siddharth Verma,Kolkata,4,Highly recommended!
USER_420504,Rohan Chauhan,Kochi,5,Loved it!
USER_502539,Siddharth Patel,Hyderabad,5,Highly recommended!
USER_746684,Rohan Iyer,Surat,4,Perfect fit and comfortable.
USER_226839,Sneha Patel,Hyderabad,5,Exactly as shown in the picture.
USER_765609,Anjali Patel,Lucknow,3,Battery drains too fast.
USER_542895,Neha Das,Kochi,4,Exactly as shown in the picture.
USER_260533,Arjun Sharma,Bangalore,2,"Worst experience ever, do not buy!"
USER_805526,Anjali Gupta,Kolkata,4,Excellent customer support.
USER_953384,Rahul Deshmukh,Surat,4,Exactly as shown in the picture.
USER_249850,Amit Joshi,Indore,5,Exactly as shown in the picture.
USER_212266,Kavya Iyer,Delhi,4,Awesome delivery speed.
USER_125103,Pooja Sharma,Ahmedabad,5,Awesome delivery speed.
USER_754663,Siddharth Bose,Ahmedabad,3,"Not as expected, colors are dull."
USER_795329,Arjun Iyer,Kolkata,3,Battery drains too fast.
USER_208572,Riya Yadav,Mumbai,5,Highly recommended!
USER_401170,Neha Chauhan,Chennai,4,Highly recommended!
USER_428446,Vikram Yadav,Lucknow,4,Awesome delivery speed.
USER_443558,Aisha Singh,Chennai,5,Perfect fit and comfortable.
USER_647389,Riya Yadav,Indore,5,Loved it!
USER_886013,Anjali Iyer,Surat,5,Awesome delivery speed.
USER_274259,Aditya Yadav,Delhi,2,A bit overpriced but decent.
USER_771447,Neha Deshmukh,Surat,2,"Defective item received, returned it."
USER_344982,Kavya Gupta,Chandigarh,3,Nice packing.
USER_221764,Riya Yadav,Chandigarh,4,Nice packing.
USER_221387,Kavya Patel,Pune,2,"Not as expected, colors are dull."
USER_118641,Sneha Sharma,Kochi,4,Highly recommended!
USER_501260,Sneha Iyer,Mumbai,2,"Terrible, broke on the first day."
USER_670774,Amit Singh,Indore,4,Awesome delivery speed.
USER_602328,Karan Gupta,Lucknow,1,"Defective item received, returned it."
USER_596718,Rohan Singh,Hyderabad,4,Highly recommended!
USER_626335,Siddharth Patel,Surat,3,Nice packing.
USER_313256,Karan Reddy,Chandigarh,4,"Average quality, could be better."
USER_802662,Vikram Singh,Chennai,5,Awesome delivery speed.
USER_217933,Aditya Iyer,Ahmedabad,5,Excellent customer support.
USER_939537,Sneha Nair,Indore,5,Exactly as shown in the picture.
USER_857385,Sneha Yadav,Indore,2,Battery drains too fast.
USER_867900,Amit Singh,Kolkata,5,Perfect fit and comfortable.
USER_200491,Amit Singh,Kochi,5,Perfect fit and comfortable.
USER_480206,Priya Deshmukh,Pune,4,Nice packing.
USER_597105,Riya Gupta,Lucknow,4,"Average quality, could be better."
USER_569610,Anjali Singh,Surat,2,"Defective item received, returned it."
USER_420504,Rohan Chauhan,Kochi,5,Loved it!
USER_202538,Neha Kumar,Indore,4,Exactly as shown in the picture.
USER_591167,Anjali Chauhan,Chandigarh,2,"Worst experience ever, do not buy!"
USER_106106,Neha Kumar,Delhi,5,Excellent customer support.
USER_371882,Riya Joshi,Lucknow,4,Perfect fit and comfortable.
USER_914478,Pooja Verma,Indore,5,Loved it!
USER_305269,Pooja Gupta,Indore,4,A bit overpriced but decent.
USER_990669,Vikram Deshmukh,Pune,5,"Good product, value for money."
USER_157215,Vikram Singh,Mumbai,5,Perfect fit and comfortable.
USER_306175,Amit Chauhan,Delhi,5,Exactly as shown in the picture.
USER_624711,Anjali Singh,Lucknow,5,Exactly as shown in the picture.
USER_159918,Riya Kumar,Bangalore,3,Nice packing.
USER_376348,Rahul Singh,Chandigarh,3,A bit overpriced but decent.
USER_289932,Rahul Yadav,Chandigarh,4,Awesome delivery speed.
USER_811982,Divya Nair,Pune,2,A bit overpriced but decent.
USER_323422,Karan Das,Lucknow,1,"Worst experience ever, do not buy!"
USER_600434,Divya Chauhan,Kochi,5,Loved it!
USER_610865,Amit Sharma,Hyderabad,3,Nice packing.
USER_841901,Divya Kumar,Chennai,5,Exactly as shown in the picture.
USER_834242,Riya Chauhan,Mumbai,2,Nice packing.
USER_423365,Aisha Patel,Jaipur,5,Perfect fit and comfortable.
USER_875022,Arjun Yadav,Lucknow,3,Nice packing.
USER_344010,Kavya Das,Pune,5,Awesome delivery speed.
USER_285488,Anjali Sharma,Surat,2,"Defective item received, returned it."
USER_551302,Divya Kumar,Surat,1,"Worst experience ever, do not buy!"
USER_823078,Kavya Yadav,Ahmedabad,3,"Average quality, could be better."
USER_922392,Arjun Joshi,Mumbai,4,Awesome delivery speed.
USER_676677,Kavya Bose,Chandigarh,1,"Defective item received, returned it."
USER_290832,Manish Bose,Indore,4,Perfect fit and comfortable.
USER_792001,Manish Yadav,Jaipur,5,Awesome delivery speed.
USER_933755,Kavya Reddy,Kochi,1,"Terrible, broke on the first day."
USER_664969,Rohan Das,Mumbai,5,Exactly as shown in the picture.
USER_154511,Aisha Iyer,Indore,4,Loved it!
USER_401844,Aisha Kumar,Mumbai,4,A bit overpriced but decent.
USER_651922,Sneha Iyer,Lucknow,4,"Average quality, could be better."
USER_600837,Priya Gupta,Kochi,5,Loved it!
USER_992929,Rahul Singh,Surat,4,Perfect fit and comfortable.
USER_495979,Aditya Chauhan,Indore,2,Nice packing.
USER_392453,Rahul Chauhan,Surat,4,Highly recommended!
USER_251201,Sneha Nair,Kochi,4,"Good product, value for money."
USER_536100,Aditya Iyer,Ahmedabad,5,Perfect fit and comfortable.
USER_312298,Sneha Verma,Delhi,5,Awesome delivery speed.
USER_320553,Aditya Reddy,Chennai,4,"Not as expected, colors are dull."
USER_471756,Pooja Yadav,Mumbai,3,"Average quality, could be better."
USER_924026,Riya Bose,Delhi,5,Excellent customer support.
USER_800646,Riya Yadav,Ahmedabad,3,"Not as expected, colors are dull."
USER_622302,Pooja Reddy,Delhi,2,"Terrible, broke on the first day."
USER_364224,Anjali Kumar,Pune,4,Highly recommended!
USER_224402,Amit Joshi,Pune,1,"Defective item received, returned it."
USER_945923,Anjali Kumar,Kochi,3,Nice packing.
USER_179900,Priya Gupta,Kolkata,2,Battery drains too fast.
USER_238291,Sneha Deshmukh,Mumbai,5,Loved it!
USER_346988,Aisha Joshi,Kochi,3,Battery drains too fast.
USER_423982,Arjun Sharma,Bangalore,5,Awesome delivery speed.
USER_673204,Karan Bose,Kochi,2,Battery drains too fast.
USER_849684,Vikram Reddy,Bangalore,4,Awesome delivery speed.
USER_493447,Divya Iyer,Jaipur,4,Excellent customer support.
USER_250321,Priya Gupta,Chandigarh,4,"Not as expected, colors are dull."
USER_252915,Arjun Gupta,Kolkata,2,A bit overpriced but decent.
USER_109365,Aisha Bose,Delhi,2,"Terrible, broke on the first day."
USER_135734,Vikram Chauhan,Ahmedabad,5,Awesome delivery speed.
USER_329917,Amit Joshi,Surat,4,Exactly as shown in the picture.
USER_342765,Anjali Das,Indore,4,Perfect fit and comfortable.
USER_759820,Pooja Deshmukh,Lucknow,4,"Average quality, could be better."
USER_657525,Vikram Singh,Chennai,4,Loved it!
USER_218807,Riya Bose,Mumbai,5,Loved it!
USER_850493,Arjun Verma,Jaipur,2,"Not as expected, colors are dull."
USER_102945,Divya Yadav,Surat,5,Perfect fit and comfortable.
USER_106894,Amit Chauhan,Bangalore,3,Nice packing.
USER_416931,Divya Gupta,Indore,4,Battery drains too fast.
USER_221486,Kavya Nair,Chandigarh,3,"Not as expected, colors are dull."
USER_188054,Vikram Patel,Mumbai,4,Loved it!
USER_973985,Priya Joshi,Kolkata,4,"Good product, value for money."
USER_520220,Riya Iyer,Ahmedabad,4,Excellent customer support.
USER_820709,Siddharth Verma,Hyderabad,3,"Average quality, could be better."
USER_314681,Pooja Chauhan,Chennai,2,Battery drains too fast.
USER_884938,Priya Patel,Mumbai,1,"Terrible, broke on the first day."
USER_744465,Anjali Verma,Indore,4,Perfect fit and comfortable.
USER_238730,Sneha Singh,Mumbai,2,"Defective item received, returned it."
USER_617427,Karan Das,Pune,4,Excellent customer support.
USER_666909,Vikram Bose,Delhi,1,"Terrible, broke on the first day."
USER_334429,Aditya Reddy,Kolkata,3,"Not as expected, colors are dull."
USER_214829,Rahul Yadav,Chandigarh,3,Nice packing.
USER_381470,Anjali Das,Chennai,5,Highly recommended!
USER_382826,Anjali Joshi,Chennai,2,"Worst experience ever, do not buy!"
USER_795023,Aditya Chauhan,Chennai,5,Highly recommended!
USER_391176,Sneha Bose,Jaipur,5,Highly recommended!
USER_324578,Neha Iyer,Jaipur,3,"Not as expected, colors are dull."
USER_811034,Siddharth Nair,Lucknow,1,"Terrible, broke on the first day."
USER_399705,Pooja Nair,Kolkata,4,Nice packing.
USER_159799,Priya Singh,Lucknow,4,Exactly as shown in the picture.
USER_628797,Rahul Gupta,Surat,4,Perfect fit and comfortable.
USER_752601,Manish Chauhan,Surat,5,"Good product, value for money."
USER_550177,Divya Das,Kochi,1,"Worst experience ever, do not buy!"
USER_647780,Karan Chauhan,Jaipur,2,"Not as expected, colors are dull."
USER_713468,Aisha Sharma,Ahmedabad,4,"Not as expected, colors are dull."
USER_222080,Kavya Kumar,Bangalore,5,Awesome delivery speed.
USER_721204,Aisha Kumar,Kolkata,4,Perfect fit and comfortable.
USER_750114,Sneha Gupta,Indore,4,"Good product, value for money."
USER_233403,Manish Nair,Hyderabad,2,"Worst experience ever, do not buy!"
USER_831932,Divya Gupta,Chandigarh,5,Highly recommended!
USER_652738,Riya Gupta,Chennai,5,Excellent customer support.
USER_532507,Riya Kumar,Kolkata,4,Battery drains too fast.
USER_674747,Amit Gupta,Chennai,2,"Terrible, broke on the first day."
USER_911490,Manish Sharma,Indore,2,Battery drains too fast.
USER_976920,Sneha Reddy,Bangalore,2,"Defective item received, returned it."
USER_644814,Arjun Das,Chennai,4,"Good product, value for money."
USER_785898,Rohan Iyer,Indore,5,Awesome delivery speed.
USER_343963,Priya Verma,Hyderabad,4,Nice packing.
USER_410579,Rahul Chauhan,Pune,3,"Not as expected, colors are dull."
USER_522188,Amit Deshmukh,Bangalore,5,Excellent customer support.
USER_353976,Karan Singh,Delhi,1,"Terrible, broke on the first day."
USER_683188,Anjali Bose,Pune,5,Awesome delivery speed.
USER_990962,Rohan Sharma,Chandigarh,5,"Good product, value for money."
USER_987453,Aisha Das,Hyderabad,1,"Terrible, broke on the first day."
USER_808174,Rohan Kumar,Bangalore,4,Excellent customer support.
USER_393735,Manish Deshmukh,Jaipur,5,"Good product, value for money."
USER_495852,Arjun Das,Lucknow,5,Loved it!
USER_821471,Amit Das,Chennai,5,Awesome delivery speed.
USER_104659,Anjali Yadav,Surat,1,"Terrible, broke on the first day."
USER_969443,Rahul Reddy,Kochi,2,"Terrible, broke on the first day."
USER_956847,Manish Sharma,Ahmedabad,2,"Defective item received, returned it."
USER_705409,Aisha Das,Chandigarh,2,"Worst experience ever, do not buy!"
USER_146979,Anjali Verma,Kochi,4,Loved it!
USER_356321,Neha Joshi,Bangalore,2,"Average quality, could be better."
USER_937460,Vikram Bose,Pune,2,"Terrible, broke on the first day."
USER_430712,Kavya Gupta,Delhi,2,"Defective item received, returned it."
USER_145723,Sneha Singh,Lucknow,5,Perfect fit and comfortable.
USER_140524,Karan Kumar,Indore,2,A bit overpriced but decent.
USER_147123,Kavya Singh,Delhi,4,Exactly as shown in the picture.
USER_917621,Anjali Gupta,Jaipur,2,A bit overpriced but decent.
USER_490453,Manish Bose,Ahmedabad,4,Nice packing.
USER_823707,Vikram Yadav,Pune,1,"Defective item received, returned it."
USER_553207,Sneha Chauhan,Pune,3,A bit overpriced but decent.
USER_824225,Kavya Patel,Mumbai,1,"Defective item received, returned it."
USER_580781,Divya Yadav,Chennai,2,Nice packing.
USER_796632,Aisha Das,Lucknow,5,Perfect fit and comfortable.
USER_706613,Neha Iyer,Ahmedabad,4,Battery drains too fast.
USER_650840,Rohan Joshi,Bangalore,2,Battery drains too fast.
USER_761363,Anjali Kumar,Pune,3,"Not as expected, colors are dull."
USER_778954,Anjali Yadav,Jaipur,1,"Worst experience ever, do not buy!"
USER_513449,Sneha Nair,Lucknow,5,Highly recommended!
USER_711103,Kavya Sharma,Jaipur,3,"Not as expected, colors are dull."
USER_712154,Aditya Kumar,Lucknow,2,"Worst experience ever, do not buy!"
USER_858718,Aisha Patel,Bangalore,2,"Worst experience ever, do not buy!"
USER_512086,Karan Bose,Lucknow,2,"Terrible, broke on the first day."
USER_634487,Vikram Reddy,Lucknow,5,Exactly as shown in the picture.
USER_576919,Riya Kumar,Kolkata,4,Awesome delivery speed.
USER_605055,Riya Patel,Mumbai,4,Awesome delivery speed.
USER_771848,Riya Deshmukh,Delhi,2,A bit overpriced but decent.
USER_565633,Amit Iyer,Surat,5,Highly recommended!
USER_325560,Amit Kumar,Bangalore,2,A bit overpriced but decent.
USER_156850,Pooja Deshmukh,Kolkata,3,A bit overpriced but decent.
USER_897354,Riya Joshi,Jaipur,2,A bit overpriced but decent.
USER_748681,Aisha Yadav,Bangalore,2,"Average quality, could be better."
USER_301958,Rahul Sharma,Surat,4,Excellent customer support.
USER_779464,Anjali Deshmukh,Kochi,1,"Defective item received, returned it."
USER_918516,Aditya Iyer,Chennai,5,Exactly as shown in the picture.
USER_743320,Manish Iyer,Kochi,4,Loved it!
USER_265366,Arjun Verma,Kochi,4,"Good product, value for money."
USER_701688,Rahul Sharma,Ahmedabad,4,Excellent customer support.
USER_903605,Amit Kumar,Lucknow,3,"Average quality, could be better."
USER_956238,Aditya Das,Pune,4,"Not as expected, colors are dull."
USER_435170,Riya Deshmukh,Kochi,5,Highly recommended!
USER_873386,Siddharth Joshi,Pune,5,Loved it!
USER_293530,Divya Joshi,Ahmedabad,3,A bit overpriced but decent.
USER_838395,Rahul Deshmukh,Ahmedabad,2,"Worst experience ever, do not buy!"
USER_611210,Priya Chauhan,Chandigarh,4,"Average quality, could be better."
USER_321304,Sneha Iyer,Jaipur,2,"Defective item received, returned it."
USER_831312,Arjun Joshi,Pune,1,"Worst experience ever, do not buy!"
USER_975434,Amit Bose,Ahmedabad,3,A bit overpriced but decent.
USER_102380,Anjali Nair,Lucknow,5,Loved it!
USER_608751,Rahul Bose,Ahmedabad,1,"Defective item received, returned it."
USER_901111,Siddharth Singh,Hyderabad,5,Perfect fit and comfortable.
USER_546688,Manish Singh,Delhi,4,Highly recommended!
USER_167058,Kavya Singh,Hyderabad,2,"Defective item received, returned it."
USER_234008,Arjun Sharma,Lucknow,4,Perfect fit and comfortable.
USER_654966,Siddharth Deshmukh,Mumbai,5,Excellent customer support.
USER_552909,Rohan Sharma,Hyderabad,4,Excellent customer support.
USER_166873,Kavya Verma,Chandigarh,5,"Good product, value for money."
USER_386089,Riya Yadav,Lucknow,3,A bit overpriced but decent.
USER_537523,Divya Kumar,Bangalore,4,Awesome delivery speed.
USER_658496,Vikram Verma,Lucknow,4,Perfect fit and comfortable.
USER_655299,Siddharth Kumar,Kolkata,4,Highly recommended!
USER_324857,Manish Singh,Jaipur,4,Awesome delivery speed.
USER_462485,Manish Chauhan,Delhi,5,Awesome delivery speed.
USER_175105,Anjali Verma,Indore,2,"Not as expected, colors are dull."
USER_695387,Vikram Nair,Lucknow,5,Perfect fit and comfortable.
USER_452226,Siddharth Bose,Indore,1,"Terrible, broke on the first day."
USER_626234,Manish Sharma,Surat,3,Nice packing.
USER_753877,Aisha Yadav,Chandigarh,5,"Good product, value for money."
USER_329802,Aditya Joshi,Mumbai,5,Perfect fit and comfortable.
USER_148491,Divya Nair,Lucknow,5,Excellent customer support.
USER_693987,Priya Joshi,Bangalore,5,Highly recommended!
USER_234064,Sneha Sharma,Surat,1,"Terrible, broke on the first day."
USER_200167,Divya Yadav,Jaipur,4,Battery drains too fast.
USER_619548,Vikram Gupta,Delhi,1,"Worst experience ever, do not buy!"
USER_761416,Siddharth Bose,Lucknow,5,Highly recommended!
USER_508401,Kavya Patel,Pune,2,"Terrible, broke on the first day."
USER_496696,Neha Joshi,Chandigarh,4,Excellent customer support.
USER_729790,Priya Gupta,Lucknow,2,"Not as expected, colors are dull."
USER_993963,Kavya Gupta,Indore,5,Awesome delivery speed.
USER_967421,Sneha Kumar,Mumbai,5,Awesome delivery speed.
USER_393347,Vikram Deshmukh,Delhi,2,"Worst experience ever, do not buy!"
USER_319291,Karan Reddy,Surat,4,Awesome delivery speed.
USER_189149,Rahul Das,Lucknow,3,Battery drains too fast.
USER_819491,Riya Singh,Chennai,2,"Not as expected, colors are dull."
USER_572511,Neha Reddy,Chandigarh,4,Perfect fit and comfortable.
USER_438021,Aisha Deshmukh,Jaipur,4,Highly recommended!
USER_174605,Amit Gupta,Jaipur,2,Battery drains too fast.
USER_133997,Pooja Deshmukh,Delhi,5,Excellent customer support.
USER_420375,Arjun Nair,Pune,5,Excellent customer support.
USER_602002,Vikram Deshmukh,Lucknow,5,Exactly as shown in the picture.
USER_757882,Karan Singh,Indore,2,"Terrible, broke on the first day."
USER_757098,Arjun Verma,Chennai,5,Perfect fit and comfortable.
USER_124301,Rahul Das,Delhi,4,Awesome delivery speed.
USER_792678,Rahul Chauhan,Mumbai,2,"Average quality, could be better."
USER_764386,Manish Reddy,Chennai,5,Awesome delivery speed.
USER_974380,Arjun Verma,Delhi,4,Exactly as shown in the picture.
USER_231221,Pooja Kumar,Indore,2,"Not as expected, colors are dull."
USER_152702,Arjun Deshmukh,Kochi,4,"Not as expected, colors are dull."
USER_383239,Arjun Iyer,Kochi,4,Exactly as shown in the picture.
USER_989480,Neha Joshi,Ahmedabad,3,"Not as expected, colors are dull."
USER_674826,Siddharth Patel,Chennai,4,Excellent customer support.
USER_552362,Priya Singh,Kochi,1,"Terrible, broke on the first day."
USER_928122,Neha Verma,Delhi,2,"Worst experience ever, do not buy!"
USER_686727,Rohan Bose,Kochi,3,Battery drains too fast.
USER_855194,Pooja Yadav,Hyderabad,3,"Not as expected, colors are dull."
USER_694043,Karan Reddy,Bangalore,2,"Terrible, broke on the first day."
USER_863454,Karan Singh,Hyderabad,5,Highly recommended!
USER_675821,Divya Kumar,Jaipur,2,"Not as expected, colors are dull."
USER_887890,Kavya Reddy,Chennai,4,Excellent customer support.
USER_777991,Siddharth Iyer,Pune,2,A bit overpriced but decent.
USER_925994,Anjali Patel,Ahmedabad,4,Perfect fit and comfortable.
USER_725083,Rahul Verma,Chennai,2,"Average quality, could be better."
USER_395051,Neha Joshi,Pune,4,Battery drains too fast.
USER_166457,Rahul Singh,Jaipur,5,Awesome delivery speed.
USER_636580,Rahul Yadav,Ahmedabad,1,"Defective item received, returned it."
USER_309607,Rahul Nair,Delhi,4,Highly recommended!
USER_662189,Karan Kumar,Delhi,5,Perfect fit and comfortable.
USER_591281,Rahul Iyer,Surat,2,Nice packing.
USER_788766,Vikram Kumar,Kochi,5,Excellent customer support.
USER_304948,Pooja Nair,Kolkata,4,"Average quality, could be better."
USER_268395,Siddharth Deshmukh,Pune,2,"Terrible, broke on the first day."
USER_806975,Sneha Patel,Surat,4,"Not as expected, colors are dull."
USER_923622,Amit Nair,Mumbai,2,Battery drains too fast.
USER_810368,Divya Iyer,Hyderabad,4,Highly recommended!
USER_357341,Sneha Deshmukh,Pune,5,Exactly as shown in the picture.
USER_577649,Manish Iyer,Hyderabad,4,Perfect fit and comfortable.
USER_228930,Siddharth Das,Indore,5,Highly recommended!
USER_201837,Sneha Singh,Bangalore,5,Awesome delivery speed.
USER_100582,Vikram Kumar,Chandigarh,4,Loved it!
USER_340533,Rahul Bose,Lucknow,2,"Terrible, broke on the first day."
USER_875861,Riya Joshi,Pune,3,"Average quality, could be better."
USER_713251,Anjali Kumar,Ahmedabad,1,"Terrible, broke on the first day."
USER_764240,Aditya Joshi,Jaipur,1,"Worst experience ever, do not buy!"
USER_148491,Divya Nair,Lucknow,5,Excellent customer support.
USER_724071,Pooja Nair,Kolkata,4,"Good product, value for money."
USER_609374,Sneha Singh,Kochi,2,Nice packing.
USER_722095,Karan Iyer,Pune,2,Nice packing.
USER_661323,Rohan Das,Chandigarh,5,Awesome delivery speed.
USER_119278,Karan Iyer,Pune,5,Perfect fit and comfortable.
USER_576085,Karan Verma,Bangalore,4,Loved it!
USER_220791,Anjali Yadav,Chennai,2,Battery drains too fast.
USER_382778,Arjun Patel,Chandigarh,5,Awesome delivery speed.
USER_357777,Riya Sharma,Pune,4,Excellent customer support.
USER_838779,Pooja Gupta,Bangalore,5,Highly recommended!
USER_917907,Priya Kumar,Surat,2,"Average quality, could be better."
USER_438453,Divya Sharma,Hyderabad,4,A bit overpriced but decent.
USER_162240,Aditya Deshmukh,Hyderabad,2,"Terrible, broke on the first day."
USER_771955,Divya Singh,Pune,4,Awesome delivery speed.
USER_517353,Siddharth Patel,Chennai,4,Perfect fit and comfortable.
USER_979430,Rahul Yadav,Chandigarh,3,Nice packing.
USER_630424,Rohan Singh,Chandigarh,2,"Defective item received, returned it."
USER_214193,Rohan Das,Indore,3,Nice packing.
USER_358211,Vikram Chauhan,Bangalore,4,Perfect fit and comfortable.
USER_412219,Pooja Sharma,Indore,1,"Worst experience ever, do not buy!"
USER_661273,Neha Das,Mumbai,4,"Good product, value for money."
USER_103820,Anjali Nair,Indore,2,"Worst experience ever, do not buy!"
USER_434914,Anjali Nair,Indore,1,"Terrible, broke on the first day."
USER_308089,Kavya Kumar,Kolkata,5,Loved it!
USER_792345,Riya Kumar,Surat,3,Nice packing.
USER_900961,Kavya Nair,Mumbai,2,"Defective item received, returned it."
USER_452502,Aisha Joshi,Jaipur,2,Battery drains too fast.
USER_383991,Sneha Verma,Hyderabad,2,"Not as expected, colors are dull."
USER_919103,Rohan Das,Delhi,5,Loved it!
USER_785953,Karan Nair,Surat,3,Battery drains too fast.
USER_953942,Anjali Das,Indore,4,Highly recommended!
USER_671492,Rahul Iyer,Bangalore,4,"Not as expected, colors are dull."
USER_920145,Kavya Deshmukh,Lucknow,5,Excellent customer support.
USER_427957,Neha Iyer,Bangalore,2,"Defective item received, returned it."
USER_279159,Rohan Nair,Ahmedabad,3,A bit overpriced but decent.
USER_242743,Pooja Verma,Hyderabad,1,"Defective item received, returned it."
USER_602487,Rahul Chauhan,Surat,4,Awesome delivery speed.
USER_985283,Siddharth Verma,Delhi,2,Nice packing.
USER_988486,Arjun Nair,Chandigarh,5,Excellent customer support.
USER_373476,Aisha Nair,Bangalore,3,"Not as expected, colors are dull."
USER_788999,Aisha Reddy,Surat,4,A bit overpriced but decent.
USER_882795,Neha Das,Ahmedabad,3,Battery drains too fast.
USER_280843,Manish Gupta,Jaipur,5,Loved it!
USER_594486,Rahul Iyer,Delhi,5,Exactly as shown in the picture.
USER_500223,Rohan Joshi,Kochi,5,Highly recommended!
USER_726672,Aisha Deshmukh,Ahmedabad,2,"Defective item received, returned it."
USER_537721,Siddharth Kumar,Indore,4,Loved it!
USER_419819,Aditya Nair,Bangalore,1,"Terrible, broke on the first day."
USER_420843,Divya Das,Indore,4,Exactly as shown in the picture.
USER_252351,Manish Kumar,Chandigarh,5,Loved it!
USER_487103,Amit Verma,Jaipur,5,Loved it!
USER_138857,Kavya Kumar,Surat,2,"Average quality, could be better."
USER_382673,Karan Sharma,Kochi,4,Highly recommended!
USER_439224,Rohan Iyer,Hyderabad,1,"Terrible, broke on the first day."
USER_660804,Kavya Nair,Hyderabad,5,Perfect fit and comfortable.
USER_960442,Anjali Deshmukh,Indore,5,"Good product, value for money."
USER_384493,Priya Joshi,Surat,3,Nice packing.
USER_840212,Rohan Chauhan,Hyderabad,4,Awesome delivery speed.
USER_148471,Amit Patel,Kolkata,4,A bit overpriced but decent.
USER_179324,Neha Sharma,Indore,4,Excellent customer support.
USER_866588,Kavya Verma,Mumbai,5,Exactly as shown in the picture.
USER_230480,Karan Bose,Jaipur,4,A bit overpriced but decent.
USER_483573,Siddharth Iyer,Hyderabad,3,A bit overpriced but decent.
USER_663167,Priya Patel,Surat,4,Highly recommended!
USER_984129,Aditya Gupta,Ahmedabad,1,"Worst experience ever, do not buy!"
USER_373105,Riya Iyer,Pune,5,"Good product, value for money."
USER_905115,Pooja Chauhan,Surat,2,"Not as expected, colors are dull."
USER_229159,Divya Singh,Indore,4,A bit overpriced but decent.
USER_747726,Aditya Singh,Surat,2,Battery drains too fast.
USER_852766,Aisha Nair,Pune,4,A bit overpriced but decent.
USER_603948,Rohan Reddy,Jaipur,4,Perfect fit and comfortable.
USER_197683,Priya Verma,Kolkata,4,"Good product, value for money."
USER_773885,Riya Kumar,Indore,4,Exactly as shown in the picture.
USER_477754,Manish Iyer,Mumbai,4,Exactly as shown in the picture.
USER_189518,Aditya Kumar,Jaipur,4,Nice packing.
USER_482930,Rahul Bose,Kolkata,4,"Not as expected, colors are dull."
USER_221349,Pooja Iyer,Jaipur,4,Awesome delivery speed.
USER_635525,Pooja Chauhan,Bangalore,5,Highly recommended!
USER_503782,Karan Sharma,Hyderabad,5,Excellent customer support.
USER_237615,Arjun Iyer,Indore,5,Perfect fit and comfortable.
USER_535592,Aditya Sharma,Chandigarh,4,Exactly as shown in the picture.
USER_675766,Arjun Das,Bangalore,5,Excellent customer support.
USER_312543,Karan Gupta,Lucknow,4,"Average quality, could be better."
USER_292452,Riya Verma,Chandigarh,1,"Terrible, broke on the first day."
USER_315169,Anjali Gupta,Surat,2,Nice packing.
USER_335055,Manish Chauhan,Ahmedabad,1,"Worst experience ever, do not buy!"
USER_254574,Anjali Verma,Kochi,4,Exactly as shown in the picture.
USER_859370,Neha Verma,Hyderabad,4,Perfect fit and comfortable.
USER_850065,Manish Chauhan,Delhi,4,Highly recommended!
USER_807711,Sneha Verma,Surat,2,"Worst experience ever, do not buy!"
USER_856768,Kavya Bose,Jaipur,4,Perfect fit and comfortable.
USER_821007,Rahul Verma,Chennai,2,Nice packing.
USER_879748,Aisha Das,Lucknow,4,Nice packing.
USER_268082,Rahul Joshi,Hyderabad,3,"Not as expected, colors are dull."
USER_626535,Amit Joshi,Kolkata,4,Loved it!
USER_990885,Rohan Gupta,Hyderabad,5,Loved it!
USER_918885,Aisha Chauhan,Chandigarh,2,Battery drains too fast.
USER_968504,Amit Yadav,Ahmedabad,3,"Not as expected, colors are dull."
USER_511955,Pooja Sharma,Bangalore,2,Nice packing.
USER_385639,Priya Kumar,Ahmedabad,3,Battery drains too fast.
USER_251179,Arjun Bose,Chennai,1,"Worst experience ever, do not buy!"
USER_676318,Siddharth Singh,Surat,4,Exactly as shown in the picture.
USER_507647,Neha Bose,Kochi,2,Nice packing.
USER_861896,Karan Verma,Kochi,5,"Good product, value for money."
USER_587202,Aisha Sharma,Indore,2,"Average quality, could be better."
USER_336603,Aditya Sharma,Chandigarh,2,"Terrible, broke on the first day."
USER_176114,Arjun Verma,Indore,4,Battery drains too fast.
USER_151161,Aditya Reddy,Surat,2,Battery drains too fast.
USER_705621,Sneha Das,Ahmedabad,4,Excellent customer support.
USER_514158,Divya Bose,Chennai,5,Excellent customer support.
USER_969698,Priya Das,Ahmedabad,2,A bit overpriced but decent.
USER_608356,Arjun Bose,Chennai,2,A bit overpriced but decent.
USER_872683,Neha Deshmukh,Hyderabad,5,"Good product, value for money."
USER_270220,Divya Nair,Surat,3,Nice packing.
USER_737559,Vikram Gupta,Kolkata,2,"Terrible, broke on the first day."
USER_883699,Pooja Singh,Pune,4,Excellent customer support.
USER_226207,Pooja Sharma,Jaipur,3,A bit overpriced but decent.
USER_971338,Arjun Yadav,Lucknow,5,Perfect fit and comfortable.
USER_319727,Riya Kumar,Hyderabad,2,Battery drains too fast.
USER_284880,Priya Yadav,Hyderabad,5,Highly recommended!
USER_523154,Kavya Deshmukh,Mumbai,5,Highly recommended!
USER_679675,Aisha Joshi,Jaipur,2,Nice packing.
USER_543763,Arjun Chauhan,Kolkata,4,"Average quality, could be better."
USER_787369,Sneha Chauhan,Kochi,4,"Not as expected, colors are dull."
USER_142981,Aditya Sharma,Chandigarh,4,Exactly as shown in the picture.
USER_666426,Amit Iyer,Lucknow,4,Highly recommended!
USER_492356,Anjali Kumar,Kolkata,3,Nice packing.
USER_357294,Aisha Sharma,Pune,4,Perfect fit and comfortable.
USER_315817,Divya Iyer,Jaipur,1,"Defective item received, returned it."
USER_329976,Divya Verma,Mumbai,5,"Good product, value for money."
USER_657375,Divya Yadav,Kochi,4,Awesome delivery speed.
USER_289100,Pooja Reddy,Delhi,4,Exactly as shown in the picture.
USER_356385,Anjali Nair,Kolkata,5,Perfect fit and comfortable.
USER_406868,Neha Joshi,Indore,1,"Worst experience ever, do not buy!"
USER_355240,Arjun Joshi,Indore,3,Battery drains too fast.
USER_918516,Aditya Iyer,Chennai,5,Exactly as shown in the picture.
USER_986752,Priya Joshi,Mumbai,3,"Not as expected, colors are dull."
USER_816852,Sneha Verma,Lucknow,5,Perfect fit and comfortable.
USER_545469,Manish Chauhan,Delhi,5,Highly recommended!
USER_934022,Rahul Chauhan,Ahmedabad,4,Excellent customer support.
USER_282298,Rohan Verma,Chennai,4,Awesome delivery speed.
USER_834398,Aditya Kumar,Mumbai,2,"Not as expected, colors are dull."
USER_625489,Priya Reddy,Mumbai,4,Highly recommended!
USER_424421,Siddharth Iyer,Chennai,3,A bit overpriced but decent.
USER_221644,Divya Sharma,Pune,3,"Average quality, could be better."
USER_903295,Divya Yadav,Lucknow,4,Loved it!
USER_577821,Siddharth Nair,Kolkata,4,Exactly as shown in the picture.
USER_820376,Vikram Singh,Chandigarh,5,Awesome delivery speed.
USER_718161,Manish Singh,Kolkata,4,Excellent customer support.
USER_505998,Rahul Gupta,Surat,4,"Good product, value for money."
USER_913267,Sneha Nair,Pune,5,Highly recommended!
USER_432347,Riya Reddy,Bangalore,2,"Worst experience ever, do not buy!"
USER_343177,Kavya Deshmukh,Jaipur,5,Exactly as shown in the picture.
USER_392572,Pooja Reddy,Pune,3,"Not as expected, colors are dull."
USER_339336,Aditya Patel,Chennai,1,"Defective item received, returned it."
USER_697951,Aisha Gupta,Chandigarh,4,Highly recommended!
USER_225765,Vikram Verma,Indore,2,"Defective item received, returned it."
USER_787474,Karan Nair,Lucknow,2,Nice packing.
USER_434532,Divya Bose,Mumbai,4,Perfect fit and comfortable.
USER_156264,Siddharth Reddy,Mumbai,2,Nice packing.
USER_810400,Vikram Das,Jaipur,5,Awesome delivery speed.
USER_762087,Karan Bose,Chandigarh,4,Awesome delivery speed.
USER_871206,Arjun Verma,Kochi,3,Battery drains too fast.
USER_263066,Aisha Das,Kolkata,5,Excellent customer support.
USER_681459,Divya Verma,Kolkata,5,Excellent customer support.
USER_960672,Neha Iyer,Bangalore,2,"Not as expected, colors are dull."
USER_254928,Arjun Joshi,Chandigarh,1,"Defective item received, returned it."
USER_864261,Karan Yadav,Kolkata,2,"Worst experience ever, do not buy!"
USER_676711,Arjun Joshi,Hyderabad,1,"Worst experience ever, do not buy!"
USER_924094,Pooja Verma,Chandigarh,4,"Average quality, could be better."
USER_460537,Aditya Kumar,Indore,3,Battery drains too fast.
USER_376392,Pooja Bose,Chandigarh,4,Nice packing.
USER_360272,Anjali Iyer,Bangalore,1,"Defective item received, returned it."
USER_529600,Manish Singh,Pune,2,"Defective item received, returned it."
USER_542896,Sneha Iyer,Ahmedabad,3,Battery drains too fast.
USER_625276,Manish Nair,Ahmedabad,4,Highly recommended!
USER_514016,Kavya Reddy,Surat,1,"Worst experience ever, do not buy!"
USER_254708,Rahul Singh,Delhi,1,"Terrible, broke on the first day."
USER_952291,Divya Reddy,Surat,3,"Not as expected, colors are dull."
USER_768679,Aditya Sharma,Hyderabad,3,"Not as expected, colors are dull."
USER_304234,Amit Nair,Lucknow,4,"Not as expected, colors are dull."
USER_553220,Rahul Nair,Chandigarh,5,Excellent customer support.
USER_841696,Manish Nair,Pune,3,A bit overpriced but decent.
USER_969982,Anjali Verma,Mumbai,2,Battery drains too fast.
USER_624742,Aisha Sharma,Jaipur,4,Perfect fit and comfortable.
USER_651360,Anjali Joshi,Bangalore,5,Highly recommended!
USER_496009,Karan Deshmukh,Delhi,5,Perfect fit and comfortable.
USER_576003,Aditya Singh,Indore,1,"Defective item received, returned it."
USER_730708,Anjali Nair,Hyderabad,5,Exactly as shown in the picture.
USER_597340,Rahul Yadav,Jaipur,1,"Defective item received, returned it."
USER_215320,Aditya Chauhan,Mumbai,5,Excellent customer support.
USER_484047,Siddharth Singh,Hyderabad,4,Exactly as shown in the picture.
USER_312216,Sneha Yadav,Hyderabad,4,Loved it!
USER_777200,Siddharth Joshi,Kochi,5,"Good product, value for money."
USER_179372,Siddharth Iyer,Chennai,1,"Defective item received, returned it."
USER_161742,Divya Bose,Ahmedabad,4,Battery drains too fast.
USER_544392,Riya Chauhan,Delhi,5,Perfect fit and comfortable.
USER_234131,Aditya Kumar,Delhi,2,"Worst experience ever, do not buy!"
USER_827806,Rohan Gupta,Mumbai,3,Nice packing.
USER_699847,Aisha Joshi,Kochi,4,Highly recommended!
USER_488757,Rahul Nair,Jaipur,3,A bit overpriced but decent.
USER_294812,Aditya Gupta,Chandigarh,5,Excellent customer support.
USER_353374,Sneha Patel,Hyderabad,2,"Terrible, broke on the first day."
USER_991142,Siddharth Reddy,Mumbai,3,"Average quality, could be better."
USER_195375,Divya Kumar,Kochi,4,Exactly as shown in the picture.
USER_386904,Aisha Gupta,Bangalore,2,"Not as expected, colors are dull."
USER_242495,Anjali Yadav,Indore,4,Excellent customer support.
USER_526988,Kavya Sharma,Delhi,2,A bit overpriced but decent.
USER_272209,Divya Reddy,Chennai,4,"Good product, value for money."
USER_585910,Priya Reddy,Chennai,4,"Average quality, could be better."
USER_746026,Manish Bose,Chandigarh,5,Excellent customer support.
USER_214254,Aditya Gupta,Bangalore,4,"Good product, value for money."
USER_338877,Anjali Joshi,Pune,2,"Terrible, broke on the first day."
USER_292697,Neha Verma,Surat,2,Nice packing.
USER_949218,Neha Yadav,Lucknow,1,"Terrible, broke on the first day."
USER_562810,Priya Singh,Surat,2,"Worst experience ever, do not buy!"
USER_798217,Riya Deshmukh,Hyderabad,3,Battery drains too fast.
USER_199301,Divya Patel,Kochi,2,Nice packing.
USER_968915,Siddharth Reddy,Kolkata,1,"Defective item received, returned it."
USER_301198,Kavya Iyer,Chandigarh,1,"Terrible, broke on the first day."
USER_890094,Pooja Kumar,Lucknow,1,"Worst experience ever, do not buy!"
USER_144632,Manish Bose,Hyderabad,5,Exactly as shown in the picture.
USER_808405,Neha Deshmukh,Pune,1,"Defective item received, returned it."
USER_728608,Sneha Patel,Lucknow,4,Loved it!
USER_166108,Amit Sharma,Lucknow,4,Excellent customer support.
USER_784902,Sneha Sharma,Kochi,3,"Not as expected, colors are dull."
USER_239927,Sneha Bose,Kolkata,2,"Average quality, could be better."
USER_355269,Vikram Bose,Surat,5,Exactly as shown in the picture.
USER_595396,Manish Patel,Kochi,5,Excellent customer support.
USER_273734,Aditya Patel,Hyderabad,2,Battery drains too fast.
USER_127714,Siddharth Das,Chennai,5,Perfect fit and comfortable.
USER_987595,Vikram Gupta,Jaipur,4,Loved it!
USER_610706,Amit Gupta,Surat,4,Perfect fit and comfortable.
USER_837329,Rahul Sharma,Bangalore,4,Battery drains too fast.
USER_677040,Pooja Kumar,Jaipur,2,"Worst experience ever, do not buy!"
USER_757772,Priya Kumar,Bangalore,5,Exactly as shown in the picture.
USER_215189,Karan Sharma,Kolkata,4,Exactly as shown in the picture.
USER_329096,Priya Sharma,Hyderabad,4,Battery drains too fast.
USER_622531,Vikram Yadav,Jaipur,1,"Worst experience ever, do not buy!"
USER_346683,Aditya Joshi,Bangalore,4,Excellent customer support.
USER_435043,Anjali Deshmukh,Jaipur,5,"Good product, value for money."
USER_562129,Rahul Gupta,Kochi,2,"Terrible, broke on the first day."
USER_632300,Aisha Bose,Surat,3,Battery drains too fast.
USER_766636,Sneha Gupta,Lucknow,2,A bit overpriced but decent.
USER_464053,Arjun Patel,Surat,4,Perfect fit and comfortable.
USER_963414,Manish Iyer,Ahmedabad,2,Battery drains too fast.
USER_498484,Karan Verma,Ahmedabad,3,Nice packing.
USER_672763,Neha Iyer,Chennai,1,"Terrible, broke on the first day."
USER_355965,Kavya Joshi,Jaipur,3,Battery drains too fast.
USER_731767,Riya Patel,Jaipur,3,Battery drains too fast.
USER_215154,Rahul Yadav,Kolkata,4,Perfect fit and comfortable.
USER_895083,Aisha Yadav,Chandigarh,5,Exactly as shown in the picture.
USER_913608,Aisha Nair,Hyderabad,2,Nice packing.
USER_775146,Siddharth Iyer,Indore,3,Battery drains too fast.
USER_755679,Anjali Sharma,Ahmedabad,5,Excellent customer support.
USER_789239,Kavya Iyer,Lucknow,4,Excellent customer support.
USER_344346,Arjun Sharma,Kolkata,5,"Good product, value for money."
USER_606446,Vikram Iyer,Chennai,4,"Good product, value for money."
USER_941860,Aisha Das,Chennai,4,Excellent customer support.
USER_277375,Karan Joshi,Chennai,5,Loved it!
USER_343636,Karan Das,Surat,5,Loved it!
USER_602706,Rahul Nair,Kochi,4,Excellent customer support.
USER_411337,Aditya Reddy,Chandigarh,4,Exactly as shown in the picture.
USER_106245,Sneha Joshi,Chandigarh,1,"Worst experience ever, do not buy!"
USER_648339,Riya Bose,Delhi,4,Exactly as shown in the picture.
USER_292577,Amit Singh,Lucknow,5,Perfect fit and comfortable.
USER_841904,Neha Sharma,Chennai,5,"Good product, value for money."
USER_242928,Aisha Iyer,Chennai,2,A bit overpriced but decent.
USER_322197,Neha Joshi,Kolkata,5,Loved it!
USER_479161,Arjun Gupta,Surat,4,Exactly as shown in the picture.
USER_536676,Priya Nair,Mumbai,4,Highly recommended!
USER_543164,Sneha Patel,Chennai,3,Battery drains too fast.
USER_115093,Sneha Kumar,Ahmedabad,1,"Defective item received, returned it."
USER_902452,Sneha Singh,Jaipur,4,Nice packing.
USER_909080,Pooja Nair,Mumbai,4,Awesome delivery speed.
USER_473098,Neha Sharma,Kolkata,1,"Worst experience ever, do not buy!"
USER_717230,Amit Gupta,Mumbai,4,Loved it!
USER_858463,Aditya Reddy,Ahmedabad,1,"Terrible, broke on the first day."
USER_815453,Rahul Verma,Jaipur,5,Exactly as shown in the picture.
USER_823412,Anjali Yadav,Kochi,4,Exactly as shown in the picture.
USER_502784,Divya Joshi,Kolkata,3,Battery drains too fast.
USER_690519,Sneha Das,Jaipur,4,Perfect fit and comfortable.
USER_212289,Riya Deshmukh,Kochi,4,Excellent customer support.
USER_575851,Kavya Joshi,Mumbai,5,Perfect fit and comfortable.
USER_872723,Kavya Das,Chandigarh,5,Loved it!
USER_676798,Neha Bose,Lucknow,4,Perfect fit and comfortable.
USER_838276,Arjun Chauhan,Jaipur,1,"Defective item received, returned it."
USER_232963,Aditya Joshi,Kolkata,5,Exactly as shown in the picture.
USER_191621,Arjun Nair,Kochi,2,"Defective item received, returned it."
USER_350339,Pooja Sharma,Jaipur,5,Awesome delivery speed.
USER_656534,Arjun Joshi,Jaipur,5,Exactly as shown in the picture.
USER_580159,Aditya Nair,Delhi,5,Highly recommended!
USER_821575,Priya Kumar,Hyderabad,2,Battery drains too fast.
USER_958946,Karan Singh,Chennai,4,Battery drains too fast.
USER_692991,Arjun Das,Kochi,5,Excellent customer support.
USER_843622,Manish Yadav,Surat,4,Nice packing.
USER_319518,Pooja Reddy,Indore,5,Awesome delivery speed.
USER_768478,Amit Bose,Hyderabad,2,Battery drains too fast.
USER_943964,Amit Verma,Lucknow,5,Highly recommended!
USER_715890,Neha Patel,Indore,4,"Good product, value for money."
USER_314614,Rahul Chauhan,Pune,4,Awesome delivery speed.
USER_706862,Aisha Deshmukh,Chennai,1,"Worst experience ever, do not buy!"
USER_271547,Neha Reddy,Delhi,2,"Defective item received, returned it."
USER_169497,Karan Deshmukh,Pune,2,"Average quality, could be better."
USER_379937,Aisha Nair,Surat,5,Awesome delivery speed.
USER_536411,Anjali Verma,Delhi,4,Battery drains too fast.
USER_623980,Siddharth Singh,Lucknow,4,Exactly as shown in the picture.
USER_885412,Rahul Sharma,Kolkata,5,Awesome delivery speed.
USER_708711,Amit Bose,Mumbai,2,"Average quality, could be better."
USER_193142,Rahul Iyer,Indore,4,"Good product, value for money."
USER_493267,Neha Reddy,Kochi,1,"Terrible, broke on the first day."
USER_316944,Aisha Iyer,Surat,5,Perfect fit and comfortable.
USER_718190,Neha Singh,Chennai,5,Excellent customer support.
USER_286742,Rohan Chauhan,Surat,2,Battery drains too fast.
USER_362967,Siddharth Yadav,Surat,5,Perfect fit and comfortable.
USER_459933,Sneha Joshi,Indore,4,Awesome delivery speed.
USER_477035,Arjun Chauhan,Delhi,1,"Worst experience ever, do not buy!"
USER_534485,Aisha Singh,Jaipur,2,"Terrible, broke on the first day."
USER_390300,Neha Joshi,Lucknow,2,"Not as expected, colors are dull."
USER_971547,Riya Chauhan,Lucknow,4,"Average quality, could be better."
USER_400558,Riya Singh,Indore,4,Nice packing.
USER_635613,Siddharth Bose,Kochi,4,"Good product, value for money."
USER_595907,Arjun Deshmukh,Lucknow,2,A bit overpriced but decent.
USER_462862,Vikram Patel,Chandigarh,3,"Not as expected, colors are dull."
USER_647068,Rahul Deshmukh,Jaipur,4,"Average quality, could be better."
USER_878014,Neha Kumar,Jaipur,5,Exactly as shown in the picture.
USER_785519,Amit Sharma,Kolkata,4,"Not as expected, colors are dull."
USER_647570,Amit Deshmukh,Kochi,4,Exactly as shown in the picture.
USER_193411,Riya Das,Kochi,4,Loved it!
USER_370875,Neha Singh,Chennai,5,Excellent customer support.
USER_923591,Priya Kumar,Indore,2,"Terrible, broke on the first day."
USER_743423,Anjali Iyer,Chandigarh,3,"Not as expected, colors are dull."
USER_688374,Vikram Chauhan,Chennai,1,"Terrible, broke on the first day."
USER_345179,Karan Bose,Hyderabad,4,"Average quality, could be better."
USER_660753,Vikram Iyer,Kolkata,4,Awesome delivery speed.
USER_360043,Manish Singh,Ahmedabad,4,"Good product, value for money."
USER_472682,Neha Bose,Kolkata,5,"Good product, value for money."
USER_205595,Divya Verma,Indore,1,"Defective item received, returned it."
USER_644761,Sneha Deshmukh,Jaipur,2,"Terrible, broke on the first day."
USER_383377,Kavya Iyer,Chandigarh,5,Loved it!
USER_831878,Siddharth Gupta,Mumbai,4,Awesome delivery speed.
USER_301021,Pooja Gupta,Indore,5,Highly recommended!
USER_824243,Karan Chauhan,Delhi,5,"Good product, value for money."
USER_401856,Arjun Deshmukh,Mumbai,5,Awesome delivery speed.
USER_677725,Aditya Yadav,Hyderabad,2,"Not as expected, colors are dull."
USER_889755,Rahul Deshmukh,Kolkata,2,Battery drains too fast.
USER_540776,Anjali Gupta,Chennai,5,Exactly as shown in the picture.
USER_342132,Kavya Joshi,Kolkata,3,"Average quality, could be better."
USER_888065,Pooja Patel,Ahmedabad,5,Loved it!
USER_611179,Siddharth Verma,Chennai,1,"Worst experience ever, do not buy!"
USER_597761,Riya Deshmukh,Surat,4,"Not as expected, colors are dull."
USER_789890,Sneha Joshi,Chennai,5,"Good product, value for money."
USER_663532,Aditya Das,Chennai,1,"Worst experience ever, do not buy!"
USER_677882,Karan Patel,Pune,4,Highly recommended!
USER_146620,Rohan Bose,Hyderabad,4,Nice packing.
USER_956161,Vikram Nair,Lucknow,3,"Not as expected, colors are dull."
USER_718410,Pooja Nair,Kochi,3,A bit overpriced but decent.
USER_810957,Divya Reddy,Chandigarh,5,Excellent customer support.
USER_162600,Arjun Sharma,Lucknow,4,Loved it!
USER_985780,Divya Deshmukh,Indore,4,Nice packing.
USER_567592,Rahul Bose,Lucknow,2,"Defective item received, returned it."
USER_715057,Anjali Patel,Bangalore,1,"Defective item received, returned it."
USER_417235,Kavya Patel,Lucknow,5,Perfect fit and comfortable.
USER_251689,Sneha Gupta,Jaipur,5,Exactly as shown in the picture.
USER_778061,Rahul Gupta,Lucknow,2,Nice packing.
USER_316175,Anjali Sharma,Kolkata,5,Excellent customer support.
USER_262830,Divya Patel,Kochi,5,Excellent customer support.
USER_545468,Karan Verma,Hyderabad,5,Loved it!
USER_894880,Siddharth Bose,Bangalore,5,Exactly as shown in the picture.
USER_353784,Kavya Gupta,Lucknow,5,Excellent customer support.
USER_780841,Anjali Joshi,Chandigarh,2,"Not as expected, colors are dull."
USER_310810,Vikram Chauhan,Chandigarh,3,"Average quality, could be better."
USER_221034,Divya Patel,Kolkata,4,Excellent customer support.
USER_675013,Riya Das,Lucknow,4,"Not as expected, colors are dull."
USER_396268,Siddharth Iyer,Jaipur,4,Awesome delivery speed.
USER_282728,Siddharth Das,Lucknow,4,Perfect fit and comfortable.
USER_498524,Amit Verma,Pune,4,Exactly as shown in the picture.
USER_712408,Arjun Singh,Jaipur,5,Perfect fit and comfortable.
USER_431785,Riya Joshi,Ahmedabad,5,Loved it!
USER_212762,Manish Sharma,Pune,2,"Terrible, broke on the first day."
USER_381699,Arjun Singh,Kochi,2,"Average quality, could be better."
USER_504740,Rohan Iyer,Ahmedabad,5,Highly recommended!
USER_818889,Riya Gupta,Mumbai,4,Highly recommended!
USER_332245,Kavya Sharma,Hyderabad,4,"Not as expected, colors are dull."
USER_745674,Siddharth Yadav,Mumbai,5,"Good product, value for money."
USER_715840,Manish Sharma,Bangalore,4,Exactly as shown in the picture.
USER_191511,Aisha Kumar,Kochi,5,Perfect fit and comfortable.
USER_668822,Amit Chauhan,Pune,2,Battery drains too fast.
USER_108336,Arjun Sharma,Chennai,2,"Worst experience ever, do not buy!"
USER_132601,Arjun Kumar,Bangalore,4,"Average quality, could be better."
USER_919370,Rohan Yadav,Delhi,2,"Defective item received, returned it."
USER_380382,Kavya Verma,Lucknow,4,Awesome delivery speed.
USER_323602,Aditya Patel,Indore,5,Excellent customer support.
USER_345468,Neha Yadav,Kolkata,2,"Average quality, could be better."
USER_662074,Vikram Yadav,Ahmedabad,4,Nice packing.
USER_451307,Arjun Nair,Lucknow,1,"Terrible, broke on the first day."
USER_346710,Manish Joshi,Jaipur,2,"Average quality, could be better."
USER_531656,Aisha Yadav,Chandigarh,5,Exactly as shown in the picture.
USER_311749,Rahul Das,Chandigarh,4,Awesome delivery speed.
USER_794795,Divya Deshmukh,Bangalore,1,"Worst experience ever, do not buy!"
USER_819800,Neha Patel,Chandigarh,1,"Terrible, broke on the first day."
USER_905408,Amit Sharma,Mumbai,3,"Average quality, could be better."
USER_408751,Kavya Bose,Delhi,2,"Terrible, broke on the first day."
USER_345875,Manish Singh,Surat,5,Highly recommended!
USER_530377,Amit Gupta,Lucknow,3,"Average quality, could be better."
USER_848909,Arjun Sharma,Jaipur,3,A bit overpriced but decent.
USER_178882,Manish Reddy,Delhi,4,Highly recommended!
USER_422374,Amit Nair,Bangalore,5,Highly recommended!
USER_909080,Pooja Nair,Mumbai,4,Awesome delivery speed.
USER_939812,Neha Iyer,Chandigarh,1,"Defective item received, returned it."
USER_364305,Siddharth Das,Ahmedabad,2,"Terrible, broke on the first day."
USER_228954,Siddharth Singh,Pune,4,A bit overpriced but decent.
USER_231748,Siddharth Das,Chennai,2,"Terrible, broke on the first day."
USER_867308,Karan Chauhan,Delhi,3,"Average quality, could be better."
USER_145417,Riya Reddy,Indore,4,"Good product, value for money."
USER_175368,Aditya Yadav,Delhi,5,Exactly as shown in the picture.
USER_722569,Karan Deshmukh,Surat,4,Exactly as shown in the picture.
USER_236016,Neha Kumar,Bangalore,4,Loved it!
USER_932632,Aisha Nair,Bangalore,2,"Average quality, could be better."
USER_427882,Riya Verma,Jaipur,2,"Terrible, broke on the first day."
USER_803442,Pooja Sharma,Chandigarh,1,"Defective item received, returned it."
USER_355914,Sneha Deshmukh,Ahmedabad,4,Excellent customer support.
USER_823970,Aditya Yadav,Jaipur,4,Highly recommended!
USER_126377,Aisha Deshmukh,Surat,4,A bit overpriced but decent.
USER_442296,Anjali Iyer,Kochi,4,Awesome delivery speed.
USER_295805,Karan Bose,Delhi,3,Battery drains too fast.
USER_705735,Riya Deshmukh,Kolkata,4,Perfect fit and comfortable.
USER_136218,Karan Das,Pune,4,Exactly as shown in the picture.
USER_453145,Aisha Verma,Bangalore,3,Battery drains too fast.
USER_516497,Amit Das,Kochi,3,Nice packing.
USER_151236,Aisha Das,Chennai,2,Battery drains too fast.
USER_909725,Kavya Sharma,Mumbai,1,"Terrible, broke on the first day."
USER_536212,Riya Verma,Bangalore,4,"Not as expected, colors are dull."
USER_463408,Manish Gupta,Mumbai,2,Battery drains too fast.
USER_635887,Pooja Chauhan,Kochi,3,Battery drains too fast.
USER_404499,Kavya Patel,Chandigarh,4,Excellent customer support.
USER_695701,Divya Bose,Mumbai,4,Nice packing.
USER_610852,Aisha Das,Chandigarh,4,Perfect fit and comfortable.
USER_139141,Neha Gupta,Chandigarh,4,Highly recommended!
USER_977043,Rahul Chauhan,Pune,5,Loved it!
USER_587594,Pooja Iyer,Lucknow,3,Nice packing.
USER_298675,Neha Das,Pune,3,"Average quality, could be better."
USER_843823,Manish Iyer,Lucknow,4,"Average quality, could be better."
USER_180908,Riya Deshmukh,Delhi,3,Nice packing.
USER_313794,Arjun Nair,Surat,2,"Not as expected, colors are dull."
USER_672570,Manish Reddy,Lucknow,2,"Worst experience ever, do not buy!"
USER_465295,Riya Kumar,Indore,4,"Average quality, could be better."
USER_361056,Divya Gupta,Mumbai,3,"Average quality, could be better."
USER_394570,Neha Singh,Lucknow,4,Loved it!
USER_534760,Kavya Bose,Ahmedabad,3,Battery drains too fast.
USER_275767,Riya Reddy,Hyderabad,2,"Worst experience ever, do not buy!"
USER_930408,Aisha Reddy,Kochi,3,A bit overpriced but decent.
USER_603087,Manish Singh,Kolkata,2,"Not as expected, colors are dull."
USER_476142,Neha Nair,Hyderabad,2,A bit overpriced but decent.
USER_989054,Rohan Chauhan,Chennai,5,"Good product, value for money."
USER_930533,Divya Singh,Jaipur,5,"Good product, value for money."
USER_918955,Anjali Joshi,Jaipur,3,A bit overpriced but decent.
USER_426101,Amit Singh,Chandigarh,4,A bit overpriced but decent.
USER_182965,Pooja Sharma,Chennai,4,Excellent customer support.
USER_486966,Arjun Bose,Jaipur,2,Battery drains too fast.
USER_251847,Riya Singh,Mumbai,4,Loved it!
USER_430329,Anjali Iyer,Indore,5,Perfect fit and comfortable.
USER_320900,Siddharth Sharma,Surat,4,Perfect fit and comfortable.
USER_375615,Neha Das,Hyderabad,4,Excellent customer support.
USER_937662,Neha Bose,Hyderabad,5,Perfect fit and comfortable.
USER_370968,Anjali Yadav,Lucknow,4,Awesome delivery speed.
USER_657375,Divya Yadav,Kochi,4,Awesome delivery speed.
USER_412599,Priya Nair,Kolkata,1,"Defective item received, returned it."
USER_634441,Kavya Nair,Pune,1,"Defective item received, returned it."
USER_316372,Anjali Singh,Bangalore,4,Nice packing.
USER_492256,Anjali Sharma,Kochi,3,Battery drains too fast.
USER_634857,Neha Deshmukh,Indore,4,Battery drains too fast.
USER_116992,Kavya Singh,Pune,5,Loved it!
USER_937355,Amit Bose,Lucknow,5,Loved it!
USER_779176,Divya Yadav,Chandigarh,5,Awesome delivery speed.
USER_101694,Karan Patel,Surat,1,"Worst experience ever, do not buy!"
USER_537986,Manish Chauhan,Chandigarh,3,"Average quality, could be better."
USER_714780,Pooja Iyer,Chennai,4,A bit overpriced but decent.
USER_859002,Rohan Joshi,Indore,3,"Not as expected, colors are dull."
USER_358577,Siddharth Gupta,Indore,5,Perfect fit and comfortable.
USER_259859,Manish Joshi,Indore,5,Exactly as shown in the picture.
USER_162546,Aisha Nair,Kochi,3,Nice packing.
USER_837123,Siddharth Nair,Chennai,1,"Defective item received, returned it."
USER_829546,Siddharth Sharma,Kolkata,2,"Average quality, could be better."
USER_657276,Amit Bose,Jaipur,5,Highly recommended!
USER_600327,Priya Patel,Kolkata,5,"Good product, value for money."
USER_248702,Aisha Deshmukh,Surat,4,Perfect fit and comfortable.
USER_866339,Sneha Nair,Delhi,5,Perfect fit and comfortable.
USER_648448,Divya Reddy,Chandigarh,5,Loved it!
USER_851855,Karan Kumar,Pune,4,Exactly as shown in the picture.
USER_569755,Anjali Kumar,Surat,2,"Not as expected, colors are dull."
USER_282032,Vikram Gupta,Chennai,1,"Worst experience ever, do not buy!"
USER_402965,Divya Sharma,Jaipur,4,"Good product, value for money."
USER_957130,Aisha Iyer,Kolkata,5,Loved it!
USER_642884,Priya Gupta,Pune,2,"Defective item received, returned it."
USER_727196,Pooja Yadav,Kochi,2,A bit overpriced but decent.
USER_383085,Vikram Joshi,Pune,1,"Defective item received, returned it."
USER_990400,Amit Singh,Delhi,5,Exactly as shown in the picture.
USER_955734,Siddharth Yadav,Kochi,2,"Terrible, broke on the first day."
USER_394427,Aditya Joshi,Ahmedabad,2,"Terrible, broke on the first day."
USER_899645,Pooja Deshmukh,Mumbai,5,Highly recommended!
USER_534803,Aisha Das,Mumbai,5,Awesome delivery speed.
USER_317154,Aditya Das,Lucknow,5,Perfect fit and comfortable.
USER_597760,Priya Patel,Surat,5,"Good product, value for money."
USER_173056,Neha Joshi,Mumbai,3,A bit overpriced but decent.
USER_425032,Sneha Deshmukh,Chennai,5,Exactly as shown in the picture.
USER_748577,Anjali Kumar,Kolkata,4,Nice packing.
USER_282337,Siddharth Sharma,Delhi,2,A bit overpriced but decent.
USER_124804,Riya Reddy,Chandigarh,3,Nice packing.
USER_367257,Vikram Iyer,Chandigarh,4,"Good product, value for money."
USER_226302,Amit Bose,Surat,4,"Average quality, could be better."
USER_770758,Vikram Patel,Jaipur,2,"Terrible, broke on the first day."
USER_814929,Manish Kumar,Indore,4,Highly recommended!
USER_996844,Divya Nair,Indore,2,"Not as expected, colors are dull."
USER_214999,Kavya Chauhan,Chandigarh,3,A bit overpriced but decent.
USER_510965,Amit Nair,Mumbai,5,Exactly as shown in the picture.
USER_401533,Amit Nair,Bangalore,5,Highly recommended!
USER_959163,Pooja Bose,Kochi,4,Battery drains too fast.
USER_758620,Siddharth Iyer,Lucknow,2,"Worst experience ever, do not buy!"
USER_427681,Neha Reddy,Jaipur,4,"Not as expected, colors are dull."
USER_413708,Riya Singh,Lucknow,2,"Worst experience ever, do not buy!"
USER_311384,Vikram Verma,Mumbai,5,Exactly as shown in the picture.
USER_942605,Riya Reddy,Jaipur,2,"Not as expected, colors are dull."
USER_623361,Kavya Yadav,Pune,4,Nice packing.
USER_800207,Vikram Chauhan,Delhi,1,"Defective item received, returned it."
USER_351749,Rohan Bose,Hyderabad,1,"Defective item received, returned it."
USER_530971,Aisha Bose,Kochi,5,Loved it!
USER_506077,Amit Bose,Delhi,4,Highly recommended!
USER_941097,Sneha Deshmukh,Mumbai,5,Exactly as shown in the picture.
USER_569150,Rahul Chauhan,Indore,4,A bit overpriced but decent.
USER_798647,Kavya Nair,Bangalore,4,Highly recommended!
USER_136601,Aditya Kumar,Bangalore,4,Battery drains too fast.
USER_306374,Vikram Deshmukh,Kochi,1,"Terrible, broke on the first day."
USER_526320,Aisha Singh,Mumbai,4,A bit overpriced but decent.
USER_384269,Karan Singh,Pune,1,"Worst experience ever, do not buy!"
USER_695951,Kavya Chauhan,Ahmedabad,2,A bit overpriced but decent.
USER_561283,Karan Kumar,Bangalore,5,Highly recommended!
USER_206573,Aisha Kumar,Delhi,2,"Terrible, broke on the first day."
USER_120965,Anjali Singh,Delhi,4,Loved it!
USER_670863,Arjun Kumar,Surat,1,"Defective item received, returned it."
USER_178753,Anjali Singh,Jaipur,5,Perfect fit and comfortable.
USER_990400,Amit Singh,Delhi,5,Exactly as shown in the picture.
USER_677882,Karan Patel,Pune,4,Highly recommended!
USER_254361,Neha Iyer,Chandigarh,2,"Defective item received, returned it."
USER_437399,Neha Joshi,Kolkata,2,"Not as expected, colors are dull."
USER_500836,Aisha Patel,Kolkata,4,Awesome delivery speed.
USER_954676,Vikram Chauhan,Hyderabad,4,Exactly as shown in the picture.
USER_403588,Siddharth Iyer,Chandigarh,1,"Defective item received, returned it."
USER_811034,Siddharth Nair,Lucknow,1,"Terrible, broke on the first day."
USER_546724,Amit Das,Kochi,4,Awesome delivery speed.
USER_999656,Rohan Deshmukh,Chennai,4,Excellent customer support.
USER_220814,Karan Joshi,Kolkata,4,Highly recommended!
USER_975933,Kavya Kumar,Lucknow,4,Loved it!
USER_375816,Rahul Reddy,Pune,3,A bit overpriced but decent.
USER_190280,Sneha Reddy,Bangalore,2,"Not as expected, colors are dull."
USER_161182,Siddharth Deshmukh,Ahmedabad,4,Excellent customer support.
USER_880786,Arjun Nair,Jaipur,2,"Defective item received, returned it."
USER_198112,Rahul Reddy,Pune,5,Excellent customer support.
USER_881384,Rohan Reddy,Chandigarh,5,Loved it!
USER_609415,Riya Bose,Jaipur,3,"Average quality, could be better."
USER_718946,Aisha Iyer,Ahmedabad,5,Awesome delivery speed.
USER_906248,Aisha Singh,Ahmedabad,5,Excellent customer support.
USER_897807,Manish Nair,Delhi,4,Awesome delivery speed.
USER_483017,Sneha Das,Pune,4,Highly recommended!
USER_922081,Amit Bose,Kolkata,3,"Not as expected, colors are dull."
USER_879560,Neha Sharma,Delhi,3,"Average quality, could be better."
USER_218480,Aditya Bose,Ahmedabad,3,"Not as expected, colors are dull."
USER_904531,Divya Gupta,Pune,3,A bit overpriced but decent.
USER_100582,Vikram Kumar,Chandigarh,4,Loved it!
USER_418585,Amit Gupta,Delhi,5,Awesome delivery speed.
USER_576606,Rahul Das,Delhi,2,"Terrible, broke on the first day."
USER_546359,Sneha Das,Delhi,4,Exactly as shown in the picture.
USER_718161,Manish Singh,Kolkata,4,Excellent customer support.
USER_162702,Priya Deshmukh,Jaipur,5,Highly recommended!
USER_719168,Siddharth Joshi,Kolkata,2,"Not as expected, colors are dull."
USER_932081,Kavya Sharma,Lucknow,4,"Average quality, could be better."
USER_989610,Riya Bose,Jaipur,4,Perfect fit and comfortable.
USER_307054,Aisha Das,Jaipur,5,Loved it!
USER_312678,Kavya Iyer,Jaipur,2,"Defective item received, returned it."
USER_234661,Aditya Nair,Mumbai,2,"Average quality, could be better."
USER_720963,Arjun Joshi,Surat,4,A bit overpriced but decent.
USER_748867,Rohan Singh,Chandigarh,2,"Defective item received, returned it."
USER_648922,Divya Kumar,Bangalore,5,Perfect fit and comfortable.
USER_315986,Aisha Sharma,Kolkata,3,"Not as expected, colors are dull."
USER_446766,Arjun Verma,Delhi,2,"Worst experience ever, do not buy!"
USER_405753,Riya Iyer,Chennai,2,"Not as expected, colors are dull."
USER_841077,Amit Reddy,Chandigarh,2,"Not as expected, colors are dull."
USER_805532,Priya Das,Chennai,2,A bit overpriced but decent.
USER_443305,Pooja Reddy,Surat,3,"Not as expected, colors are dull."
USER_156225,Rohan Das,Mumbai,2,"Worst experience ever, do not buy!"
USER_252728,Sneha Bose,Mumbai,4,Excellent customer support.
USER_205868,Sneha Singh,Indore,4,Perfect fit and comfortable.
USER_563455,Pooja Singh,Bangalore,4,Awesome delivery speed.
USER_811127,Arjun Gupta,Indore,5,Perfect fit and comfortable.
USER_757866,Manish Yadav,Pune,4,Exactly as shown in the picture.
USER_694964,Amit Gupta,Delhi,5,Excellent customer support.
USER_490422,Arjun Chauhan,Hyderabad,2,"Defective item received, returned it."
USER_339666,Neha Patel,Chennai,4,Highly recommended!
USER_337643,Vikram Verma,Pune,5,Exactly as shown in the picture.
USER_628923,Vikram Iyer,Bangalore,4,Excellent customer support.
USER_477437,Pooja Gupta,Bangalore,4,Highly recommended!
USER_384469,Aisha Iyer,Bangalore,2,A bit overpriced but decent.
USER_322714,Karan Nair,Pune,2,"Terrible, broke on the first day."
USER_104859,Divya Bose,Chandigarh,3,"Average quality, could be better."
USER_368972,Kavya Patel,Lucknow,2,"Defective item received, returned it."
USER_507494,Karan Verma,Jaipur,5,Excellent customer support.
USER_441524,Rohan Nair,Bangalore,4,"Not as expected, colors are dull."
USER_727102,Divya Nair,Mumbai,5,"Good product, value for money."
USER_707644,Rohan Kumar,Chandigarh,5,Awesome delivery speed.
USER_915206,Vikram Kumar,Mumbai,4,"Average quality, could be better."
USER_247317,Sneha Bose,Kochi,5,Excellent customer support.
USER_911311,Manish Bose,Jaipur,5,Loved it!
USER_241133,Aditya Iyer,Kochi,2,"Not as expected, colors are dull."
USER_142907,Aisha Yadav,Kochi,5,Loved it!
USER_660541,Aditya Deshmukh,Pune,4,Awesome delivery speed.
USER_457535,Sneha Gupta,Jaipur,4,"Good product, value for money."
USER_786339,Pooja Patel,Pune,4,Awesome delivery speed.
USER_630169,Priya Chauhan,Indore,4,Nice packing.
USER_593666,Pooja Gupta,Pune,4,Perfect fit and comfortable.
USER_895526,Manish Kumar,Indore,2,A bit overpriced but decent.
USER_346273,Kavya Deshmukh,Kochi,3,Battery drains too fast.
USER_504241,Rohan Singh,Mumbai,5,Loved it!
USER_684112,Kavya Bose,Mumbai,4,"Not as expected, colors are dull."
USER_509656,Amit Kumar,Lucknow,1,"Defective item received, returned it."
USER_593298,Riya Verma,Bangalore,2,"Worst experience ever, do not buy!"
USER_958853,Karan Yadav,Chennai,2,"Defective item received, returned it."
USER_793885,Neha Chauhan,Kolkata,2,Battery drains too fast.
USER_256323,Sneha Bose,Pune,4,Battery drains too fast.
USER_684438,Aditya Das,Chennai,4,Battery drains too fast.
USER_942360,Divya Sharma,Delhi,2,"Average quality, could be better."
USER_918783,Rohan Joshi,Indore,4,Awesome delivery speed.
USER_108693,Neha Deshmukh,Pune,5,Perfect fit and comfortable.
USER_891096,Siddharth Das,Kochi,3,"Not as expected, colors are dull."
USER_315186,Riya Sharma,Kochi,2,"Average quality, could be better."
USER_491910,Pooja Bose,Mumbai,5,Loved it!
USER_147784,Aditya Deshmukh,Chennai,2,"Terrible, broke on the first day."
USER_527816,Anjali Reddy,Ahmedabad,4,Exactly as shown in the picture.
USER_392240,Neha Joshi,Pune,4,Highly recommended!
USER_663444,Rahul Verma,Ahmedabad,4,Nice packing.
USER_587257,Arjun Iyer,Pune,3,A bit overpriced but decent.
USER_916974,Divya Singh,Chennai,1,"Terrible, broke on the first day."
USER_811206,Siddharth Das,Ahmedabad,4,Excellent customer support.
USER_439372,Riya Reddy,Pune,5,Loved it!
USER_999476,Aditya Verma,Surat,4,Loved it!
USER_727764,Rahul Kumar,Lucknow,4,A bit overpriced but decent.
USER_343361,Kavya Bose,Jaipur,5,Perfect fit and comfortable.
USER_434163,Manish Gupta,Mumbai,4,Loved it!
USER_152269,Pooja Verma,Hyderabad,1,"Defective item received, returned it."
USER_335078,Aditya Sharma,Mumbai,3,"Average quality, could be better."
USER_652326,Neha Chauhan,Indore,4,Excellent customer support.
USER_590073,Neha Nair,Hyderabad,4,Nice packing.
USER_375110,Pooja Gupta,Pune,3,"Average quality, could be better."
USER_871540,Aditya Sharma,Hyderabad,4,Nice packing.
USER_553298,Rohan Bose,Chennai,5,Exactly as shown in the picture.
USER_452558,Manish Gupta,Kochi,4,Perfect fit and comfortable.
USER_118708,Sneha Sharma,Lucknow,4,"Not as expected, colors are dull."
USER_474045,Karan Bose,Hyderabad,4,Perfect fit and comfortable.
USER_925913,Amit Nair,Ahmedabad,5,"Good product, value for money."
USER_195362,Anjali Joshi,Lucknow,2,Nice packing.
USER_837825,Kavya Verma,Lucknow,5,Perfect fit and comfortable.
USER_604488,Sneha Deshmukh,Bangalore,3,"Not as expected, colors are dull."
USER_713386,Siddharth Deshmukh,Lucknow,5,"Good product, value for money."
USER_577981,Rohan Sharma,Hyderabad,3,Battery drains too fast.
USER_173406,Rahul Bose,Pune,4,Loved it!
USER_260397,Siddharth Sharma,Chandigarh,2,"Worst experience ever, do not buy!"
USER_735808,Arjun Yadav,Surat,4,"Good product, value for money."
USER_564819,Karan Patel,Indore,2,Battery drains too fast.
USER_743564,Pooja Bose,Bangalore,1,"Terrible, broke on the first day."
USER_752512,Rohan Verma,Bangalore,4,Battery drains too fast.
USER_168169,Aditya Das,Jaipur,2,Nice packing.
USER_173006,Riya Singh,Pune,1,"Worst experience ever, do not buy!"
USER_754064,Karan Gupta,Hyderabad,3,A bit overpriced but decent.
USER_479943,Arjun Das,Kochi,2,"Not as expected, colors are dull."
USER_249355,Aditya Yadav,Indore,5,Perfect fit and comfortable.
USER_560543,Arjun Patel,Surat,4,Excellent customer support.
USER_522910,Rohan Iyer,Surat,2,"Not as expected, colors are dull."
USER_506655,Rahul Singh,Jaipur,4,Highly recommended!
USER_767907,Anjali Yadav,Chennai,4,Perfect fit and comfortable.
USER_441041,Karan Sharma,Chennai,4,"Average quality, could be better."
USER_252505,Siddharth Reddy,Surat,1,"Terrible, broke on the first day."
USER_246164,Pooja Kumar,Delhi,4,Exactly as shown in the picture.
USER_611148,Riya Deshmukh,Lucknow,1,"Terrible, broke on the first day."
USER_200136,Manish Kumar,Hyderabad,2,Nice packing.
USER_336641,Divya Chauhan,Bangalore,4,Exactly as shown in the picture.
USER_947363,Rohan Nair,Lucknow,4,A bit overpriced but decent.
USER_103698,Priya Gupta,Bangalore,5,Awesome delivery speed.
USER_108323,Kavya Das,Jaipur,4,Highly recommended!
USER_997193,Amit Singh,Jaipur,4,"Average quality, could be better."
USER_788264,Manish Bose,Ahmedabad,4,Awesome delivery speed.
USER_733057,Karan Verma,Surat,4,"Average quality, could be better."
USER_322500,Rohan Nair,Bangalore,2,Nice packing.
USER_517615,Siddharth Gupta,Chandigarh,5,"Good product, value for money."
USER_425882,Aisha Deshmukh,Ahmedabad,3,Nice packing.
USER_943782,Karan Verma,Indore,5,Excellent customer support.
USER_663957,Amit Deshmukh,Indore,2,"Worst experience ever, do not buy!"
USER_541703,Siddharth Bose,Jaipur,4,"Average quality, could be better."
USER_949445,Aisha Verma,Surat,2,"Defective item received, returned it."
USER_984857,Divya Reddy,Bangalore,5,Loved it!
USER_753698,Priya Sharma,Kochi,4,Excellent customer support.
USER_255383,Rahul Nair,Pune,4,Excellent customer support.
USER_151111,Rohan Kumar,Surat,4,Loved it!
USER_100587,Pooja Deshmukh,Kolkata,4,"Good product, value for money."
USER_785027,Arjun Iyer,Hyderabad,5,Exactly as shown in the picture.
USER_197683,Priya Verma,Kolkata,4,"Good product, value for money."
USER_338021,Rahul Kumar,Chennai,2,"Worst experience ever, do not buy!"
USER_517718,Vikram Patel,Hyderabad,4,Loved it!
USER_322780,Aditya Deshmukh,Indore,5,Awesome delivery speed.
USER_719184,Aisha Reddy,Chandigarh,3,"Not as expected, colors are dull."
USER_966320,Rohan Bose,Kolkata,3,Battery drains too fast.
USER_851950,Arjun Nair,Kolkata,2,"Terrible, broke on the first day."
USER_288959,Karan Gupta,Hyderabad,2,"Not as expected, colors are dull."
USER_449687,Vikram Patel,Kochi,2,"Defective item received, returned it."
USER_968056,Aisha Patel,Kochi,5,"Good product, value for money."
USER_546157,Arjun Das,Hyderabad,4,Exactly as shown in the picture.
USER_310192,Amit Singh,Surat,4,"Good product, value for money."
USER_206369,Priya Reddy,Chandigarh,4,"Average quality, could be better."
USER_124506,Manish Iyer,Surat,2,"Average quality, could be better."
USER_718498,Pooja Deshmukh,Indore,3,"Not as expected, colors are dull."
USER_919519,Aditya Verma,Ahmedabad,4,Loved it!
USER_467924,Riya Sharma,Mumbai,2,"Average quality, could be better."
USER_319613,Amit Patel,Surat,1,"Terrible, broke on the first day."
USER_384500,Priya Kumar,Surat,2,"Not as expected, colors are dull."
USER_225572,Rohan Deshmukh,Kochi,3,A bit overpriced but decent.
USER_448113,Neha Deshmukh,Chandigarh,5,"Good product, value for money."
USER_572888,Rahul Kumar,Ahmedabad,3,A bit overpriced but decent.
USER_517576,Karan Reddy,Bangalore,1,"Defective item received, returned it."
USER_445668,Karan Singh,Surat,3,Battery drains too fast.
USER_741917,Karan Verma,Mumbai,1,"Worst experience ever, do not buy!"
USER_425482,Sneha Patel,Chandigarh,4,"Not as expected, colors are dull."
USER_267176,Vikram Joshi,Kolkata,4,Highly recommended!
USER_184698,Aisha Chauhan,Lucknow,5,Perfect fit and comfortable.
USER_641969,Neha Kumar,Pune,1,"Worst experience ever, do not buy!"
USER_385999,Anjali Yadav,Lucknow,5,Exactly as shown in the picture.
USER_421728,Aisha Joshi,Surat,2,"Defective item received, returned it."
USER_858060,Anjali Verma,Surat,4,Excellent customer support.
USER_955330,Rahul Patel,Kochi,4,Awesome delivery speed.
USER_529010,Siddharth Kumar,Bangalore,4,A bit overpriced but decent.
USER_895636,Amit Bose,Surat,5,Awesome delivery speed.
USER_493127,Siddharth Nair,Chennai,4,"Not as expected, colors are dull."
USER_184223,Anjali Patel,Chandigarh,4,A bit overpriced but decent.
USER_930768,Karan Gupta,Chennai,5,Awesome delivery speed.
USER_622099,Kavya Verma,Chandigarh,5,Excellent customer support.
USER_853733,Pooja Gupta,Surat,4,"Good product, value for money."
USER_603491,Vikram Bose,Chennai,5,Loved it!
USER_313192,Neha Sharma,Bangalore,4,Highly recommended!
USER_990640,Amit Yadav,Bangalore,4,Perfect fit and comfortable.
USER_895135,Karan Patel,Kochi,4,Perfect fit and comfortable.
USER_217427,Neha Joshi,Bangalore,4,"Not as expected, colors are dull."
USER_279052,Arjun Sharma,Chennai,4,"Average quality, could be better."
USER_944652,Kavya Patel,Bangalore,2,A bit overpriced but decent.
USER_391739,Kavya Yadav,Kolkata,4,"Good product, value for money."
USER_814620,Aditya Reddy,Chennai,4,"Good product, value for money."
USER_765259,Riya Yadav,Surat,2,"Terrible, broke on the first day."
USER_639972,Divya Joshi,Bangalore,5,Excellent customer support.
USER_795172,Siddharth Sharma,Pune,5,Awesome delivery speed.
USER_133732,Pooja Das,Jaipur,3,Battery drains too fast.
USER_135398,Amit Reddy,Lucknow,4,"Average quality, could be better."
USER_207898,Anjali Bose,Kochi,5,Loved it!
USER_445919,Sneha Gupta,Indore,3,"Average quality, could be better."
USER_289197,Siddharth Verma,Ahmedabad,3,"Average quality, could be better."
USER_129073,Aisha Chauhan,Surat,5,Perfect fit and comfortable.
USER_419489,Aisha Deshmukh,Chandigarh,5,Exactly as shown in the picture.
USER_256193,Arjun Sharma,Indore,4,Nice packing.
USER_315510,Manish Joshi,Chandigarh,2,A bit overpriced but decent.
USER_805835,Priya Kumar,Pune,4,Excellent customer support.
USER_467521,Aisha Chauhan,Bangalore,5,Perfect fit and comfortable.
USER_104438,Pooja Kumar,Kolkata,4,Exactly as shown in the picture.
USER_684375,Sneha Chauhan,Kochi,5,"Good product, value for money."
USER_594091,Manish Joshi,Pune,1,"Defective item received, returned it."
USER_696751,Rahul Joshi,Ahmedabad,2,Battery drains too fast.
USER_713204,Kavya Gupta,Ahmedabad,5,Awesome delivery speed.
USER_238439,Kavya Iyer,Jaipur,4,Battery drains too fast.
USER_473035,Divya Kumar,Chennai,2,Nice packing.
USER_767302,Divya Verma,Kochi,3,A bit overpriced but decent.
USER_160181,Vikram Iyer,Kochi,4,Exactly as shown in the picture.
USER_644510,Amit Gupta,Chennai,1,"Worst experience ever, do not buy!"
USER_622099,Kavya Verma,Chandigarh,5,Excellent customer support.
USER_761232,Neha Das,Kolkata,4,"Average quality, could be better."
USER_799970,Karan Joshi,Chandigarh,2,Nice packing.
USER_497970,Vikram Das,Delhi,2,"Worst experience ever, do not buy!"
USER_439370,Arjun Yadav,Jaipur,4,"Not as expected, colors are dull."
USER_571470,Riya Joshi,Ahmedabad,5,Perfect fit and comfortable.
USER_963288,Divya Nair,Kochi,4,"Good product, value for money."
USER_814978,Rahul Verma,Jaipur,5,Awesome delivery speed.
USER_280599,Aditya Joshi,Ahmedabad,1,"Terrible, broke on the first day."
USER_984718,Rohan Nair,Bangalore,5,Loved it!
USER_880121,Priya Joshi,Delhi,4,Exactly as shown in the picture.
USER_393615,Manish Joshi,Delhi,2,"Not as expected, colors are dull."
USER_602700,Neha Chauhan,Hyderabad,4,"Good product, value for money."
USER_401271,Sneha Singh,Chandigarh,3,Battery drains too fast.
USER_776163,Kavya Patel,Jaipur,2,"Worst experience ever, do not buy!"
USER_459253,Sneha Singh,Ahmedabad,2,"Not as expected, colors are dull."
USER_474519,Vikram Reddy,Surat,1,"Defective item received, returned it."
USER_907606,Arjun Kumar,Pune,4,Highly recommended!
USER_822918,Divya Das,Surat,5,"Good product, value for money."
USER_457446,Aditya Yadav,Pune,2,"Average quality, could be better."
USER_754524,Rahul Das,Mumbai,2,A bit overpriced but decent.
USER_754055,Neha Singh,Chandigarh,2,Battery drains too fast.
USER_336610,Rahul Deshmukh,Ahmedabad,4,Perfect fit and comfortable.
USER_719254,Pooja Yadav,Surat,1,"Worst experience ever, do not buy!"
USER_351863,Rohan Bose,Bangalore,4,Awesome delivery speed.
USER_381672,Neha Singh,Delhi,2,"Worst experience ever, do not buy!"
USER_232229,Kavya Gupta,Mumbai,4,Battery drains too fast.
USER_603271,Rahul Yadav,Chandigarh,4,Battery drains too fast.
USER_557988,Riya Iyer,Mumbai,5,Awesome delivery speed.
USER_529785,Manish Verma,Chennai,1,"Worst experience ever, do not buy!"
USER_682886,Manish Yadav,Mumbai,4,Nice packing.
USER_441700,Pooja Singh,Mumbai,4,Highly recommended!
USER_897824,Amit Reddy,Jaipur,1,"Worst experience ever, do not buy!"
USER_667478,Anjali Sharma,Delhi,5,Highly recommended!
USER_263618,Divya Singh,Chandigarh,4,Awesome delivery speed.
USER_502818,Aditya Chauhan,Indore,3,Nice packing.
USER_633519,Vikram Iyer,Ahmedabad,1,"Defective item received, returned it."
USER_262119,Sneha Gupta,Delhi,2,"Not as expected, colors are dull."
USER_909539,Divya Gupta,Kochi,5,Exactly as shown in the picture.
USER_541207,Karan Sharma,Surat,1,"Defective item received, returned it."
USER_167159,Anjali Nair,Kochi,5,Exactly as shown in the picture.
USER_174622,Vikram Das,Chandigarh,4,"Good product, value for money."
USER_479855,Neha Verma,Ahmedabad,2,"Terrible, broke on the first day."
USER_946044,Rohan Joshi,Mumbai,4,Nice packing.
USER_325256,Anjali Singh,Chandigarh,3,"Average quality, could be better."
USER_615287,Arjun Bose,Ahmedabad,5,Perfect fit and comfortable.
USER_711003,Siddharth Reddy,Jaipur,4,Perfect fit and comfortable.
USER_575874,Kavya Reddy,Chandigarh,2,A bit overpriced but decent.
USER_614598,Priya Iyer,Mumbai,2,Nice packing.
USER_569163,Sneha Nair,Delhi,3,"Average quality, could be better."
USER_367746,Anjali Deshmukh,Kochi,5,Exactly as shown in the picture.
USER_620556,Divya Nair,Pune,4,Exactly as shown in the picture.
USER_672103,Divya Gupta,Bangalore,2,"Defective item received, returned it."
USER_728606,Siddharth Yadav,Mumbai,4,Exactly as shown in the picture.
USER_482605,Kavya Iyer,Lucknow,2,Battery drains too fast.
USER_288974,Manish Joshi,Ahmedabad,4,"Good product, value for money."
USER_711135,Amit Kumar,Pune,4,A bit overpriced but decent.
USER_735248,Karan Singh,Chennai,4,Highly recommended!
USER_798226,Riya Chauhan,Delhi,5,"Good product, value for money."
USER_688202,Karan Bose,Mumbai,4,"Good product, value for money."
USER_505086,Arjun Bose,Hyderabad,4,Exactly as shown in the picture.
USER_666413,Divya Sharma,Chandigarh,3,A bit overpriced but decent.
USER_124549,Sneha Nair,Chandigarh,4,"Good product, value for money."
USER_769006,Aisha Iyer,Kochi,3,"Average quality, could be better."
USER_787405,Anjali Deshmukh,Bangalore,5,Perfect fit and comfortable.
USER_773486,Siddharth Sharma,Ahmedabad,5,Exactly as shown in the picture.
USER_600571,Rahul Iyer,Ahmedabad,1,"Defective item received, returned it."
USER_930617,Manish Deshmukh,Jaipur,4,Battery drains too fast.
USER_760167,Anjali Sharma,Jaipur,2,"Not as expected, colors are dull."
USER_469201,Riya Das,Surat,5,Loved it!
USER_267083,Sneha Iyer,Ahmedabad,4,"Good product, value for money."
USER_704188,Sneha Kumar,Pune,4,Highly recommended!
USER_185522,Anjali Nair,Ahmedabad,4,Awesome delivery speed.
USER_445465,Siddharth Reddy,Delhi,4,Awesome delivery speed.
USER_966920,Karan Verma,Ahmedabad,1,"Defective item received, returned it."
USER_124087,Arjun Patel,Hyderabad,2,Nice packing.
USER_233050,Aditya Das,Ahmedabad,2,"Average quality, could be better."
USER_983491,Kavya Deshmukh,Delhi,5,Highly recommended!
USER_106092,Kavya Joshi,Bangalore,4,Exactly as shown in the picture.
USER_906281,Karan Das,Lucknow,4,A bit overpriced but decent.
USER_523678,Siddharth Singh,Indore,2,A bit overpriced but decent.
USER_684753,Aditya Nair,Chandigarh,5,Perfect fit and comfortable.
USER_783122,Divya Kumar,Chennai,2,Battery drains too fast.
USER_631276,Aditya Sharma,Chennai,2,Battery drains too fast.
USER_650333,Arjun Das,Lucknow,4,"Not as expected, colors are dull."
USER_225765,Vikram Nair,Jaipur,5,Perfect fit and comfortable.
USER_967934,Riya Joshi,Hyderabad,1,"Defective item received, returned it."
USER_739418,Aisha Yadav,Pune,3,"Not as expected, colors are dull."
USER_701613,Manish Das,Kolkata,1,"Terrible, broke on the first day."
USER_352589,Sneha Verma,Bangalore,4,"Not as expected, colors are dull."
USER_399420,Arjun Kumar,Jaipur,5,Awesome delivery speed.
USER_171305,Pooja Gupta,Lucknow,5,Exactly as shown in the picture.
USER_442028,Manish Iyer,Chandigarh,1,"Worst experience ever, do not buy!"
USER_618952,Manish Singh,Chennai,4,Perfect fit and comfortable.
USER_174569,Priya Kumar,Hyderabad,4,Excellent customer support.
USER_623379,Karan Chauhan,Hyderabad,5,Awesome delivery speed.
USER_520820,Arjun Nair,Delhi,4,Perfect fit and comfortable.
USER_367861,Aditya Chauhan,Bangalore,5,Exactly as shown in the picture.
USER_913846,Pooja Patel,Surat,1,"Worst experience ever, do not buy!"
USER_347279,Sneha Sharma,Pune,4,Awesome delivery speed.
USER_393393,Aisha Singh,Chennai,5,"Good product, value for money."
USER_611244,Vikram Patel,Delhi,4,"Good product, value for money."
USER_388544,Aditya Verma,Chennai,4,Awesome delivery speed.
USER_759930,Kavya Singh,Pune,4,Battery drains too fast.
USER_539392,Siddharth Singh,Lucknow,4,Battery drains too fast.
USER_243054,Arjun Verma,Chandigarh,5,Loved it!
USER_117439,Aditya Nair,Delhi,5,Exactly as shown in the picture.
USER_182223,Vikram Patel,Delhi,5,Exactly as shown in the picture.
USER_408140,Manish Deshmukh,Ahmedabad,5,"Good product, value for money."
USER_316175,Anjali Sharma,Kolkata,5,Excellent customer support.
USER_718592,Rahul Kumar,Jaipur,2,"Defective item received, returned it."
USER_695387,Vikram Nair,Lucknow,5,Perfect fit and comfortable.
USER_508594,Aditya Das,Chennai,2,"Terrible, broke on the first day."
USER_994546,Priya Chauhan,Kochi,5,Loved it!
USER_859239,Kavya Joshi,Lucknow,2,"Terrible, broke on the first day."
USER_153284,Rohan Deshmukh,Pune,4,Battery drains too fast.
USER_506804,Pooja Nair,Jaipur,4,"Good product, value for money."
USER_615975,Neha Singh,Surat,3,"Not as expected, colors are dull."
USER_196064,Siddharth Yadav,Jaipur,4,Exactly as shown in the picture.
USER_548636,Pooja Joshi,Chennai,2,"Terrible, broke on the first day."
USER_298499,Divya Bose,Ahmedabad,4,Battery drains too fast.
USER_381745,Aditya Nair,Pune,4,Excellent customer support.
USER_386326,Karan Das,Hyderabad,1,"Defective item received, returned it."
USER_783870,Arjun Das,Pune,2,"Defective item received, returned it."
USER_576381,Amit Yadav,Kolkata,5,Highly recommended!
USER_707515,Priya Chauhan,Surat,5,Exactly as shown in the picture.
USER_636578,Riya Joshi,Jaipur,5,Awesome delivery speed.
USER_850486,Riya Chauhan,Mumbai,3,A bit overpriced but decent.
USER_387457,Karan Yadav,Bangalore,4,Exactly as shown in the picture.
USER_254361,Neha Iyer,Chandigarh,2,"Defective item received, returned it."
USER_223068,Divya Iyer,Pune,4,Exactly as shown in the picture.
USER_356596,Divya Das,Kochi,5,Highly recommended!
USER_563697,Divya Iyer,Surat,5,Exactly as shown in the picture.
USER_329623,Amit Kumar,Kochi,3,"Average quality, could be better."
USER_917624,Divya Joshi,Delhi,2,"Defective item received, returned it."
USER_975554,Priya Das,Pune,5,Exactly as shown in the picture.
USER_540954,Priya Deshmukh,Chennai,3,Nice packing.
USER_636707,Divya Deshmukh,Chennai,4,Awesome delivery speed.
USER_482806,Siddharth Sharma,Indore,4,Nice packing.
USER_187813,Pooja Sharma,Lucknow,2,"Defective item received, returned it."
USER_659145,Sneha Sharma,Kochi,2,"Worst experience ever, do not buy!"
USER_868913,Riya Verma,Delhi,1,"Defective item received, returned it."
USER_542655,Manish Verma,Chandigarh,2,"Defective item received, returned it."
USER_786140,Arjun Bose,Pune,4,Perfect fit and comfortable.
USER_671991,Pooja Joshi,Chandigarh,5,Excellent customer support.
USER_342384,Siddharth Chauhan,Mumbai,2,A bit overpriced but decent.
USER_450385,Anjali Sharma,Kolkata,4,Awesome delivery speed.
USER_227590,Anjali Iyer,Delhi,4,Perfect fit and comfortable.
USER_493580,Kavya Chauhan,Surat,4,Exactly as shown in the picture.
USER_899260,Karan Das,Ahmedabad,4,A bit overpriced but decent.
USER_851390,Amit Das,Ahmedabad,4,Excellent customer support.
USER_339166,Aisha Chauhan,Bangalore,2,"Defective item received, returned it."
USER_795031,Rohan Deshmukh,Indore,4,"Not as expected, colors are dull."
USER_125473,Aditya Kumar,Bangalore,4,Perfect fit and comfortable.
USER_886852,Siddharth Kumar,Bangalore,2,"Average quality, could be better."
USER_999392,Karan Sharma,Kolkata,2,A bit overpriced but decent.
USER_540125,Karan Singh,Hyderabad,3,"Average quality, could be better."
USER_124957,Arjun Kumar,Jaipur,4,Exactly as shown in the picture.
USER_106499,Rahul Iyer,Kolkata,5,Excellent customer support.
USER_693369,Aditya Nair,Kolkata,3,A bit overpriced but decent.
USER_844328,Rahul Reddy,Chandigarh,4,Exactly as shown in the picture.
USER_929597,Karan Deshmukh,Surat,2,"Worst experience ever, do not buy!"
USER_689936,Priya Reddy,Mumbai,2,"Defective item received, returned it."
USER_899494,Siddharth Singh,Pune,5,Highly recommended!
USER_524815,Kavya Reddy,Surat,4,A bit overpriced but decent.
USER_710521,Sneha Nair,Kolkata,4,Excellent customer support.
USER_876354,Aisha Bose,Hyderabad,5,Excellent customer support.
USER_617644,Pooja Gupta,Kochi,3,"Not as expected, colors are dull."
USER_406527,Karan Gupta,Ahmedabad,3,Nice packing.
USER_970854,Karan Chauhan,Mumbai,5,Highly recommended!
USER_327014,Karan Verma,Chennai,1,"Defective item received, returned it."
USER_467850,Manish Bose,Surat,1,"Defective item received, returned it."
USER_543698,Manish Bose,Lucknow,4,Highly recommended!
USER_709195,Pooja Nair,Jaipur,3,Nice packing.
USER_310673,Kavya Reddy,Hyderabad,4,Nice packing.
USER_419068,Kavya Singh,Kochi,4,Exactly as shown in the picture.
USER_692607,Manish Sharma,Lucknow,4,Highly recommended!
USER_478970,Arjun Sharma,Delhi,4,Excellent customer support.
USER_739777,Neha Reddy,Delhi,4,"Average quality, could be better."
USER_606703,Priya Kumar,Jaipur,4,Exactly as shown in the picture.
USER_680998,Kavya Yadav,Ahmedabad,5,Highly recommended!
USER_715840,Manish Sharma,Bangalore,4,Exactly as shown in the picture.
USER_310192,Amit Singh,Surat,4,"Good product, value for money."
USER_209768,Divya Deshmukh,Mumbai,3,"Not as expected, colors are dull."
USER_283371,Arjun Yadav,Indore,3,Battery drains too fast.
USER_643084,Vikram Kumar,Kochi,5,Awesome delivery speed.
USER_310286,Neha Yadav,Bangalore,2,"Worst experience ever, do not buy!"
USER_140642,Karan Patel,Lucknow,5,Excellent customer support.
USER_698644,Arjun Verma,Kochi,4,Highly recommended!
USER_913870,Arjun Deshmukh,Ahmedabad,2,"Worst experience ever, do not buy!"
USER_483448,Kavya Deshmukh,Chandigarh,4,Battery drains too fast.
USER_531656,Aisha Yadav,Chandigarh,5,Exactly as shown in the picture.
USER_361636,Sneha Chauhan,Lucknow,3,"Average quality, could be better."
USER_439824,Vikram Joshi,Ahmedabad,5,Excellent customer support.
USER_460012,Manish Reddy,Kochi,4,Awesome delivery speed.
USER_492217,Vikram Yadav,Mumbai,4,Battery drains too fast.
USER_528257,Rohan Kumar,Surat,4,"Average quality, could be better."
USER_673579,Aisha Das,Kolkata,5,Exactly as shown in the picture.
USER_465951,Priya Chauhan,Hyderabad,5,Loved it!
USER_135238,Vikram Das,Delhi,5,Excellent customer support.
USER_353943,Rahul Verma,Surat,4,"Good product, value for money."
USER_169486,Manish Das,Jaipur,1,"Worst experience ever, do not buy!"
USER_967340,Kavya Das,Kolkata,2,"Worst experience ever, do not buy!"
USER_891979,Pooja Singh,Surat,3,A bit overpriced but decent.
USER_876401,Arjun Patel,Kochi,4,Nice packing.
USER_119993,Rahul Das,Chennai,4,Battery drains too fast.
USER_458486,Pooja Gupta,Pune,3,"Not as expected, colors are dull."
USER_831830,Vikram Patel,Kochi,4,"Average quality, could be better."
USER_384356,Riya Nair,Ahmedabad,1,"Defective item received, returned it."
USER_730227,Kavya Kumar,Chennai,2,"Worst experience ever, do not buy!"
USER_716450,Rahul Verma,Ahmedabad,2,Nice packing.
USER_936483,Priya Verma,Lucknow,5,Excellent customer support.
USER_381028,Amit Joshi,Pune,3,"Not as expected, colors are dull."
USER_912446,Manish Chauhan,Kochi,5,Excellent customer support.
USER_194642,Neha Bose,Kolkata,5,Highly recommended!
USER_549145,Aisha Nair,Pune,5,Exactly as shown in the picture.
USER_203353,Manish Patel,Ahmedabad,5,Exactly as shown in the picture.
USER_336170,Pooja Reddy,Pune,3,Battery drains too fast.
USER_216878,Karan Nair,Kochi,4,Excellent customer support.
USER_774725,Aisha Das,Surat,4,Nice packing.
USER_732927,Anjali Yadav,Mumbai,1,"Worst experience ever, do not buy!"
USER_491716,Arjun Yadav,Jaipur,4,Nice packing.
USER_931562,Anjali Deshmukh,Delhi,5,Perfect fit and comfortable.
USER_127135,Rahul Chauhan,Hyderabad,1,"Defective item received, returned it."
USER_587005,Siddharth Verma,Indore,4,Highly recommended!
USER_946124,Arjun Singh,Ahmedabad,4,Excellent customer support.
USER_418329,Priya Iyer,Chandigarh,5,"Good product, value for money."
USER_502064,Anjali Nair,Kochi,4,"Not as expected, colors are dull."
USER_867043,Aditya Joshi,Indore,4,Awesome delivery speed.
USER_637774,Arjun Patel,Ahmedabad,4,Loved it!
USER_284848,Siddharth Singh,Delhi,5,Loved it!
USER_745668,Pooja Reddy,Chennai,4,Awesome delivery speed.
USER_497294,Manish Das,Kochi,5,Highly recommended!
USER_489438,Aditya Bose,Mumbai,2,"Worst experience ever, do not buy!"
USER_978914,Sneha Gupta,Ahmedabad,5,Perfect fit and comfortable.
USER_868686,Neha Iyer,Chandigarh,4,A bit overpriced but decent.
USER_161260,Rahul Gupta,Ahmedabad,5,Highly recommended!
USER_257215,Sneha Verma,Pune,4,Awesome delivery speed.
USER_808968,Priya Iyer,Surat,2,"Worst experience ever, do not buy!"
USER_469797,Manish Bose,Chennai,4,"Good product, value for money."
USER_435729,Priya Singh,Chandigarh,5,Perfect fit and comfortable.
USER_260939,Riya Iyer,Chennai,2,"Terrible, broke on the first day."
USER_359127,Arjun Patel,Hyderabad,4,"Not as expected, colors are dull."
USER_946940,Karan Yadav,Ahmedabad,4,Perfect fit and comfortable.
USER_196757,Kavya Joshi,Mumbai,5,Excellent customer support.
USER_653945,Vikram Verma,Chennai,1,"Terrible, broke on the first day."
USER_583212,Karan Reddy,Mumbai,3,"Average quality, could be better."
USER_385390,Priya Deshmukh,Indore,4,Exactly as shown in the picture.
USER_929244,Amit Yadav,Bangalore,4,Awesome delivery speed.
USER_527270,Rohan Patel,Chennai,3,"Average quality, could be better."
USER_889299,Vikram Bose,Kolkata,5,Perfect fit and comfortable.
USER_212021,Manish Joshi,Jaipur,2,"Defective item received, returned it."
USER_507566,Aditya Reddy,Kochi,5,Loved it!
USER_683577,Aditya Nair,Chandigarh,2,"Average quality, could be better."
USER_819491,Riya Singh,Chennai,2,"Not as expected, colors are dull."
USER_650160,Manish Das,Delhi,5,Exactly as shown in the picture.
USER_163718,Neha Reddy,Chandigarh,4,Nice packing.
USER_575197,Siddharth Gupta,Indore,2,"Terrible, broke on the first day."
USER_948070,Siddharth Iyer,Chandigarh,2,"Defective item received, returned it."
USER_663180,Rahul Iyer,Bangalore,2,"Terrible, broke on the first day."
USER_759436,Rohan Sharma,Kochi,1,"Terrible, broke on the first day."
USER_721144,Divya Deshmukh,Chandigarh,3,Nice packing.
USER_860677,Neha Gupta,Mumbai,2,"Terrible, broke on the first day."
USER_957431,Rahul Iyer,Delhi,4,Perfect fit and comfortable.
USER_631043,Amit Nair,Hyderabad,1,"Defective item received, returned it."
USER_751003,Kavya Bose,Indore,1,"Worst experience ever, do not buy!"
USER_428398,Amit Bose,Mumbai,1,"Worst experience ever, do not buy!"
USER_861507,Aisha Kumar,Lucknow,5,"Good product, value for money."
USER_776098,Rohan Iyer,Jaipur,4,Perfect fit and comfortable.
USER_814769,Pooja Das,Kolkata,3,"Average quality, could be better."
USER_638227,Rahul Yadav,Indore,4,Loved it!
USER_122265,Rohan Iyer,Indore,3,Battery drains too fast.
USER_364130,Manish Iyer,Ahmedabad,2,"Defective item received, returned it."
USER_629768,Neha Sharma,Pune,2,"Average quality, could be better."
USER_837305,Priya Kumar,Kochi,4,Awesome delivery speed.
USER_910898,Sneha Singh,Hyderabad,5,Highly recommended!
USER_698775,Rahul Yadav,Bangalore,3,Nice packing.
USER_710848,Kavya Das,Bangalore,3,"Average quality, could be better."
USER_873579,Manish Nair,Mumbai,5,Loved it!
USER_920440,Kavya Patel,Ahmedabad,1,"Terrible, broke on the first day."
USER_763390,Aditya Patel,Chennai,2,"Terrible, broke on the first day."
USER_183761,Vikram Chauhan,Bangalore,2,"Not as expected, colors are dull."
USER_662642,Siddharth Singh,Delhi,5,Loved it!
USER_167403,Vikram Sharma,Surat,4,"Average quality, could be better."
USER_311424,Amit Iyer,Ahmedabad,4,Perfect fit and comfortable.
USER_869020,Priya Sharma,Kolkata,1,"Defective item received, returned it."
USER_960731,Priya Das,Ahmedabad,1,"Defective item received, returned it."
USER_412937,Karan Joshi,Jaipur,5,Perfect fit and comfortable.
USER_288857,Aisha Iyer,Chandigarh,4,Exactly as shown in the picture.
USER_260081,Kavya Kumar,Ahmedabad,4,A bit overpriced but decent.
USER_223783,Rohan Patel,Chandigarh,4,Excellent customer support.
USER_514202,Aditya Chauhan,Hyderabad,1,"Defective item received, returned it."
USER_831330,Neha Das,Chennai,2,Nice packing.
USER_670689,Neha Deshmukh,Pune,4,Highly recommended!
USER_325904,Rahul Singh,Chandigarh,2,"Terrible, broke on the first day."
USER_908612,Manish Yadav,Ahmedabad,3,A bit overpriced but decent.
USER_361550,Karan Bose,Surat,5,Perfect fit and comfortable.
USER_928295,Sneha Gupta,Indore,5,Perfect fit and comfortable.
USER_680119,Amit Verma,Kochi,3,A bit overpriced but decent.
USER_836509,Aditya Reddy,Pune,4,Highly recommended!
USER_187514,Siddharth Yadav,Lucknow,5,Perfect fit and comfortable.
USER_577214,Rohan Iyer,Bangalore,4,"Good product, value for money."
USER_895420,Aisha Chauhan,Kolkata,1,"Worst experience ever, do not buy!"
USER_309925,Karan Das,Indore,2,Battery drains too fast.
USER_329247,Rahul Bose,Delhi,2,Battery drains too fast.
USER_465583,Divya Yadav,Pune,5,Loved it!
USER_922697,Neha Das,Bangalore,4,"Good product, value for money."
USER_399848,Vikram Sharma,Chennai,1,"Worst experience ever, do not buy!"
USER_252585,Aisha Nair,Jaipur,4,Loved it!
USER_906653,Kavya Verma,Delhi,4,Loved it!
USER_932568,Riya Verma,Hyderabad,5,Exactly as shown in the picture.
USER_311188,Riya Patel,Kolkata,4,"Good product, value for money."
USER_382412,Manish Das,Chandigarh,4,"Not as expected, colors are dull."
USER_574600,Rohan Reddy,Bangalore,4,"Not as expected, colors are dull."
USER_355465,Rohan Iyer,Indore,1,"Worst experience ever, do not buy!"
USER_697675,Divya Verma,Kochi,4,Highly recommended!
USER_506691,Aditya Deshmukh,Chandigarh,2,"Worst experience ever, do not buy!"
USER_943064,Karan Verma,Indore,4,Loved it!
USER_257460,Siddharth Joshi,Hyderabad,4,A bit overpriced but decent.
USER_195484,Amit Verma,Delhi,4,Nice packing.
USER_907085,Neha Kumar,Lucknow,5,Excellent customer support.
USER_657821,Sneha Bose,Bangalore,4,"Not as expected, colors are dull."
USER_595887,Kavya Kumar,Chandigarh,4,Excellent customer support.
USER_505284,Aisha Joshi,Delhi,4,"Not as expected, colors are dull."
USER_253566,Rahul Das,Ahmedabad,5,Perfect fit and comfortable.
USER_356453,Pooja Singh,Lucknow,4,Loved it!
USER_943020,Arjun Singh,Indore,4,A bit overpriced but decent.
USER_678023,Manish Singh,Chennai,5,Perfect fit and comfortable.
USER_409394,Rohan Kumar,Kochi,4,Nice packing.
USER_382446,Aisha Reddy,Chandigarh,1,"Defective item received, returned it."
USER_682263,Kavya Nair,Jaipur,4,Awesome delivery speed.
USER_832401,Sneha Singh,Hyderabad,2,"Worst experience ever, do not buy!"
USER_991177,Anjali Yadav,Delhi,4,"Not as expected, colors are dull."
USER_968931,Vikram Chauhan,Bangalore,3,"Average quality, could be better."
USER_186052,Aisha Deshmukh,Hyderabad,1,"Terrible, broke on the first day."
USER_283593,Divya Gupta,Chennai,2,Nice packing.
USER_508551,Aditya Singh,Delhi,5,Excellent customer support.
USER_571790,Aisha Verma,Lucknow,5,Perfect fit and comfortable.
USER_346120,Anjali Iyer,Pune,4,Excellent customer support.
USER_637582,Siddharth Nair,Lucknow,5,Perfect fit and comfortable.
USER_805529,Manish Verma,Delhi,5,Highly recommended!
USER_607708,Arjun Kumar,Chandigarh,4,Excellent customer support.
USER_268505,Rohan Gupta,Bangalore,3,A bit overpriced but decent.
USER_178455,Kavya Nair,Mumbai,4,Loved it!
USER_494603,Rohan Verma,Jaipur,5,Highly recommended!
USER_277474,Divya Bose,Delhi,4,Loved it!
USER_620086,Manish Sharma,Mumbai,2,"Terrible, broke on the first day."
USER_737697,Vikram Joshi,Surat,4,Awesome delivery speed.
USER_128885,Anjali Chauhan,Chennai,2,Nice packing.
USER_561039,Sneha Das,Surat,4,Excellent customer support.
USER_705409,Aisha Das,Chandigarh,2,"Worst experience ever, do not buy!"
USER_154299,Pooja Nair,Hyderabad,5,Perfect fit and comfortable.
USER_708082,Aditya Sharma,Kochi,4,"Good product, value for money."
USER_474170,Rohan Patel,Jaipur,5,Loved it!
USER_663905,Amit Deshmukh,Kochi,2,Nice packing.
USER_103410,Pooja Patel,Chandigarh,4,Exactly as shown in the picture.
USER_363801,Neha Bose,Chennai,4,Exactly as shown in the picture.
USER_491097,Divya Das,Delhi,1,"Terrible, broke on the first day."
USER_798647,Kavya Nair,Bangalore,4,Highly recommended!
USER_521354,Kavya Reddy,Lucknow,2,"Not as expected, colors are dull."
USER_513033,Pooja Chauhan,Pune,4,Exactly as shown in the picture.
USER_215640,Siddharth Joshi,Hyderabad,4,Loved it!
USER_330381,Vikram Reddy,Kolkata,4,Excellent customer support.
USER_895905,Anjali Das,Delhi,4,A bit overpriced but decent.
USER_264468,Aisha Chauhan,Bangalore,4,"Not as expected, colors are dull."
USER_816761,Priya Nair,Hyderabad,2,"Defective item received, returned it."
USER_345188,Manish Singh,Kolkata,5,Perfect fit and comfortable.
USER_830099,Kavya Das,Lucknow,1,"Terrible, broke on the first day."
USER_410930,Siddharth Deshmukh,Indore,3,"Average quality, could be better."
USER_792815,Neha Reddy,Bangalore,2,"Terrible, broke on the first day."
USER_742169,Divya Reddy,Hyderabad,3,Nice packing.
USER_883333,Divya Das,Bangalore,3,Battery drains too fast.
USER_417526,Manish Reddy,Chandigarh,4,Highly recommended!
USER_612086,Divya Deshmukh,Chandigarh,3,A bit overpriced but decent.
USER_171472,Priya Bose,Delhi,4,"Average quality, could be better."
USER_124506,Manish Iyer,Surat,2,"Average quality, could be better."
USER_827966,Arjun Kumar,Mumbai,2,"Not as expected, colors are dull."
USER_997843,Kavya Bose,Jaipur,1,"Terrible, broke on the first day."
USER_983009,Karan Kumar,Bangalore,2,Battery drains too fast.
USER_666166,Amit Sharma,Surat,4,"Average quality, could be better."
USER_493333,Rahul Verma,Hyderabad,2,A bit overpriced but decent.
USER_857641,Kavya Deshmukh,Surat,4,"Not as expected, colors are dull."
USER_612559,Amit Sharma,Indore,4,Perfect fit and comfortable.
USER_643224,Pooja Verma,Delhi,4,Perfect fit and comfortable.
USER_132207,Sneha Sharma,Bangalore,5,Perfect fit and comfortable.
USER_393424,Rohan Yadav,Kochi,2,"Worst experience ever, do not buy!"
USER_100028,Rahul Das,Jaipur,2,"Worst experience ever, do not buy!"
USER_222601,Sneha Deshmukh,Ahmedabad,4,Exactly as shown in the picture.
USER_546162,Pooja Deshmukh,Chennai,5,Exactly as shown in the picture.
USER_353936,Amit Gupta,Chandigarh,1,"Terrible, broke on the first day."
USER_167894,Pooja Deshmukh,Hyderabad,4,Highly recommended!
USER_234056,Rohan Patel,Surat,4,"Good product, value for money."
USER_146154,Anjali Reddy,Indore,2,"Not as expected, colors are dull."
USER_909046,Riya Deshmukh,Bangalore,4,"Good product, value for money."
USER_453908,Anjali Singh,Mumbai,5,Highly recommended!
USER_513038,Amit Patel,Pune,4,Excellent customer support.
USER_245876,Aditya Verma,Ahmedabad,3,Nice packing.
USER_845756,Amit Das,Mumbai,2,Battery drains too fast.
USER_899921,Neha Patel,Mumbai,2,"Not as expected, colors are dull."
USER_670863,Arjun Kumar,Surat,1,"Defective item received, returned it."
USER_932519,Anjali Chauhan,Jaipur,3,Nice packing.
USER_940858,Divya Deshmukh,Chandigarh,4,Battery drains too fast.
USER_314982,Amit Bose,Pune,4,Loved it!
USER_354247,Amit Iyer,Kolkata,2,Nice packing.
USER_730351,Rahul Kumar,Pune,4,Excellent customer support.
USER_191723,Aditya Deshmukh,Hyderabad,5,"Good product, value for money."
USER_609243,Aisha Singh,Ahmedabad,4,Awesome delivery speed.
USER_887958,Amit Deshmukh,Surat,5,Loved it!
USER_518932,Amit Sharma,Jaipur,4,Excellent customer support.
USER_544191,Aisha Singh,Kochi,2,"Worst experience ever, do not buy!"
USER_787146,Pooja Reddy,Hyderabad,1,"Defective item received, returned it."
USER_299695,Rahul Gupta,Bangalore,3,A bit overpriced but decent.
USER_773458,Manish Chauhan,Chennai,4,Loved it!
USER_430957,Priya Chauhan,Mumbai,1,"Worst experience ever, do not buy!"
USER_960099,Riya Reddy,Pune,4,Exactly as shown in the picture.
USER_482952,Anjali Patel,Surat,4,Loved it!
USER_839561,Kavya Joshi,Mumbai,5,"Good product, value for money."
USER_811488,Aisha Nair,Kochi,5,Loved it!
USER_731462,Kavya Patel,Kolkata,2,"Defective item received, returned it."
USER_896780,Arjun Bose,Hyderabad,4,Awesome delivery speed.
USER_660832,Rahul Reddy,Bangalore,4,"Average quality, could be better."
USER_432193,Aditya Yadav,Pune,5,Loved it!
USER_785470,Priya Reddy,Pune,5,Awesome delivery speed.
USER_568256,Vikram Yadav,Bangalore,4,"Good product, value for money."
USER_921926,Karan Bose,Jaipur,5,Loved it!
USER_661430,Neha Iyer,Pune,4,"Not as expected, colors are dull."
USER_431548,Divya Yadav,Mumbai,5,Perfect fit and comfortable.
USER_715003,Rohan Singh,Kolkata,4,Highly recommended!
USER_407745,Aditya Nair,Kolkata,5,Highly recommended!
USER_699699,Rahul Yadav,Lucknow,5,Exactly as shown in the picture.
USER_384962,Aisha Bose,Pune,2,"Defective item received, returned it."
USER_478187,Neha Kumar,Jaipur,5,"Good product, value for money."
USER_125240,Priya Reddy,Chennai,4,Exactly as shown in the picture.
USER_423719,Amit Chauhan,Indore,2,"Average quality, could be better."
USER_496844,Vikram Sharma,Hyderabad,1,"Terrible, broke on the first day."
USER_976392,Rohan Patel,Surat,4,Exactly as shown in the picture.
USER_520390,Neha Yadav,Indore,2,"Worst experience ever, do not buy!"
USER_395922,Sneha Bose,Mumbai,2,Battery drains too fast.
USER_182126,Arjun Gupta,Chandigarh,2,"Defective item received, returned it."
USER_658076,Sneha Singh,Chandigarh,4,"Good product, value for money."
USER_465669,Rohan Deshmukh,Surat,4,Highly recommended!
USER_916881,Sneha Singh,Surat,4,Perfect fit and comfortable.
USER_434781,Priya Gupta,Jaipur,4,"Average quality, could be better."
USER_471169,Rohan Chauhan,Hyderabad,2,A bit overpriced but decent.
USER_823846,Manish Verma,Pune,2,"Worst experience ever, do not buy!"
USER_319789,Aditya Gupta,Kolkata,4,Excellent customer support.
USER_332061,Pooja Gupta,Lucknow,4,"Good product, value for money."
USER_718105,Manish Iyer,Lucknow,4,Perfect fit and comfortable.
USER_682818,Amit Gupta,Chandigarh,5,Highly recommended!
USER_144460,Siddharth Gupta,Pune,2,A bit overpriced but decent.
USER_134119,Rahul Bose,Lucknow,4,"Good product, value for money."
USER_893823,Kavya Gupta,Kochi,2,"Worst experience ever, do not buy!"
USER_929492,Aisha Singh,Chandigarh,4,Awesome delivery speed.
USER_399443,Anjali Chauhan,Mumbai,2,"Average quality, could be better."
USER_538811,Rohan Gupta,Ahmedabad,2,Battery drains too fast.
USER_190586,Priya Gupta,Indore,5,Excellent customer support.
USER_862056,Aditya Bose,Kochi,4,A bit overpriced but decent.
USER_799830,Priya Yadav,Pune,3,"Not as expected, colors are dull."
USER_689158,Rohan Verma,Hyderabad,5,Perfect fit and comfortable.
USER_691944,Neha Iyer,Kochi,3,"Average quality, could be better."
USER_165484,Priya Gupta,Chennai,4,Excellent customer support.
USER_370419,Pooja Joshi,Ahmedabad,1,"Worst experience ever, do not buy!"
USER_990963,Karan Kumar,Hyderabad,2,"Terrible, broke on the first day."
USER_595907,Arjun Deshmukh,Lucknow,2,A bit overpriced but decent.
USER_961434,Anjali Verma,Kochi,4,Loved it!
USER_159012,Divya Bose,Bangalore,2,"Defective item received, returned it."
USER_561632,Rohan Nair,Hyderabad,4,Highly recommended!
USER_641345,Arjun Joshi,Chennai,3,"Average quality, could be better."
USER_232345,Rohan Iyer,Mumbai,4,Awesome delivery speed.
USER_303615,Manish Iyer,Indore,4,Highly recommended!
USER_527287,Manish Nair,Indore,2,"Worst experience ever, do not buy!"
USER_881771,Kavya Deshmukh,Lucknow,3,Battery drains too fast.
USER_248604,Priya Chauhan,Kolkata,4,Perfect fit and comfortable.
USER_223866,Riya Joshi,Hyderabad,4,"Average quality, could be better."
USER_139978,Pooja Chauhan,Chandigarh,5,Highly recommended!
USER_456999,Pooja Singh,Jaipur,5,Awesome delivery speed.
USER_495333,Priya Iyer,Delhi,4,"Average quality, could be better."
USER_117909,Riya Singh,Delhi,4,Loved it!
USER_576071,Pooja Joshi,Ahmedabad,2,Battery drains too fast.
USER_791053,Priya Singh,Pune,5,Exactly as shown in the picture.
USER_525389,Arjun Nair,Pune,2,Nice packing.
USER_634084,Amit Reddy,Lucknow,2,Nice packing.
USER_617734,Amit Gupta,Chennai,3,Nice packing.
USER_131053,Vikram Patel,Jaipur,2,"Worst experience ever, do not buy!"
USER_827307,Neha Das,Jaipur,2,"Terrible, broke on the first day."
USER_385725,Divya Deshmukh,Hyderabad,2,"Worst experience ever, do not buy!"
USER_848096,Aisha Singh,Surat,4,Excellent customer support.
USER_123134,Sneha Iyer,Chennai,5,Loved it!
USER_360714,Arjun Sharma,Kochi,3,Battery drains too fast.
USER_286552,Aditya Gupta,Kochi,3,Nice packing.
USER_323500,Aditya Singh,Kochi,1,"Worst experience ever, do not buy!"
USER_351881,Rahul Nair,Mumbai,5,"Good product, value for money."
USER_480235,Anjali Bose,Kochi,1,"Terrible, broke on the first day."
USER_167611,Vikram Reddy,Lucknow,4,"Average quality, could be better."
USER_472804,Rohan Bose,Lucknow,5,Perfect fit and comfortable.
USER_638788,Aditya Das,Indore,4,Highly recommended!
USER_687358,Arjun Das,Delhi,2,"Terrible, broke on the first day."
USER_793710,Rahul Deshmukh,Bangalore,4,Awesome delivery speed.
USER_476234,Aditya Reddy,Indore,3,"Average quality, could be better."
USER_913870,Arjun Deshmukh,Ahmedabad,2,"Worst experience ever, do not buy!"
USER_822031,Siddharth Singh,Hyderabad,3,Battery drains too fast.
USER_524186,Arjun Kumar,Lucknow,2,A bit overpriced but decent.
USER_517663,Aditya Reddy,Chennai,4,Perfect fit and comfortable.
USER_209264,Sneha Iyer,Jaipur,4,Highly recommended!
USER_692491,Manish Iyer,Mumbai,5,Exactly as shown in the picture.
USER_555808,Kavya Iyer,Kochi,2,Nice packing.
USER_778332,Sneha Chauhan,Hyderabad,3,"Not as expected, colors are dull."
USER_940941,Karan Kumar,Ahmedabad,4,Perfect fit and comfortable.
USER_911217,Manish Verma,Mumbai,4,Exactly as shown in the picture.
USER_529040,Arjun Iyer,Jaipur,5,Highly recommended!
USER_625165,Priya Das,Mumbai,5,Perfect fit and comfortable.
USER_734112,Sneha Kumar,Delhi,4,Excellent customer support.
USER_680530,Kavya Bose,Kochi,1,"Terrible, broke on the first day."
USER_146673,Karan Verma,Jaipur,5,Excellent customer support.
USER_602281,Karan Iyer,Kolkata,1,"Worst experience ever, do not buy!"
USER_796900,Divya Yadav,Bangalore,4,Awesome delivery speed.
USER_826071,Kavya Kumar,Kolkata,4,Excellent customer support.
USER_224384,Aditya Chauhan,Pune,5,Perfect fit and comfortable.
USER_448405,Vikram Deshmukh,Bangalore,2,Nice packing.
USER_469863,Manish Kumar,Indore,2,"Worst experience ever, do not buy!"
USER_900559,Siddharth Verma,Bangalore,4,Awesome delivery speed.
USER_766935,Arjun Iyer,Ahmedabad,1,"Defective item received, returned it."
USER_798413,Siddharth Joshi,Hyderabad,2,"Not as expected, colors are dull."
USER_367583,Anjali Kumar,Pune,4,"Average quality, could be better."
USER_364692,Kavya Patel,Hyderabad,5,"Good product, value for money."
USER_955070,Amit Singh,Mumbai,2,A bit overpriced but decent.
USER_385726,Karan Iyer,Kochi,2,"Worst experience ever, do not buy!"
USER_732799,Kavya Chauhan,Chandigarh,1,"Defective item received, returned it."
USER_460199,Rohan Deshmukh,Hyderabad,2,"Defective item received, returned it."
USER_182965,Pooja Sharma,Chennai,4,Excellent customer support.
USER_885102,Rohan Chauhan,Delhi,2,"Worst experience ever, do not buy!"
USER_379464,Riya Kumar,Kolkata,2,"Average quality, could be better."
USER_468865,Sneha Singh,Surat,3,"Not as expected, colors are dull."
USER_752073,Rohan Yadav,Mumbai,2,"Average quality, could be better."
USER_500648,Amit Singh,Chennai,5,Loved it!
USER_499632,Riya Patel,Surat,4,A bit overpriced but decent.
USER_203122,Priya Patel,Hyderabad,2,"Defective item received, returned it."
USER_274329,Manish Kumar,Mumbai,3,Nice packing.
USER_545053,Priya Kumar,Lucknow,5,Excellent customer support.
USER_392932,Kavya Joshi,Pune,2,"Defective item received, returned it."
USER_960696,Sneha Gupta,Chennai,4,A bit overpriced but decent.
USER_206114,Aisha Nair,Kochi,5,Awesome delivery speed.
USER_885789,Rahul Deshmukh,Kochi,2,"Terrible, broke on the first day."
USER_567592,Rahul Bose,Lucknow,2,"Defective item received, returned it."
USER_682468,Amit Deshmukh,Surat,2,"Terrible, broke on the first day."
USER_672570,Manish Reddy,Lucknow,2,"Worst experience ever, do not buy!"
USER_420292,Sneha Verma,Kolkata,5,Perfect fit and comfortable.
USER_871675,Anjali Deshmukh,Ahmedabad,4,Highly recommended!
USER_552743,Sneha Joshi,Chandigarh,3,Battery drains too fast.
USER_876534,Sneha Gupta,Lucknow,5,Awesome delivery speed.
USER_770532,Rahul Gupta,Pune,2,Battery drains too fast.
USER_866586,Kavya Joshi,Indore,4,Awesome delivery speed.
USER_154342,Aisha Kumar,Indore,2,"Terrible, broke on the first day."
USER_286185,Sneha Bose,Bangalore,4,Battery drains too fast.
USER_749660,Aditya Patel,Chennai,4,Exactly as shown in the picture.
USER_769364,Manish Gupta,Indore,3,A bit overpriced but decent.
USER_210783,Aditya Joshi,Lucknow,2,"Average quality, could be better."
USER_845406,Sneha Iyer,Kolkata,1,"Defective item received, returned it."
USER_676771,Rohan Das,Lucknow,2,"Worst experience ever, do not buy!"
USER_909080,Pooja Nair,Mumbai,4,Awesome delivery speed.
USER_520508,Manish Kumar,Chandigarh,1,"Defective item received, returned it."
USER_882069,Neha Iyer,Ahmedabad,4,Awesome delivery speed.
USER_701762,Arjun Gupta,Indore,4,Perfect fit and comfortable.
USER_673336,Aditya Deshmukh,Ahmedabad,1,"Worst experience ever, do not buy!"
USER_443112,Karan Verma,Kolkata,5,Highly recommended!
USER_117430,Pooja Das,Mumbai,1,"Defective item received, returned it."
USER_314912,Rahul Gupta,Kolkata,4,Excellent customer support.
USER_420229,Divya Kumar,Bangalore,4,Perfect fit and comfortable.
USER_885039,Sneha Deshmukh,Lucknow,2,"Not as expected, colors are dull."
USER_150562,Siddharth Verma,Lucknow,1,"Defective item received, returned it."
USER_841133,Priya Singh,Pune,5,Loved it!
USER_771592,Siddharth Yadav,Lucknow,5,Exactly as shown in the picture.
USER_627970,Aditya Nair,Pune,2,A bit overpriced but decent.
USER_172743,Pooja Kumar,Surat,5,Exactly as shown in the picture.
USER_320839,Kavya Yadav,Kochi,5,Highly recommended!
USER_658519,Aditya Singh,Kolkata,5,Highly recommended!
USER_169643,Siddharth Chauhan,Delhi,4,"Good product, value for money."
USER_241574,Sneha Bose,Lucknow,3,"Not as expected, colors are dull."
USER_128924,Priya Nair,Delhi,4,Exactly as shown in the picture.
USER_963674,Aisha Bose,Kolkata,2,"Defective item received, returned it."
USER_292452,Neha Kumar,Chandigarh,4,A bit overpriced but decent.
USER_781510,Aditya Deshmukh,Kolkata,1,"Defective item received, returned it."
USER_967533,Arjun Iyer,Pune,2,Battery drains too fast.
USER_709849,Siddharth Gupta,Chennai,4,A bit overpriced but decent.
USER_880845,Priya Joshi,Jaipur,2,"Defective item received, returned it."
USER_547337,Sneha Singh,Mumbai,4,Highly recommended!
USER_845653,Arjun Singh,Kolkata,1,"Worst experience ever, do not buy!"
USER_512732,Priya Patel,Indore,4,Loved it!
USER_393615,Manish Joshi,Delhi,2,"Not as expected, colors are dull."
USER_616789,Karan Gupta,Mumbai,4,Excellent customer support.
USER_566852,Aisha Gupta,Chennai,3,Battery drains too fast.
USER_453481,Rohan Patel,Lucknow,5,Loved it!
USER_797376,Siddharth Chauhan,Delhi,3,"Average quality, could be better."
USER_461882,Riya Joshi,Jaipur,2,"Defective item received, returned it."
USER_826485,Arjun Bose,Indore,2,Battery drains too fast.
USER_560476,Manish Gupta,Kolkata,4,A bit overpriced but decent.
USER_662320,Vikram Sharma,Bangalore,4,"Not as expected, colors are dull."
USER_811709,Manish Reddy,Chennai,5,Exactly as shown in the picture.
USER_406220,Rohan Verma,Kolkata,2,A bit overpriced but decent.
USER_692613,Pooja Reddy,Chandigarh,4,"Good product, value for money."
USER_148648,Aditya Reddy,Delhi,4,Excellent customer support.
USER_893856,Neha Kumar,Chandigarh,4,A bit overpriced but decent.
USER_408787,Anjali Singh,Kochi,2,"Average quality, could be better."
USER_792222,Amit Joshi,Pune,4,Loved it!
USER_958846,Divya Bose,Delhi,2,Nice packing.
USER_837655,Rohan Das,Mumbai,5,Awesome delivery speed.
USER_639625,Amit Das,Lucknow,5,Highly recommended!
USER_568409,Anjali Deshmukh,Kochi,5,Excellent customer support.
USER_522595,Priya Chauhan,Jaipur,4,"Not as expected, colors are dull."
USER_259725,Siddharth Kumar,Jaipur,4,Battery drains too fast.
USER_358748,Rohan Patel,Kochi,2,A bit overpriced but decent.
USER_708614,Manish Joshi,Indore,5,Loved it!
USER_510349,Aditya Verma,Bangalore,3,Nice packing.
USER_530588,Riya Bose,Ahmedabad,3,Nice packing.
USER_766419,Amit Iyer,Ahmedabad,2,"Worst experience ever, do not buy!"
USER_831518,Rohan Singh,Kolkata,4,Exactly as shown in the picture.
USER_940491,Aditya Patel,Hyderabad,3,"Average quality, could be better."
USER_590073,Neha Nair,Hyderabad,4,Nice packing.
USER_360458,Neha Joshi,Chandigarh,2,A bit overpriced but decent.
USER_669948,Vikram Iyer,Jaipur,2,"Terrible, broke on the first day."
USER_361494,Sneha Chauhan,Ahmedabad,5,Excellent customer support.
USER_838779,Pooja Gupta,Bangalore,5,Highly recommended!
USER_853187,Rahul Singh,Hyderabad,3,A bit overpriced but decent.
USER_166667,Anjali Deshmukh,Bangalore,5,Awesome delivery speed.
USER_334372,Neha Sharma,Bangalore,4,Awesome delivery speed.
USER_289855,Vikram Chauhan,Chandigarh,1,"Worst experience ever, do not buy!"
USER_905844,Priya Bose,Lucknow,2,Battery drains too fast.
USER_355983,Rohan Sharma,Kochi,2,"Worst experience ever, do not buy!"
USER_711438,Arjun Bose,Pune,3,Nice packing.
USER_167423,Karan Deshmukh,Lucknow,1,"Worst experience ever, do not buy!"
USER_166471,Pooja Chauhan,Bangalore,2,"Defective item received, returned it."
USER_252561,Vikram Chauhan,Mumbai,4,"Not as expected, colors are dull."
USER_918139,Karan Das,Jaipur,1,"Terrible, broke on the first day."
USER_602232,Sneha Reddy,Mumbai,4,A bit overpriced but decent.
USER_983009,Karan Kumar,Bangalore,2,Battery drains too fast.
USER_716938,Aisha Gupta,Chennai,4,Nice packing.
USER_742342,Aisha Das,Lucknow,2,"Defective item received, returned it."
USER_612149,Priya Iyer,Bangalore,2,"Average quality, could be better."
USER_564044,Divya Yadav,Kolkata,4,"Good product, value for money."
USER_773144,Divya Nair,Jaipur,4,Loved it!
USER_314215,Sneha Kumar,Ahmedabad,4,Awesome delivery speed.
USER_326707,Arjun Reddy,Kolkata,4,Loved it!
USER_222992,Rahul Verma,Hyderabad,4,Battery drains too fast.
USER_857318,Anjali Gupta,Bangalore,3,"Not as expected, colors are dull."
USER_147698,Neha Sharma,Chandigarh,5,Highly recommended!
USER_492524,Aditya Verma,Mumbai,3,"Not as expected, colors are dull."
USER_562732,Anjali Iyer,Chennai,4,Awesome delivery speed.
USER_794033,Kavya Kumar,Hyderabad,5,"Good product, value for money."
USER_475916,Pooja Deshmukh,Chennai,5,Loved it!
USER_149757,Divya Sharma,Ahmedabad,4,"Good product, value for money."
USER_517785,Rahul Joshi,Chennai,4,Excellent customer support.
USER_472288,Karan Sharma,Hyderabad,4,Loved it!
USER_231392,Rohan Gupta,Chennai,5,"Good product, value for money."
USER_616872,Neha Verma,Chennai,4,Excellent customer support.
USER_178369,Neha Das,Chennai,5,Highly recommended!
USER_342132,Kavya Joshi,Kolkata,3,"Average quality, could be better."
USER_855384,Neha Yadav,Bangalore,1,"Terrible, broke on the first day."
USER_224761,Divya Bose,Hyderabad,3,Nice packing.
USER_200536,Riya Singh,Chandigarh,4,Excellent customer support.
USER_303862,Pooja Nair,Mumbai,4,A bit overpriced but decent.
USER_669206,Aisha Gupta,Bangalore,2,A bit overpriced but decent.
USER_918291,Divya Chauhan,Ahmedabad,5,"Good product, value for money."
USER_384356,Riya Nair,Ahmedabad,1,"Defective item received, returned it."
USER_843451,Manish Deshmukh,Indore,4,"Average quality, could be better."
USER_281299,Karan Verma,Pune,2,"Worst experience ever, do not buy!"
USER_957190,Amit Das,Jaipur,4,Nice packing.
USER_606545,Siddharth Patel,Delhi,4,Loved it!
USER_813190,Sneha Bose,Chennai,4,Perfect fit and comfortable.
USER_131839,Sneha Bose,Surat,5,Exactly as shown in the picture.
USER_680156,Sneha Patel,Bangalore,4,Awesome delivery speed.
USER_548146,Riya Das,Hyderabad,5,Exactly as shown in the picture.
USER_124543,Arjun Patel,Kochi,5,Perfect fit and comfortable.
USER_916875,Sneha Das,Delhi,5,Exactly as shown in the picture.
USER_155689,Rohan Patel,Chennai,4,A bit overpriced but decent.
USER_247078,Arjun Nair,Bangalore,1,"Terrible, broke on the first day."
USER_121979,Priya Patel,Jaipur,1,"Worst experience ever, do not buy!"
USER_124297,Riya Das,Hyderabad,2,"Defective item received, returned it."
USER_734202,Rahul Reddy,Jaipur,4,Perfect fit and comfortable.
USER_707581,Aisha Das,Hyderabad,2,A bit overpriced but decent.
USER_876354,Aisha Bose,Hyderabad,5,Excellent customer support.
USER_728914,Priya Nair,Mumbai,5,Awesome delivery speed.
USER_541066,Kavya Yadav,Surat,5,Loved it!
USER_584879,Priya Iyer,Kolkata,4,"Good product, value for money."
USER_212762,Manish Sharma,Pune,2,"Terrible, broke on the first day."
USER_338044,Karan Singh,Mumbai,2,"Not as expected, colors are dull."
USER_821289,Siddharth Kumar,Indore,4,Exactly as shown in the picture.
USER_476329,Riya Gupta,Surat,4,Loved it!
USER_746104,Siddharth Chauhan,Kolkata,5,Loved it!
USER_621985,Sneha Iyer,Delhi,2,"Not as expected, colors are dull."
USER_527288,Anjali Bose,Jaipur,4,Excellent customer support.
USER_771183,Pooja Deshmukh,Lucknow,4,A bit overpriced but decent.
USER_454139,Arjun Yadav,Lucknow,4,Excellent customer support.
USER_573645,Anjali Gupta,Chandigarh,1,"Worst experience ever, do not buy!"
USER_368631,Manish Bose,Pune,5,Loved it!
USER_490963,Karan Bose,Bangalore,4,Excellent customer support.
USER_963492,Siddharth Sharma,Bangalore,4,Excellent customer support.
USER_777583,Priya Nair,Lucknow,5,Loved it!
USER_923926,Rahul Iyer,Chennai,4,A bit overpriced but decent.
USER_516505,Anjali Singh,Ahmedabad,2,"Terrible, broke on the first day."
USER_118485,Rahul Das,Jaipur,4,"Good product, value for money."
USER_296455,Karan Kumar,Delhi,1,"Terrible, broke on the first day."
USER_341287,Manish Singh,Indore,4,"Good product, value for money."
USER_655125,Rohan Gupta,Chennai,1,"Defective item received, returned it."
USER_117795,Rohan Das,Kolkata,3,Battery drains too fast.
USER_416952,Aditya Verma,Mumbai,4,A bit overpriced but decent.
USER_281907,Amit Deshmukh,Ahmedabad,4,Highly recommended!
USER_238558,Rahul Chauhan,Chandigarh,4,Awesome delivery speed.
USER_168828,Sneha Patel,Indore,5,Exactly as shown in the picture.
USER_143793,Rahul Chauhan,Chennai,2,"Not as expected, colors are dull."
USER_165111,Amit Nair,Surat,2,"Average quality, could be better."
USER_503877,Divya Chauhan,Jaipur,5,Awesome delivery speed.
USER_261170,Manish Bose,Hyderabad,4,A bit overpriced but decent.
USER_413858,Riya Kumar,Jaipur,5,Exactly as shown in the picture.
USER_514533,Arjun Deshmukh,Bangalore,5,Loved it!
USER_292982,Aditya Nair,Chandigarh,1,"Worst experience ever, do not buy!"
USER_385430,Anjali Gupta,Chennai,2,"Terrible, broke on the first day."
USER_905734,Aisha Singh,Delhi,2,"Not as expected, colors are dull."
USER_304547,Arjun Gupta,Kolkata,2,"Terrible, broke on the first day."
USER_533122,Siddharth Sharma,Hyderabad,2,Battery drains too fast.
USER_376502,Divya Chauhan,Ahmedabad,4,Awesome delivery speed.
USER_257460,Siddharth Joshi,Hyderabad,4,A bit overpriced but decent.
USER_498535,Arjun Sharma,Ahmedabad,4,Excellent customer support.
USER_246004,Aisha Singh,Chandigarh,2,Battery drains too fast.
USER_305345,Neha Bose,Lucknow,5,"Good product, value for money."
USER_277049,Pooja Gupta,Lucknow,2,"Defective item received, returned it."
USER_600327,Priya Patel,Kolkata,5,"Good product, value for money."
USER_144955,Pooja Das,Mumbai,5,Loved it!
USER_884075,Riya Joshi,Lucknow,5,Awesome delivery speed.
USER_821434,Kavya Gupta,Kolkata,2,"Average quality, could be better."
USER_475689,Kavya Das,Delhi,2,A bit overpriced but decent.
USER_120018,Rohan Joshi,Indore,4,Loved it!
USER_169881,Karan Das,Chandigarh,5,Awesome delivery speed.
USER_396214,Karan Sharma,Chennai,4,Perfect fit and comfortable.
USER_736023,Amit Nair,Hyderabad,5,Loved it!
USER_868082,Priya Verma,Delhi,1,"Defective item received, returned it."
USER_537307,Karan Verma,Jaipur,5,Perfect fit and comfortable.
USER_105390,Arjun Reddy,Kochi,2,"Terrible, broke on the first day."
USER_510809,Pooja Sharma,Ahmedabad,1,"Defective item received, returned it."
USER_752512,Rohan Verma,Bangalore,4,Battery drains too fast.
USER_984649,Amit Deshmukh,Lucknow,3,"Not as expected, colors are dull."
USER_637156,Manish Gupta,Mumbai,4,Nice packing.
USER_712333,Manish Yadav,Mumbai,2,Nice packing.
USER_412249,Aditya Iyer,Surat,5,"Good product, value for money."
USER_213158,Sneha Das,Pune,4,A bit overpriced but decent.
USER_502190,Riya Reddy,Surat,3,"Average quality, could be better."
USER_221460,Sneha Das,Hyderabad,4,A bit overpriced but decent.
USER_447401,Riya Gupta,Delhi,5,Loved it!
USER_747303,Rohan Yadav,Kochi,4,Battery drains too fast.
USER_413858,Riya Kumar,Jaipur,5,Exactly as shown in the picture.
USER_298012,Aisha Patel,Ahmedabad,5,Perfect fit and comfortable.
USER_781255,Karan Chauhan,Indore,4,"Not as expected, colors are dull."
USER_752714,Siddharth Sharma,Chandigarh,2,"Not as expected, colors are dull."
USER_778211,Vikram Sharma,Kochi,3,Nice packing.
USER_724781,Rahul Reddy,Surat,2,A bit overpriced but decent.
USER_246475,Rohan Yadav,Mumbai,4,Highly recommended!
USER_739357,Amit Deshmukh,Indore,2,A bit overpriced but decent.
USER_332902,Anjali Reddy,Surat,2,"Worst experience ever, do not buy!"
USER_174963,Kavya Singh,Pune,2,Nice packing.
USER_454555,Aisha Joshi,Chandigarh,4,Exactly as shown in the picture.
USER_557835,Sneha Iyer,Ahmedabad,1,"Defective item received, returned it."
USER_646897,Siddharth Deshmukh,Jaipur,2,A bit overpriced but decent.
USER_359856,Amit Deshmukh,Delhi,2,"Worst experience ever, do not buy!"
USER_684307,Kavya Nair,Delhi,4,Battery drains too fast.
USER_241747,Divya Kumar,Lucknow,4,"Average quality, could be better."
USER_176907,Riya Sharma,Chandigarh,2,Nice packing.
USER_255507,Riya Sharma,Surat,4,Exactly as shown in the picture.
USER_413219,Arjun Gupta,Indore,5,Excellent customer support.
USER_624568,Rahul Yadav,Jaipur,1,"Worst experience ever, do not buy!"
USER_188564,Anjali Reddy,Chennai,3,Nice packing.
USER_956933,Aditya Yadav,Chennai,3,"Average quality, could be better."
USER_727821,Siddharth Yadav,Bangalore,2,"Worst experience ever, do not buy!"
USER_504577,Rohan Singh,Indore,1,"Defective item received, returned it."
USER_758521,Aisha Iyer,Ahmedabad,4,Exactly as shown in the picture.
USER_576986,Karan Joshi,Chandigarh,3,"Not as expected, colors are dull."
USER_250050,Aisha Iyer,Chandigarh,5,"Good product, value for money."
USER_958062,Aditya Singh,Kochi,5,Loved it!
USER_895212,Pooja Deshmukh,Ahmedabad,2,"Worst experience ever, do not buy!"
USER_382220,Priya Gupta,Lucknow,3,"Not as expected, colors are dull."
USER_398317,Amit Verma,Surat,2,Battery drains too fast.
USER_860653,Amit Reddy,Bangalore,1,"Terrible, broke on the first day."
USER_957536,Sneha Chauhan,Delhi,4,Highly recommended!
USER_520732,Riya Joshi,Mumbai,4,Battery drains too fast.
USER_291943,Amit Nair,Delhi,4,"Not as expected, colors are dull."
USER_572834,Kavya Sharma,Pune,5,"Good product, value for money."
USER_293219,Aisha Iyer,Surat,5,Awesome delivery speed.
USER_406627,Kavya Singh,Indore,3,Battery drains too fast.
USER_619534,Vikram Sharma,Indore,5,Exactly as shown in the picture.
USER_661248,Kavya Deshmukh,Pune,2,A bit overpriced but decent.
USER_271488,Neha Gupta,Bangalore,2,"Terrible, broke on the first day."
USER_649361,Anjali Verma,Jaipur,5,Excellent customer support.
USER_197417,Rohan Patel,Indore,5,Highly recommended!
USER_169903,Riya Deshmukh,Lucknow,3,Battery drains too fast.
USER_614779,Amit Verma,Chennai,4,Excellent customer support.
USER_572307,Amit Verma,Chandigarh,3,Battery drains too fast.
USER_174814,Amit Chauhan,Kolkata,4,Awesome delivery speed.
USER_851837,Neha Yadav,Surat,4,Highly recommended!
USER_904881,Karan Sharma,Hyderabad,1,"Terrible, broke on the first day."
USER_502919,Karan Singh,Surat,5,Highly recommended!
USER_320812,Anjali Singh,Chandigarh,4,Highly recommended!
USER_452459,Amit Singh,Surat,5,Perfect fit and comfortable.
USER_105397,Manish Bose,Indore,4,Exactly as shown in the picture.
USER_417483,Neha Kumar,Indore,1,"Terrible, broke on the first day."
USER_426306,Kavya Patel,Bangalore,2,"Worst experience ever, do not buy!"
USER_645747,Rahul Gupta,Indore,4,Highly recommended!
USER_800349,Divya Gupta,Hyderabad,2,"Terrible, broke on the first day."
USER_865617,Rohan Patel,Lucknow,2,Battery drains too fast.
USER_158238,Neha Kumar,Mumbai,4,Exactly as shown in the picture.
USER_475004,Priya Patel,Indore,3,"Average quality, could be better."
USER_524124,Anjali Chauhan,Indore,4,Loved it!
USER_815521,Siddharth Das,Chennai,5,Highly recommended!
USER_779373,Arjun Nair,Chandigarh,2,"Worst experience ever, do not buy!"
USER_305306,Arjun Iyer,Indore,4,Nice packing.
USER_980552,Riya Patel,Indore,2,Battery drains too fast.
USER_828749,Amit Joshi,Jaipur,1,"Worst experience ever, do not buy!"
USER_907567,Aisha Bose,Kolkata,4,Awesome delivery speed.
USER_829933,Anjali Bose,Indore,4,Battery drains too fast.
USER_783179,Sneha Chauhan,Chennai,4,Awesome delivery speed.
USER_374669,Sneha Kumar,Kochi,3,"Not as expected, colors are dull."
USER_963757,Manish Yadav,Mumbai,5,Exactly as shown in the picture.
USER_243938,Priya Yadav,Kolkata,2,"Average quality, could be better."
USER_384176,Rohan Yadav,Jaipur,4,Excellent customer support.
USER_714700,Neha Nair,Lucknow,2,"Terrible, broke on the first day."
USER_340524,Amit Iyer,Hyderabad,3,A bit overpriced but decent.
USER_723639,Manish Nair,Indore,3,A bit overpriced but decent.
USER_290466,Rohan Gupta,Chandigarh,5,Exactly as shown in the picture.
USER_230337,Divya Yadav,Kolkata,2,"Defective item received, returned it."
USER_679613,Aisha Chauhan,Pune,1,"Defective item received, returned it."
USER_896577,Vikram Joshi,Pune,4,Battery drains too fast.
USER_801727,Kavya Nair,Jaipur,4,Excellent customer support.
USER_367043,Amit Verma,Surat,5,Awesome delivery speed.
USER_617781,Sneha Chauhan,Lucknow,1,"Defective item received, returned it."
USER_332489,Rahul Nair,Pune,5,Excellent customer support.
USER_677503,Sneha Nair,Hyderabad,2,A bit overpriced but decent.
USER_323987,Aisha Sharma,Lucknow,4,Awesome delivery speed.
USER_328544,Riya Singh,Bangalore,5,Highly recommended!
USER_465814,Manish Nair,Chandigarh,4,Highly recommended!
USER_793755,Pooja Reddy,Mumbai,3,Nice packing.
USER_458717,Rahul Bose,Mumbai,4,"Average quality, could be better."
USER_373074,Arjun Yadav,Ahmedabad,5,Excellent customer support.
USER_316873,Anjali Gupta,Delhi,5,Exactly as shown in the picture.
USER_682849,Sneha Reddy,Delhi,1,"Worst experience ever, do not buy!"
USER_636999,Vikram Kumar,Kolkata,2,A bit overpriced but decent.
USER_715041,Anjali Iyer,Indore,4,"Not as expected, colors are dull."
USER_155935,Aditya Bose,Kolkata,4,Perfect fit and comfortable.
USER_560533,Kavya Verma,Bangalore,2,"Defective item received, returned it."
USER_984601,Kavya Reddy,Hyderabad,3,"Not as expected, colors are dull."
USER_915556,Riya Patel,Chennai,4,Highly recommended!
USER_451258,Siddharth Nair,Mumbai,5,Perfect fit and comfortable.
USER_148422,Divya Iyer,Kochi,1,"Defective item received, returned it."
USER_995599,Riya Reddy,Hyderabad,5,"Good product, value for money."
USER_727291,Aditya Gupta,Kochi,2,"Defective item received, returned it."
USER_229689,Karan Bose,Chandigarh,1,"Worst experience ever, do not buy!"
USER_726254,Riya Sharma,Hyderabad,4,Loved it!
USER_502126,Karan Das,Kolkata,5,Loved it!
USER_154910,Rahul Joshi,Ahmedabad,5,Excellent customer support.
USER_512553,Anjali Patel,Lucknow,5,Excellent customer support.
USER_979386,Riya Yadav,Kochi,5,Exactly as shown in the picture.
USER_792806,Aisha Gupta,Hyderabad,4,"Not as expected, colors are dull."
USER_261075,Amit Iyer,Ahmedabad,1,"Terrible, broke on the first day."
USER_273360,Amit Das,Pune,4,Perfect fit and comfortable.
USER_664605,Sneha Iyer,Chennai,5,Excellent customer support.
USER_388655,Vikram Bose,Surat,4,"Not as expected, colors are dull."
USER_598661,Manish Singh,Ahmedabad,5,Exactly as shown in the picture.
USER_527062,Amit Deshmukh,Hyderabad,2,"Not as expected, colors are dull."
USER_450836,Divya Reddy,Pune,2,Nice packing.
USER_388618,Arjun Chauhan,Jaipur,3,"Not as expected, colors are dull."
USER_880395,Aisha Patel,Chandigarh,4,Battery drains too fast.
USER_298012,Aisha Patel,Ahmedabad,5,Perfect fit and comfortable.
USER_244750,Manish Chauhan,Chandigarh,4,A bit overpriced but decent.
USER_841851,Karan Deshmukh,Ahmedabad,2,"Terrible, broke on the first day."
USER_889964,Divya Yadav,Surat,4,Loved it!
USER_146271,Aditya Chauhan,Surat,1,"Worst experience ever, do not buy!"
USER_111546,Amit Chauhan,Delhi,2,"Defective item received, returned it."
USER_549140,Rahul Patel,Kolkata,4,Exactly as shown in the picture.
USER_815403,Karan Nair,Mumbai,4,Excellent customer support.
USER_349799,Rohan Gupta,Ahmedabad,2,"Defective item received, returned it."
USER_390300,Neha Joshi,Lucknow,2,"Not as expected, colors are dull."
USER_386326,Karan Das,Hyderabad,1,"Defective item received, returned it."
USER_586138,Sneha Patel,Hyderabad,1,"Terrible, broke on the first day."
USER_469123,Sneha Kumar,Pune,2,"Not as expected, colors are dull."
USER_360491,Kavya Reddy,Bangalore,4,Highly recommended!
USER_905481,Sneha Patel,Kochi,5,Highly recommended!
USER_368523,Arjun Gupta,Lucknow,5,Awesome delivery speed.
USER_978083,Sneha Sharma,Chennai,3,"Average quality, could be better."
USER_494830,Aditya Patel,Bangalore,2,"Not as expected, colors are dull."
USER_769060,Neha Singh,Kochi,4,"Average quality, could be better."
USER_467441,Sneha Reddy,Indore,4,Battery drains too fast.
USER_550481,Riya Patel,Lucknow,4,Exactly as shown in the picture.
USER_295662,Amit Das,Chandigarh,4,"Good product, value for money."
USER_339788,Manish Yadav,Chandigarh,4,Perfect fit and comfortable.
USER_778164,Rohan Nair,Hyderabad,4,Loved it!
USER_372192,Rahul Yadav,Chandigarh,4,Nice packing.
USER_856705,Siddharth Iyer,Hyderabad,2,"Terrible, broke on the first day."
USER_628301,Neha Bose,Ahmedabad,4,"Good product, value for money."
USER_316690,Anjali Yadav,Kolkata,4,"Good product, value for money."
USER_382416,Riya Deshmukh,Hyderabad,3,Battery drains too fast.
USER_115146,Neha Yadav,Bangalore,4,Awesome delivery speed.
USER_994611,Karan Yadav,Mumbai,2,"Worst experience ever, do not buy!"
USER_639623,Anjali Gupta,Indore,2,A bit overpriced but decent.
USER_783660,Siddharth Gupta,Kolkata,4,"Good product, value for money."
USER_548167,Kavya Bose,Delhi,2,"Terrible, broke on the first day."
USER_461547,Manish Verma,Bangalore,2,Nice packing.
USER_243722,Neha Singh,Mumbai,3,"Average quality, could be better."
USER_192969,Priya Patel,Kochi,5,Perfect fit and comfortable.
USER_716434,Anjali Yadav,Delhi,4,Battery drains too fast.
USER_645127,Divya Gupta,Chennai,5,"Good product, value for money."
USER_160342,Neha Sharma,Hyderabad,2,"Average quality, could be better."
USER_757323,Aisha Gupta,Kochi,5,Excellent customer support.
USER_258173,Aisha Deshmukh,Delhi,1,"Defective item received, returned it."
USER_736208,Anjali Kumar,Mumbai,2,"Terrible, broke on the first day."
USER_390928,Amit Iyer,Chennai,2,"Defective item received, returned it."
USER_278129,Anjali Iyer,Ahmedabad,4,A bit overpriced but decent.
USER_239852,Neha Nair,Pune,4,Exactly as shown in the picture.
USER_128472,Anjali Singh,Jaipur,4,"Good product, value for money."
USER_950596,Rohan Das,Lucknow,4,Highly recommended!
USER_109231,Anjali Sharma,Kolkata,5,Awesome delivery speed.
USER_989072,Amit Gupta,Indore,5,"Good product, value for money."
USER_152626,Sneha Nair,Lucknow,3,A bit overpriced but decent.
USER_316259,Riya Chauhan,Chennai,1,"Defective item received, returned it."
USER_338477,Karan Bose,Lucknow,2,Battery drains too fast.
USER_293763,Siddharth Kumar,Pune,5,Highly recommended!
USER_579383,Kavya Gupta,Chandigarh,2,"Worst experience ever, do not buy!"
USER_230322,Amit Verma,Ahmedabad,5,Loved it!
USER_796900,Divya Yadav,Bangalore,4,Awesome delivery speed.
USER_296714,Divya Deshmukh,Chennai,2,Battery drains too fast.
USER_346864,Divya Reddy,Mumbai,3,Nice packing.
USER_986175,Sneha Kumar,Jaipur,3,A bit overpriced but decent.
USER_871319,Amit Patel,Pune,5,Awesome delivery speed.
USER_313138,Kavya Verma,Hyderabad,1,"Defective item received, returned it."
USER_406398,Siddharth Das,Kolkata,2,"Average quality, could be better."
USER_532057,Aisha Patel,Hyderabad,4,Loved it!
USER_406159,Neha Das,Pune,5,Highly recommended!
USER_564809,Pooja Patel,Ahmedabad,5,Exactly as shown in the picture.
USER_318910,Amit Iyer,Ahmedabad,5,Perfect fit and comfortable.
USER_308083,Pooja Bose,Kochi,4,"Not as expected, colors are dull."
USER_127174,Divya Gupta,Chennai,4,"Not as expected, colors are dull."
USER_321455,Anjali Kumar,Kochi,4,Excellent customer support.
USER_351459,Rahul Nair,Kochi,5,Awesome delivery speed.
USER_147437,Rohan Sharma,Pune,5,Highly recommended!
USER_932199,Aisha Deshmukh,Kochi,1,"Worst experience ever, do not buy!"
USER_365593,Pooja Chauhan,Surat,4,Awesome delivery speed.
USER_765888,Karan Singh,Chandigarh,4,Awesome delivery speed.
USER_969242,Aditya Kumar,Lucknow,4,Excellent customer support.
USER_890275,Rohan Nair,Bangalore,4,Loved it!
USER_999325,Rahul Verma,Hyderabad,2,"Average quality, could be better."
USER_699728,Rohan Das,Ahmedabad,2,"Terrible, broke on the first day."
USER_428346,Aditya Deshmukh,Pune,2,Nice packing.
USER_451538,Manish Bose,Chennai,2,"Worst experience ever, do not buy!"
USER_685183,Vikram Chauhan,Lucknow,3,Nice packing.
USER_658089,Aisha Yadav,Indore,5,Awesome delivery speed.
USER_439211,Rohan Reddy,Hyderabad,3,A bit overpriced but decent.
USER_936158,Aisha Patel,Hyderabad,4,"Average quality, could be better."
USER_255271,Neha Joshi,Hyderabad,5,Highly recommended!
USER_730024,Aditya Sharma,Indore,4,A bit overpriced but decent.
USER_588570,Aditya Sharma,Jaipur,4,Excellent customer support.
USER_187819,Aditya Gupta,Chennai,2,"Average quality, could be better."
USER_827783,Riya Iyer,Hyderabad,5,Perfect fit and comfortable.
USER_493788,Neha Patel,Delhi,4,"Not as expected, colors are dull."
USER_135302,Aditya Yadav,Delhi,5,Exactly as shown in the picture.
USER_847079,Aisha Singh,Lucknow,1,"Terrible, broke on the first day."
USER_487280,Karan Bose,Kochi,4,Excellent customer support.
USER_602831,Divya Gupta,Kochi,4,Excellent customer support.
USER_100516,Aditya Nair,Bangalore,4,"Good product, value for money."
USER_179656,Rahul Singh,Pune,5,Perfect fit and comfortable.
USER_680871,Rahul Iyer,Bangalore,2,"Average quality, could be better."
USER_462329,Aditya Bose,Kochi,3,"Not as expected, colors are dull."
USER_908173,Neha Sharma,Bangalore,3,Battery drains too fast.
USER_984354,Sneha Yadav,Mumbai,4,Awesome delivery speed.
USER_790566,Karan Gupta,Bangalore,4,Battery drains too fast.
USER_806096,Neha Deshmukh,Ahmedabad,4,"Average quality, could be better."
USER_657259,Pooja Iyer,Pune,2,"Worst experience ever, do not buy!"
USER_156974,Arjun Joshi,Hyderabad,5,Exactly as shown in the picture.
USER_374005,Rohan Deshmukh,Hyderabad,5,Highly recommended!
USER_587835,Priya Singh,Kochi,4,Excellent customer support.
USER_984817,Rohan Reddy,Pune,3,Battery drains too fast.
USER_616305,Aditya Reddy,Jaipur,5,Excellent customer support.
USER_811020,Riya Deshmukh,Hyderabad,2,"Terrible, broke on the first day."
USER_663429,Rohan Chauhan,Chandigarh,5,Exactly as shown in the picture.
USER_170679,Manish Sharma,Pune,1,"Defective item received, returned it."
USER_482588,Karan Verma,Lucknow,5,"Good product, value for money."
USER_611065,Riya Chauhan,Pune,5,"Good product, value for money."
USER_739216,Aditya Bose,Pune,4,"Good product, value for money."
USER_451173,Aisha Das,Hyderabad,5,Excellent customer support.
USER_952845,Karan Patel,Lucknow,2,"Average quality, could be better."
USER_869011,Anjali Deshmukh,Surat,1,"Terrible, broke on the first day."
USER_278939,Amit Joshi,Bangalore,2,"Not as expected, colors are dull."
USER_524679,Priya Bose,Bangalore,1,"Terrible, broke on the first day."
USER_768478,Amit Bose,Hyderabad,2,Battery drains too fast.
USER_353547,Divya Deshmukh,Indore,5,Exactly as shown in the picture.
USER_870454,Pooja Bose,Hyderabad,2,"Terrible, broke on the first day."
USER_831255,Neha Joshi,Chennai,5,Awesome delivery speed.
USER_478254,Anjali Nair,Chandigarh,2,A bit overpriced but decent.
USER_306433,Siddharth Chauhan,Chandigarh,5,Awesome delivery speed.
USER_558826,Manish Gupta,Indore,4,Excellent customer support.
USER_100048,Vikram Das,Surat,3,A bit overpriced but decent.
USER_959589,Priya Das,Ahmedabad,2,"Average quality, could be better."
USER_148440,Siddharth Gupta,Kolkata,2,"Average quality, could be better."
USER_885412,Rahul Sharma,Kolkata,5,Awesome delivery speed.
USER_244668,Sneha Iyer,Delhi,1,"Terrible, broke on the first day."
USER_591683,Kavya Kumar,Bangalore,5,Excellent customer support.
USER_816990,Divya Chauhan,Ahmedabad,5,Excellent customer support.
USER_893109,Vikram Deshmukh,Mumbai,4,Exactly as shown in the picture.
USER_335411,Vikram Patel,Delhi,4,Battery drains too fast.
USER_367063,Vikram Chauhan,Lucknow,5,"Good product, value for money."
USER_174597,Riya Gupta,Pune,2,"Not as expected, colors are dull."
USER_411452,Manish Nair,Bangalore,2,"Defective item received, returned it."
USER_543202,Divya Patel,Ahmedabad,1,"Defective item received, returned it."
USER_627677,Aisha Verma,Indore,1,"Defective item received, returned it."
USER_535566,Riya Patel,Surat,5,Highly recommended!
USER_454139,Arjun Yadav,Lucknow,4,Excellent customer support.
USER_680494,Kavya Singh,Surat,4,Exactly as shown in the picture.
USER_101638,Manish Verma,Chennai,3,A bit overpriced but decent.
USER_400699,Aisha Kumar,Hyderabad,2,"Not as expected, colors are dull."
USER_100924,Pooja Iyer,Surat,5,Loved it!
USER_322522,Vikram Yadav,Mumbai,5,Loved it!
USER_225698,Karan Verma,Ahmedabad,4,Perfect fit and comfortable.
USER_342559,Priya Chauhan,Pune,5,Highly recommended!
USER_981648,Anjali Reddy,Kolkata,3,A bit overpriced but decent.
USER_651768,Pooja Gupta,Chandigarh,5,Perfect fit and comfortable.
USER_606597,Riya Nair,Kochi,2,"Terrible, broke on the first day."
USER_256927,Priya Das,Delhi,4,Nice packing.
USER_440594,Aisha Reddy,Ahmedabad,4,A bit overpriced but decent.
USER_930400,Amit Singh,Lucknow,5,Highly recommended!
USER_373339,Pooja Joshi,Bangalore,4,Exactly as shown in the picture.
USER_266181,Pooja Chauhan,Chandigarh,2,Nice packing.
USER_539488,Pooja Iyer,Jaipur,4,Highly recommended!
USER_413561,Karan Iyer,Kochi,5,Exactly as shown in the picture.
USER_645070,Aisha Joshi,Chennai,2,"Defective item received, returned it."
USER_443426,Siddharth Deshmukh,Ahmedabad,3,Nice packing.
USER_277271,Manish Patel,Ahmedabad,2,"Defective item received, returned it."
USER_414198,Amit Bose,Pune,3,Nice packing.
USER_396233,Aisha Reddy,Hyderabad,4,Perfect fit and comfortable.
USER_498160,Sneha Chauhan,Indore,4,Perfect fit and comfortable.
USER_689742,Anjali Das,Lucknow,5,Exactly as shown in the picture.
USER_622598,Pooja Chauhan,Jaipur,1,"Defective item received, returned it."
USER_545928,Karan Yadav,Hyderabad,5,Highly recommended!
USER_977605,Neha Sharma,Pune,4,Perfect fit and comfortable.
USER_382668,Divya Deshmukh,Surat,5,Perfect fit and comfortable.
USER_686720,Sneha Verma,Lucknow,2,Nice packing.
USER_595564,Riya Gupta,Delhi,4,Battery drains too fast.
USER_865808,Rahul Joshi,Ahmedabad,4,Loved it!
USER_526277,Rahul Patel,Indore,4,Awesome delivery speed.
USER_506724,Rohan Joshi,Ahmedabad,4,Highly recommended!
USER_768458,Anjali Bose,Ahmedabad,5,Highly recommended!
USER_620975,Anjali Yadav,Pune,2,"Worst experience ever, do not buy!"
USER_202302,Kavya Reddy,Indore,2,"Defective item received, returned it."
USER_527733,Neha Patel,Lucknow,5,Loved it!
USER_472122,Aisha Chauhan,Ahmedabad,4,Perfect fit and comfortable.
USER_358679,Neha Sharma,Kochi,4,"Average quality, could be better."
USER_968244,Sneha Patel,Pune,3,A bit overpriced but decent.
USER_846789,Neha Singh,Bangalore,4,"Good product, value for money."
USER_739831,Manish Nair,Chandigarh,4,Highly recommended!
USER_338464,Arjun Iyer,Kolkata,1,"Terrible, broke on the first day."
USER_855342,Sneha Nair,Indore,5,Highly recommended!
USER_146564,Amit Verma,Chandigarh,2,A bit overpriced but decent.
USER_930363,Riya Iyer,Chandigarh,5,Exactly as shown in the picture.
USER_555664,Karan Joshi,Pune,2,"Worst experience ever, do not buy!"
USER_175792,Rohan Deshmukh,Ahmedabad,3,Battery drains too fast.
USER_974236,Sneha Deshmukh,Kolkata,1,"Worst experience ever, do not buy!"
USER_799128,Priya Joshi,Kolkata,2,"Worst experience ever, do not buy!"
USER_842092,Karan Patel,Bangalore,2,A bit overpriced but decent.
USER_248386,Divya Gupta,Chennai,3,"Not as expected, colors are dull."
USER_401134,Manish Iyer,Chennai,4,"Average quality, could be better."
USER_796328,Kavya Kumar,Lucknow,1,"Terrible, broke on the first day."
USER_954829,Rahul Patel,Jaipur,4,Nice packing.
USER_802791,Pooja Chauhan,Lucknow,2,"Terrible, broke on the first day."
USER_565171,Neha Yadav,Jaipur,2,"Defective item received, returned it."
USER_297374,Karan Verma,Kochi,2,A bit overpriced but decent.
USER_678396,Pooja Iyer,Delhi,4,Loved it!
USER_958988,Riya Yadav,Bangalore,4,Perfect fit and comfortable.
USER_203073,Anjali Iyer,Pune,2,Nice packing.
USER_602947,Rohan Iyer,Indore,2,"Average quality, could be better."
USER_231005,Aditya Bose,Kolkata,5,Awesome delivery speed.
USER_496605,Divya Deshmukh,Pune,3,"Not as expected, colors are dull."
USER_861352,Sneha Nair,Mumbai,5,Highly recommended!
USER_661502,Karan Joshi,Chandigarh,5,Excellent customer support.
USER_826497,Neha Joshi,Chandigarh,5,Loved it!
USER_413172,Arjun Das,Ahmedabad,4,Perfect fit and comfortable.
USER_354414,Vikram Chauhan,Pune,5,Awesome delivery speed.
USER_794584,Neha Das,Hyderabad,4,Awesome delivery speed.
USER_814199,Neha Yadav,Kochi,4,"Not as expected, colors are dull."
USER_484842,Riya Sharma,Jaipur,4,"Good product, value for money."
USER_507917,Riya Das,Indore,5,"Good product, value for money."
USER_473265,Siddharth Iyer,Ahmedabad,2,"Not as expected, colors are dull."
USER_246396,Kavya Chauhan,Mumbai,4,Perfect fit and comfortable.
USER_855765,Divya Yadav,Surat,2,"Worst experience ever, do not buy!"
USER_678386,Anjali Nair,Mumbai,2,A bit overpriced but decent.
USER_523264,Rahul Singh,Chennai,2,"Not as expected, colors are dull."
USER_612518,Arjun Chauhan,Delhi,1,"Worst experience ever, do not buy!"
USER_492356,Anjali Kumar,Kolkata,3,Nice packing.
USER_380694,Rohan Singh,Hyderabad,5,Perfect fit and comfortable.
USER_312219,Divya Kumar,Surat,1,"Worst experience ever, do not buy!"
USER_876161,Rahul Deshmukh,Kochi,4,Battery drains too fast.
USER_631835,Pooja Joshi,Surat,3,A bit overpriced but decent.
USER_569426,Aditya Nair,Lucknow,5,"Good product, value for money."
USER_913249,Riya Chauhan,Lucknow,5,Exactly as shown in the picture.
USER_311470,Sneha Das,Hyderabad,4,Loved it!
USER_559629,Aditya Kumar,Mumbai,4,Loved it!
USER_750522,Vikram Nair,Jaipur,4,Battery drains too fast.
USER_232287,Manish Patel,Jaipur,2,"Defective item received, returned it."
USER_999077,Vikram Patel,Indore,2,"Defective item received, returned it."
USER_271910,Rahul Chauhan,Indore,2,"Worst experience ever, do not buy!"
USER_751822,Neha Kumar,Kolkata,2,"Not as expected, colors are dull."
USER_944909,Rohan Iyer,Hyderabad,2,"Worst experience ever, do not buy!"
USER_953055,Siddharth Sharma,Pune,4,"Good product, value for money."
USER_918277,Sneha Joshi,Delhi,5,Exactly as shown in the picture.
USER_506721,Sneha Bose,Pune,2,"Average quality, could be better."
USER_430278,Rohan Bose,Chennai,2,"Worst experience ever, do not buy!"
USER_174963,Kavya Singh,Pune,2,Nice packing.
USER_588349,Neha Joshi,Jaipur,4,A bit overpriced but decent.
USER_940295,Divya Joshi,Chennai,4,Highly recommended!
USER_297718,Pooja Kumar,Pune,4,Highly recommended!
USER_361419,Riya Chauhan,Kochi,2,Battery drains too fast.
USER_749653,Siddharth Joshi,Mumbai,4,Highly recommended!
USER_682424,Karan Das,Chennai,4,"Average quality, could be better."
USER_793885,Neha Chauhan,Kolkata,2,Battery drains too fast.
USER_365969,Siddharth Joshi,Kolkata,5,Awesome delivery speed.
USER_391155,Siddharth Verma,Jaipur,2,"Average quality, could be better."
USER_135302,Aditya Yadav,Delhi,5,Exactly as shown in the picture.
USER_772799,Rahul Gupta,Hyderabad,5,Highly recommended!
USER_260118,Aditya Iyer,Kolkata,3,"Average quality, could be better."
USER_467729,Manish Das,Surat,5,Highly recommended!
USER_834952,Karan Joshi,Ahmedabad,5,"Good product, value for money."
USER_535573,Arjun Das,Hyderabad,5,Loved it!
USER_368403,Rahul Patel,Chennai,4,"Not as expected, colors are dull."
USER_271880,Karan Bose,Kochi,4,Highly recommended!
USER_427542,Divya Chauhan,Ahmedabad,5,Awesome delivery speed.
USER_937269,Karan Verma,Chennai,4,Exactly as shown in the picture.
USER_828398,Divya Kumar,Pune,1,"Terrible, broke on the first day."
USER_721332,Neha Gupta,Surat,4,Nice packing.
USER_832555,Aditya Joshi,Chennai,5,Highly recommended!
USER_569007,Aisha Nair,Bangalore,4,Battery drains too fast.
USER_705115,Pooja Joshi,Pune,4,"Good product, value for money."
USER_263796,Pooja Singh,Delhi,4,Highly recommended!
USER_779321,Neha Nair,Surat,4,Perfect fit and comfortable.
USER_803060,Anjali Patel,Kochi,4,Awesome delivery speed.
USER_238451,Priya Yadav,Kochi,2,Battery drains too fast.
USER_186858,Siddharth Deshmukh,Mumbai,1,"Worst experience ever, do not buy!"
USER_703514,Karan Chauhan,Mumbai,4,Battery drains too fast.
USER_385575,Pooja Deshmukh,Kochi,4,Loved it!
USER_494591,Anjali Singh,Chennai,4,A bit overpriced but decent.
USER_149048,Riya Sharma,Jaipur,4,Exactly as shown in the picture.
USER_370968,Anjali Yadav,Lucknow,4,Awesome delivery speed.
USER_623662,Sneha Iyer,Kolkata,2,"Worst experience ever, do not buy!"
USER_884724,Kavya Gupta,Bangalore,2,"Terrible, broke on the first day."
USER_225845,Siddharth Das,Kolkata,5,"Good product, value for money."
USER_818854,Priya Iyer,Lucknow,3,"Average quality, could be better."
USER_385862,Divya Das,Surat,4,Excellent customer support.
USER_972088,Amit Das,Kochi,5,Loved it!
USER_282888,Aisha Deshmukh,Kochi,4,Exactly as shown in the picture.
USER_886845,Sneha Joshi,Lucknow,5,Loved it!
USER_193048,Vikram Patel,Ahmedabad,3,A bit overpriced but decent.
USER_663994,Riya Sharma,Chennai,5,Loved it!
USER_183960,Manish Joshi,Delhi,4,"Good product, value for money."
USER_654434,Divya Das,Surat,5,Highly recommended!
USER_611539,Riya Gupta,Mumbai,5,Excellent customer support.
USER_152906,Karan Reddy,Pune,4,Battery drains too fast.
USER_669787,Sneha Deshmukh,Bangalore,5,Loved it!
USER_660113,Rohan Joshi,Surat,5,Perfect fit and comfortable.
USER_998913,Aditya Deshmukh,Indore,3,"Not as expected, colors are dull."
USER_680165,Divya Gupta,Surat,1,"Worst experience ever, do not buy!"
USER_529084,Pooja Patel,Delhi,4,"Not as expected, colors are dull."
USER_614514,Vikram Kumar,Kolkata,2,"Average quality, could be better."
USER_806673,Aditya Verma,Lucknow,2,"Terrible, broke on the first day."
USER_368557,Manish Reddy,Mumbai,3,"Average quality, could be better."
USER_811482,Karan Chauhan,Delhi,5,Exactly as shown in the picture.
USER_602831,Divya Gupta,Kochi,4,Excellent customer support.
USER_134577,Rahul Singh,Mumbai,5,Excellent customer support.
USER_327901,Pooja Sharma,Delhi,4,"Not as expected, colors are dull."
USER_571156,Rahul Patel,Kochi,3,"Average quality, could be better."
USER_516972,Neha Joshi,Kolkata,4,Highly recommended!
USER_336482,Rohan Nair,Jaipur,2,"Not as expected, colors are dull."
USER_394189,Anjali Gupta,Chennai,5,Excellent customer support.
USER_877573,Amit Singh,Lucknow,4,Excellent customer support.
USER_815520,Manish Patel,Indore,4,Awesome delivery speed.
USER_452060,Karan Kumar,Chandigarh,4,Perfect fit and comfortable.
USER_462237,Siddharth Verma,Ahmedabad,1,"Terrible, broke on the first day."
USER_243348,Amit Bose,Chennai,1,"Worst experience ever, do not buy!"
USER_318762,Vikram Chauhan,Lucknow,4,Nice packing.
USER_129983,Pooja Verma,Ahmedabad,5,Highly recommended!
USER_118040,Amit Iyer,Hyderabad,4,Battery drains too fast.
USER_889652,Divya Iyer,Chandigarh,4,Perfect fit and comfortable.
USER_632329,Sneha Kumar,Mumbai,3,A bit overpriced but decent.
USER_634167,Riya Deshmukh,Mumbai,5,Highly recommended!
USER_332521,Riya Patel,Delhi,5,Loved it!
USER_392417,Anjali Reddy,Kolkata,4,Exactly as shown in the picture.
USER_255582,Aditya Sharma,Jaipur,5,Awesome delivery speed.
USER_139294,Arjun Sharma,Chandigarh,2,"Terrible, broke on the first day."
USER_480877,Manish Chauhan,Bangalore,4,Perfect fit and comfortable.
USER_966913,Aisha Yadav,Lucknow,1,"Terrible, broke on the first day."
USER_484707,Vikram Deshmukh,Chandigarh,4,Awesome delivery speed.
USER_430440,Karan Verma,Kochi,1,"Defective item received, returned it."
USER_510809,Pooja Sharma,Ahmedabad,1,"Defective item received, returned it."
USER_671574,Rohan Singh,Bangalore,3,"Not as expected, colors are dull."
USER_295992,Riya Reddy,Chandigarh,5,Exactly as shown in the picture.
USER_621620,Aisha Gupta,Surat,2,"Defective item received, returned it."
USER_159592,Priya Chauhan,Delhi,4,Battery drains too fast.
USER_690541,Pooja Deshmukh,Delhi,4,Loved it!
USER_428446,Vikram Yadav,Lucknow,4,Awesome delivery speed.
USER_384101,Siddharth Gupta,Delhi,4,Perfect fit and comfortable.
USER_479515,Pooja Singh,Mumbai,3,Battery drains too fast.
USER_919055,Rohan Deshmukh,Surat,4,Exactly as shown in the picture.
USER_445206,Priya Yadav,Surat,4,Exactly as shown in the picture.
USER_403415,Divya Iyer,Chennai,3,"Not as expected, colors are dull."
USER_489998,Arjun Iyer,Indore,2,"Worst experience ever, do not buy!"
USER_589815,Amit Reddy,Surat,1,"Terrible, broke on the first day."
USER_542462,Amit Gupta,Jaipur,4,Exactly as shown in the picture.
USER_853768,Anjali Deshmukh,Kochi,5,Awesome delivery speed.
USER_748177,Sneha Yadav,Surat,5,Awesome delivery speed.
USER_198220,Manish Sharma,Chennai,4,Exactly as shown in the picture.
USER_908269,Aditya Chauhan,Kolkata,2,"Worst experience ever, do not buy!"
USER_454463,Aditya Bose,Lucknow,3,"Not as expected, colors are dull."
USER_232058,Siddharth Yadav,Chennai,4,"Good product, value for money."
USER_981146,Rohan Yadav,Kolkata,4,Battery drains too fast.
USER_843384,Divya Deshmukh,Ahmedabad,4,Nice packing.
USER_401512,Divya Iyer,Hyderabad,2,"Worst experience ever, do not buy!"
USER_341056,Anjali Deshmukh,Ahmedabad,1,"Worst experience ever, do not buy!"
USER_878655,Aditya Singh,Ahmedabad,4,Exactly as shown in the picture.
USER_111711,Amit Sharma,Bangalore,4,Awesome delivery speed.
USER_902027,Riya Sharma,Jaipur,2,"Not as expected, colors are dull."
USER_632980,Anjali Patel,Bangalore,2,"Not as expected, colors are dull."
USER_298853,Manish Verma,Kolkata,5,Awesome delivery speed.
USER_752752,Rohan Nair,Indore,2,"Defective item received, returned it."
USER_421441,Karan Patel,Ahmedabad,1,"Worst experience ever, do not buy!"
USER_751082,Vikram Iyer,Chandigarh,2,A bit overpriced but decent.
USER_499950,Anjali Nair,Pune,4,Battery drains too fast.
USER_478478,Rahul Verma,Hyderabad,4,Exactly as shown in the picture.
USER_461369,Sneha Singh,Kolkata,5,Highly recommended!
USER_569252,Siddharth Verma,Indore,2,"Defective item received, returned it."
USER_453003,Riya Nair,Hyderabad,2,"Defective item received, returned it."
USER_257212,Vikram Singh,Indore,1,"Terrible, broke on the first day."
USER_976512,Manish Deshmukh,Kochi,4,Battery drains too fast.
USER_561183,Rahul Patel,Kochi,4,"Good product, value for money."
USER_287502,Kavya Joshi,Mumbai,5,Highly recommended!
USER_928973,Neha Singh,Ahmedabad,3,"Average quality, could be better."
USER_974622,Sneha Kumar,Pune,2,Battery drains too fast.
USER_670836,Pooja Iyer,Mumbai,2,Nice packing.
USER_159201,Karan Joshi,Delhi,5,Exactly as shown in the picture.
USER_557759,Karan Iyer,Chennai,2,Nice packing.
USER_594353,Manish Das,Hyderabad,2,"Average quality, could be better."
USER_160783,Aisha Yadav,Delhi,5,"Good product, value for money."
USER_712849,Pooja Das,Chennai,2,"Worst experience ever, do not buy!"
USER_108638,Riya Gupta,Kolkata,5,Highly recommended!
USER_999256,Amit Kumar,Hyderabad,4,Loved it!
USER_302017,Pooja Chauhan,Pune,2,"Average quality, could be better."
USER_409224,Riya Singh,Indore,5,Loved it!
USER_856139,Manish Singh,Ahmedabad,2,"Terrible, broke on the first day."
USER_904935,Sneha Chauhan,Kochi,2,"Average quality, could be better."
USER_749827,Riya Nair,Bangalore,5,Highly recommended!
USER_844053,Priya Iyer,Bangalore,2,"Average quality, could be better."
USER_270394,Riya Patel,Lucknow,2,"Defective item received, returned it."
USER_901646,Aisha Chauhan,Hyderabad,2,"Worst experience ever, do not buy!"
USER_219582,Vikram Sharma,Kochi,4,"Average quality, could be better."
USER_816067,Riya Iyer,Hyderabad,4,Highly recommended!
USER_470652,Rohan Verma,Hyderabad,5,Awesome delivery speed.
USER_685742,Aisha Chauhan,Hyderabad,1,"Defective item received, returned it."
USER_120354,Manish Iyer,Surat,4,Battery drains too fast.
USER_242018,Aditya Patel,Indore,5,Excellent customer support.
USER_380623,Amit Das,Hyderabad,2,"Worst experience ever, do not buy!"
USER_373452,Siddharth Singh,Chennai,3,A bit overpriced but decent.
USER_880514,Divya Verma,Ahmedabad,4,"Good product, value for money."
USER_989054,Rohan Chauhan,Chennai,5,"Good product, value for money."
USER_878050,Arjun Gupta,Kolkata,1,"Defective item received, returned it."
USER_186893,Priya Deshmukh,Chandigarh,2,"Terrible, broke on the first day."
USER_642422,Aditya Reddy,Kochi,5,Perfect fit and comfortable.
USER_490257,Anjali Singh,Indore,2,"Worst experience ever, do not buy!"
USER_472717,Priya Das,Chennai,3,"Not as expected, colors are dull."
USER_469788,Rahul Iyer,Mumbai,4,Loved it!
USER_574727,Karan Iyer,Kochi,2,"Worst experience ever, do not buy!"
USER_610411,Aisha Yadav,Mumbai,4,A bit overpriced but decent.
USER_340413,Kavya Yadav,Ahmedabad,4,Perfect fit and comfortable.
USER_199630,Amit Kumar,Kochi,2,"Terrible, broke on the first day."
USER_872540,Karan Patel,Surat,2,"Worst experience ever, do not buy!"
USER_933555,Neha Reddy,Kochi,2,"Terrible, broke on the first day."
USER_528159,Priya Deshmukh,Kochi,4,Loved it!
USER_628848,Divya Gupta,Pune,5,Highly recommended!
USER_772841,Anjali Sharma,Kochi,3,Nice packing.
USER_253790,Arjun Sharma,Kochi,5,"Good product, value for money."
USER_235233,Rohan Patel,Chennai,3,Battery drains too fast.
USER_779245,Sneha Sharma,Ahmedabad,1,"Worst experience ever, do not buy!"
USER_316491,Anjali Sharma,Pune,4,Awesome delivery speed.
USER_372343,Anjali Reddy,Delhi,2,"Defective item received, returned it."
USER_918545,Aditya Sharma,Kolkata,5,"Good product, value for money."
USER_801829,Kavya Joshi,Ahmedabad,5,Perfect fit and comfortable.
USER_175426,Anjali Reddy,Jaipur,4,Exactly as shown in the picture.
USER_689782,Priya Iyer,Ahmedabad,4,Highly recommended!
USER_931023,Anjali Joshi,Bangalore,4,Awesome delivery speed.
USER_352441,Aditya Reddy,Ahmedabad,3,"Average quality, could be better."
USER_996897,Neha Yadav,Delhi,4,Nice packing.
USER_759550,Siddharth Iyer,Ahmedabad,4,"Average quality, could be better."
USER_768864,Manish Joshi,Hyderabad,4,Awesome delivery speed.
USER_945887,Kavya Deshmukh,Jaipur,5,Highly recommended!
USER_194441,Amit Verma,Chennai,1,"Worst experience ever, do not buy!"
USER_281217,Siddharth Bose,Jaipur,2,"Average quality, could be better."
USER_757644,Arjun Patel,Lucknow,3,Nice packing.
USER_258884,Amit Chauhan,Pune,5,Perfect fit and comfortable.
USER_443855,Riya Verma,Chandigarh,1,"Worst experience ever, do not buy!"
USER_204254,Priya Kumar,Delhi,5,Awesome delivery speed.
USER_484721,Sneha Iyer,Jaipur,2,"Terrible, broke on the first day."
USER_597761,Riya Deshmukh,Surat,4,"Not as expected, colors are dull."
USER_161105,Divya Reddy,Bangalore,2,A bit overpriced but decent.
USER_153189,Sneha Gupta,Ahmedabad,2,A bit overpriced but decent.
USER_988869,Karan Patel,Delhi,3,Battery drains too fast.
USER_537416,Anjali Das,Indore,2,"Terrible, broke on the first day."
USER_307249,Aditya Gupta,Chennai,4,Battery drains too fast.
USER_814265,Neha Bose,Lucknow,4,Perfect fit and comfortable.
USER_599009,Kavya Verma,Bangalore,4,"Good product, value for money."
USER_756651,Sneha Reddy,Surat,2,"Not as expected, colors are dull."
USER_918582,Neha Singh,Ahmedabad,4,Perfect fit and comfortable.
USER_730223,Rohan Joshi,Bangalore,4,Exactly as shown in the picture.
USER_278278,Pooja Chauhan,Bangalore,4,Excellent customer support.
USER_237377,Karan Sharma,Kochi,4,Excellent customer support.
USER_414236,Amit Chauhan,Surat,5,Perfect fit and comfortable.
USER_823847,Rahul Sharma,Indore,3,Battery drains too fast.
USER_408820,Karan Patel,Kochi,4,Loved it!
USER_297505,Aisha Verma,Surat,5,Exactly as shown in the picture.
USER_706467,Neha Reddy,Jaipur,3,Nice packing.
USER_746901,Aditya Sharma,Kochi,1,"Defective item received, returned it."
USER_484928,Anjali Chauhan,Ahmedabad,2,"Average quality, could be better."
USER_213691,Amit Iyer,Pune,2,"Defective item received, returned it."
USER_628434,Amit Nair,Kolkata,4,Loved it!
USER_403979,Priya Singh,Kochi,4,"Good product, value for money."
USER_804840,Anjali Bose,Hyderabad,4,"Good product, value for money."
USER_558790,Rohan Kumar,Ahmedabad,3,A bit overpriced but decent.
USER_706920,Neha Kumar,Pune,4,Highly recommended!
USER_775557,Aisha Kumar,Mumbai,5,Loved it!
USER_460213,Siddharth Patel,Lucknow,2,"Worst experience ever, do not buy!"
USER_653522,Rahul Deshmukh,Indore,5,Excellent customer support.
USER_214878,Vikram Singh,Lucknow,5,Highly recommended!
USER_441328,Riya Gupta,Surat,4,Perfect fit and comfortable.
USER_110890,Neha Reddy,Delhi,3,"Not as expected, colors are dull."
USER_536669,Kavya Gupta,Pune,5,Awesome delivery speed.
USER_321304,Sneha Iyer,Jaipur,2,"Defective item received, returned it."
USER_213302,Rahul Singh,Bangalore,3,"Average quality, could be better."
USER_650528,Neha Patel,Ahmedabad,4,Awesome delivery speed.
USER_854493,Manish Deshmukh,Chennai,5,Awesome delivery speed.
USER_925506,Aditya Iyer,Hyderabad,5,Excellent customer support.
USER_964167,Neha Sharma,Surat,2,Battery drains too fast.
USER_538153,Kavya Chauhan,Surat,4,"Average quality, could be better."
USER_618205,Amit Kumar,Chennai,3,Nice packing.
USER_410125,Riya Sharma,Ahmedabad,5,Loved it!
USER_222653,Manish Nair,Pune,4,Awesome delivery speed.
USER_111082,Neha Reddy,Chandigarh,4,Perfect fit and comfortable.
USER_140348,Neha Nair,Hyderabad,5,Perfect fit and comfortable.
USER_697805,Kavya Singh,Bangalore,4,Perfect fit and comfortable.
USER_446698,Divya Joshi,Hyderabad,2,"Average quality, could be better."
USER_190850,Manish Singh,Kochi,4,Loved it!
USER_218256,Rohan Deshmukh,Mumbai,5,Awesome delivery speed.
USER_420401,Karan Deshmukh,Delhi,4,Highly recommended!
USER_988635,Divya Bose,Chandigarh,4,"Average quality, could be better."
USER_741866,Riya Deshmukh,Chandigarh,2,"Defective item received, returned it."
USER_867572,Anjali Patel,Mumbai,4,Awesome delivery speed.
USER_574180,Kavya Chauhan,Ahmedabad,4,Loved it!
USER_879753,Aisha Nair,Surat,4,Loved it!
USER_924757,Kavya Patel,Indore,1,"Terrible, broke on the first day."
USER_412442,Manish Yadav,Indore,4,A bit overpriced but decent.
USER_715057,Anjali Patel,Bangalore,1,"Defective item received, returned it."
USER_667296,Siddharth Reddy,Hyderabad,4,Exactly as shown in the picture.
USER_244384,Siddharth Gupta,Chennai,3,Battery drains too fast.
USER_400940,Rahul Das,Kochi,2,"Terrible, broke on the first day."
USER_551813,Neha Bose,Chennai,1,"Defective item received, returned it."
USER_528296,Sneha Deshmukh,Hyderabad,1,"Worst experience ever, do not buy!"
USER_972157,Priya Verma,Kochi,5,Loved it!
USER_582557,Riya Gupta,Bangalore,5,Awesome delivery speed.
USER_665667,Aisha Patel,Surat,2,"Not as expected, colors are dull."
USER_980793,Vikram Reddy,Pune,5,Highly recommended!
USER_469897,Riya Kumar,Surat,4,"Good product, value for money."
USER_715627,Neha Singh,Hyderabad,2,Nice packing.
USER_558942,Anjali Sharma,Bangalore,3,"Not as expected, colors are dull."
USER_315772,Riya Kumar,Chennai,5,Excellent customer support.
USER_912898,Karan Singh,Surat,4,"Average quality, could be better."
USER_629822,Riya Bose,Chennai,5,Loved it!
USER_622234,Aditya Nair,Hyderabad,2,"Terrible, broke on the first day."
USER_844308,Manish Nair,Surat,4,Battery drains too fast.
USER_140767,Sneha Yadav,Ahmedabad,5,"Good product, value for money."
USER_973886,Rahul Kumar,Chandigarh,2,Nice packing.
USER_534979,Siddharth Deshmukh,Chennai,2,Nice packing.
USER_420479,Rohan Reddy,Delhi,4,"Good product, value for money."
USER_674128,Neha Yadav,Surat,3,"Not as expected, colors are dull."
USER_218033,Arjun Kumar,Kochi,4,Loved it!
USER_975434,Amit Bose,Ahmedabad,3,A bit overpriced but decent.
USER_465365,Kavya Chauhan,Chandigarh,4,Battery drains too fast.
USER_610083,Vikram Gupta,Lucknow,2,"Not as expected, colors are dull."
USER_150239,Manish Yadav,Delhi,5,Loved it!
USER_742336,Priya Verma,Pune,4,Highly recommended!
USER_446407,Anjali Yadav,Hyderabad,5,"Good product, value for money."
USER_103618,Riya Joshi,Ahmedabad,1,"Worst experience ever, do not buy!"
USER_180620,Aisha Yadav,Kolkata,4,Exactly as shown in the picture.
USER_329021,Kavya Bose,Mumbai,4,"Good product, value for money."
USER_497117,Pooja Iyer,Lucknow,4,Awesome delivery speed.
USER_381432,Neha Deshmukh,Chandigarh,4,Awesome delivery speed.
USER_600576,Arjun Das,Chandigarh,1,"Worst experience ever, do not buy!"
USER_706729,Sneha Chauhan,Indore,4,Battery drains too fast.
USER_430853,Rahul Verma,Kochi,2,"Average quality, could be better."
USER_175944,Priya Sharma,Lucknow,5,Awesome delivery speed.
USER_391773,Siddharth Gupta,Bangalore,2,"Terrible, broke on the first day."
USER_515296,Riya Verma,Delhi,3,Battery drains too fast.
USER_601394,Rahul Joshi,Pune,4,Loved it!
USER_957138,Anjali Gupta,Surat,4,"Not as expected, colors are dull."
USER_745100,Neha Joshi,Chennai,4,Awesome delivery speed.
USER_223673,Aisha Das,Lucknow,1,"Defective item received, returned it."
USER_337905,Aisha Verma,Kolkata,1,"Defective item received, returned it."
USER_338698,Pooja Gupta,Indore,4,Nice packing.
USER_545703,Manish Bose,Jaipur,4,Highly recommended!
USER_869027,Amit Singh,Pune,3,Battery drains too fast.
USER_783589,Amit Kumar,Chandigarh,5,Perfect fit and comfortable.
USER_291463,Rohan Gupta,Mumbai,3,"Not as expected, colors are dull."
USER_912558,Priya Das,Bangalore,5,Awesome delivery speed.
USER_873210,Rahul Nair,Delhi,2,"Not as expected, colors are dull."
USER_864730,Siddharth Deshmukh,Chennai,2,"Not as expected, colors are dull."
USER_735300,Pooja Nair,Jaipur,1,"Defective item received, returned it."
USER_758046,Aditya Patel,Delhi,4,Excellent customer support.
USER_841054,Arjun Reddy,Delhi,4,Awesome delivery speed.
USER_328063,Siddharth Reddy,Kochi,2,"Terrible, broke on the first day."
USER_693247,Amit Patel,Lucknow,3,Battery drains too fast.
USER_743778,Pooja Patel,Ahmedabad,2,Battery drains too fast.
USER_625335,Divya Yadav,Chandigarh,4,"Average quality, could be better."
USER_967816,Anjali Nair,Bangalore,5,Loved it!
USER_753191,Rahul Das,Lucknow,4,Excellent customer support.
USER_236438,Rohan Deshmukh,Delhi,1,"Defective item received, returned it."
USER_423365,Aisha Patel,Jaipur,5,Perfect fit and comfortable.
USER_803300,Pooja Das,Surat,2,"Terrible, broke on the first day."
USER_749171,Amit Kumar,Pune,3,"Average quality, could be better."
USER_151891,Riya Reddy,Indore,5,Exactly as shown in the picture.
USER_670480,Sneha Nair,Delhi,5,"Good product, value for money."
USER_994654,Aditya Reddy,Delhi,4,"Average quality, could be better."
USER_545419,Pooja Kumar,Indore,4,Awesome delivery speed.
USER_938385,Sneha Kumar,Bangalore,5,Excellent customer support.
USER_771021,Pooja Singh,Pune,2,Battery drains too fast.
USER_895598,Rahul Iyer,Kolkata,1,"Terrible, broke on the first day."
USER_544772,Sneha Das,Pune,5,Awesome delivery speed.
USER_671191,Kavya Reddy,Indore,5,Awesome delivery speed.
USER_183629,Siddharth Patel,Kolkata,4,"Average quality, could be better."
USER_388262,Kavya Joshi,Jaipur,4,Exactly as shown in the picture.
USER_118132,Arjun Gupta,Lucknow,2,Nice packing.
USER_654995,Vikram Nair,Indore,3,Nice packing.
USER_774618,Aditya Iyer,Kochi,4,Nice packing.
USER_874862,Siddharth Iyer,Hyderabad,4,Perfect fit and comfortable.
USER_155187,Riya Bose,Kochi,3,Nice packing.
USER_622239,Aditya Reddy,Chennai,3,Battery drains too fast.
USER_399953,Aisha Patel,Kolkata,1,"Defective item received, returned it."
USER_365669,Karan Bose,Jaipur,4,Battery drains too fast.
USER_278847,Rohan Yadav,Hyderabad,4,Perfect fit and comfortable.
USER_871176,Manish Gupta,Delhi,1,"Terrible, broke on the first day."
USER_841309,Rahul Joshi,Kolkata,4,Awesome delivery speed.
USER_144894,Karan Deshmukh,Ahmedabad,5,Perfect fit and comfortable.
USER_798188,Siddharth Singh,Kolkata,4,Battery drains too fast.
USER_396623,Manish Singh,Chandigarh,4,"Average quality, could be better."
USER_955888,Neha Iyer,Indore,1,"Terrible, broke on the first day."
USER_873214,Manish Joshi,Ahmedabad,3,A bit overpriced but decent.
USER_927162,Arjun Singh,Delhi,4,Nice packing.
USER_684615,Neha Patel,Kolkata,3,Battery drains too fast.
USER_532141,Divya Das,Jaipur,2,"Defective item received, returned it."
USER_240159,Karan Sharma,Chennai,5,Perfect fit and comfortable.
USER_924020,Karan Das,Chandigarh,5,"Good product, value for money."
USER_393054,Manish Verma,Delhi,4,"Good product, value for money."
USER_525976,Anjali Sharma,Lucknow,5,Exactly as shown in the picture.
USER_770512,Aisha Nair,Kochi,5,Perfect fit and comfortable.
USER_727758,Sneha Nair,Kochi,2,"Not as expected, colors are dull."
USER_993003,Neha Patel,Kolkata,3,Battery drains too fast.
USER_632396,Rahul Patel,Lucknow,4,Highly recommended!
USER_769702,Riya Das,Delhi,2,"Defective item received, returned it."
USER_337442,Priya Das,Pune,4,Excellent customer support.
USER_896150,Pooja Bose,Kochi,4,Battery drains too fast.
USER_916233,Rohan Kumar,Indore,3,Battery drains too fast.
USER_699905,Rohan Singh,Surat,5,"Good product, value for money."
USER_131185,Vikram Verma,Lucknow,4,"Good product, value for money."
USER_809578,Vikram Nair,Surat,2,Nice packing.
USER_655811,Vikram Sharma,Delhi,5,Loved it!
USER_310214,Aditya Verma,Chandigarh,4,"Not as expected, colors are dull."
USER_788381,Karan Deshmukh,Surat,4,"Not as expected, colors are dull."
USER_618362,Siddharth Sharma,Lucknow,4,"Not as expected, colors are dull."
USER_769701,Vikram Joshi,Indore,5,Exactly as shown in the picture.
USER_943020,Arjun Singh,Indore,4,A bit overpriced but decent.
USER_187093,Amit Gupta,Lucknow,5,Highly recommended!
USER_311055,Karan Bose,Delhi,4,A bit overpriced but decent.
USER_185892,Priya Deshmukh,Hyderabad,4,Excellent customer support.
USER_911818,Karan Gupta,Hyderabad,5,Loved it!
USER_647560,Manish Yadav,Hyderabad,4,Perfect fit and comfortable.
USER_315065,Sneha Sharma,Ahmedabad,4,Exactly as shown in the picture.
USER_597102,Neha Verma,Jaipur,2,"Average quality, could be better."
USER_527261,Amit Deshmukh,Pune,5,"Good product, value for money."
USER_709285,Siddharth Yadav,Kolkata,5,Exactly as shown in the picture.
USER_753085,Rohan Chauhan,Chennai,5,"Good product, value for money."
USER_857077,Divya Das,Jaipur,4,Nice packing.
USER_284917,Kavya Iyer,Ahmedabad,2,"Not as expected, colors are dull."
USER_670124,Aditya Chauhan,Mumbai,1,"Terrible, broke on the first day."
USER_937343,Rahul Joshi,Lucknow,4,A bit overpriced but decent.
USER_495766,Rahul Kumar,Pune,2,A bit overpriced but decent.
USER_975275,Riya Joshi,Pune,2,"Worst experience ever, do not buy!"
USER_626678,Priya Bose,Chennai,4,A bit overpriced but decent.
USER_754771,Arjun Kumar,Bangalore,4,Nice packing.
USER_398736,Priya Patel,Surat,1,"Worst experience ever, do not buy!"
USER_833700,Kavya Das,Kolkata,2,Nice packing.
USER_181652,Divya Verma,Surat,3,A bit overpriced but decent.
USER_453850,Aditya Das,Delhi,4,"Good product, value for money."
USER_474873,Rahul Deshmukh,Surat,2,Battery drains too fast.
USER_540400,Siddharth Kumar,Chennai,4,Nice packing.
USER_380623,Amit Das,Hyderabad,2,"Worst experience ever, do not buy!"
USER_526127,Siddharth Kumar,Mumbai,5,Exactly as shown in the picture.
USER_167511,Rahul Chauhan,Bangalore,5,Loved it!
USER_166404,Aditya Gupta,Kochi,3,"Not as expected, colors are dull."
USER_660911,Priya Joshi,Surat,2,"Not as expected, colors are dull."
USER_754642,Neha Reddy,Surat,3,Nice packing.
USER_381299,Arjun Nair,Bangalore,4,Battery drains too fast.
USER_950761,Vikram Das,Chennai,4,"Good product, value for money."
USER_256352,Karan Gupta,Lucknow,4,"Not as expected, colors are dull."
USER_871617,Karan Nair,Indore,4,"Good product, value for money."
USER_817404,Divya Bose,Chennai,4,Highly recommended!
USER_928973,Neha Singh,Ahmedabad,3,"Average quality, could be better."
USER_792835,Manish Reddy,Pune,4,Perfect fit and comfortable.
USER_409047,Manish Bose,Chennai,2,"Defective item received, returned it."
USER_467100,Aisha Das,Bangalore,2,Nice packing.
USER_608686,Aisha Chauhan,Jaipur,5,"Good product, value for money."
USER_307435,Sneha Joshi,Indore,5,"Good product, value for money."
USER_222702,Sneha Das,Jaipur,4,Excellent customer support.
USER_504577,Rohan Singh,Indore,1,"Defective item received, returned it."
USER_682213,Arjun Deshmukh,Kolkata,1,"Worst experience ever, do not buy!"
USER_858505,Arjun Das,Delhi,4,Exactly as shown in the picture.
USER_277271,Manish Patel,Ahmedabad,2,"Defective item received, returned it."
USER_376337,Siddharth Deshmukh,Hyderabad,3,"Average quality, could be better."
USER_887684,Rohan Iyer,Indore,5,"Good product, value for money."
USER_381672,Neha Singh,Delhi,2,"Worst experience ever, do not buy!"
USER_933538,Aditya Chauhan,Jaipur,5,"Good product, value for money."
USER_720288,Siddharth Bose,Hyderabad,2,"Defective item received, returned it."
USER_815702,Aditya Verma,Lucknow,2,"Worst experience ever, do not buy!"
USER_268993,Amit Patel,Lucknow,5,Exactly as shown in the picture.
USER_980020,Vikram Das,Surat,1,"Defective item received, returned it."
USER_843732,Divya Gupta,Surat,1,"Defective item received, returned it."
USER_524379,Divya Patel,Bangalore,5,Exactly as shown in the picture.
USER_208638,Priya Sharma,Indore,3,"Average quality, could be better."
USER_392411,Pooja Patel,Hyderabad,2,"Terrible, broke on the first day."
USER_175026,Neha Deshmukh,Indore,5,Perfect fit and comfortable.
USER_512837,Vikram Yadav,Surat,4,"Not as expected, colors are dull."
USER_130090,Aisha Reddy,Lucknow,4,Battery drains too fast.
USER_802673,Aditya Deshmukh,Bangalore,2,"Not as expected, colors are dull."
USER_543563,Divya Sharma,Kochi,2,Nice packing.
USER_333866,Arjun Chauhan,Mumbai,5,Excellent customer support.
USER_847984,Arjun Singh,Chandigarh,4,Highly recommended!
USER_338432,Amit Kumar,Hyderabad,4,Excellent customer support.
USER_524186,Arjun Kumar,Lucknow,2,A bit overpriced but decent.
USER_203936,Neha Patel,Delhi,5,Exactly as shown in the picture.
USER_285659,Divya Sharma,Kochi,4,Exactly as shown in the picture.
USER_383976,Anjali Yadav,Pune,3,A bit overpriced but decent.
USER_691944,Neha Iyer,Kochi,3,"Average quality, could be better."
USER_366693,Siddharth Das,Delhi,1,"Defective item received, returned it."
USER_793416,Pooja Yadav,Mumbai,5,Highly recommended!
USER_625965,Riya Nair,Ahmedabad,5,Awesome delivery speed.
USER_809980,Sneha Kumar,Ahmedabad,4,Nice packing.
USER_976379,Karan Gupta,Lucknow,5,Highly recommended!
USER_539609,Siddharth Nair,Lucknow,2,Battery drains too fast.
USER_747745,Aditya Deshmukh,Indore,5,Highly recommended!
USER_959369,Priya Verma,Surat,2,"Defective item received, returned it."
USER_336716,Priya Nair,Lucknow,4,"Not as expected, colors are dull."
USER_481460,Amit Nair,Mumbai,4,Loved it!
USER_101665,Anjali Gupta,Bangalore,5,Exactly as shown in the picture.
USER_260939,Riya Iyer,Chennai,2,"Terrible, broke on the first day."
USER_429326,Amit Deshmukh,Surat,5,Excellent customer support.
USER_353281,Rahul Verma,Mumbai,2,"Worst experience ever, do not buy!"
USER_511910,Neha Kumar,Surat,4,Nice packing.
USER_659173,Amit Nair,Chennai,2,"Terrible, broke on the first day."
USER_806096,Neha Deshmukh,Ahmedabad,4,"Average quality, could be better."
USER_596183,Priya Sharma,Lucknow,1,"Terrible, broke on the first day."
USER_362397,Rahul Bose,Pune,2,"Worst experience ever, do not buy!"
USER_445556,Aditya Yadav,Delhi,5,Highly recommended!
USER_399429,Rohan Yadav,Hyderabad,1,"Worst experience ever, do not buy!"
USER_776623,Riya Deshmukh,Chennai,4,Perfect fit and comfortable.
USER_647001,Priya Singh,Chandigarh,5,"Good product, value for money."
USER_381672,Neha Singh,Delhi,2,"Worst experience ever, do not buy!"
USER_595769,Rahul Bose,Surat,5,Exactly as shown in the picture.
USER_818872,Rohan Gupta,Chandigarh,2,Battery drains too fast.
USER_918541,Rohan Patel,Chennai,4,"Good product, value for money."
USER_465010,Arjun Reddy,Ahmedabad,3,"Average quality, could be better."
USER_915284,Aditya Gupta,Delhi,4,Exactly as shown in the picture.
USER_282750,Karan Verma,Ahmedabad,2,"Terrible, broke on the first day."
USER_570150,Riya Gupta,Jaipur,5,Loved it!
USER_456889,Divya Singh,Surat,5,Excellent customer support.
USER_674865,Neha Deshmukh,Bangalore,2,A bit overpriced but decent.
USER_635787,Neha Joshi,Hyderabad,4,Loved it!
USER_445703,Manish Sharma,Jaipur,3,"Not as expected, colors are dull."
USER_953622,Rahul Das,Lucknow,3,Battery drains too fast.
USER_556471,Sneha Verma,Delhi,5,Loved it!
USER_975095,Vikram Sharma,Jaipur,3,Battery drains too fast.
USER_381245,Riya Yadav,Pune,2,"Terrible, broke on the first day."
USER_481907,Rahul Iyer,Pune,4,Highly recommended!
USER_901523,Pooja Verma,Indore,2,A bit overpriced but decent.
USER_877843,Pooja Bose,Lucknow,5,Loved it!
USER_446443,Neha Bose,Ahmedabad,5,Loved it!
USER_521382,Rohan Reddy,Bangalore,2,"Terrible, broke on the first day."
USER_215307,Siddharth Joshi,Chandigarh,4,Exactly as shown in the picture.
USER_791891,Priya Verma,Delhi,2,"Terrible, broke on the first day."
USER_409049,Siddharth Gupta,Kochi,2,"Defective item received, returned it."
USER_133700,Divya Das,Pune,1,"Defective item received, returned it."
USER_748867,Rohan Singh,Chandigarh,2,"Defective item received, returned it."
USER_740159,Rahul Sharma,Kolkata,3,"Average quality, could be better."
USER_231667,Aisha Nair,Hyderabad,5,"Good product, value for money."
USER_383829,Neha Gupta,Pune,2,"Not as expected, colors are dull."
USER_241151,Pooja Nair,Mumbai,4,Highly recommended!
USER_341545,Sneha Bose,Delhi,2,"Average quality, could be better."
USER_233298,Amit Patel,Hyderabad,4,"Good product, value for money."
USER_922925,Arjun Reddy,Kochi,1,"Terrible, broke on the first day."
USER_636654,Riya Yadav,Hyderabad,1,"Worst experience ever, do not buy!"
USER_360106,Rohan Deshmukh,Chandigarh,5,Loved it!
USER_362422,Siddharth Kumar,Delhi,2,"Terrible, broke on the first day."
USER_247181,Kavya Kumar,Lucknow,4,Awesome delivery speed.
USER_848021,Siddharth Chauhan,Kochi,4,Perfect fit and comfortable.
USER_947870,Arjun Kumar,Chandigarh,4,Battery drains too fast.
USER_458634,Aditya Sharma,Delhi,5,"Good product, value for money."
USER_444435,Rohan Das,Pune,4,"Good product, value for money."
USER_104273,Aditya Chauhan,Lucknow,3,Nice packing.
USER_531608,Siddharth Bose,Surat,2,"Average quality, could be better."
USER_753653,Amit Joshi,Ahmedabad,5,Excellent customer support.
USER_944934,Divya Bose,Hyderabad,5,Exactly as shown in the picture.
USER_140698,Neha Singh,Bangalore,2,"Worst experience ever, do not buy!"
USER_885412,Rahul Sharma,Kolkata,5,Awesome delivery speed.
USER_289633,Vikram Reddy,Jaipur,4,Battery drains too fast.
USER_447073,Aisha Nair,Hyderabad,3,"Not as expected, colors are dull."
USER_516408,Sneha Deshmukh,Mumbai,1,"Worst experience ever, do not buy!"
USER_547780,Manish Yadav,Chennai,2,"Not as expected, colors are dull."
USER_717980,Vikram Verma,Ahmedabad,4,Awesome delivery speed.
USER_256041,Aisha Nair,Hyderabad,5,Awesome delivery speed.
USER_756040,Divya Joshi,Kochi,2,"Average quality, could be better."
USER_339662,Siddharth Reddy,Chandigarh,4,"Average quality, could be better."
USER_974892,Aisha Joshi,Pune,5,Loved it!
USER_607398,Anjali Chauhan,Kochi,4,Awesome delivery speed.
USER_883754,Arjun Verma,Bangalore,1,"Worst experience ever, do not buy!"
USER_411629,Anjali Das,Lucknow,4,A bit overpriced but decent.
USER_761270,Siddharth Joshi,Lucknow,2,Battery drains too fast.
USER_761902,Riya Joshi,Chennai,2,Nice packing.
USER_800592,Kavya Yadav,Kochi,2,Battery drains too fast.
USER_241486,Neha Patel,Lucknow,2,"Worst experience ever, do not buy!"
USER_703937,Sneha Iyer,Mumbai,3,"Not as expected, colors are dull."
USER_690974,Divya Bose,Chandigarh,3,Nice packing.
USER_231937,Priya Verma,Ahmedabad,5,Exactly as shown in the picture.
USER_879750,Neha Chauhan,Chandigarh,1,"Worst experience ever, do not buy!"
USER_418522,Aditya Iyer,Mumbai,4,Excellent customer support.
USER_529972,Pooja Chauhan,Chennai,1,"Terrible, broke on the first day."
USER_927225,Kavya Bose,Hyderabad,5,"Good product, value for money."
USER_308377,Neha Patel,Jaipur,2,A bit overpriced but decent.
USER_911890,Arjun Gupta,Jaipur,2,"Terrible, broke on the first day."
USER_704259,Pooja Deshmukh,Bangalore,4,Excellent customer support.
USER_260010,Rohan Singh,Chennai,2,"Worst experience ever, do not buy!"
USER_846099,Divya Bose,Kochi,4,Perfect fit and comfortable.
USER_586874,Vikram Deshmukh,Delhi,1,"Worst experience ever, do not buy!"
USER_902668,Manish Bose,Chandigarh,4,Exactly as shown in the picture.
USER_467952,Kavya Das,Bangalore,4,Perfect fit and comfortable.
USER_970417,Vikram Iyer,Lucknow,3,"Average quality, could be better."
USER_257838,Sneha Deshmukh,Pune,1,"Worst experience ever, do not buy!"
USER_920650,Pooja Nair,Jaipur,4,Excellent customer support.
USER_592128,Anjali Singh,Bangalore,2,"Average quality, could be better."
USER_190255,Amit Verma,Delhi,4,Exactly as shown in the picture.
USER_142847,Siddharth Joshi,Jaipur,3,"Average quality, could be better."
USER_555763,Pooja Patel,Indore,3,Nice packing.
USER_782866,Pooja Joshi,Kochi,5,"Good product, value for money."
USER_156916,Manish Yadav,Pune,2,Battery drains too fast.
USER_529363,Neha Joshi,Chandigarh,5,Excellent customer support.
USER_717762,Aditya Singh,Lucknow,1,"Worst experience ever, do not buy!"
USER_149978,Anjali Patel,Indore,4,Exactly as shown in the picture.
USER_859363,Amit Das,Kolkata,4,Awesome delivery speed.
USER_878878,Priya Nair,Jaipur,5,Excellent customer support.
USER_363801,Neha Bose,Chennai,4,Exactly as shown in the picture.
USER_482436,Riya Singh,Ahmedabad,2,Battery drains too fast.
USER_470809,Pooja Das,Surat,5,"Good product, value for money."
USER_253766,Divya Singh,Jaipur,4,"Average quality, could be better."
USER_920546,Neha Bose,Mumbai,1,"Worst experience ever, do not buy!"
USER_660138,Aditya Yadav,Jaipur,4,"Not as expected, colors are dull."
USER_859563,Aditya Patel,Kolkata,2,"Defective item received, returned it."
USER_180055,Aditya Sharma,Mumbai,4,"Average quality, could be better."
USER_136611,Aditya Iyer,Chennai,5,"Good product, value for money."
USER_552696,Aisha Gupta,Kolkata,5,"Good product, value for money."
USER_515402,Rohan Sharma,Surat,5,Highly recommended!
USER_187334,Manish Sharma,Lucknow,1,"Worst experience ever, do not buy!"
USER_541091,Neha Bose,Delhi,3,A bit overpriced but decent.
USER_834743,Neha Iyer,Mumbai,2,"Terrible, broke on the first day."
USER_402271,Karan Bose,Kolkata,4,A bit overpriced but decent.
USER_886728,Neha Bose,Ahmedabad,5,Excellent customer support.
USER_267410,Priya Das,Lucknow,5,Loved it!
USER_826183,Aditya Sharma,Hyderabad,3,"Not as expected, colors are dull."
USER_965782,Anjali Verma,Bangalore,4,Perfect fit and comfortable.
USER_518492,Aditya Reddy,Chennai,1,"Defective item received, returned it."
USER_141151,Aditya Verma,Ahmedabad,2,"Average quality, could be better."
USER_352356,Aditya Iyer,Hyderabad,5,Highly recommended!
USER_614514,Vikram Kumar,Kolkata,2,"Average quality, could be better."
USER_943436,Pooja Bose,Hyderabad,2,"Worst experience ever, do not buy!"
USER_642028,Rahul Kumar,Indore,2,"Worst experience ever, do not buy!"
USER_246503,Sneha Iyer,Chandigarh,1,"Worst experience ever, do not buy!"
USER_992363,Arjun Reddy,Bangalore,4,Excellent customer support.
USER_707256,Sneha Verma,Bangalore,4,"Good product, value for money."
USER_301269,Neha Joshi,Chandigarh,5,Perfect fit and comfortable.
USER_686958,Pooja Das,Ahmedabad,2,Nice packing.
USER_762505,Divya Deshmukh,Surat,5,Highly recommended!
USER_607708,Arjun Kumar,Chandigarh,4,Excellent customer support.
USER_706633,Rohan Kumar,Indore,2,"Average quality, could be better."
USER_239065,Rohan Verma,Chandigarh,4,"Not as expected, colors are dull."
USER_181066,Rahul Das,Lucknow,5,Awesome delivery speed.
USER_872224,Divya Bose,Chandigarh,4,Awesome delivery speed.
USER_153777,Rahul Singh,Delhi,4,"Not as expected, colors are dull."
USER_569163,Sneha Nair,Delhi,3,"Average quality, could be better."
USER_581909,Karan Iyer,Chennai,1,"Terrible, broke on the first day."
USER_191331,Amit Yadav,Ahmedabad,5,Awesome delivery speed.
USER_129857,Divya Patel,Bangalore,3,"Not as expected, colors are dull."
USER_370331,Amit Bose,Indore,3,"Not as expected, colors are dull."
USER_687081,Pooja Deshmukh,Chandigarh,3,Nice packing.
USER_267539,Pooja Sharma,Kolkata,4,Excellent customer support.
USER_118844,Riya Singh,Delhi,4,"Good product, value for money."
USER_646055,Neha Sharma,Kolkata,1,"Defective item received, returned it."
USER_717105,Pooja Sharma,Lucknow,2,Nice packing.
USER_511140,Siddharth Das,Bangalore,2,Nice packing.
USER_534915,Rohan Kumar,Delhi,3,"Average quality, could be better."
USER_930818,Siddharth Joshi,Lucknow,3,Battery drains too fast.
USER_982848,Karan Yadav,Kochi,5,Loved it!
USER_681003,Kavya Singh,Kolkata,4,Exactly as shown in the picture.
USER_555021,Amit Chauhan,Surat,1,"Terrible, broke on the first day."
USER_979167,Kavya Iyer,Kochi,5,Excellent customer support.
USER_190635,Rohan Reddy,Chandigarh,2,"Terrible, broke on the first day."
USER_758561,Divya Verma,Kochi,2,"Worst experience ever, do not buy!"
USER_850259,Priya Verma,Kolkata,5,"Good product, value for money."
USER_560340,Riya Das,Kochi,3,A bit overpriced but decent.
USER_365457,Priya Bose,Surat,4,Battery drains too fast.
USER_586948,Manish Gupta,Indore,1,"Defective item received, returned it."
USER_258040,Amit Deshmukh,Jaipur,4,Highly recommended!
USER_738443,Rahul Kumar,Mumbai,4,Loved it!
USER_241239,Neha Das,Chennai,2,"Defective item received, returned it."
USER_768871,Sneha Chauhan,Hyderabad,4,"Average quality, could be better."
USER_189811,Divya Kumar,Chandigarh,4,Perfect fit and comfortable.
USER_952373,Amit Patel,Lucknow,2,"Not as expected, colors are dull."
USER_616045,Kavya Gupta,Pune,1,"Defective item received, returned it."
USER_839755,Divya Sharma,Jaipur,1,"Defective item received, returned it."
USER_505284,Aisha Joshi,Delhi,4,"Not as expected, colors are dull."
USER_847285,Amit Chauhan,Hyderabad,4,Loved it!
USER_744650,Anjali Singh,Lucknow,2,"Worst experience ever, do not buy!"
USER_374060,Manish Sharma,Mumbai,2,"Worst experience ever, do not buy!"
USER_872397,Divya Sharma,Jaipur,5,"Good product, value for money."
USER_290841,Karan Kumar,Surat,2,"Worst experience ever, do not buy!"
USER_897965,Kavya Gupta,Chandigarh,4,"Average quality, could be better."
USER_977456,Anjali Iyer,Indore,2,"Not as expected, colors are dull."
USER_514387,Aisha Gupta,Hyderabad,5,Loved it!
USER_495915,Neha Joshi,Ahmedabad,5,Exactly as shown in the picture.
USER_966606,Amit Verma,Delhi,1,"Defective item received, returned it."
USER_859580,Rahul Bose,Hyderabad,2,Nice packing.
USER_232865,Siddharth Kumar,Hyderabad,5,Awesome delivery speed.
USER_715902,Divya Kumar,Kochi,4,Highly recommended!
USER_424345,Neha Yadav,Lucknow,4,"Average quality, could be better."
USER_551192,Rahul Patel,Delhi,2,"Average quality, could be better."
USER_333724,Sneha Singh,Lucknow,1,"Terrible, broke on the first day."
USER_246891,Divya Reddy,Bangalore,4,Exactly as shown in the picture.
USER_813979,Amit Iyer,Bangalore,2,"Terrible, broke on the first day."
USER_963871,Rahul Nair,Bangalore,3,Nice packing.
USER_657719,Aisha Bose,Mumbai,5,Exactly as shown in the picture.
USER_851114,Manish Bose,Hyderabad,3,"Not as expected, colors are dull."
USER_936940,Anjali Kumar,Mumbai,2,"Terrible, broke on the first day."
USER_262122,Anjali Sharma,Kolkata,5,Exactly as shown in the picture.
USER_784459,Rahul Joshi,Ahmedabad,4,Nice packing.
USER_682886,Manish Yadav,Mumbai,4,Nice packing.
USER_905062,Karan Yadav,Kolkata,4,Awesome delivery speed.
USER_312621,Aisha Singh,Chennai,1,"Terrible, broke on the first day."
USER_348543,Anjali Deshmukh,Surat,3,"Average quality, could be better."
USER_765745,Pooja Nair,Chandigarh,5,"Good product, value for money."
USER_414945,Kavya Yadav,Pune,4,Excellent customer support.
USER_670353,Pooja Deshmukh,Lucknow,5,Perfect fit and comfortable.
USER_282905,Siddharth Sharma,Kolkata,3,Battery drains too fast.
USER_556320,Arjun Das,Mumbai,5,Excellent customer support.
USER_356564,Anjali Deshmukh,Indore,5,Highly recommended!
USER_939857,Divya Nair,Pune,1,"Defective item received, returned it."
USER_552244,Anjali Kumar,Kolkata,2,"Worst experience ever, do not buy!"
USER_937990,Siddharth Bose,Chennai,4,"Good product, value for money."
USER_114607,Divya Patel,Chandigarh,4,Excellent customer support.
USER_596458,Vikram Yadav,Pune,5,Excellent customer support.
USER_336249,Siddharth Patel,Lucknow,2,Battery drains too fast.
USER_990975,Amit Sharma,Pune,2,A bit overpriced but decent.
USER_456135,Pooja Kumar,Surat,4,Battery drains too fast.
USER_705424,Neha Kumar,Pune,3,"Average quality, could be better."
USER_996418,Kavya Singh,Delhi,4,A bit overpriced but decent.
USER_285479,Arjun Kumar,Chandigarh,4,Perfect fit and comfortable.
USER_412032,Arjun Chauhan,Indore,5,Excellent customer support.
USER_378837,Arjun Deshmukh,Lucknow,4,Perfect fit and comfortable.
USER_931562,Anjali Deshmukh,Delhi,5,Perfect fit and comfortable.
USER_103698,Priya Gupta,Bangalore,5,Awesome delivery speed.
USER_883161,Aditya Deshmukh,Surat,5,Exactly as shown in the picture.
USER_629252,Manish Nair,Chennai,4,Excellent customer support.
USER_110487,Divya Deshmukh,Ahmedabad,5,Excellent customer support.
USER_824970,Kavya Chauhan,Surat,3,Battery drains too fast.
USER_161257,Priya Singh,Ahmedabad,1,"Defective item received, returned it."
USER_211010,Amit Deshmukh,Jaipur,5,Excellent customer support.
USER_409805,Arjun Nair,Ahmedabad,3,A bit overpriced but decent.
USER_400081,Vikram Patel,Lucknow,5,Perfect fit and comfortable.
USER_324124,Karan Gupta,Kolkata,4,Battery drains too fast.
USER_217230,Anjali Sharma,Pune,5,Highly recommended!
USER_337905,Aisha Verma,Kolkata,1,"Defective item received, returned it."
USER_323239,Aisha Chauhan,Pune,5,Exactly as shown in the picture.
USER_632705,Kavya Das,Chennai,4,Perfect fit and comfortable.
USER_107913,Pooja Das,Ahmedabad,2,Nice packing.
USER_139970,Amit Yadav,Jaipur,5,Highly recommended!
USER_291962,Karan Joshi,Hyderabad,2,"Defective item received, returned it."
USER_922993,Arjun Kumar,Kochi,5,"Good product, value for money."
USER_761655,Amit Bose,Surat,5,Loved it!
USER_445668,Karan Singh,Surat,3,Battery drains too fast.
USER_945206,Siddharth Kumar,Pune,3,"Average quality, could be better."
USER_806995,Sneha Iyer,Surat,3,"Average quality, could be better."
USER_170679,Manish Sharma,Pune,1,"Defective item received, returned it."
USER_727629,Aisha Yadav,Surat,3,Nice packing.
USER_464732,Karan Verma,Ahmedabad,5,"Good product, value for money."
USER_106894,Amit Chauhan,Bangalore,3,Nice packing.
USER_669712,Amit Bose,Surat,4,Exactly as shown in the picture.
USER_588570,Aditya Sharma,Jaipur,4,Excellent customer support.
USER_389206,Pooja Bose,Ahmedabad,5,Loved it!
USER_436658,Rohan Iyer,Surat,1,"Defective item received, returned it."
USER_990160,Siddharth Reddy,Indore,3,A bit overpriced but decent.
USER_754173,Kavya Das,Kochi,2,"Not as expected, colors are dull."
USER_728912,Aisha Joshi,Chandigarh,4,Perfect fit and comfortable.
USER_943407,Amit Patel,Mumbai,4,Perfect fit and comfortable.
USER_231988,Anjali Singh,Hyderabad,5,Awesome delivery speed.
USER_468460,Amit Sharma,Mumbai,5,Excellent customer support.
USER_539245,Kavya Chauhan,Bangalore,1,"Terrible, broke on the first day."
USER_513427,Kavya Chauhan,Kochi,4,"Not as expected, colors are dull."
USER_814199,Neha Yadav,Kochi,4,"Not as expected, colors are dull."
USER_238886,Priya Singh,Lucknow,5,"Good product, value for money."
USER_247078,Arjun Nair,Bangalore,1,"Terrible, broke on the first day."
USER_622953,Priya Verma,Kolkata,4,Loved it!
USER_170708,Anjali Reddy,Chennai,5,Excellent customer support.
USER_336082,Pooja Patel,Pune,4,Excellent customer support.
USER_877716,Siddharth Iyer,Lucknow,3,"Average quality, could be better."
USER_222562,Riya Kumar,Surat,5,Exactly as shown in the picture.
USER_830731,Siddharth Gupta,Pune,4,Nice packing.
USER_837955,Sneha Joshi,Indore,4,Exactly as shown in the picture.
USER_642613,Siddharth Singh,Hyderabad,1,"Worst experience ever, do not buy!"
USER_742235,Vikram Nair,Hyderabad,5,Highly recommended!
USER_705656,Priya Yadav,Pune,4,Awesome delivery speed.
USER_672501,Siddharth Joshi,Mumbai,2,"Not as expected, colors are dull."
USER_533194,Rohan Deshmukh,Indore,2,"Defective item received, returned it."
USER_817352,Manish Patel,Delhi,4,Exactly as shown in the picture.
USER_955194,Anjali Chauhan,Bangalore,2,Battery drains too fast.
USER_754161,Karan Chauhan,Jaipur,5,Highly recommended!
USER_384738,Siddharth Iyer,Ahmedabad,4,Exactly as shown in the picture.
USER_140412,Neha Das,Kochi,2,Battery drains too fast.
USER_163518,Neha Nair,Bangalore,5,Perfect fit and comfortable.
USER_380629,Sneha Bose,Chandigarh,1,"Terrible, broke on the first day."
USER_159433,Riya Gupta,Kochi,3,Nice packing.
USER_956812,Neha Nair,Chandigarh,4,Excellent customer support.
USER_841719,Rahul Gupta,Chandigarh,4,"Not as expected, colors are dull."
USER_180467,Manish Reddy,Delhi,3,"Average quality, could be better."
USER_554333,Kavya Yadav,Chandigarh,4,Highly recommended!
USER_734317,Karan Singh,Indore,5,"Good product, value for money."
USER_415851,Priya Das,Hyderabad,3,"Not as expected, colors are dull."
USER_105655,Rohan Kumar,Mumbai,4,Excellent customer support.
USER_836528,Siddharth Das,Ahmedabad,4,"Not as expected, colors are dull."
USER_529084,Pooja Patel,Delhi,4,"Not as expected, colors are dull."
USER_494935,Riya Bose,Mumbai,1,"Terrible, broke on the first day."
USER_944877,Neha Bose,Lucknow,4,Awesome delivery speed.
USER_850937,Aisha Reddy,Jaipur,1,"Worst experience ever, do not buy!"
USER_799667,Neha Kumar,Kolkata,2,"Not as expected, colors are dull."
USER_774615,Riya Singh,Chandigarh,4,Awesome delivery speed.
USER_209015,Amit Joshi,Surat,5,Excellent customer support.
USER_420391,Aisha Reddy,Chandigarh,4,"Not as expected, colors are dull."
USER_766336,Amit Chauhan,Surat,4,Exactly as shown in the picture.
USER_711891,Rahul Singh,Indore,2,"Defective item received, returned it."
USER_519259,Rohan Bose,Ahmedabad,2,"Terrible, broke on the first day."
USER_407413,Sneha Gupta,Kolkata,4,Highly recommended!
USER_976219,Rohan Joshi,Lucknow,1,"Defective item received, returned it."
USER_473762,Sneha Chauhan,Ahmedabad,5,Highly recommended!
USER_702913,Kavya Bose,Indore,5,"Good product, value for money."
USER_943712,Anjali Reddy,Delhi,4,Loved it!
USER_570703,Siddharth Chauhan,Delhi,4,Awesome delivery speed.
USER_215964,Manish Iyer,Hyderabad,2,Battery drains too fast.
USER_206477,Anjali Chauhan,Mumbai,5,Excellent customer support.
USER_552911,Pooja Kumar,Chennai,1,"Defective item received, returned it."
USER_618445,Anjali Reddy,Hyderabad,4,Loved it!
USER_323554,Rohan Nair,Kolkata,4,Nice packing.
USER_509945,Amit Nair,Bangalore,2,"Worst experience ever, do not buy!"
USER_196473,Siddharth Joshi,Bangalore,4,"Not as expected, colors are dull."
USER_210198,Anjali Kumar,Chandigarh,4,Nice packing.
USER_221043,Arjun Reddy,Indore,4,Highly recommended!
USER_107575,Rohan Yadav,Pune,2,Battery drains too fast.
USER_493633,Anjali Verma,Pune,1,"Defective item received, returned it."
USER_167531,Aisha Sharma,Ahmedabad,3,Nice packing.
USER_761416,Siddharth Bose,Lucknow,5,Highly recommended!
USER_842838,Neha Verma,Pune,4,Perfect fit and comfortable.
USER_800327,Pooja Chauhan,Delhi,2,"Terrible, broke on the first day."
USER_199807,Rahul Bose,Lucknow,2,"Terrible, broke on the first day."
USER_288100,Vikram Joshi,Hyderabad,4,Excellent customer support.
USER_326623,Vikram Kumar,Chandigarh,2,A bit overpriced but decent.
USER_697282,Amit Patel,Mumbai,4,A bit overpriced but decent.
USER_130817,Neha Yadav,Indore,4,Perfect fit and comfortable.
USER_537871,Anjali Iyer,Hyderabad,4,Loved it!
USER_446443,Neha Bose,Ahmedabad,5,Loved it!
USER_622279,Riya Chauhan,Kochi,4,"Good product, value for money."
USER_948371,Aisha Bose,Surat,1,"Worst experience ever, do not buy!"
USER_647190,Neha Deshmukh,Lucknow,1,"Defective item received, returned it."
USER_883699,Pooja Singh,Pune,4,Excellent customer support.
USER_413772,Rohan Patel,Kochi,5,"Good product, value for money."
USER_536911,Neha Verma,Kolkata,2,"Terrible, broke on the first day."
USER_464023,Kavya Verma,Bangalore,3,"Average quality, could be better."
USER_222485,Anjali Bose,Bangalore,4,"Average quality, could be better."
USER_873596,Anjali Sharma,Indore,1,"Worst experience ever, do not buy!"
USER_396547,Siddharth Deshmukh,Pune,5,Highly recommended!
USER_915314,Manish Singh,Jaipur,2,"Not as expected, colors are dull."
USER_487521,Pooja Yadav,Bangalore,4,Highly recommended!
USER_909695,Rahul Sharma,Chandigarh,3,"Not as expected, colors are dull."
USER_563554,Anjali Verma,Surat,4,Battery drains too fast.
USER_246608,Vikram Yadav,Lucknow,2,"Worst experience ever, do not buy!"
USER_896896,Rahul Bose,Kolkata,5,Loved it!
USER_586138,Sneha Patel,Hyderabad,1,"Terrible, broke on the first day."
USER_857719,Aisha Joshi,Lucknow,3,Nice packing.
USER_786438,Riya Iyer,Hyderabad,5,Exactly as shown in the picture.
USER_875984,Aditya Bose,Ahmedabad,2,"Terrible, broke on the first day."
USER_362894,Aditya Bose,Surat,3,"Average quality, could be better."
USER_748681,Aisha Yadav,Bangalore,2,"Average quality, could be better."
USER_908306,Divya Reddy,Mumbai,2,"Defective item received, returned it."
USER_174639,Rohan Das,Indore,5,"Good product, value for money."
USER_510066,Kavya Joshi,Kochi,5,Highly recommended!
USER_240928,Manish Joshi,Delhi,5,Highly recommended!
USER_527089,Sneha Gupta,Hyderabad,4,"Not as expected, colors are dull."
USER_251974,Sneha Singh,Kochi,2,"Defective item received, returned it."
USER_417054,Aisha Iyer,Mumbai,2,"Terrible, broke on the first day."
USER_919844,Rahul Joshi,Kolkata,5,"Good product, value for money."
USER_470316,Sneha Gupta,Surat,5,Perfect fit and comfortable.
USER_666440,Divya Das,Bangalore,4,Excellent customer support.
USER_509007,Priya Joshi,Jaipur,1,"Worst experience ever, do not buy!"
USER_469452,Aisha Singh,Delhi,4,"Good product, value for money."
USER_301600,Pooja Singh,Pune,2,A bit overpriced but decent.
USER_633103,Kavya Gupta,Chandigarh,2,"Worst experience ever, do not buy!"
USER_799128,Priya Joshi,Kolkata,2,"Worst experience ever, do not buy!"
USER_761894,Vikram Kumar,Chennai,5,"Good product, value for money."
USER_720589,Anjali Singh,Kolkata,4,Exactly as shown in the picture.
USER_139068,Siddharth Kumar,Indore,5,"Good product, value for money."
USER_164770,Siddharth Chauhan,Mumbai,2,"Worst experience ever, do not buy!"
USER_588460,Manish Iyer,Indore,4,Loved it!
USER_223899,Pooja Gupta,Bangalore,2,"Defective item received, returned it."
USER_492172,Karan Das,Kochi,4,Loved it!
USER_389875,Aisha Joshi,Bangalore,2,"Not as expected, colors are dull."
USER_665032,Manish Kumar,Bangalore,4,"Good product, value for money."
USER_947611,Amit Gupta,Bangalore,3,"Average quality, could be better."
USER_866383,Aisha Joshi,Jaipur,4,A bit overpriced but decent.
USER_358465,Manish Das,Chennai,4,Excellent customer support.
USER_555376,Rohan Yadav,Bangalore,4,Loved it!
USER_540248,Karan Kumar,Lucknow,4,"Average quality, could be better."
USER_240826,Amit Bose,Lucknow,4,Nice packing.
USER_100323,Kavya Yadav,Bangalore,2,Nice packing.
USER_617432,Rohan Joshi,Delhi,4,"Good product, value for money."
USER_672199,Divya Kumar,Hyderabad,2,"Not as expected, colors are dull."
USER_314781,Priya Yadav,Hyderabad,4,Exactly as shown in the picture.
USER_785680,Aditya Sharma,Chandigarh,4,A bit overpriced but decent.
USER_299252,Aisha Iyer,Chandigarh,3,"Not as expected, colors are dull."
USER_767621,Aditya Kumar,Chennai,2,"Average quality, could be better."
USER_404312,Kavya Singh,Pune,4,Loved it!
USER_971005,Riya Iyer,Indore,4,Loved it!
USER_510628,Neha Sharma,Pune,1,"Terrible, broke on the first day."
USER_526909,Rahul Reddy,Lucknow,2,"Defective item received, returned it."
USER_438574,Neha Iyer,Delhi,1,"Terrible, broke on the first day."
USER_288974,Manish Joshi,Ahmedabad,4,"Good product, value for money."
USER_672617,Neha Reddy,Kochi,3,Battery drains too fast.
USER_479773,Pooja Chauhan,Indore,5,Highly recommended!
USER_790821,Pooja Das,Surat,1,"Terrible, broke on the first day."
USER_961097,Amit Gupta,Kolkata,1,"Terrible, broke on the first day."
USER_199559,Rahul Yadav,Indore,5,Awesome delivery speed.
USER_640597,Siddharth Kumar,Indore,4,Battery drains too fast.
USER_781793,Divya Iyer,Hyderabad,2,"Not as expected, colors are dull."
USER_835518,Neha Reddy,Kolkata,1,"Terrible, broke on the first day."
USER_359182,Riya Sharma,Surat,5,Awesome delivery speed.
USER_145471,Amit Iyer,Hyderabad,4,A bit overpriced but decent.
USER_528588,Amit Verma,Chandigarh,5,Exactly as shown in the picture.
USER_350840,Manish Sharma,Bangalore,4,Nice packing.
USER_584214,Neha Singh,Ahmedabad,1,"Defective item received, returned it."
USER_970829,Rahul Bose,Surat,1,"Worst experience ever, do not buy!"
USER_563593,Karan Sharma,Bangalore,2,"Terrible, broke on the first day."
USER_197579,Divya Das,Indore,3,A bit overpriced but decent.
USER_414915,Divya Verma,Lucknow,3,"Average quality, could be better."
USER_648819,Rohan Kumar,Chennai,3,A bit overpriced but decent.
USER_992828,Anjali Chauhan,Indore,3,A bit overpriced but decent.
USER_843344,Karan Verma,Chennai,5,"Good product, value for money."
USER_525682,Amit Kumar,Chandigarh,4,Loved it!
USER_275837,Riya Chauhan,Chennai,5,Highly recommended!
USER_220470,Arjun Chauhan,Pune,3,Battery drains too fast.
USER_857622,Rohan Singh,Ahmedabad,2,Battery drains too fast.
USER_531608,Siddharth Bose,Surat,2,"Average quality, could be better."
USER_794498,Sneha Kumar,Delhi,1,"Worst experience ever, do not buy!"
USER_476400,Amit Patel,Pune,4,Nice packing.
USER_877705,Sneha Das,Mumbai,3,"Average quality, could be better."
USER_884735,Pooja Verma,Chandigarh,5,Awesome delivery speed.
USER_567357,Aditya Singh,Lucknow,5,Exactly as shown in the picture.
USER_564326,Manish Nair,Jaipur,3,A bit overpriced but decent.
USER_630633,Sneha Reddy,Chandigarh,3,"Not as expected, colors are dull."
USER_682069,Pooja Patel,Jaipur,1,"Terrible, broke on the first day."
USER_358276,Vikram Iyer,Ahmedabad,2,"Average quality, could be better."
USER_416369,Rohan Sharma,Hyderabad,2,"Defective item received, returned it."
USER_298434,Priya Reddy,Bangalore,4,Battery drains too fast.
USER_781323,Arjun Bose,Pune,2,"Average quality, could be better."
USER_661737,Aditya Das,Lucknow,5,Perfect fit and comfortable.
USER_357409,Kavya Chauhan,Surat,1,"Defective item received, returned it."
USER_454084,Arjun Das,Chennai,4,"Not as expected, colors are dull."
USER_903661,Karan Nair,Bangalore,1,"Worst experience ever, do not buy!"
USER_593557,Siddharth Iyer,Lucknow,2,"Worst experience ever, do not buy!"
USER_731118,Kavya Kumar,Chennai,4,Exactly as shown in the picture.
USER_911357,Sneha Iyer,Surat,5,Awesome delivery speed.
USER_292563,Sneha Chauhan,Pune,2,"Terrible, broke on the first day."
USER_160839,Manish Yadav,Kolkata,3,"Average quality, could be better."
USER_319834,Sneha Sharma,Chennai,4,Nice packing.
USER_374085,Karan Nair,Jaipur,4,"Good product, value for money."
USER_304953,Siddharth Kumar,Delhi,3,Battery drains too fast.
USER_597975,Arjun Sharma,Chennai,3,A bit overpriced but decent.
USER_252025,Pooja Das,Lucknow,4,"Good product, value for money."
USER_159592,Priya Chauhan,Delhi,4,Battery drains too fast.
USER_817201,Karan Bose,Chennai,2,"Terrible, broke on the first day."
USER_162680,Vikram Yadav,Ahmedabad,5,Perfect fit and comfortable.
USER_309871,Kavya Singh,Chandigarh,4,"Average quality, could be better."
USER_102769,Siddharth Das,Chandigarh,1,"Worst experience ever, do not buy!"
USER_851929,Manish Patel,Surat,2,"Average quality, could be better."
USER_273038,Rohan Nair,Hyderabad,5,Awesome delivery speed.
USER_824740,Aisha Sharma,Surat,2,"Terrible, broke on the first day."
USER_214300,Divya Singh,Hyderabad,5,"Good product, value for money."
USER_596637,Rohan Das,Pune,4,Exactly as shown in the picture.
USER_714126,Divya Kumar,Pune,3,Nice packing.
USER_205996,Siddharth Joshi,Bangalore,4,Highly recommended!
USER_216855,Divya Bose,Delhi,2,"Worst experience ever, do not buy!"
USER_881441,Riya Iyer,Lucknow,3,A bit overpriced but decent.
USER_163403,Rohan Reddy,Indore,3,"Not as expected, colors are dull."
USER_740378,Karan Chauhan,Kochi,3,Battery drains too fast.
USER_586196,Manish Das,Chennai,4,Excellent customer support.
USER_415237,Arjun Singh,Surat,5,"Good product, value for money."
USER_875537,Kavya Kumar,Hyderabad,1,"Terrible, broke on the first day."
USER_360458,Neha Joshi,Chandigarh,2,A bit overpriced but decent.
USER_985430,Arjun Sharma,Indore,4,Perfect fit and comfortable.
USER_534715,Arjun Iyer,Chennai,4,Awesome delivery speed.
USER_842773,Amit Iyer,Hyderabad,5,Exactly as shown in the picture.
USER_574600,Rohan Reddy,Bangalore,4,"Not as expected, colors are dull."
USER_447073,Aisha Nair,Hyderabad,3,"Not as expected, colors are dull."
USER_495769,Vikram Iyer,Hyderabad,3,Battery drains too fast.
USER_944670,Siddharth Nair,Ahmedabad,4,"Not as expected, colors are dull."
USER_893605,Manish Yadav,Mumbai,4,"Not as expected, colors are dull."
USER_652235,Arjun Deshmukh,Chandigarh,5,Excellent customer support.
USER_846594,Manish Bose,Bangalore,4,"Average quality, could be better."
USER_472309,Manish Gupta,Kolkata,2,"Average quality, could be better."
USER_635603,Sneha Chauhan,Mumbai,1,"Worst experience ever, do not buy!"
USER_804445,Rahul Yadav,Mumbai,1,"Defective item received, returned it."
USER_756148,Riya Deshmukh,Kochi,4,Nice packing.
USER_708960,Aditya Deshmukh,Delhi,4,Loved it!
USER_905844,Priya Bose,Lucknow,2,Battery drains too fast.
USER_231957,Rohan Iyer,Chennai,5,Loved it!
USER_304526,Pooja Gupta,Mumbai,3,A bit overpriced but decent.
USER_756580,Priya Yadav,Chandigarh,2,"Defective item received, returned it."
USER_850068,Kavya Patel,Chandigarh,5,Excellent customer support.
USER_827676,Vikram Patel,Kolkata,1,"Terrible, broke on the first day."
USER_137838,Riya Patel,Delhi,4,A bit overpriced but decent.
USER_412801,Kavya Singh,Chandigarh,1,"Terrible, broke on the first day."
USER_135193,Anjali Iyer,Chennai,4,Nice packing.
USER_758563,Pooja Yadav,Surat,2,Nice packing.
USER_820628,Divya Kumar,Hyderabad,4,Awesome delivery speed.
USER_318892,Rahul Verma,Kolkata,4,Nice packing.
USER_722881,Riya Das,Mumbai,2,"Worst experience ever, do not buy!"
USER_635180,Rohan Sharma,Kolkata,4,"Good product, value for money."
USER_529044,Anjali Singh,Chennai,5,Perfect fit and comfortable.
USER_961568,Divya Das,Indore,4,Loved it!
USER_657375,Divya Yadav,Kochi,4,Awesome delivery speed.
USER_797786,Neha Gupta,Pune,5,Excellent customer support.
USER_526127,Siddharth Kumar,Mumbai,5,Exactly as shown in the picture.
USER_977703,Aisha Deshmukh,Ahmedabad,5,Highly recommended!
USER_290670,Anjali Kumar,Indore,1,"Defective item received, returned it."
USER_492217,Vikram Yadav,Mumbai,4,Battery drains too fast.
USER_800450,Aisha Nair,Bangalore,4,"Average quality, could be better."
USER_155632,Rohan Reddy,Lucknow,1,"Defective item received, returned it."
USER_638197,Rahul Deshmukh,Chennai,4,Loved it!
USER_720288,Siddharth Bose,Hyderabad,2,"Defective item received, returned it."
USER_581287,Divya Joshi,Jaipur,2,"Terrible, broke on the first day."
USER_881949,Arjun Nair,Hyderabad,2,"Not as expected, colors are dull."
USER_676001,Manish Gupta,Hyderabad,2,"Worst experience ever, do not buy!"
USER_683343,Siddharth Reddy,Surat,5,Loved it!
USER_736958,Rahul Gupta,Kochi,2,"Worst experience ever, do not buy!"
USER_729069,Anjali Verma,Chennai,4,Exactly as shown in the picture.
USER_630060,Pooja Das,Pune,4,Exactly as shown in the picture.
USER_639529,Aditya Reddy,Chandigarh,1,"Terrible, broke on the first day."
USER_193039,Divya Kumar,Indore,4,"Average quality, could be better."
USER_514753,Amit Kumar,Chandigarh,4,A bit overpriced but decent.
USER_213650,Pooja Singh,Kochi,4,Perfect fit and comfortable.
USER_454226,Rahul Patel,Bangalore,3,"Average quality, could be better."
USER_588607,Arjun Sharma,Kochi,2,"Average quality, could be better."
USER_736522,Arjun Verma,Kolkata,5,Awesome delivery speed.
USER_312468,Neha Nair,Kolkata,2,"Worst experience ever, do not buy!"
USER_503925,Aisha Singh,Kolkata,5,Perfect fit and comfortable.
USER_888316,Neha Reddy,Kolkata,4,Exactly as shown in the picture.
USER_260097,Anjali Singh,Kolkata,1,"Defective item received, returned it."
USER_936221,Kavya Iyer,Chandigarh,5,Highly recommended!
USER_495641,Amit Patel,Chandigarh,4,"Not as expected, colors are dull."
USER_870023,Divya Bose,Hyderabad,1,"Worst experience ever, do not buy!"
USER_103334,Aditya Sharma,Chandigarh,4,Nice packing.
USER_184893,Karan Joshi,Chandigarh,4,Nice packing.
USER_486056,Arjun Iyer,Pune,4,"Average quality, could be better."
USER_521414,Aisha Patel,Delhi,4,Battery drains too fast.
USER_969309,Sneha Nair,Bangalore,5,Highly recommended!
USER_200498,Rahul Deshmukh,Hyderabad,5,Perfect fit and comfortable.
USER_867489,Kavya Patel,Ahmedabad,5,Awesome delivery speed.
USER_508838,Pooja Reddy,Jaipur,2,"Defective item received, returned it."
USER_964304,Riya Das,Lucknow,4,Perfect fit and comfortable.
USER_731329,Manish Verma,Bangalore,5,Excellent customer support.
USER_365377,Arjun Patel,Chandigarh,4,Awesome delivery speed.
USER_134000,Priya Verma,Jaipur,4,Highly recommended!
USER_695806,Riya Joshi,Pune,4,Awesome delivery speed.
USER_220724,Sneha Joshi,Delhi,2,"Defective item received, returned it."
USER_353146,Kavya Chauhan,Chennai,4,Battery drains too fast.
USER_245998,Arjun Kumar,Kochi,4,Excellent customer support.
USER_981148,Rohan Chauhan,Chandigarh,5,Loved it!
USER_545301,Karan Bose,Ahmedabad,5,"Good product, value for money."
USER_996723,Divya Reddy,Indore,4,Battery drains too fast.
USER_715467,Karan Patel,Lucknow,4,Highly recommended!
USER_614441,Vikram Yadav,Indore,2,Battery drains too fast.
USER_380899,Siddharth Chauhan,Chennai,5,Excellent customer support.
USER_923685,Arjun Nair,Lucknow,3,Battery drains too fast.
USER_896931,Anjali Patel,Lucknow,4,Nice packing.
USER_799214,Aisha Nair,Indore,1,"Terrible, broke on the first day."
USER_759797,Priya Bose,Chennai,2,Nice packing.
USER_252915,Arjun Gupta,Kolkata,2,A bit overpriced but decent.
USER_339842,Sneha Sharma,Lucknow,4,"Good product, value for money."
USER_501223,Priya Nair,Mumbai,2,"Defective item received, returned it."
USER_625700,Karan Nair,Surat,5,Awesome delivery speed.
USER_547206,Priya Sharma,Ahmedabad,4,Perfect fit and comfortable.
USER_574029,Vikram Yadav,Mumbai,5,Excellent customer support.
USER_943407,Amit Patel,Mumbai,4,Perfect fit and comfortable.
USER_697916,Kavya Chauhan,Delhi,5,Awesome delivery speed.
USER_843924,Riya Verma,Chandigarh,5,Highly recommended!
USER_263670,Pooja Joshi,Pune,1,"Worst experience ever, do not buy!"
USER_538505,Pooja Kumar,Pune,3,Battery drains too fast.
USER_867207,Divya Verma,Delhi,2,"Terrible, broke on the first day."
USER_623776,Neha Singh,Pune,5,Excellent customer support.
USER_196281,Anjali Patel,Kolkata,5,Awesome delivery speed.
USER_203960,Rahul Singh,Mumbai,4,Exactly as shown in the picture.
USER_827971,Manish Nair,Hyderabad,2,"Worst experience ever, do not buy!"
USER_995165,Sneha Sharma,Lucknow,2,"Defective item received, returned it."
USER_149577,Arjun Das,Ahmedabad,3,A bit overpriced but decent.
USER_889903,Riya Nair,Mumbai,4,Awesome delivery speed.
USER_538154,Rohan Singh,Surat,4,Loved it!
USER_130189,Aisha Das,Mumbai,5,Exactly as shown in the picture.
USER_631700,Karan Chauhan,Ahmedabad,3,Battery drains too fast.
USER_902239,Manish Kumar,Kochi,2,"Average quality, could be better."
USER_595227,Riya Yadav,Kochi,4,Exactly as shown in the picture.
USER_572888,Rahul Kumar,Ahmedabad,3,A bit overpriced but decent.
USER_540954,Priya Deshmukh,Chennai,3,Nice packing.
USER_414601,Sneha Nair,Bangalore,2,Battery drains too fast.
USER_117517,Manish Joshi,Chandigarh,3,A bit overpriced but decent.
USER_973886,Rahul Kumar,Chandigarh,2,Nice packing.
USER_981273,Vikram Iyer,Chandigarh,5,Perfect fit and comfortable.
USER_386089,Aisha Sharma,Mumbai,5,Awesome delivery speed.
USER_937496,Anjali Yadav,Indore,2,"Worst experience ever, do not buy!"
USER_330037,Manish Nair,Kochi,4,Awesome delivery speed.
USER_468501,Siddharth Chauhan,Kolkata,5,Highly recommended!
USER_314194,Kavya Chauhan,Jaipur,5,Perfect fit and comfortable.
USER_760441,Neha Singh,Hyderabad,3,Nice packing.
USER_263852,Aditya Reddy,Kochi,5,"Good product, value for money."
USER_782434,Divya Gupta,Pune,2,"Average quality, could be better."
USER_401447,Kavya Joshi,Bangalore,5,Perfect fit and comfortable.
USER_976580,Divya Reddy,Lucknow,4,Exactly as shown in the picture.
USER_605871,Sneha Joshi,Bangalore,4,Exactly as shown in the picture.
USER_936813,Karan Gupta,Hyderabad,4,"Good product, value for money."
USER_423716,Kavya Joshi,Surat,3,Battery drains too fast.
USER_579407,Sneha Patel,Kolkata,1,"Terrible, broke on the first day."
USER_665120,Aditya Reddy,Surat,1,"Worst experience ever, do not buy!"
USER_801488,Priya Yadav,Indore,2,"Defective item received, returned it."
USER_422148,Divya Verma,Chandigarh,2,Battery drains too fast.
USER_767474,Aisha Gupta,Surat,5,Excellent customer support.
USER_526707,Priya Reddy,Chennai,2,"Terrible, broke on the first day."
USER_808598,Aditya Verma,Indore,1,"Worst experience ever, do not buy!"
USER_445546,Riya Yadav,Bangalore,2,Nice packing.
USER_492674,Anjali Iyer,Lucknow,4,A bit overpriced but decent.
USER_255324,Aisha Patel,Mumbai,5,Perfect fit and comfortable.
USER_986525,Pooja Nair,Chennai,1,"Worst experience ever, do not buy!"
USER_683006,Rohan Joshi,Surat,3,"Not as expected, colors are dull."
USER_223985,Riya Das,Bangalore,5,Awesome delivery speed.
USER_128043,Pooja Iyer,Surat,3,"Not as expected, colors are dull."
USER_576278,Karan Patel,Delhi,3,"Not as expected, colors are dull."
USER_477206,Pooja Joshi,Indore,1,"Terrible, broke on the first day."
USER_390513,Anjali Iyer,Chandigarh,4,Perfect fit and comfortable.
USER_504454,Rahul Verma,Kochi,4,Awesome delivery speed.
USER_286081,Karan Gupta,Kochi,5,Awesome delivery speed.
USER_485267,Vikram Singh,Mumbai,4,Highly recommended!
USER_409839,Rohan Reddy,Kochi,2,"Average quality, could be better."
USER_993220,Siddharth Joshi,Lucknow,4,A bit overpriced but decent.
USER_388618,Siddharth Bose,Jaipur,2,"Not as expected, colors are dull."
USER_668831,Priya Gupta,Pune,4,Exactly as shown in the picture.
USER_955270,Neha Deshmukh,Jaipur,5,Exactly as shown in the picture.
USER_903769,Kavya Deshmukh,Surat,4,Awesome delivery speed.
USER_159999,Anjali Joshi,Hyderabad,1,"Defective item received, returned it."
USER_130862,Divya Sharma,Surat,3,Nice packing.
USER_202222,Anjali Kumar,Jaipur,4,Nice packing.
USER_725200,Aditya Gupta,Bangalore,4,Perfect fit and comfortable.
USER_995599,Riya Reddy,Hyderabad,5,"Good product, value for money."
USER_719615,Karan Joshi,Ahmedabad,2,Nice packing.
USER_397159,Kavya Iyer,Mumbai,4,A bit overpriced but decent.
USER_109932,Manish Deshmukh,Lucknow,4,Perfect fit and comfortable.
USER_631012,Rohan Patel,Bangalore,4,Battery drains too fast.
USER_569844,Aisha Sharma,Bangalore,2,"Average quality, could be better."
USER_450653,Neha Verma,Pune,2,A bit overpriced but decent.
USER_553889,Aditya Joshi,Chandigarh,5,Excellent customer support.
USER_621985,Sneha Iyer,Delhi,2,"Not as expected, colors are dull."
USER_112010,Siddharth Patel,Chandigarh,4,Loved it!
USER_331338,Vikram Nair,Surat,4,Perfect fit and comfortable.
USER_600587,Vikram Reddy,Bangalore,2,A bit overpriced but decent.
USER_383791,Sneha Nair,Hyderabad,5,Perfect fit and comfortable.
USER_574167,Amit Deshmukh,Indore,4,Highly recommended!
USER_158794,Rahul Nair,Mumbai,4,"Average quality, could be better."
USER_735794,Karan Singh,Bangalore,2,"Worst experience ever, do not buy!"
USER_736166,Divya Yadav,Pune,5,Awesome delivery speed.
USER_684568,Vikram Kumar,Delhi,3,"Not as expected, colors are dull."
USER_481460,Amit Nair,Mumbai,4,Loved it!
USER_851390,Amit Das,Ahmedabad,4,Excellent customer support.
USER_397439,Rahul Gupta,Chennai,2,Battery drains too fast.
USER_492451,Divya Sharma,Jaipur,4,Awesome delivery speed.
USER_165559,Priya Singh,Ahmedabad,5,Loved it!
USER_234938,Amit Joshi,Chandigarh,4,Nice packing.
USER_161189,Rohan Yadav,Kolkata,1,"Terrible, broke on the first day."
USER_172063,Karan Gupta,Ahmedabad,3,A bit overpriced but decent.
USER_634169,Aditya Joshi,Delhi,5,Exactly as shown in the picture.
USER_422108,Anjali Kumar,Ahmedabad,1,"Worst experience ever, do not buy!"
USER_594328,Neha Reddy,Mumbai,4,Excellent customer support.
USER_462973,Sneha Joshi,Surat,5,Loved it!
USER_807393,Priya Gupta,Kochi,1,"Terrible, broke on the first day."
USER_339616,Aditya Chauhan,Hyderabad,2,Battery drains too fast.
USER_364018,Anjali Nair,Bangalore,4,Perfect fit and comfortable.
USER_506036,Pooja Singh,Kolkata,2,"Terrible, broke on the first day."
USER_238439,Kavya Iyer,Jaipur,4,Battery drains too fast.
USER_359253,Divya Chauhan,Kolkata,4,"Not as expected, colors are dull."
USER_794419,Priya Das,Chennai,3,"Not as expected, colors are dull."
USER_170483,Pooja Singh,Pune,2,Battery drains too fast.
USER_159095,Arjun Nair,Kolkata,4,Battery drains too fast.
USER_581385,Aisha Yadav,Ahmedabad,3,Battery drains too fast.
USER_385981,Riya Bose,Pune,5,"Good product, value for money."
USER_910675,Aditya Gupta,Kochi,5,"Good product, value for money."
USER_772295,Kavya Sharma,Chandigarh,1,"Worst experience ever, do not buy!"
USER_696497,Arjun Gupta,Chennai,5,Awesome delivery speed.
USER_906675,Priya Patel,Bangalore,2,"Worst experience ever, do not buy!"
USER_234215,Sneha Verma,Chandigarh,1,"Defective item received, returned it."
USER_688891,Karan Joshi,Chandigarh,4,Exactly as shown in the picture.
USER_704434,Karan Bose,Lucknow,1,"Defective item received, returned it."
USER_287257,Arjun Sharma,Kochi,3,"Not as expected, colors are dull."
USER_683106,Siddharth Reddy,Jaipur,5,Exactly as shown in the picture.
USER_905798,Manish Yadav,Indore,3,Nice packing.
USER_209528,Arjun Singh,Chennai,2,"Average quality, could be better."
USER_820187,Karan Verma,Bangalore,4,Highly recommended!
USER_770779,Siddharth Nair,Chandigarh,5,Highly recommended!
USER_173454,Divya Nair,Lucknow,3,A bit overpriced but decent.
USER_796310,Divya Gupta,Delhi,2,"Terrible, broke on the first day."
USER_527593,Pooja Joshi,Kochi,2,"Terrible, broke on the first day."
USER_359422,Anjali Nair,Mumbai,5,Awesome delivery speed.
USER_305228,Siddharth Kumar,Pune,2,"Worst experience ever, do not buy!"
USER_902761,Sneha Joshi,Delhi,2,A bit overpriced but decent.
USER_807163,Siddharth Patel,Bangalore,5,Exactly as shown in the picture.
USER_544191,Aisha Singh,Kochi,2,"Worst experience ever, do not buy!"
USER_702817,Priya Sharma,Kolkata,4,Perfect fit and comfortable.
USER_419150,Manish Patel,Hyderabad,4,"Average quality, could be better."
USER_127497,Priya Nair,Chandigarh,4,Battery drains too fast.
USER_779817,Aisha Gupta,Jaipur,2,"Terrible, broke on the first day."
USER_267365,Karan Chauhan,Bangalore,1,"Defective item received, returned it."
USER_161954,Rahul Sharma,Chandigarh,5,Awesome delivery speed.
USER_951230,Siddharth Verma,Jaipur,4,Loved it!
USER_500257,Karan Verma,Indore,3,Nice packing.
USER_902855,Kavya Das,Delhi,4,"Not as expected, colors are dull."
USER_860855,Arjun Singh,Surat,5,Excellent customer support.
USER_100145,Siddharth Deshmukh,Lucknow,3,A bit overpriced but decent.
USER_796036,Rahul Joshi,Indore,5,Exactly as shown in the picture.
USER_902270,Priya Gupta,Jaipur,4,Awesome delivery speed.
USER_647001,Priya Singh,Chandigarh,5,"Good product, value for money."
USER_213330,Amit Patel,Indore,4,Excellent customer support.
USER_196918,Divya Joshi,Indore,1,"Terrible, broke on the first day."
USER_944045,Manish Patel,Bangalore,3,Battery drains too fast.
USER_652530,Aditya Sharma,Indore,3,A bit overpriced but decent.
USER_492560,Neha Sharma,Surat,5,Awesome delivery speed.
USER_446821,Aditya Patel,Indore,4,Loved it!
USER_129877,Sneha Sharma,Chandigarh,4,Exactly as shown in the picture.
USER_351910,Amit Joshi,Jaipur,5,"Good product, value for money."
USER_543258,Divya Verma,Ahmedabad,4,Loved it!
USER_724467,Siddharth Das,Pune,3,"Not as expected, colors are dull."
USER_953525,Rahul Verma,Hyderabad,3,"Not as expected, colors are dull."
USER_510383,Karan Patel,Mumbai,4,Loved it!
USER_193411,Riya Das,Kochi,4,Loved it!
USER_810700,Vikram Yadav,Chandigarh,3,Battery drains too fast.
USER_316852,Vikram Patel,Ahmedabad,2,"Defective item received, returned it."
USER_620473,Rahul Joshi,Mumbai,2,A bit overpriced but decent.
USER_342056,Amit Iyer,Lucknow,4,Nice packing.
USER_325511,Vikram Nair,Pune,4,Exactly as shown in the picture.
USER_672406,Amit Deshmukh,Pune,3,A bit overpriced but decent.
USER_382055,Priya Patel,Delhi,5,"Good product, value for money."
USER_607724,Pooja Iyer,Indore,5,"Good product, value for money."
USER_534763,Amit Das,Delhi,5,Awesome delivery speed.
USER_976219,Rohan Joshi,Lucknow,1,"Defective item received, returned it."
USER_984509,Rahul Gupta,Indore,4,"Average quality, could be better."
USER_790035,Arjun Deshmukh,Kolkata,2,"Not as expected, colors are dull."
USER_213422,Vikram Chauhan,Mumbai,4,Highly recommended!
USER_560192,Manish Deshmukh,Indore,5,Perfect fit and comfortable.
USER_613830,Siddharth Kumar,Mumbai,5,Excellent customer support.
USER_255778,Rahul Yadav,Delhi,1,"Defective item received, returned it."
USER_875241,Divya Patel,Pune,2,"Not as expected, colors are dull."
USER_874012,Vikram Chauhan,Kochi,4,Battery drains too fast.
USER_428395,Aisha Reddy,Bangalore,1,"Terrible, broke on the first day."
USER_193322,Riya Sharma,Hyderabad,5,Highly recommended!
USER_130808,Kavya Deshmukh,Hyderabad,5,Perfect fit and comfortable.
USER_713734,Kavya Nair,Kochi,2,"Defective item received, returned it."
USER_868733,Riya Kumar,Surat,4,Awesome delivery speed.
USER_284523,Karan Nair,Pune,4,Highly recommended!
USER_600290,Priya Kumar,Kolkata,4,A bit overpriced but decent.
USER_277068,Pooja Gupta,Hyderabad,2,"Worst experience ever, do not buy!"
USER_376171,Arjun Das,Jaipur,5,Highly recommended!
USER_248968,Divya Bose,Delhi,3,A bit overpriced but decent.
USER_913416,Kavya Nair,Hyderabad,4,Excellent customer support.
USER_184061,Sneha Reddy,Hyderabad,5,"Good product, value for money."
USER_866646,Rohan Bose,Chennai,4,Perfect fit and comfortable.
USER_303765,Vikram Patel,Lucknow,4,"Good product, value for money."
USER_817806,Rohan Das,Kochi,1,"Defective item received, returned it."
USER_501133,Siddharth Yadav,Chandigarh,5,Awesome delivery speed.
USER_854986,Anjali Das,Pune,5,"Good product, value for money."
USER_358679,Neha Sharma,Kochi,4,"Average quality, could be better."
USER_899260,Karan Das,Ahmedabad,4,A bit overpriced but decent.
USER_659155,Manish Yadav,Lucknow,3,Nice packing.
USER_564744,Amit Reddy,Ahmedabad,4,Highly recommended!
USER_153019,Riya Joshi,Chennai,2,"Terrible, broke on the first day."
USER_916601,Pooja Nair,Kochi,4,Highly recommended!
USER_359948,Arjun Verma,Pune,4,Highly recommended!
USER_543750,Aditya Verma,Delhi,4,"Average quality, could be better."
USER_121063,Karan Joshi,Mumbai,5,Loved it!
USER_584065,Vikram Kumar,Chandigarh,3,"Average quality, could be better."
USER_492588,Rohan Joshi,Chandigarh,5,Highly recommended!
USER_435542,Riya Iyer,Bangalore,5,Excellent customer support.
USER_403608,Anjali Das,Hyderabad,2,"Terrible, broke on the first day."
USER_722509,Rahul Reddy,Ahmedabad,4,"Average quality, could be better."
USER_246674,Vikram Das,Ahmedabad,5,"Good product, value for money."
USER_796947,Sneha Kumar,Ahmedabad,4,Exactly as shown in the picture.
USER_226414,Riya Bose,Surat,2,"Defective item received, returned it."
USER_992015,Riya Gupta,Chennai,4,Perfect fit and comfortable.
USER_517457,Rohan Deshmukh,Chennai,5,"Good product, value for money."
USER_975535,Aditya Reddy,Hyderabad,2,"Average quality, could be better."
USER_335519,Manish Singh,Kochi,2,Nice packing.
USER_482907,Vikram Das,Chennai,5,Loved it!
USER_530588,Riya Bose,Ahmedabad,3,Nice packing.
USER_934903,Aisha Iyer,Jaipur,5,Awesome delivery speed.
USER_676209,Siddharth Chauhan,Ahmedabad,4,Perfect fit and comfortable.
USER_827194,Neha Deshmukh,Surat,2,"Worst experience ever, do not buy!"
USER_449307,Riya Verma,Ahmedabad,4,Excellent customer support.
USER_401521,Siddharth Deshmukh,Surat,3,A bit overpriced but decent.
USER_653647,Vikram Nair,Indore,4,Awesome delivery speed.
USER_102652,Manish Patel,Kochi,5,Loved it!
USER_454194,Neha Kumar,Mumbai,3,Nice packing.
USER_425949,Divya Gupta,Pune,3,Nice packing.
USER_332225,Kavya Kumar,Indore,5,Loved it!
USER_632884,Sneha Joshi,Pune,5,Highly recommended!
USER_916904,Anjali Verma,Hyderabad,4,Awesome delivery speed.
USER_926772,Divya Das,Chennai,3,"Not as expected, colors are dull."
USER_734346,Vikram Singh,Kochi,5,Highly recommended!
USER_460415,Anjali Nair,Jaipur,2,"Not as expected, colors are dull."
USER_700465,Rahul Sharma,Hyderabad,4,Battery drains too fast.
USER_790885,Arjun Sharma,Kochi,2,Battery drains too fast.
USER_623234,Aisha Singh,Chennai,5,Exactly as shown in the picture.
USER_916587,Aditya Chauhan,Pune,5,Perfect fit and comfortable.
USER_819853,Arjun Joshi,Lucknow,4,Highly recommended!
USER_858289,Riya Deshmukh,Bangalore,4,Excellent customer support.
USER_844646,Neha Deshmukh,Lucknow,3,A bit overpriced but decent.
USER_617781,Sneha Chauhan,Lucknow,1,"Defective item received, returned it."
USER_809512,Rohan Joshi,Pune,2,"Terrible, broke on the first day."
USER_261613,Siddharth Joshi,Chandigarh,5,Loved it!
USER_868715,Pooja Kumar,Jaipur,5,Excellent customer support.
USER_600777,Vikram Reddy,Jaipur,4,Nice packing.
USER_406189,Vikram Deshmukh,Surat,3,"Average quality, could be better."
USER_616118,Manish Gupta,Jaipur,1,"Defective item received, returned it."
USER_400763,Rahul Bose,Hyderabad,5,Exactly as shown in the picture.
USER_127327,Sneha Patel,Hyderabad,4,Highly recommended!
USER_478116,Rohan Das,Chennai,4,A bit overpriced but decent.
USER_239595,Divya Gupta,Ahmedabad,4,Exactly as shown in the picture.
USER_963757,Manish Yadav,Mumbai,5,Exactly as shown in the picture.
USER_330024,Siddharth Deshmukh,Bangalore,4,Battery drains too fast.
USER_301958,Rahul Sharma,Surat,4,Excellent customer support.
USER_438326,Aisha Joshi,Pune,4,"Not as expected, colors are dull."
USER_229498,Pooja Joshi,Kochi,4,Highly recommended!
USER_416477,Kavya Sharma,Ahmedabad,4,Awesome delivery speed.
USER_398761,Pooja Sharma,Ahmedabad,5,Exactly as shown in the picture.
USER_166303,Aisha Verma,Chennai,4,"Good product, value for money."
USER_992768,Manish Singh,Jaipur,4,Highly recommended!
USER_240385,Aditya Chauhan,Kochi,5,Loved it!
USER_152451,Priya Deshmukh,Lucknow,5,Exactly as shown in the picture.
USER_238834,Riya Singh,Mumbai,1,"Defective item received, returned it."
USER_640408,Pooja Reddy,Indore,4,A bit overpriced but decent.
USER_347903,Priya Das,Indore,4,Nice packing.
USER_790751,Pooja Gupta,Pune,5,Highly recommended!
USER_349877,Riya Kumar,Kochi,5,Perfect fit and comfortable.
USER_765742,Pooja Gupta,Delhi,2,A bit overpriced but decent.
USER_375062,Karan Gupta,Chandigarh,4,Nice packing.
USER_574542,Amit Iyer,Indore,4,Loved it!
USER_117814,Riya Kumar,Chennai,3,Battery drains too fast.
USER_985097,Kavya Verma,Indore,2,"Defective item received, returned it."
USER_532821,Rahul Deshmukh,Surat,2,"Terrible, broke on the first day."
USER_562215,Karan Yadav,Ahmedabad,1,"Worst experience ever, do not buy!"
USER_514993,Sneha Singh,Hyderabad,3,Nice packing.
USER_377909,Arjun Sharma,Indore,4,Excellent customer support.
USER_771507,Sneha Nair,Surat,2,"Terrible, broke on the first day."
USER_409096,Karan Sharma,Jaipur,5,Excellent customer support.
USER_467517,Arjun Iyer,Surat,1,"Terrible, broke on the first day."
USER_249496,Neha Joshi,Surat,4,"Average quality, could be better."
USER_523137,Anjali Singh,Lucknow,4,Perfect fit and comfortable.
USER_350934,Priya Kumar,Surat,5,Excellent customer support.
USER_771848,Riya Deshmukh,Delhi,2,A bit overpriced but decent.
USER_171779,Sneha Kumar,Indore,2,"Not as expected, colors are dull."
USER_724242,Riya Gupta,Ahmedabad,2,"Terrible, broke on the first day."
USER_622796,Neha Joshi,Bangalore,2,"Worst experience ever, do not buy!"
USER_889588,Karan Bose,Kolkata,4,"Not as expected, colors are dull."
USER_743429,Anjali Patel,Delhi,4,Exactly as shown in the picture.
USER_941115,Neha Gupta,Delhi,4,Perfect fit and comfortable.
USER_201214,Priya Bose,Hyderabad,4,Loved it!
USER_943805,Divya Sharma,Delhi,1,"Terrible, broke on the first day."
USER_835615,Amit Nair,Hyderabad,5,"Good product, value for money."
USER_194524,Arjun Iyer,Delhi,5,Exactly as shown in the picture.
USER_739777,Neha Reddy,Delhi,4,"Average quality, could be better."
USER_786246,Kavya Joshi,Lucknow,4,Awesome delivery speed.
USER_542803,Siddharth Kumar,Chennai,3,"Average quality, could be better."
USER_289286,Pooja Das,Kochi,2,"Worst experience ever, do not buy!"
USER_633187,Vikram Sharma,Kolkata,1,"Defective item received, returned it."
USER_190159,Amit Kumar,Surat,4,Highly recommended!
USER_521670,Amit Kumar,Kolkata,5,Perfect fit and comfortable.
USER_932441,Arjun Nair,Chandigarh,4,"Not as expected, colors are dull."
USER_915420,Anjali Patel,Hyderabad,3,"Average quality, could be better."
USER_429396,Anjali Singh,Chennai,4,Highly recommended!
USER_672157,Divya Nair,Ahmedabad,5,Perfect fit and comfortable.
USER_812233,Riya Reddy,Ahmedabad,3,Battery drains too fast.
USER_907484,Pooja Chauhan,Jaipur,5,Perfect fit and comfortable.
USER_458309,Anjali Verma,Kochi,2,Battery drains too fast.
USER_388563,Amit Deshmukh,Hyderabad,1,"Terrible, broke on the first day."
USER_414180,Priya Patel,Kochi,1,"Defective item received, returned it."
USER_448263,Pooja Kumar,Delhi,2,"Terrible, broke on the first day."
USER_365686,Manish Deshmukh,Jaipur,5,Perfect fit and comfortable.
USER_277093,Manish Yadav,Ahmedabad,5,Loved it!
USER_332714,Priya Patel,Chandigarh,3,"Average quality, could be better."
USER_932199,Aisha Deshmukh,Kochi,1,"Worst experience ever, do not buy!"
USER_302237,Pooja Joshi,Kolkata,1,"Defective item received, returned it."
USER_591685,Manish Patel,Jaipur,4,"Good product, value for money."
USER_746684,Rohan Iyer,Surat,4,Perfect fit and comfortable.
USER_278109,Pooja Bose,Ahmedabad,2,"Not as expected, colors are dull."
USER_257952,Priya Sharma,Mumbai,2,"Terrible, broke on the first day."
USER_836973,Neha Joshi,Kolkata,4,Excellent customer support.
USER_186608,Kavya Sharma,Indore,2,Nice packing.
USER_276585,Rohan Verma,Pune,3,Battery drains too fast.
USER_293348,Kavya Patel,Delhi,4,Loved it!
USER_983477,Anjali Nair,Indore,4,Loved it!
USER_855266,Pooja Deshmukh,Jaipur,2,"Worst experience ever, do not buy!"
USER_245998,Arjun Kumar,Kochi,4,Excellent customer support.
USER_901478,Karan Iyer,Hyderabad,4,Awesome delivery speed.
USER_119592,Aditya Chauhan,Surat,4,A bit overpriced but decent.
USER_719525,Aditya Sharma,Indore,2,Battery drains too fast.
USER_734139,Rohan Reddy,Indore,4,Awesome delivery speed.
USER_769712,Sneha Deshmukh,Ahmedabad,1,"Terrible, broke on the first day."
USER_338259,Neha Nair,Mumbai,5,Awesome delivery speed.
USER_218850,Kavya Iyer,Chennai,2,"Not as expected, colors are dull."
USER_959145,Karan Gupta,Pune,5,Awesome delivery speed.
USER_651363,Manish Gupta,Bangalore,4,Awesome delivery speed.
USER_145331,Vikram Bose,Chennai,1,"Defective item received, returned it."
USER_445654,Riya Bose,Lucknow,1,"Defective item received, returned it."
USER_921361,Arjun Das,Mumbai,4,Excellent customer support.
USER_914307,Sneha Patel,Jaipur,4,"Good product, value for money."
USER_958197,Aisha Yadav,Bangalore,4,Loved it!
USER_183841,Vikram Das,Hyderabad,5,Awesome delivery speed.
USER_211010,Amit Deshmukh,Jaipur,5,Excellent customer support.
USER_859078,Amit Bose,Delhi,1,"Terrible, broke on the first day."
USER_856490,Sneha Patel,Mumbai,5,Perfect fit and comfortable.
USER_150452,Rahul Sharma,Jaipur,2,"Average quality, could be better."
USER_620086,Manish Sharma,Mumbai,2,"Terrible, broke on the first day."
USER_268082,Rahul Joshi,Hyderabad,3,"Not as expected, colors are dull."
USER_782559,Aisha Bose,Chandigarh,4,"Not as expected, colors are dull."
USER_776742,Vikram Kumar,Hyderabad,5,Perfect fit and comfortable.
USER_798400,Siddharth Gupta,Kochi,4,Loved it!
USER_571063,Kavya Iyer,Lucknow,2,"Not as expected, colors are dull."
USER_863849,Riya Joshi,Kolkata,2,"Terrible, broke on the first day."
USER_288063,Siddharth Chauhan,Chennai,3,"Not as expected, colors are dull."
USER_898151,Kavya Joshi,Chandigarh,2,A bit overpriced but decent.
USER_682886,Manish Yadav,Mumbai,4,Nice packing.
USER_980392,Divya Yadav,Jaipur,1,"Defective item received, returned it."
USER_813231,Kavya Deshmukh,Delhi,4,"Good product, value for money."
USER_608782,Manish Chauhan,Kochi,4,Highly recommended!
USER_250804,Sneha Iyer,Hyderabad,4,Loved it!
USER_329909,Arjun Patel,Lucknow,4,Nice packing.
USER_843770,Vikram Chauhan,Jaipur,5,Exactly as shown in the picture.
USER_111193,Rahul Reddy,Surat,2,A bit overpriced but decent.
USER_394961,Rahul Sharma,Chennai,4,"Average quality, could be better."
USER_220845,Divya Nair,Kolkata,4,Highly recommended!
USER_276835,Amit Sharma,Kolkata,5,"Good product, value for money."
USER_922288,Priya Gupta,Kolkata,3,"Average quality, could be better."
USER_384274,Priya Joshi,Lucknow,2,"Terrible, broke on the first day."
USER_429597,Priya Chauhan,Surat,5,Awesome delivery speed.
USER_861507,Aisha Kumar,Lucknow,5,"Good product, value for money."
USER_634167,Riya Deshmukh,Mumbai,5,Highly recommended!
USER_316736,Rahul Iyer,Surat,5,Exactly as shown in the picture.
USER_189855,Siddharth Nair,Chennai,5,Excellent customer support.
USER_924929,Kavya Joshi,Indore,3,Battery drains too fast.
USER_931333,Aisha Bose,Kochi,5,Perfect fit and comfortable.
USER_907995,Arjun Bose,Chandigarh,5,Perfect fit and comfortable.
USER_911293,Kavya Reddy,Pune,4,Excellent customer support.
USER_769104,Arjun Sharma,Surat,2,"Not as expected, colors are dull."
USER_553848,Siddharth Reddy,Lucknow,5,Excellent customer support.
USER_518672,Neha Chauhan,Indore,2,"Not as expected, colors are dull."
USER_545301,Karan Bose,Ahmedabad,5,"Good product, value for money."
USER_189197,Amit Patel,Kochi,2,"Average quality, could be better."
USER_791145,Arjun Das,Jaipur,4,Exactly as shown in the picture.
USER_851950,Arjun Nair,Kolkata,2,"Terrible, broke on the first day."
USER_938385,Sneha Kumar,Bangalore,5,Excellent customer support.
USER_289163,Rohan Chauhan,Hyderabad,4,Excellent customer support.
USER_257405,Kavya Verma,Pune,3,"Average quality, could be better."
USER_704873,Karan Patel,Kochi,2,"Worst experience ever, do not buy!"
USER_466339,Neha Das,Kochi,2,"Defective item received, returned it."
USER_352105,Rohan Joshi,Jaipur,1,"Terrible, broke on the first day."
USER_241177,Kavya Bose,Surat,2,A bit overpriced but decent.
USER_196207,Riya Iyer,Pune,1,"Defective item received, returned it."
USER_186858,Siddharth Deshmukh,Mumbai,1,"Worst experience ever, do not buy!"
USER_334666,Amit Sharma,Delhi,5,Exactly as shown in the picture.
USER_107585,Aisha Kumar,Surat,4,"Average quality, could be better."
USER_483233,Siddharth Singh,Indore,5,Highly recommended!
USER_214781,Priya Deshmukh,Lucknow,5,Perfect fit and comfortable.
USER_128783,Anjali Deshmukh,Indore,2,"Defective item received, returned it."
USER_276433,Pooja Verma,Ahmedabad,4,Highly recommended!
USER_713286,Pooja Singh,Chandigarh,4,Battery drains too fast.
USER_760876,Anjali Gupta,Delhi,4,Highly recommended!
USER_358832,Pooja Iyer,Chennai,3,Battery drains too fast.
USER_118873,Pooja Das,Indore,4,"Not as expected, colors are dull."
USER_668822,Amit Chauhan,Pune,2,Battery drains too fast.
USER_245170,Sneha Reddy,Chandigarh,4,Exactly as shown in the picture.
USER_393262,Arjun Chauhan,Hyderabad,4,Excellent customer support.
USER_115319,Kavya Gupta,Surat,1,"Worst experience ever, do not buy!"
USER_604847,Riya Das,Surat,4,Loved it!
USER_813231,Kavya Deshmukh,Delhi,4,"Good product, value for money."
USER_894521,Vikram Sharma,Delhi,5,Highly recommended!
USER_724514,Amit Kumar,Mumbai,4,Awesome delivery speed.
USER_600597,Kavya Nair,Ahmedabad,5,Awesome delivery speed.
USER_248702,Aisha Deshmukh,Surat,4,Perfect fit and comfortable.
USER_649945,Arjun Singh,Hyderabad,2,Battery drains too fast.
USER_187776,Rohan Das,Indore,2,"Terrible, broke on the first day."
USER_708430,Kavya Reddy,Lucknow,5,Excellent customer support.
USER_816590,Neha Yadav,Pune,4,A bit overpriced but decent.
USER_587465,Aisha Joshi,Ahmedabad,5,"Good product, value for money."
USER_459477,Riya Iyer,Surat,3,Nice packing.
USER_562285,Siddharth Joshi,Bangalore,3,Nice packing.
USER_562217,Sneha Singh,Pune,4,Battery drains too fast.
USER_997901,Aisha Nair,Chandigarh,4,Battery drains too fast.
USER_478211,Karan Das,Kochi,5,Highly recommended!
USER_727515,Pooja Reddy,Jaipur,1,"Defective item received, returned it."
USER_827736,Rohan Verma,Kolkata,5,Highly recommended!
USER_955579,Arjun Joshi,Hyderabad,1,"Worst experience ever, do not buy!"
USER_124998,Amit Reddy,Surat,4,Exactly as shown in the picture.
USER_212150,Karan Sharma,Lucknow,5,Highly recommended!
USER_157493,Kavya Reddy,Chandigarh,4,Highly recommended!
USER_570497,Rohan Das,Bangalore,5,Excellent customer support.
USER_989198,Riya Yadav,Hyderabad,5,Exactly as shown in the picture.
USER_747850,Kavya Singh,Hyderabad,5,Perfect fit and comfortable.
USER_877185,Pooja Singh,Lucknow,1,"Defective item received, returned it."
USER_542194,Karan Sharma,Lucknow,1,"Defective item received, returned it."
USER_526869,Siddharth Deshmukh,Lucknow,4,Battery drains too fast.
USER_610706,Amit Gupta,Surat,4,Perfect fit and comfortable.
USER_157551,Neha Gupta,Ahmedabad,2,"Not as expected, colors are dull."
USER_525830,Aisha Yadav,Indore,4,A bit overpriced but decent.
USER_617785,Aisha Reddy,Kochi,4,Excellent customer support.
USER_100684,Neha Yadav,Pune,3,"Average quality, could be better."
USER_508204,Manish Deshmukh,Lucknow,1,"Worst experience ever, do not buy!"
USER_576923,Sneha Gupta,Lucknow,5,Excellent customer support.
USER_628547,Rahul Deshmukh,Lucknow,5,"Good product, value for money."
USER_645564,Anjali Kumar,Jaipur,4,Awesome delivery speed.
USER_985005,Manish Sharma,Chandigarh,2,A bit overpriced but decent.
USER_900228,Priya Reddy,Chennai,3,Battery drains too fast.
USER_111995,Rahul Patel,Chennai,5,Exactly as shown in the picture.
USER_101912,Aisha Reddy,Pune,2,A bit overpriced but decent.
USER_172607,Neha Nair,Hyderabad,4,Awesome delivery speed.
USER_327773,Neha Das,Mumbai,2,"Terrible, broke on the first day."
USER_764295,Kavya Kumar,Ahmedabad,4,A bit overpriced but decent.
USER_175627,Neha Singh,Jaipur,2,A bit overpriced but decent.
USER_437134,Priya Iyer,Indore,5,Exactly as shown in the picture.
USER_274453,Rahul Sharma,Kolkata,2,"Worst experience ever, do not buy!"
USER_128656,Amit Nair,Hyderabad,4,"Not as expected, colors are dull."
USER_836298,Aditya Iyer,Jaipur,2,"Not as expected, colors are dull."
USER_805257,Karan Patel,Hyderabad,2,"Defective item received, returned it."
USER_599040,Aditya Kumar,Chennai,2,Battery drains too fast.
USER_378525,Karan Yadav,Lucknow,1,"Worst experience ever, do not buy!"
USER_416056,Manish Das,Mumbai,4,"Good product, value for money."
USER_809523,Sneha Kumar,Delhi,5,Perfect fit and comfortable.
USER_270916,Siddharth Singh,Kolkata,4,Exactly as shown in the picture.
USER_684356,Riya Kumar,Kochi,2,"Defective item received, returned it."
USER_792001,Manish Yadav,Jaipur,5,Awesome delivery speed.
USER_437952,Aditya Patel,Ahmedabad,5,Excellent customer support.
USER_666825,Arjun Yadav,Mumbai,4,Exactly as shown in the picture.
USER_899941,Manish Joshi,Kolkata,4,Awesome delivery speed.
USER_853580,Karan Deshmukh,Jaipur,2,Nice packing.
USER_937975,Manish Yadav,Chennai,4,Loved it!
USER_509740,Sneha Chauhan,Chennai,2,"Average quality, could be better."
USER_100316,Sneha Joshi,Indore,2,"Terrible, broke on the first day."
USER_969790,Neha Iyer,Kochi,4,"Not as expected, colors are dull."
USER_667844,Divya Joshi,Chennai,5,Exactly as shown in the picture.
USER_158794,Rahul Nair,Mumbai,4,"Average quality, could be better."
USER_660128,Sneha Nair,Mumbai,5,Loved it!
USER_777583,Priya Nair,Lucknow,5,Loved it!
USER_760847,Pooja Iyer,Surat,4,"Good product, value for money."
USER_472138,Riya Kumar,Ahmedabad,4,Loved it!
USER_753676,Rohan Bose,Surat,5,Highly recommended!
USER_669177,Priya Singh,Indore,5,Exactly as shown in the picture.
USER_629570,Manish Deshmukh,Jaipur,4,Battery drains too fast.
USER_467243,Rohan Yadav,Jaipur,5,Perfect fit and comfortable.
USER_866191,Aisha Patel,Mumbai,2,"Worst experience ever, do not buy!"
USER_311576,Vikram Nair,Chennai,4,Awesome delivery speed.
USER_115984,Riya Chauhan,Indore,4,Awesome delivery speed.
USER_849355,Arjun Deshmukh,Chennai,1,"Defective item received, returned it."
USER_301690,Amit Verma,Ahmedabad,3,"Average quality, could be better."
USER_998007,Pooja Yadav,Kolkata,5,Exactly as shown in the picture.
USER_102963,Riya Sharma,Indore,4,"Good product, value for money."
USER_200281,Neha Reddy,Jaipur,5,Perfect fit and comfortable.
USER_937990,Siddharth Bose,Chennai,4,"Good product, value for money."
USER_142423,Priya Nair,Surat,5,Highly recommended!
USER_304573,Amit Reddy,Indore,5,Perfect fit and comfortable.
USER_862889,Arjun Iyer,Kochi,5,"Good product, value for money."
USER_485788,Aditya Kumar,Chandigarh,1,"Terrible, broke on the first day."
USER_986526,Kavya Iyer,Hyderabad,5,Highly recommended!
USER_929245,Divya Kumar,Indore,4,Exactly as shown in the picture.
USER_967379,Aisha Bose,Indore,5,Loved it!
USER_297089,Aisha Reddy,Pune,5,Exactly as shown in the picture.
USER_405536,Siddharth Kumar,Delhi,3,"Average quality, could be better."
USER_467476,Rahul Chauhan,Chennai,5,Excellent customer support.
USER_658099,Vikram Reddy,Pune,5,"Good product, value for money."
USER_448514,Arjun Verma,Kolkata,5,"Good product, value for money."
USER_305764,Aditya Das,Chennai,3,"Average quality, could be better."
USER_611612,Divya Kumar,Kochi,4,Nice packing.
USER_159423,Priya Bose,Ahmedabad,5,Highly recommended!
USER_991873,Riya Kumar,Chandigarh,3,"Average quality, could be better."
USER_985474,Amit Deshmukh,Chandigarh,4,Nice packing.
USER_350556,Arjun Das,Ahmedabad,2,"Worst experience ever, do not buy!"
USER_877519,Aditya Sharma,Ahmedabad,2,"Terrible, broke on the first day."
USER_705340,Anjali Sharma,Chennai,4,Awesome delivery speed.
USER_346656,Kavya Sharma,Lucknow,4,Battery drains too fast.
USER_200954,Rohan Sharma,Indore,3,"Not as expected, colors are dull."
USER_192947,Karan Joshi,Mumbai,3,"Not as expected, colors are dull."
USER_767199,Karan Das,Bangalore,5,Exactly as shown in the picture.
USER_406847,Rohan Verma,Ahmedabad,3,Battery drains too fast.
USER_778332,Sneha Chauhan,Hyderabad,3,"Not as expected, colors are dull."
USER_166266,Karan Sharma,Delhi,1,"Defective item received, returned it."
USER_509476,Riya Deshmukh,Indore,5,"Good product, value for money."
USER_935227,Kavya Bose,Kolkata,4,Awesome delivery speed.
USER_879015,Siddharth Verma,Lucknow,5,"Good product, value for money."
USER_285490,Sneha Singh,Bangalore,5,"Good product, value for money."
USER_438804,Rahul Nair,Lucknow,3,Nice packing.
USER_677040,Pooja Kumar,Jaipur,2,"Worst experience ever, do not buy!"
USER_141432,Aditya Bose,Mumbai,4,Nice packing.
USER_998583,Rohan Nair,Pune,4,A bit overpriced but decent.
USER_586383,Amit Reddy,Indore,4,"Not as expected, colors are dull."
USER_882695,Siddharth Deshmukh,Pune,4,Nice packing.
USER_350027,Aditya Nair,Kolkata,5,Excellent customer support.
USER_236438,Rohan Deshmukh,Delhi,1,"Defective item received, returned it."
USER_571398,Amit Deshmukh,Indore,4,Exactly as shown in the picture.
USER_125813,Riya Yadav,Surat,2,"Worst experience ever, do not buy!"
USER_448845,Vikram Bose,Delhi,2,"Not as expected, colors are dull."
USER_302624,Rahul Deshmukh,Kochi,4,Excellent customer support.
USER_963889,Sneha Gupta,Surat,5,Awesome delivery speed.
USER_843871,Riya Iyer,Chandigarh,4,Perfect fit and comfortable.
USER_609183,Pooja Bose,Bangalore,5,Exactly as shown in the picture.
USER_963674,Rohan Joshi,Bangalore,5,Awesome delivery speed.
USER_829027,Vikram Das,Ahmedabad,4,Highly recommended!
USER_256984,Rohan Iyer,Mumbai,4,A bit overpriced but decent.
USER_990661,Pooja Singh,Chennai,4,Exactly as shown in the picture.
USER_897736,Sneha Sharma,Hyderabad,4,A bit overpriced but decent.
USER_752227,Riya Yadav,Kochi,4,Loved it!
USER_881313,Vikram Iyer,Hyderabad,5,Perfect fit and comfortable.
USER_966317,Pooja Deshmukh,Chennai,4,Battery drains too fast.
USER_290294,Priya Iyer,Pune,4,Highly recommended!
USER_234233,Aditya Das,Surat,2,"Worst experience ever, do not buy!"
USER_487891,Rahul Gupta,Jaipur,1,"Defective item received, returned it."
USER_879600,Pooja Deshmukh,Kochi,2,"Not as expected, colors are dull."
USER_573559,Sneha Iyer,Ahmedabad,3,A bit overpriced but decent.
USER_392321,Kavya Chauhan,Kolkata,4,Nice packing.
USER_590017,Manish Nair,Pune,2,A bit overpriced but decent.
USER_150183,Pooja Sharma,Kochi,2,A bit overpriced but decent.
USER_699163,Siddharth Patel,Ahmedabad,4,Awesome delivery speed.
USER_405501,Amit Iyer,Bangalore,4,"Good product, value for money."
USER_158033,Rohan Nair,Kochi,2,"Not as expected, colors are dull."
USER_749360,Anjali Nair,Delhi,4,"Good product, value for money."
USER_120513,Vikram Deshmukh,Mumbai,5,Awesome delivery speed.
USER_852523,Karan Iyer,Surat,4,Exactly as shown in the picture.
USER_123988,Anjali Chauhan,Chennai,1,"Terrible, broke on the first day."
USER_509295,Pooja Verma,Chennai,2,"Average quality, could be better."
USER_498017,Riya Joshi,Hyderabad,2,"Defective item received, returned it."
USER_704383,Riya Patel,Pune,4,"Good product, value for money."
USER_850499,Arjun Deshmukh,Delhi,4,Loved it!
USER_541609,Manish Yadav,Indore,1,"Terrible, broke on the first day."
USER_195907,Rohan Nair,Indore,2,Battery drains too fast.
USER_775948,Kavya Kumar,Ahmedabad,4,"Good product, value for money."
USER_353501,Karan Sharma,Chandigarh,2,"Not as expected, colors are dull."
USER_678533,Vikram Chauhan,Mumbai,4,"Not as expected, colors are dull."
USER_453476,Rahul Reddy,Chennai,4,"Not as expected, colors are dull."
USER_367518,Divya Verma,Bangalore,4,Loved it!
USER_231370,Amit Deshmukh,Lucknow,4,Perfect fit and comfortable.
USER_613395,Aisha Joshi,Ahmedabad,4,A bit overpriced but decent.
USER_159095,Arjun Nair,Kolkata,4,Battery drains too fast.
USER_640375,Vikram Sharma,Surat,4,Loved it!
USER_156068,Pooja Verma,Chennai,5,Perfect fit and comfortable.
USER_450258,Amit Reddy,Ahmedabad,3,"Not as expected, colors are dull."
USER_117097,Divya Reddy,Bangalore,5,Highly recommended!
USER_776496,Manish Deshmukh,Mumbai,1,"Worst experience ever, do not buy!"
USER_985966,Neha Kumar,Kolkata,4,Nice packing.
USER_133787,Rahul Singh,Chandigarh,3,"Not as expected, colors are dull."
USER_632342,Rahul Patel,Lucknow,5,Exactly as shown in the picture.
USER_610046,Arjun Nair,Ahmedabad,4,"Average quality, could be better."
USER_109083,Divya Singh,Bangalore,2,"Worst experience ever, do not buy!"
USER_650160,Manish Das,Delhi,5,Exactly as shown in the picture.
USER_424834,Kavya Verma,Chandigarh,4,Excellent customer support.
USER_235366,Karan Bose,Lucknow,4,Exactly as shown in the picture.
USER_592545,Neha Das,Mumbai,4,"Good product, value for money."
USER_446144,Divya Singh,Delhi,3,Nice packing.
USER_478407,Sneha Iyer,Chandigarh,2,"Average quality, could be better."
USER_720144,Siddharth Gupta,Kochi,4,"Good product, value for money."
USER_123901,Rohan Yadav,Chennai,3,A bit overpriced but decent.
USER_393254,Arjun Bose,Indore,4,Highly recommended!
USER_934713,Siddharth Yadav,Chennai,1,"Defective item received, returned it."
USER_707420,Kavya Nair,Kochi,2,"Average quality, could be better."
USER_764626,Divya Yadav,Delhi,4,Loved it!
USER_946359,Kavya Das,Bangalore,1,"Worst experience ever, do not buy!"
USER_840498,Neha Singh,Mumbai,4,Awesome delivery speed.
USER_538801,Aditya Das,Kochi,5,Perfect fit and comfortable.
USER_742334,Amit Gupta,Delhi,1,"Worst experience ever, do not buy!"
USER_930445,Sneha Reddy,Kolkata,2,A bit overpriced but decent.
USER_428785,Rahul Joshi,Lucknow,2,Nice packing.
USER_223864,Siddharth Iyer,Mumbai,4,"Average quality, could be better."
USER_936921,Siddharth Reddy,Pune,4,A bit overpriced but decent.
USER_773833,Manish Chauhan,Chennai,2,"Defective item received, returned it."
USER_130820,Siddharth Singh,Surat,4,"Average quality, could be better."
USER_813183,Manish Sharma,Kochi,2,Battery drains too fast.
USER_936158,Aisha Patel,Hyderabad,4,"Average quality, could be better."
USER_207191,Vikram Gupta,Kolkata,4,Highly recommended!
USER_530803,Karan Kumar,Mumbai,4,"Good product, value for money."
USER_236798,Arjun Nair,Bangalore,2,"Defective item received, returned it."
USER_421377,Anjali Verma,Chennai,3,Battery drains too fast.
USER_203320,Anjali Deshmukh,Chennai,5,Loved it!
USER_968607,Rahul Gupta,Surat,4,"Good product, value for money."
USER_211240,Priya Iyer,Delhi,2,Battery drains too fast.
USER_978083,Sneha Sharma,Chennai,3,"Average quality, could be better."
USER_873447,Aditya Verma,Ahmedabad,3,"Average quality, could be better."
USER_431155,Vikram Chauhan,Kolkata,1,"Defective item received, returned it."
USER_906053,Aditya Yadav,Pune,2,"Defective item received, returned it."
USER_502627,Divya Iyer,Mumbai,2,"Terrible, broke on the first day."
USER_591228,Aisha Deshmukh,Mumbai,1,"Defective item received, returned it."
USER_580999,Siddharth Gupta,Hyderabad,4,"Good product, value for money."
USER_785710,Rohan Singh,Indore,4,Perfect fit and comfortable.
USER_725882,Kavya Gupta,Surat,5,Exactly as shown in the picture.
USER_702913,Kavya Bose,Indore,5,"Good product, value for money."
USER_991142,Siddharth Reddy,Mumbai,3,"Average quality, could be better."
USER_999080,Vikram Sharma,Chandigarh,4,"Average quality, could be better."
USER_962362,Vikram Deshmukh,Bangalore,4,Excellent customer support.
USER_636250,Aditya Reddy,Delhi,5,Exactly as shown in the picture.
USER_152626,Sneha Nair,Lucknow,3,A bit overpriced but decent.
USER_123265,Karan Singh,Ahmedabad,4,Exactly as shown in the picture.
USER_917762,Aditya Verma,Chandigarh,4,Loved it!
USER_772783,Rohan Bose,Kolkata,5,Exactly as shown in the picture.
USER_975071,Amit Sharma,Delhi,1,"Defective item received, returned it."
USER_832885,Anjali Nair,Kochi,5,Awesome delivery speed.
USER_364155,Amit Das,Jaipur,5,"Good product, value for money."
USER_934244,Arjun Patel,Delhi,5,Loved it!
USER_753413,Sneha Gupta,Pune,4,Excellent customer support.
USER_509711,Aditya Singh,Jaipur,5,Perfect fit and comfortable.
USER_786826,Aisha Nair,Pune,4,"Average quality, could be better."
USER_270494,Neha Patel,Kochi,4,Nice packing.
USER_869966,Riya Patel,Bangalore,4,Highly recommended!
USER_191569,Vikram Reddy,Ahmedabad,4,A bit overpriced but decent.
USER_170483,Pooja Singh,Pune,2,Battery drains too fast.
USER_921611,Kavya Reddy,Jaipur,5,Awesome delivery speed.
USER_591772,Rahul Das,Kolkata,1,"Terrible, broke on the first day."
USER_110403,Aisha Chauhan,Kolkata,4,"Average quality, could be better."
USER_923541,Siddharth Das,Jaipur,5,Awesome delivery speed.
USER_142368,Aisha Yadav,Lucknow,5,Awesome delivery speed.
USER_127718,Priya Joshi,Kochi,4,Highly recommended!
USER_184901,Priya Verma,Chennai,4,"Average quality, could be better."
USER_703485,Anjali Bose,Jaipur,2,"Defective item received, returned it."
USER_780328,Vikram Chauhan,Jaipur,2,Nice packing.
USER_172340,Aditya Das,Kochi,5,"Good product, value for money."
USER_170297,Neha Kumar,Jaipur,4,Battery drains too fast.
USER_896808,Amit Patel,Mumbai,2,Nice packing.
USER_353766,Karan Bose,Indore,2,"Not as expected, colors are dull."
USER_479113,Karan Chauhan,Lucknow,4,Battery drains too fast.
USER_477224,Siddharth Joshi,Hyderabad,2,A bit overpriced but decent.
USER_440316,Anjali Joshi,Chennai,3,Nice packing.
USER_147179,Priya Das,Indore,4,"Good product, value for money."
USER_495335,Riya Das,Indore,3,Nice packing.
USER_638222,Rahul Deshmukh,Indore,1,"Defective item received, returned it."
USER_961097,Amit Gupta,Kolkata,1,"Terrible, broke on the first day."
USER_796012,Anjali Kumar,Kolkata,4,Highly recommended!
USER_463842,Neha Iyer,Chandigarh,4,Excellent customer support.
USER_773636,Arjun Singh,Chandigarh,4,Nice packing.
USER_202132,Priya Joshi,Chennai,1,"Defective item received, returned it."
USER_185273,Aditya Patel,Bangalore,2,"Worst experience ever, do not buy!"
USER_868847,Pooja Iyer,Lucknow,1,"Worst experience ever, do not buy!"
USER_160807,Aditya Yadav,Jaipur,5,Perfect fit and comfortable.
USER_314494,Aditya Verma,Surat,3,A bit overpriced but decent.
USER_197506,Siddharth Reddy,Hyderabad,1,"Worst experience ever, do not buy!"
USER_208229,Sneha Sharma,Kochi,4,Highly recommended!
USER_441108,Rahul Patel,Bangalore,2,A bit overpriced but decent.
USER_972862,Kavya Yadav,Ahmedabad,4,"Good product, value for money."
USER_625700,Karan Nair,Surat,5,Awesome delivery speed.
USER_575874,Kavya Reddy,Chandigarh,2,A bit overpriced but decent.
USER_633878,Karan Singh,Kolkata,4,"Average quality, could be better."
USER_255383,Rahul Nair,Pune,4,Excellent customer support.
USER_395344,Amit Reddy,Lucknow,4,"Average quality, could be better."
USER_688269,Riya Chauhan,Lucknow,5,Exactly as shown in the picture.
USER_409384,Aisha Reddy,Indore,2,"Terrible, broke on the first day."
USER_105551,Rahul Bose,Indore,2,A bit overpriced but decent.
USER_463597,Rahul Iyer,Chennai,3,Battery drains too fast.
USER_588570,Aditya Sharma,Jaipur,4,Excellent customer support.
USER_858124,Anjali Joshi,Bangalore,5,Awesome delivery speed.
USER_514878,Amit Sharma,Pune,4,Loved it!
USER_736136,Aisha Bose,Bangalore,4,"Average quality, could be better."
USER_924640,Pooja Sharma,Kochi,5,"Good product, value for money."
USER_140341,Arjun Deshmukh,Mumbai,5,Exactly as shown in the picture.
USER_236096,Arjun Deshmukh,Bangalore,2,"Not as expected, colors are dull."
USER_631924,Aditya Sharma,Chennai,5,Loved it!
USER_559021,Rohan Nair,Hyderabad,4,Awesome delivery speed.
USER_990851,Rohan Patel,Mumbai,3,Battery drains too fast.
USER_719661,Manish Singh,Mumbai,2,"Worst experience ever, do not buy!"
USER_366543,Sneha Gupta,Pune,2,"Average quality, could be better."
USER_674564,Siddharth Chauhan,Surat,1,"Defective item received, returned it."
USER_812909,Amit Yadav,Indore,3,Battery drains too fast.
USER_499671,Divya Bose,Indore,4,Perfect fit and comfortable.
USER_438326,Aisha Joshi,Pune,4,"Not as expected, colors are dull."
USER_103142,Amit Sharma,Surat,4,Exactly as shown in the picture.
USER_559062,Rahul Nair,Ahmedabad,2,A bit overpriced but decent.
USER_995200,Priya Patel,Indore,2,"Defective item received, returned it."
USER_619548,Vikram Gupta,Delhi,1,"Worst experience ever, do not buy!"
USER_955890,Priya Reddy,Indore,3,Nice packing.
USER_722411,Karan Gupta,Surat,4,Nice packing.
USER_209630,Arjun Patel,Bangalore,5,Highly recommended!
USER_290832,Manish Bose,Indore,4,Perfect fit and comfortable.
USER_755172,Aditya Nair,Ahmedabad,4,Excellent customer support.
USER_462492,Manish Joshi,Chennai,4,Awesome delivery speed.
USER_386079,Pooja Kumar,Jaipur,4,Highly recommended!
USER_276033,Manish Kumar,Kochi,4,Exactly as shown in the picture.
USER_308083,Anjali Deshmukh,Chandigarh,4,A bit overpriced but decent.
USER_400266,Amit Joshi,Delhi,4,Awesome delivery speed.
USER_324794,Kavya Joshi,Pune,5,Exactly as shown in the picture.
USER_409665,Rohan Sharma,Kolkata,2,"Not as expected, colors are dull."
USER_247016,Pooja Nair,Pune,5,Excellent customer support.
USER_233655,Arjun Kumar,Indore,4,Exactly as shown in the picture.
USER_527828,Aisha Bose,Indore,2,"Worst experience ever, do not buy!"
USER_475287,Riya Bose,Surat,5,Awesome delivery speed.
USER_911685,Anjali Iyer,Hyderabad,1,"Terrible, broke on the first day."
USER_963404,Vikram Bose,Hyderabad,2,"Terrible, broke on the first day."
USER_840521,Kavya Singh,Kolkata,4,Nice packing.
USER_532428,Vikram Singh,Chennai,5,Loved it!
USER_599849,Rohan Nair,Pune,5,Loved it!
USER_522094,Rahul Chauhan,Surat,4,Highly recommended!
USER_228346,Amit Sharma,Bangalore,2,Nice packing.
USER_981228,Riya Das,Delhi,2,Battery drains too fast.
USER_552144,Amit Reddy,Chennai,4,Exactly as shown in the picture.
USER_267771,Anjali Nair,Pune,3,A bit overpriced but decent.
USER_986009,Neha Joshi,Lucknow,4,Exactly as shown in the picture.
USER_432545,Siddharth Bose,Indore,4,Perfect fit and comfortable.
USER_214224,Divya Nair,Jaipur,4,A bit overpriced but decent.
USER_458984,Anjali Sharma,Chennai,2,"Not as expected, colors are dull."
USER_309562,Riya Patel,Hyderabad,1,"Worst experience ever, do not buy!"
USER_702060,Pooja Das,Kochi,2,Nice packing.
USER_429501,Pooja Singh,Surat,4,Nice packing.
USER_930294,Vikram Verma,Surat,1,"Terrible, broke on the first day."
USER_913105,Priya Bose,Chennai,4,Perfect fit and comfortable.
USER_704448,Rahul Chauhan,Ahmedabad,3,A bit overpriced but decent.
USER_524385,Karan Gupta,Bangalore,1,"Worst experience ever, do not buy!"
USER_451549,Priya Das,Indore,5,Excellent customer support.
USER_816455,Rahul Iyer,Lucknow,4,"Average quality, could be better."
USER_180223,Sneha Kumar,Kochi,1,"Worst experience ever, do not buy!"
USER_336976,Neha Reddy,Lucknow,3,A bit overpriced but decent.
USER_163007,Amit Patel,Ahmedabad,4,Awesome delivery speed.
USER_441513,Sneha Patel,Mumbai,5,Excellent customer support.
USER_551609,Anjali Patel,Chennai,5,Awesome delivery speed.
USER_465505,Arjun Iyer,Bangalore,4,Battery drains too fast.
USER_235683,Priya Das,Hyderabad,2,Nice packing.
USER_408500,Rahul Bose,Indore,2,Battery drains too fast.
USER_527593,Pooja Joshi,Kochi,2,"Terrible, broke on the first day."
USER_715104,Anjali Das,Chandigarh,2,"Worst experience ever, do not buy!"
USER_586196,Manish Das,Chennai,4,Excellent customer support.
USER_184089,Karan Iyer,Lucknow,5,Perfect fit and comfortable.
USER_687607,Divya Chauhan,Mumbai,2,"Terrible, broke on the first day."
USER_537468,Siddharth Verma,Indore,5,Loved it!
USER_755397,Anjali Nair,Bangalore,2,"Defective item received, returned it."
USER_755357,Manish Bose,Lucknow,1,"Terrible, broke on the first day."
USER_396802,Rohan Reddy,Pune,5,Excellent customer support.
USER_688670,Pooja Yadav,Surat,4,Exactly as shown in the picture.
USER_427957,Neha Iyer,Bangalore,2,"Defective item received, returned it."
USER_813173,Rohan Iyer,Surat,5,Excellent customer support.
USER_483039,Priya Chauhan,Ahmedabad,1,"Terrible, broke on the first day."
USER_103856,Aditya Kumar,Ahmedabad,5,"Good product, value for money."
USER_203644,Riya Patel,Bangalore,2,Battery drains too fast.
USER_871524,Sneha Deshmukh,Ahmedabad,2,Nice packing.
USER_881237,Priya Deshmukh,Kolkata,2,"Not as expected, colors are dull."
USER_436557,Karan Deshmukh,Chandigarh,4,Battery drains too fast.
USER_322482,Pooja Bose,Pune,3,"Not as expected, colors are dull."
USER_390813,Arjun Chauhan,Mumbai,2,"Not as expected, colors are dull."
USER_985780,Divya Deshmukh,Indore,4,Nice packing.
USER_525349,Manish Reddy,Kolkata,2,Nice packing.
USER_859086,Manish Nair,Ahmedabad,3,"Not as expected, colors are dull."
USER_343386,Aditya Joshi,Chennai,5,Excellent customer support.
USER_645889,Rahul Patel,Delhi,1,"Worst experience ever, do not buy!"
USER_272914,Rahul Chauhan,Kolkata,4,Excellent customer support.
USER_814671,Kavya Verma,Surat,2,"Average quality, could be better."
USER_579383,Kavya Gupta,Chandigarh,2,"Worst experience ever, do not buy!"
USER_148582,Manish Iyer,Delhi,3,A bit overpriced but decent.
USER_301544,Riya Sharma,Hyderabad,4,A bit overpriced but decent.
USER_199678,Rahul Chauhan,Kolkata,5,Loved it!
USER_448173,Rahul Sharma,Kochi,4,"Good product, value for money."
USER_972872,Riya Verma,Bangalore,5,"Good product, value for money."
USER_149334,Priya Kumar,Surat,5,Awesome delivery speed.
USER_729434,Anjali Chauhan,Mumbai,4,Loved it!
USER_964637,Priya Das,Chennai,4,"Good product, value for money."
USER_406587,Pooja Joshi,Lucknow,4,Loved it!
USER_895756,Kavya Sharma,Chandigarh,4,"Good product, value for money."
USER_783046,Manish Patel,Hyderabad,4,A bit overpriced but decent.
USER_149382,Rahul Gupta,Jaipur,4,Highly recommended!
USER_107868,Arjun Nair,Ahmedabad,4,Exactly as shown in the picture.
USER_281924,Rohan Singh,Hyderabad,1,"Worst experience ever, do not buy!"
USER_931701,Arjun Singh,Indore,4,Battery drains too fast.
USER_574989,Karan Bose,Kolkata,2,"Defective item received, returned it."
USER_128784,Aditya Reddy,Chandigarh,2,"Average quality, could be better."
USER_427092,Divya Deshmukh,Ahmedabad,5,Exactly as shown in the picture.
USER_395560,Neha Deshmukh,Delhi,2,"Average quality, could be better."
USER_786530,Sneha Chauhan,Chandigarh,1,"Defective item received, returned it."
USER_130224,Riya Deshmukh,Hyderabad,2,"Defective item received, returned it."
USER_861061,Sneha Gupta,Bangalore,2,Nice packing.
USER_336422,Siddharth Gupta,Chennai,2,"Defective item received, returned it."
USER_220853,Kavya Sharma,Ahmedabad,1,"Worst experience ever, do not buy!"
USER_429210,Kavya Bose,Surat,3,A bit overpriced but decent.
USER_225389,Sneha Iyer,Pune,4,Perfect fit and comfortable.
USER_626599,Divya Deshmukh,Indore,2,"Average quality, could be better."
USER_986894,Anjali Sharma,Hyderabad,5,Awesome delivery speed.
USER_904331,Aisha Nair,Surat,3,Nice packing.
USER_747211,Karan Gupta,Kochi,4,Perfect fit and comfortable.
USER_869027,Vikram Singh,Mumbai,2,"Worst experience ever, do not buy!"
USER_483033,Riya Iyer,Chennai,2,"Terrible, broke on the first day."
USER_583680,Divya Singh,Hyderabad,4,Awesome delivery speed.
USER_455874,Rohan Joshi,Chennai,4,Loved it!
USER_862515,Aditya Sharma,Kochi,4,Awesome delivery speed.
USER_201202,Riya Chauhan,Ahmedabad,4,Loved it!
USER_277445,Sneha Deshmukh,Kochi,4,Nice packing.
USER_516993,Pooja Patel,Chandigarh,1,"Defective item received, returned it."
USER_666825,Arjun Yadav,Mumbai,4,Exactly as shown in the picture.
USER_459483,Priya Kumar,Kochi,5,Highly recommended!
USER_117738,Pooja Gupta,Bangalore,4,"Good product, value for money."
USER_639806,Divya Bose,Pune,4,"Not as expected, colors are dull."
USER_249546,Arjun Das,Kochi,5,Exactly as shown in the picture.
USER_453872,Sneha Joshi,Chandigarh,4,Excellent customer support.
USER_270335,Priya Chauhan,Hyderabad,2,"Worst experience ever, do not buy!"
USER_457614,Amit Singh,Mumbai,4,"Good product, value for money."
USER_559587,Arjun Gupta,Hyderabad,2,"Defective item received, returned it."
USER_161789,Aditya Patel,Chennai,5,Excellent customer support.
USER_724854,Rohan Kumar,Chandigarh,1,"Defective item received, returned it."
USER_806602,Amit Gupta,Kolkata,2,"Worst experience ever, do not buy!"
USER_323986,Amit Joshi,Indore,3,Battery drains too fast.
USER_441567,Priya Bose,Delhi,5,Awesome delivery speed.
USER_287223,Manish Joshi,Kolkata,4,Highly recommended!
USER_597412,Riya Iyer,Surat,4,Exactly as shown in the picture.
USER_309182,Vikram Patel,Lucknow,2,Nice packing.
USER_201513,Vikram Joshi,Surat,2,"Defective item received, returned it."
USER_793743,Priya Singh,Surat,1,"Worst experience ever, do not buy!"
USER_217401,Priya Kumar,Indore,2,"Not as expected, colors are dull."
USER_328644,Priya Verma,Mumbai,4,Awesome delivery speed.
USER_786194,Kavya Yadav,Pune,5,Highly recommended!
USER_176100,Anjali Chauhan,Delhi,5,Perfect fit and comfortable.
USER_578815,Aditya Gupta,Jaipur,4,Exactly as shown in the picture.
USER_115632,Anjali Chauhan,Bangalore,5,Highly recommended!
USER_762164,Pooja Das,Mumbai,2,"Worst experience ever, do not buy!"
USER_894753,Manish Verma,Bangalore,2,Battery drains too fast.
USER_207553,Aditya Bose,Lucknow,2,"Worst experience ever, do not buy!"
USER_443461,Sneha Singh,Surat,4,Perfect fit and comfortable.
USER_563555,Amit Sharma,Kochi,4,Exactly as shown in the picture.
USER_546741,Priya Gupta,Bangalore,4,Exactly as shown in the picture.
USER_790510,Aditya Joshi,Kochi,5,"Good product, value for money."
USER_857370,Anjali Reddy,Kochi,2,Nice packing.
USER_981405,Manish Singh,Indore,4,A bit overpriced but decent.
USER_184788,Kavya Das,Jaipur,2,"Defective item received, returned it."
USER_617731,Amit Verma,Ahmedabad,5,Awesome delivery speed.
USER_393675,Aisha Singh,Ahmedabad,5,Perfect fit and comfortable.
USER_350172,Arjun Sharma,Jaipur,2,"Terrible, broke on the first day."
USER_473919,Anjali Verma,Hyderabad,3,"Average quality, could be better."
USER_900959,Karan Gupta,Bangalore,4,A bit overpriced but decent.
USER_674356,Aditya Joshi,Ahmedabad,1,"Worst experience ever, do not buy!"
USER_667074,Anjali Das,Chennai,5,"Good product, value for money."
USER_459313,Aisha Iyer,Ahmedabad,4,Nice packing.
USER_675744,Priya Das,Ahmedabad,5,Loved it!
USER_937686,Sneha Bose,Pune,5,Awesome delivery speed.
USER_576423,Rahul Joshi,Delhi,2,"Worst experience ever, do not buy!"
USER_876005,Pooja Iyer,Jaipur,2,Battery drains too fast.
USER_408954,Sneha Deshmukh,Kochi,3,"Not as expected, colors are dull."
USER_496508,Vikram Iyer,Chennai,4,Exactly as shown in the picture.
USER_656258,Neha Deshmukh,Jaipur,4,Awesome delivery speed.
USER_730716,Pooja Yadav,Lucknow,5,Awesome delivery speed.
USER_806165,Pooja Yadav,Jaipur,4,Highly recommended!
USER_614503,Rohan Singh,Bangalore,4,Nice packing.
USER_630841,Manish Nair,Ahmedabad,5,Highly recommended!
USER_157879,Rahul Reddy,Hyderabad,5,Highly recommended!
USER_223811,Kavya Nair,Jaipur,4,A bit overpriced but decent.
USER_869511,Manish Deshmukh,Hyderabad,5,Excellent customer support.
USER_738799,Aditya Kumar,Chandigarh,5,Highly recommended!
USER_908510,Kavya Patel,Bangalore,5,Perfect fit and comfortable.
USER_641705,Siddharth Kumar,Pune,5,"Good product, value for money."
USER_888039,Amit Verma,Lucknow,5,Excellent customer support.
USER_244952,Aisha Deshmukh,Lucknow,2,"Average quality, could be better."
USER_225184,Divya Gupta,Indore,3,A bit overpriced but decent.
USER_597396,Anjali Chauhan,Ahmedabad,2,"Defective item received, returned it."
USER_236282,Rahul Kumar,Mumbai,4,Exactly as shown in the picture.
USER_867861,Anjali Yadav,Kochi,4,Highly recommended!
USER_457878,Kavya Yadav,Ahmedabad,1,"Worst experience ever, do not buy!"
USER_928901,Aisha Kumar,Indore,5,Awesome delivery speed.
USER_925557,Amit Kumar,Kochi,2,"Terrible, broke on the first day."
USER_345892,Riya Yadav,Chandigarh,3,Nice packing.
USER_656682,Divya Reddy,Mumbai,4,"Good product, value for money."
USER_863031,Riya Deshmukh,Jaipur,4,"Good product, value for money."
USER_608977,Arjun Verma,Lucknow,2,"Terrible, broke on the first day."
USER_411232,Aisha Reddy,Bangalore,1,"Terrible, broke on the first day."
USER_431573,Aisha Iyer,Indore,4,Excellent customer support.
USER_115146,Neha Yadav,Bangalore,4,Awesome delivery speed.
USER_597760,Priya Patel,Surat,5,"Good product, value for money."
USER_538274,Rahul Singh,Jaipur,5,Perfect fit and comfortable.
USER_247232,Vikram Deshmukh,Jaipur,4,Excellent customer support.
USER_828417,Sneha Das,Mumbai,2,"Not as expected, colors are dull."
USER_727050,Rohan Iyer,Chennai,2,"Terrible, broke on the first day."
USER_154948,Siddharth Yadav,Chandigarh,5,Perfect fit and comfortable.
USER_648860,Amit Das,Pune,4,Awesome delivery speed.
USER_213938,Rohan Singh,Hyderabad,1,"Terrible, broke on the first day."
USER_631694,Aditya Nair,Mumbai,4,"Not as expected, colors are dull."
USER_150789,Pooja Yadav,Lucknow,2,Battery drains too fast.
USER_983228,Karan Joshi,Jaipur,2,"Defective item received, returned it."
USER_117332,Karan Chauhan,Indore,3,A bit overpriced but decent.
USER_669701,Pooja Singh,Chennai,4,A bit overpriced but decent.
USER_236376,Priya Singh,Chandigarh,5,Excellent customer support.
USER_310469,Neha Gupta,Pune,1,"Worst experience ever, do not buy!"
USER_265179,Arjun Iyer,Kolkata,5,"Good product, value for money."
USER_850846,Manish Bose,Chennai,4,"Good product, value for money."
USER_944014,Kavya Das,Lucknow,2,Battery drains too fast.
USER_548850,Aditya Singh,Chandigarh,4,Perfect fit and comfortable.
USER_806673,Aditya Verma,Lucknow,2,"Terrible, broke on the first day."
USER_202717,Pooja Bose,Kolkata,2,"Defective item received, returned it."
USER_990851,Rohan Patel,Mumbai,3,Battery drains too fast.
USER_359843,Rahul Bose,Ahmedabad,5,Highly recommended!
USER_636773,Rohan Nair,Delhi,2,Nice packing.
USER_237345,Kavya Joshi,Jaipur,1,"Terrible, broke on the first day."
USER_566847,Karan Bose,Chandigarh,4,Excellent customer support.
USER_527685,Neha Singh,Lucknow,3,A bit overpriced but decent.
USER_503774,Neha Singh,Delhi,1,"Terrible, broke on the first day."
USER_998619,Divya Patel,Jaipur,4,Highly recommended!
USER_712984,Sneha Gupta,Lucknow,3,"Average quality, could be better."
USER_425508,Aditya Nair,Kochi,2,"Defective item received, returned it."
USER_913376,Vikram Nair,Chandigarh,5,Exactly as shown in the picture.
USER_105834,Sneha Patel,Indore,5,Exactly as shown in the picture.
USER_543243,Kavya Joshi,Jaipur,4,"Good product, value for money."
USER_762507,Divya Gupta,Surat,4,Awesome delivery speed.
USER_740177,Neha Verma,Kolkata,5,Highly recommended!
USER_624707,Manish Das,Pune,5,Exactly as shown in the picture.
USER_714153,Rahul Gupta,Hyderabad,2,"Defective item received, returned it."
USER_827736,Rohan Verma,Kolkata,5,Highly recommended!
USER_822312,Priya Sharma,Pune,4,Excellent customer support.
USER_453277,Kavya Joshi,Ahmedabad,4,Awesome delivery speed.
USER_734686,Neha Reddy,Mumbai,2,"Not as expected, colors are dull."
USER_665866,Karan Kumar,Kochi,5,Highly recommended!
USER_103923,Karan Verma,Chennai,4,Nice packing.
USER_519743,Neha Iyer,Pune,3,A bit overpriced but decent.
USER_977022,Manish Reddy,Jaipur,5,Excellent customer support.
USER_160783,Aisha Yadav,Delhi,5,"Good product, value for money."
USER_351812,Siddharth Iyer,Surat,4,Loved it!
USER_689154,Riya Patel,Kolkata,2,"Defective item received, returned it."
USER_481480,Manish Iyer,Surat,4,Exactly as shown in the picture.
USER_419015,Aisha Yadav,Delhi,3,Nice packing.
USER_751903,Divya Nair,Mumbai,5,"Good product, value for money."
USER_646897,Siddharth Deshmukh,Jaipur,2,A bit overpriced but decent.
USER_247113,Sneha Sharma,Pune,4,Nice packing.
USER_826794,Riya Kumar,Pune,4,Awesome delivery speed.
USER_942007,Aditya Reddy,Hyderabad,2,"Worst experience ever, do not buy!"
USER_755529,Priya Reddy,Bangalore,4,Highly recommended!
USER_893338,Siddharth Yadav,Chennai,5,Loved it!
USER_284201,Karan Yadav,Hyderabad,2,"Average quality, could be better."
USER_762505,Divya Deshmukh,Surat,5,Highly recommended!
USER_304552,Riya Sharma,Chandigarh,1,"Terrible, broke on the first day."
USER_638321,Karan Kumar,Kochi,2,"Defective item received, returned it."
USER_128818,Rohan Gupta,Surat,5,Loved it!
USER_192127,Rohan Verma,Chennai,1,"Terrible, broke on the first day."
USER_156941,Manish Verma,Jaipur,5,Exactly as shown in the picture.
USER_732113,Kavya Nair,Bangalore,5,"Good product, value for money."
USER_860233,Karan Gupta,Kochi,4,Perfect fit and comfortable.
USER_542803,Siddharth Kumar,Chennai,3,"Average quality, could be better."
USER_448518,Aisha Sharma,Bangalore,4,"Good product, value for money."
USER_318818,Sneha Chauhan,Pune,5,Highly recommended!
USER_361246,Siddharth Deshmukh,Ahmedabad,5,Excellent customer support.
USER_168168,Vikram Gupta,Kochi,4,Awesome delivery speed.
USER_373350,Arjun Patel,Kolkata,3,Battery drains too fast.
USER_388563,Amit Deshmukh,Hyderabad,1,"Terrible, broke on the first day."
USER_641731,Karan Kumar,Surat,2,Battery drains too fast.
USER_632431,Divya Reddy,Jaipur,1,"Terrible, broke on the first day."
USER_111840,Aisha Singh,Jaipur,4,Excellent customer support.
USER_953326,Priya Singh,Jaipur,3,A bit overpriced but decent.
USER_668969,Vikram Nair,Surat,4,Excellent customer support.
USER_927669,Anjali Deshmukh,Jaipur,4,Excellent customer support.
USER_834242,Riya Chauhan,Mumbai,2,Nice packing.
USER_690452,Kavya Kumar,Bangalore,5,Highly recommended!
USER_198162,Siddharth Kumar,Surat,4,Awesome delivery speed.
USER_513035,Riya Kumar,Ahmedabad,2,"Not as expected, colors are dull."
USER_502104,Vikram Chauhan,Mumbai,2,Nice packing.
USER_858553,Aisha Patel,Surat,2,Nice packing.
USER_264967,Priya Singh,Surat,2,Nice packing.
USER_405997,Priya Joshi,Bangalore,5,Perfect fit and comfortable.
USER_205406,Kavya Iyer,Hyderabad,4,Highly recommended!
USER_652745,Siddharth Verma,Chandigarh,2,"Defective item received, returned it."
USER_187086,Aisha Chauhan,Ahmedabad,2,"Terrible, broke on the first day."
USER_621100,Rahul Iyer,Bangalore,1,"Terrible, broke on the first day."
USER_919035,Arjun Joshi,Pune,4,"Average quality, could be better."
USER_686992,Siddharth Sharma,Ahmedabad,5,Highly recommended!
USER_386763,Siddharth Nair,Hyderabad,4,"Good product, value for money."
USER_609587,Riya Das,Delhi,3,Nice packing.
USER_365746,Vikram Kumar,Bangalore,1,"Terrible, broke on the first day."
USER_420457,Aditya Gupta,Indore,4,Exactly as shown in the picture.
USER_374860,Neha Reddy,Chandigarh,4,Excellent customer support.
USER_223472,Pooja Patel,Jaipur,5,Loved it!
USER_196401,Aisha Reddy,Pune,4,Exactly as shown in the picture.
USER_551371,Amit Chauhan,Hyderabad,5,Awesome delivery speed.
USER_816988,Amit Singh,Ahmedabad,4,Awesome delivery speed.
USER_772204,Siddharth Yadav,Bangalore,4,"Not as expected, colors are dull."
USER_125973,Priya Reddy,Jaipur,1,"Worst experience ever, do not buy!"
USER_747737,Anjali Bose,Kolkata,4,Exactly as shown in the picture.
USER_729911,Karan Das,Ahmedabad,1,"Defective item received, returned it."
USER_906432,Kavya Deshmukh,Surat,4,Exactly as shown in the picture.
USER_820680,Siddharth Sharma,Lucknow,2,"Not as expected, colors are dull."
USER_887958,Amit Deshmukh,Surat,5,Loved it!
USER_482554,Pooja Iyer,Ahmedabad,4,Exactly as shown in the picture.
USER_913351,Manish Singh,Lucknow,3,Battery drains too fast.
USER_836146,Neha Verma,Jaipur,4,"Not as expected, colors are dull."
USER_409384,Aisha Reddy,Indore,2,"Terrible, broke on the first day."
USER_233972,Aditya Singh,Lucknow,2,"Defective item received, returned it."
USER_839570,Siddharth Singh,Ahmedabad,5,Excellent customer support.
USER_411997,Arjun Nair,Chandigarh,4,Perfect fit and comfortable.
USER_997976,Manish Yadav,Bangalore,1,"Worst experience ever, do not buy!"
USER_309682,Vikram Singh,Pune,1,"Worst experience ever, do not buy!"
USER_234661,Aditya Nair,Mumbai,2,"Average quality, could be better."
USER_240408,Siddharth Bose,Chandigarh,4,Highly recommended!
USER_144547,Priya Verma,Jaipur,5,Highly recommended!
USER_508837,Vikram Sharma,Kolkata,2,"Defective item received, returned it."
USER_913105,Priya Bose,Chennai,4,Perfect fit and comfortable.
USER_919474,Amit Joshi,Bangalore,5,Loved it!
USER_830731,Siddharth Gupta,Pune,4,Nice packing.
USER_183798,Manish Patel,Mumbai,5,Exactly as shown in the picture.
USER_536364,Aditya Sharma,Chennai,4,"Good product, value for money."
USER_495792,Rohan Deshmukh,Kolkata,5,"Good product, value for money."
USER_801685,Aditya Singh,Kochi,2,"Average quality, could be better."
USER_371258,Aditya Patel,Bangalore,4,Highly recommended!
USER_916312,Sneha Sharma,Kochi,2,Battery drains too fast.
USER_498303,Rahul Reddy,Jaipur,5,Highly recommended!
USER_499358,Kavya Das,Surat,1,"Defective item received, returned it."
USER_391502,Riya Iyer,Chandigarh,5,Perfect fit and comfortable.
USER_318463,Siddharth Verma,Jaipur,5,Awesome delivery speed.
USER_318525,Pooja Yadav,Indore,5,Highly recommended!
USER_450000,Priya Iyer,Pune,1,"Defective item received, returned it."
USER_419240,Kavya Nair,Chennai,2,Nice packing.
USER_304826,Sneha Verma,Delhi,2,"Average quality, could be better."
USER_956365,Amit Gupta,Bangalore,4,Awesome delivery speed.
USER_946032,Aisha Das,Mumbai,3,"Average quality, could be better."
USER_483348,Amit Verma,Mumbai,5,Awesome delivery speed.
USER_137953,Pooja Joshi,Chandigarh,4,Loved it!
USER_256066,Vikram Yadav,Ahmedabad,2,Nice packing.
USER_690070,Neha Joshi,Lucknow,4,Excellent customer support.
USER_453071,Vikram Kumar,Chandigarh,2,A bit overpriced but decent.
USER_605281,Neha Verma,Jaipur,2,"Defective item received, returned it."
USER_984141,Karan Nair,Mumbai,2,Battery drains too fast.
USER_546397,Priya Singh,Kochi,4,Excellent customer support.
USER_333027,Aisha Sharma,Chennai,3,"Not as expected, colors are dull."
USER_977216,Kavya Patel,Chennai,2,Nice packing.
USER_358084,Manish Iyer,Bangalore,4,"Not as expected, colors are dull."
USER_383645,Manish Patel,Kochi,5,Highly recommended!
USER_388563,Amit Deshmukh,Hyderabad,1,"Terrible, broke on the first day."
USER_359228,Vikram Sharma,Surat,5,Loved it!
USER_487073,Priya Chauhan,Pune,4,Excellent customer support.
USER_662074,Vikram Yadav,Ahmedabad,4,Nice packing.
USER_467118,Rohan Bose,Chandigarh,2,"Average quality, could be better."
USER_384395,Karan Deshmukh,Hyderabad,5,Perfect fit and comfortable.
USER_575376,Neha Yadav,Kolkata,5,Highly recommended!
USER_546899,Kavya Iyer,Lucknow,2,"Worst experience ever, do not buy!"
USER_930409,Divya Das,Bangalore,5,Perfect fit and comfortable.
USER_658604,Vikram Gupta,Bangalore,3,Nice packing.
USER_613319,Aditya Singh,Kolkata,4,"Good product, value for money."
USER_652047,Amit Singh,Chennai,5,Awesome delivery speed.
USER_689241,Riya Patel,Delhi,4,Awesome delivery speed.
USER_776428,Arjun Patel,Mumbai,4,Awesome delivery speed.
USER_579582,Priya Nair,Jaipur,4,"Average quality, could be better."
USER_515671,Siddharth Kumar,Delhi,2,"Worst experience ever, do not buy!"
USER_746980,Karan Iyer,Lucknow,5,"Good product, value for money."
USER_139557,Siddharth Nair,Pune,4,"Good product, value for money."
USER_850935,Arjun Sharma,Mumbai,5,Highly recommended!
USER_692991,Arjun Das,Kochi,5,Excellent customer support.
USER_522487,Sneha Das,Pune,4,"Good product, value for money."
USER_702304,Amit Nair,Chandigarh,4,Awesome delivery speed.
USER_335860,Amit Kumar,Pune,2,"Defective item received, returned it."
USER_190716,Rahul Kumar,Indore,5,"Good product, value for money."
USER_796362,Rahul Verma,Lucknow,5,Highly recommended!
USER_220952,Pooja Deshmukh,Bangalore,3,Nice packing.
USER_915640,Pooja Reddy,Jaipur,3,Battery drains too fast.
USER_751837,Vikram Bose,Jaipur,1,"Worst experience ever, do not buy!"
USER_630857,Sneha Chauhan,Hyderabad,4,Loved it!
USER_575106,Divya Joshi,Chennai,2,A bit overpriced but decent.
USER_308202,Karan Patel,Chennai,2,"Average quality, could be better."
USER_608012,Amit Nair,Pune,1,"Defective item received, returned it."
USER_577971,Neha Bose,Lucknow,4,Awesome delivery speed.
USER_972416,Vikram Singh,Pune,4,Excellent customer support.
USER_408320,Pooja Iyer,Surat,1,"Worst experience ever, do not buy!"
USER_597820,Siddharth Joshi,Pune,4,Battery drains too fast.
USER_747034,Divya Das,Lucknow,5,Awesome delivery speed.
USER_269644,Neha Iyer,Surat,2,"Terrible, broke on the first day."
USER_116249,Divya Patel,Chandigarh,5,Perfect fit and comfortable.
USER_583083,Divya Iyer,Jaipur,3,Battery drains too fast.
USER_622868,Neha Yadav,Delhi,1,"Terrible, broke on the first day."
USER_888547,Arjun Nair,Kochi,4,Excellent customer support.
USER_416860,Sneha Yadav,Lucknow,2,"Not as expected, colors are dull."
USER_960663,Neha Nair,Jaipur,4,Battery drains too fast.
USER_701169,Kavya Singh,Bangalore,3,"Average quality, could be better."
USER_610794,Priya Bose,Jaipur,3,A bit overpriced but decent.
USER_578917,Anjali Das,Indore,1,"Defective item received, returned it."
USER_121530,Kavya Joshi,Delhi,3,"Average quality, could be better."
USER_247956,Riya Das,Chennai,4,Loved it!
USER_344972,Rahul Das,Chandigarh,2,"Terrible, broke on the first day."
USER_892594,Manish Iyer,Mumbai,4,Battery drains too fast.
USER_593361,Rohan Sharma,Surat,5,Highly recommended!
USER_460008,Divya Chauhan,Indore,5,Perfect fit and comfortable.
USER_575941,Sneha Gupta,Hyderabad,2,"Average quality, could be better."
USER_457956,Anjali Yadav,Kochi,4,"Average quality, could be better."
USER_200167,Divya Yadav,Jaipur,4,Battery drains too fast.
USER_865411,Priya Kumar,Chennai,2,"Terrible, broke on the first day."
USER_581980,Aisha Singh,Hyderabad,2,"Average quality, could be better."
USER_205296,Arjun Chauhan,Bangalore,4,Awesome delivery speed.
USER_316565,Divya Yadav,Jaipur,5,Awesome delivery speed.
USER_684043,Aditya Chauhan,Kochi,1,"Defective item received, returned it."
USER_639275,Riya Das,Kochi,2,"Worst experience ever, do not buy!"
USER_284951,Priya Yadav,Delhi,4,Highly recommended!
USER_463458,Aditya Das,Jaipur,4,Exactly as shown in the picture.
USER_823132,Priya Gupta,Surat,4,A bit overpriced but decent.
USER_625165,Priya Das,Mumbai,5,Perfect fit and comfortable.
USER_125400,Manish Singh,Surat,5,Perfect fit and comfortable.
USER_946708,Aisha Gupta,Chennai,4,Awesome delivery speed.
USER_268680,Rohan Joshi,Mumbai,4,"Good product, value for money."
USER_219003,Rahul Deshmukh,Chennai,4,"Good product, value for money."
USER_665219,Anjali Gupta,Kochi,1,"Terrible, broke on the first day."
USER_732581,Priya Singh,Kochi,4,"Good product, value for money."
USER_453393,Aisha Sharma,Surat,1,"Defective item received, returned it."
USER_756345,Manish Reddy,Lucknow,4,Battery drains too fast.
USER_801480,Aditya Bose,Bangalore,2,"Defective item received, returned it."
USER_631724,Vikram Chauhan,Mumbai,1,"Worst experience ever, do not buy!"
USER_545419,Pooja Kumar,Indore,4,Awesome delivery speed.
USER_242100,Priya Joshi,Chennai,5,Loved it!
USER_791686,Pooja Gupta,Jaipur,4,Loved it!
USER_226722,Siddharth Verma,Surat,5,Excellent customer support.
USER_297414,Neha Joshi,Delhi,4,"Not as expected, colors are dull."
USER_664605,Sneha Iyer,Chennai,5,Excellent customer support.
USER_678177,Rohan Singh,Lucknow,1,"Terrible, broke on the first day."
USER_911985,Sneha Iyer,Bangalore,2,"Worst experience ever, do not buy!"
USER_522391,Neha Nair,Jaipur,4,Loved it!
USER_782165,Rohan Chauhan,Kochi,5,Exactly as shown in the picture.
USER_297687,Neha Reddy,Jaipur,5,"Good product, value for money."
USER_153725,Divya Nair,Kolkata,2,Battery drains too fast.
USER_984910,Rahul Yadav,Mumbai,4,Excellent customer support.
USER_951663,Neha Gupta,Bangalore,4,Loved it!
USER_836640,Anjali Kumar,Chandigarh,3,A bit overpriced but decent.
USER_177459,Neha Kumar,Chandigarh,5,"Good product, value for money."
USER_413621,Rohan Joshi,Bangalore,1,"Terrible, broke on the first day."
USER_337971,Siddharth Sharma,Pune,5,"Good product, value for money."
USER_472704,Rohan Bose,Pune,1,"Worst experience ever, do not buy!"
USER_337279,Sneha Deshmukh,Kochi,4,Nice packing.
USER_129857,Divya Patel,Bangalore,3,"Not as expected, colors are dull."
USER_276742,Rohan Verma,Kolkata,4,"Good product, value for money."
USER_347104,Vikram Joshi,Pune,4,Loved it!
USER_390503,Manish Sharma,Kolkata,1,"Terrible, broke on the first day."
USER_740229,Aditya Bose,Chandigarh,3,"Average quality, could be better."
USER_319053,Manish Deshmukh,Mumbai,4,Nice packing.
USER_879704,Manish Singh,Delhi,5,Awesome delivery speed.
USER_443569,Vikram Sharma,Chandigarh,4,Excellent customer support.
USER_880281,Arjun Das,Kolkata,4,Excellent customer support.
USER_263206,Kavya Deshmukh,Lucknow,4,Awesome delivery speed.
USER_440905,Aditya Sharma,Delhi,2,"Terrible, broke on the first day."
USER_930807,Anjali Reddy,Pune,4,Loved it!
USER_208234,Aditya Yadav,Lucknow,4,Perfect fit and comfortable.
USER_619846,Priya Das,Kolkata,2,"Average quality, could be better."
USER_467056,Kavya Patel,Kochi,5,"Good product, value for money."
USER_383633,Priya Deshmukh,Chandigarh,5,Awesome delivery speed.
USER_766501,Siddharth Nair,Chennai,4,"Average quality, could be better."
USER_367627,Manish Verma,Ahmedabad,2,"Defective item received, returned it."
USER_795028,Anjali Reddy,Lucknow,5,Excellent customer support.
USER_892839,Aditya Reddy,Surat,4,Excellent customer support.
USER_985005,Manish Sharma,Chandigarh,2,A bit overpriced but decent.
USER_856705,Siddharth Iyer,Hyderabad,2,"Terrible, broke on the first day."
USER_576844,Arjun Bose,Delhi,4,"Good product, value for money."
USER_784937,Anjali Yadav,Pune,4,Nice packing.
USER_247369,Siddharth Yadav,Jaipur,4,Nice packing.
USER_148502,Priya Reddy,Indore,2,"Average quality, could be better."
USER_970398,Siddharth Iyer,Hyderabad,4,Exactly as shown in the picture.
USER_730716,Pooja Yadav,Lucknow,5,Awesome delivery speed.
USER_938248,Riya Yadav,Surat,1,"Terrible, broke on the first day."
USER_658382,Pooja Joshi,Pune,2,"Terrible, broke on the first day."
USER_120469,Rohan Nair,Delhi,5,"Good product, value for money."
USER_724982,Sneha Patel,Hyderabad,4,Loved it!
USER_983732,Divya Bose,Hyderabad,5,Loved it!
USER_823940,Amit Yadav,Mumbai,4,Loved it!
USER_225241,Arjun Iyer,Jaipur,2,"Average quality, could be better."
USER_563486,Rahul Das,Chandigarh,5,Excellent customer support.
USER_919876,Rahul Reddy,Ahmedabad,1,"Worst experience ever, do not buy!"
USER_407730,Anjali Yadav,Indore,3,"Average quality, could be better."
USER_822054,Siddharth Bose,Indore,2,"Worst experience ever, do not buy!"
USER_449249,Kavya Deshmukh,Kochi,1,"Worst experience ever, do not buy!"
USER_831495,Siddharth Verma,Surat,2,"Worst experience ever, do not buy!"
USER_757520,Rohan Deshmukh,Chennai,3,Battery drains too fast.
USER_432585,Anjali Iyer,Mumbai,3,Nice packing.
USER_353341,Siddharth Iyer,Mumbai,5,Loved it!
USER_441244,Aisha Deshmukh,Jaipur,4,Exactly as shown in the picture.
USER_847896,Kavya Das,Hyderabad,2,"Not as expected, colors are dull."
USER_551064,Manish Yadav,Jaipur,5,Awesome delivery speed.
USER_973280,Arjun Yadav,Pune,3,"Average quality, could be better."
USER_975742,Divya Verma,Bangalore,5,Excellent customer support.
USER_527001,Sneha Kumar,Kochi,3,Battery drains too fast.
USER_111236,Manish Bose,Chennai,1,"Terrible, broke on the first day."
USER_132454,Rohan Das,Delhi,4,Excellent customer support.
USER_705424,Neha Kumar,Pune,3,"Average quality, could be better."
USER_489788,Kavya Verma,Indore,4,Battery drains too fast.
USER_915287,Karan Nair,Ahmedabad,4,"Good product, value for money."
USER_653051,Divya Deshmukh,Hyderabad,5,Awesome delivery speed.
USER_221673,Manish Bose,Chandigarh,3,A bit overpriced but decent.
USER_960675,Vikram Gupta,Mumbai,5,"Good product, value for money."
USER_882327,Anjali Sharma,Chandigarh,3,A bit overpriced but decent.
USER_596216,Neha Reddy,Surat,2,"Terrible, broke on the first day."
USER_128537,Priya Sharma,Chandigarh,3,Nice packing.
USER_170744,Anjali Yadav,Surat,2,"Worst experience ever, do not buy!"
USER_930819,Rohan Joshi,Ahmedabad,5,Loved it!
USER_525736,Aditya Sharma,Kolkata,2,"Not as expected, colors are dull."
USER_674014,Siddharth Bose,Delhi,3,Nice packing.
USER_984649,Divya Deshmukh,Jaipur,1,"Defective item received, returned it."
USER_891230,Kavya Deshmukh,Bangalore,3,Nice packing.
USER_403424,Amit Yadav,Lucknow,3,Battery drains too fast.
USER_677086,Riya Bose,Delhi,5,Perfect fit and comfortable.
USER_300470,Manish Sharma,Surat,5,Perfect fit and comfortable.
USER_330815,Siddharth Singh,Chennai,4,Awesome delivery speed.
USER_779623,Arjun Iyer,Lucknow,4,Perfect fit and comfortable.
USER_850846,Manish Bose,Chennai,4,"Good product, value for money."
USER_650073,Arjun Patel,Lucknow,5,Awesome delivery speed.
USER_721595,Manish Das,Jaipur,5,Exactly as shown in the picture.
USER_269432,Neha Das,Mumbai,2,"Average quality, could be better."
USER_265117,Karan Iyer,Jaipur,5,Exactly as shown in the picture.
USER_551533,Riya Singh,Kochi,4,Exactly as shown in the picture.
USER_533360,Amit Patel,Pune,5,Loved it!
USER_115465,Rohan Iyer,Lucknow,4,Exactly as shown in the picture.
USER_785015,Rohan Patel,Delhi,2,"Defective item received, returned it."
USER_949729,Neha Yadav,Kolkata,4,Excellent customer support.
USER_582955,Vikram Deshmukh,Kolkata,2,"Worst experience ever, do not buy!"
USER_588379,Siddharth Gupta,Hyderabad,4,Perfect fit and comfortable.
USER_523170,Riya Kumar,Bangalore,2,Nice packing.
USER_901487,Siddharth Yadav,Hyderabad,4,Awesome delivery speed.
USER_330136,Manish Yadav,Surat,4,"Good product, value for money."
USER_601866,Neha Joshi,Mumbai,2,"Terrible, broke on the first day."
USER_454283,Rohan Das,Mumbai,1,"Defective item received, returned it."
USER_899145,Rahul Patel,Surat,2,"Worst experience ever, do not buy!"
USER_748698,Aisha Yadav,Surat,5,Awesome delivery speed.
USER_176175,Priya Patel,Bangalore,2,A bit overpriced but decent.
USER_313381,Priya Singh,Delhi,2,"Terrible, broke on the first day."
USER_786937,Siddharth Chauhan,Lucknow,3,Nice packing.
USER_845035,Siddharth Bose,Chandigarh,3,Battery drains too fast.
USER_273807,Rohan Sharma,Bangalore,4,Nice packing.
USER_770967,Rohan Nair,Jaipur,4,Exactly as shown in the picture.
USER_959703,Priya Kumar,Chandigarh,5,Loved it!
USER_945915,Neha Joshi,Jaipur,2,Nice packing.
USER_606027,Arjun Reddy,Surat,2,"Average quality, could be better."
USER_928944,Rohan Reddy,Kochi,5,Loved it!
USER_426100,Amit Bose,Pune,4,"Average quality, could be better."
USER_296332,Manish Bose,Bangalore,1,"Worst experience ever, do not buy!"
USER_111052,Arjun Joshi,Lucknow,3,"Not as expected, colors are dull."
USER_187411,Aisha Verma,Mumbai,4,"Not as expected, colors are dull."
USER_354274,Vikram Chauhan,Indore,4,Exactly as shown in the picture.
USER_992828,Anjali Chauhan,Indore,3,A bit overpriced but decent.
USER_214721,Amit Sharma,Bangalore,4,Awesome delivery speed.
USER_219454,Sneha Verma,Delhi,4,Excellent customer support.
USER_239201,Amit Sharma,Pune,3,Nice packing.
USER_962701,Rohan Chauhan,Chandigarh,5,Excellent customer support.
USER_244952,Aisha Deshmukh,Lucknow,2,"Average quality, could be better."
USER_101165,Riya Yadav,Pune,4,Highly recommended!
USER_894203,Sneha Joshi,Kochi,2,Nice packing.
USER_797803,Arjun Iyer,Chandigarh,2,A bit overpriced but decent.
USER_115314,Rahul Reddy,Pune,2,"Average quality, could be better."
USER_431768,Kavya Kumar,Mumbai,2,Battery drains too fast.
USER_870883,Aisha Chauhan,Surat,5,Excellent customer support.
USER_657149,Arjun Yadav,Ahmedabad,5,Perfect fit and comfortable.
USER_887901,Amit Verma,Kochi,4,Excellent customer support.
USER_204890,Rohan Chauhan,Chandigarh,1,"Worst experience ever, do not buy!"
USER_336191,Amit Joshi,Bangalore,4,"Not as expected, colors are dull."
USER_731767,Riya Patel,Jaipur,3,Battery drains too fast.
USER_773059,Rohan Yadav,Ahmedabad,5,"Good product, value for money."
USER_253176,Karan Gupta,Pune,4,"Good product, value for money."
USER_158054,Rohan Gupta,Kolkata,2,"Worst experience ever, do not buy!"
USER_806680,Sneha Patel,Kolkata,4,"Not as expected, colors are dull."
USER_927284,Aditya Nair,Delhi,4,Exactly as shown in the picture.
USER_374860,Neha Reddy,Chandigarh,4,Excellent customer support.
USER_115984,Riya Chauhan,Indore,4,Awesome delivery speed.
USER_433384,Siddharth Patel,Pune,3,Battery drains too fast.
USER_288661,Pooja Reddy,Mumbai,2,"Terrible, broke on the first day."
USER_459494,Divya Chauhan,Surat,5,Excellent customer support.
USER_972108,Anjali Patel,Chandigarh,3,A bit overpriced but decent.
USER_369103,Anjali Singh,Lucknow,2,A bit overpriced but decent.
USER_495801,Karan Chauhan,Chandigarh,4,Exactly as shown in the picture.
USER_340926,Divya Deshmukh,Jaipur,4,A bit overpriced but decent.
USER_444035,Pooja Verma,Ahmedabad,4,Highly recommended!
USER_829663,Aditya Chauhan,Bangalore,2,"Worst experience ever, do not buy!"
USER_571790,Aisha Verma,Lucknow,5,Perfect fit and comfortable.
USER_373778,Pooja Deshmukh,Lucknow,5,Excellent customer support.
USER_431351,Rahul Deshmukh,Jaipur,5,"Good product, value for money."
USER_823940,Amit Yadav,Mumbai,4,Loved it!
USER_496424,Manish Singh,Lucknow,5,Perfect fit and comfortable.
USER_253602,Arjun Bose,Indore,2,"Terrible, broke on the first day."
USER_922392,Arjun Joshi,Mumbai,4,Awesome delivery speed.
USER_121063,Karan Joshi,Mumbai,5,Loved it!
USER_704355,Rahul Singh,Kochi,5,Loved it!
USER_893321,Neha Das,Surat,5,Excellent customer support.
USER_213033,Divya Patel,Kolkata,1,"Terrible, broke on the first day."
USER_335052,Vikram Gupta,Lucknow,2,"Worst experience ever, do not buy!"
USER_502096,Aisha Joshi,Kolkata,4,Awesome delivery speed.
USER_703973,Amit Patel,Lucknow,4,"Average quality, could be better."
USER_705326,Vikram Sharma,Mumbai,4,Loved it!
USER_231957,Siddharth Verma,Surat,4,Excellent customer support.
USER_815499,Pooja Sharma,Mumbai,4,Awesome delivery speed.
USER_167783,Rohan Bose,Indore,5,Perfect fit and comfortable.
USER_305069,Vikram Patel,Chennai,3,Battery drains too fast.
USER_206393,Neha Chauhan,Kochi,2,A bit overpriced but decent.
USER_375816,Rahul Reddy,Pune,3,A bit overpriced but decent.
USER_579064,Sneha Verma,Delhi,4,Battery drains too fast.
USER_897659,Anjali Kumar,Kochi,4,Awesome delivery speed.
USER_965711,Riya Deshmukh,Chandigarh,2,"Not as expected, colors are dull."
USER_669183,Riya Iyer,Delhi,4,Nice packing.
USER_682924,Vikram Joshi,Bangalore,3,Nice packing.
USER_861541,Aditya Das,Surat,5,Perfect fit and comfortable.
USER_308202,Karan Patel,Chennai,2,"Average quality, could be better."
USER_316491,Anjali Sharma,Pune,4,Awesome delivery speed.
USER_121688,Kavya Gupta,Bangalore,3,A bit overpriced but decent.
USER_947385,Rohan Sharma,Lucknow,5,Exactly as shown in the picture.
USER_172743,Pooja Kumar,Surat,5,Exactly as shown in the picture.
USER_378878,Rohan Yadav,Pune,2,"Worst experience ever, do not buy!"
USER_898669,Vikram Bose,Kolkata,4,Loved it!
USER_653302,Amit Joshi,Kochi,2,"Defective item received, returned it."
USER_169994,Priya Verma,Pune,2,"Worst experience ever, do not buy!"
USER_599984,Pooja Chauhan,Chennai,1,"Defective item received, returned it."
USER_978727,Manish Yadav,Bangalore,2,A bit overpriced but decent.
USER_821816,Siddharth Deshmukh,Kochi,2,"Not as expected, colors are dull."
USER_240211,Riya Iyer,Indore,5,Exactly as shown in the picture.
USER_136852,Riya Reddy,Surat,5,"Good product, value for money."
USER_723592,Anjali Chauhan,Indore,1,"Worst experience ever, do not buy!"
USER_539951,Sneha Chauhan,Jaipur,2,"Average quality, could be better."
USER_836666,Anjali Sharma,Pune,4,"Average quality, could be better."
USER_373097,Arjun Yadav,Bangalore,3,"Average quality, could be better."
USER_369670,Riya Gupta,Bangalore,3,A bit overpriced but decent.
USER_361697,Siddharth Nair,Bangalore,2,"Worst experience ever, do not buy!"
USER_824389,Siddharth Reddy,Delhi,4,Perfect fit and comfortable.
USER_703052,Arjun Reddy,Hyderabad,5,"Good product, value for money."
USER_291394,Siddharth Chauhan,Kolkata,4,"Good product, value for money."
USER_379490,Neha Chauhan,Delhi,4,Exactly as shown in the picture.
USER_474158,Siddharth Yadav,Ahmedabad,5,"Good product, value for money."
USER_164286,Aisha Yadav,Bangalore,3,A bit overpriced but decent.
USER_798236,Rahul Chauhan,Hyderabad,2,"Worst experience ever, do not buy!"
USER_196997,Amit Singh,Hyderabad,4,Loved it!
USER_433197,Neha Patel,Indore,5,Awesome delivery speed.
USER_769407,Rahul Sharma,Chennai,4,Battery drains too fast.
USER_307476,Priya Chauhan,Delhi,4,"Average quality, could be better."
USER_210999,Karan Sharma,Lucknow,1,"Terrible, broke on the first day."
USER_294145,Anjali Singh,Chennai,4,Exactly as shown in the picture.
USER_268562,Rahul Kumar,Kolkata,2,Battery drains too fast.
USER_904092,Divya Sharma,Mumbai,1,"Defective item received, returned it."
USER_433319,Karan Nair,Pune,5,"Good product, value for money."
USER_360425,Neha Nair,Delhi,2,Nice packing.
USER_832342,Pooja Chauhan,Kolkata,2,Nice packing.
USER_858028,Rohan Yadav,Chennai,4,Excellent customer support.
USER_846594,Manish Bose,Bangalore,4,"Average quality, could be better."
USER_512926,Riya Kumar,Indore,5,Awesome delivery speed.
USER_406189,Vikram Deshmukh,Surat,3,"Average quality, could be better."
USER_262974,Manish Chauhan,Bangalore,3,Battery drains too fast.
USER_593666,Pooja Gupta,Pune,4,Perfect fit and comfortable.
USER_891899,Amit Singh,Chandigarh,1,"Defective item received, returned it."
USER_517626,Pooja Yadav,Chandigarh,5,Awesome delivery speed.
USER_617494,Karan Joshi,Mumbai,1,"Worst experience ever, do not buy!"
USER_234878,Riya Gupta,Ahmedabad,5,Exactly as shown in the picture.
USER_191621,Arjun Nair,Kochi,2,"Defective item received, returned it."
USER_307799,Pooja Patel,Lucknow,1,"Terrible, broke on the first day."
USER_196952,Vikram Nair,Lucknow,2,Battery drains too fast.
USER_458000,Rahul Singh,Kolkata,1,"Worst experience ever, do not buy!"
USER_155659,Kavya Chauhan,Indore,4,Loved it!
USER_973643,Neha Kumar,Ahmedabad,4,Awesome delivery speed.
USER_506255,Kavya Reddy,Mumbai,1,"Defective item received, returned it."
USER_418686,Divya Gupta,Surat,3,Battery drains too fast.
USER_235483,Priya Nair,Chandigarh,4,Excellent customer support.
USER_795769,Siddharth Patel,Jaipur,3,"Not as expected, colors are dull."
USER_475630,Siddharth Joshi,Hyderabad,4,Nice packing.
USER_301329,Rohan Verma,Kochi,3,"Average quality, could be better."
USER_271117,Karan Reddy,Indore,5,Excellent customer support.
USER_433971,Manish Verma,Kochi,4,Exactly as shown in the picture.
USER_195494,Divya Joshi,Indore,2,"Terrible, broke on the first day."
USER_388631,Neha Das,Mumbai,2,Battery drains too fast.
USER_232865,Siddharth Kumar,Hyderabad,5,Awesome delivery speed.
USER_424812,Riya Singh,Mumbai,5,Excellent customer support.
USER_306995,Rohan Sharma,Chennai,2,Nice packing.
USER_930337,Karan Singh,Indore,2,"Terrible, broke on the first day."
USER_143571,Aisha Das,Delhi,3,Nice packing.
USER_288811,Pooja Bose,Bangalore,5,Awesome delivery speed.
USER_319727,Riya Kumar,Hyderabad,2,Battery drains too fast.
USER_819199,Aisha Das,Hyderabad,5,Excellent customer support.
USER_187776,Rohan Das,Indore,2,"Terrible, broke on the first day."
USER_472877,Neha Iyer,Jaipur,5,Highly recommended!
USER_617975,Vikram Patel,Chandigarh,3,A bit overpriced but decent.
USER_354190,Aditya Kumar,Hyderabad,4,Battery drains too fast.
USER_152091,Anjali Kumar,Ahmedabad,4,Awesome delivery speed.
USER_732636,Manish Nair,Ahmedabad,2,"Average quality, could be better."
USER_755165,Priya Kumar,Kolkata,3,"Not as expected, colors are dull."
USER_572834,Kavya Sharma,Pune,5,"Good product, value for money."
USER_969093,Kavya Deshmukh,Delhi,1,"Defective item received, returned it."
USER_279513,Manish Joshi,Chandigarh,4,A bit overpriced but decent.
USER_775405,Rahul Singh,Surat,4,"Average quality, could be better."
USER_647404,Riya Gupta,Surat,5,Awesome delivery speed.
USER_895679,Manish Deshmukh,Surat,4,Awesome delivery speed.
USER_568900,Neha Chauhan,Chandigarh,1,"Defective item received, returned it."
USER_254708,Rahul Singh,Delhi,1,"Terrible, broke on the first day."
USER_892393,Manish Nair,Lucknow,4,Perfect fit and comfortable.
USER_853247,Karan Nair,Lucknow,2,Battery drains too fast.
USER_516721,Sneha Nair,Bangalore,4,Battery drains too fast.
USER_929940,Neha Das,Chandigarh,1,"Defective item received, returned it."
USER_189705,Amit Deshmukh,Mumbai,5,"Good product, value for money."
USER_427622,Karan Reddy,Hyderabad,5,"Good product, value for money."
USER_998579,Priya Joshi,Kochi,3,"Not as expected, colors are dull."
USER_722725,Aditya Yadav,Pune,5,Excellent customer support.
USER_212411,Neha Chauhan,Kolkata,2,A bit overpriced but decent.
USER_893582,Pooja Singh,Kolkata,5,Awesome delivery speed.
USER_871540,Aditya Sharma,Hyderabad,4,Nice packing.
USER_172680,Rahul Singh,Ahmedabad,5,Highly recommended!
USER_397658,Aditya Sharma,Jaipur,2,"Not as expected, colors are dull."
USER_984445,Priya Nair,Pune,1,"Terrible, broke on the first day."
USER_432159,Pooja Bose,Kolkata,4,A bit overpriced but decent.
USER_221144,Priya Chauhan,Surat,5,Awesome delivery speed.
USER_191569,Vikram Reddy,Ahmedabad,4,A bit overpriced but decent.
USER_793966,Vikram Kumar,Chennai,2,"Terrible, broke on the first day."
USER_966028,Rohan Joshi,Chandigarh,5,Exactly as shown in the picture.
USER_661502,Karan Joshi,Chandigarh,5,Excellent customer support.
USER_607885,Sneha Chauhan,Indore,4,"Good product, value for money."
USER_204395,Manish Chauhan,Chennai,5,Perfect fit and comfortable.
USER_261780,Pooja Singh,Chandigarh,1,"Terrible, broke on the first day."
USER_770827,Neha Das,Chennai,1,"Defective item received, returned it."
USER_227779,Vikram Sharma,Indore,5,"Good product, value for money."
USER_805856,Anjali Verma,Jaipur,4,Awesome delivery speed.
USER_574927,Sneha Iyer,Indore,4,Exactly as shown in the picture.
USER_197856,Amit Yadav,Lucknow,2,Nice packing.
USER_814820,Priya Sharma,Jaipur,3,Nice packing.
USER_381745,Aditya Nair,Pune,4,Excellent customer support.
USER_252297,Karan Sharma,Pune,5,Awesome delivery speed.
USER_808998,Rahul Nair,Pune,4,Exactly as shown in the picture.
USER_179525,Manish Deshmukh,Indore,4,Nice packing.
USER_357783,Aisha Patel,Lucknow,4,Excellent customer support.
USER_846641,Vikram Iyer,Jaipur,5,Excellent customer support.
USER_522330,Siddharth Yadav,Pune,2,"Defective item received, returned it."
USER_955330,Rahul Patel,Kochi,4,Awesome delivery speed.
USER_271667,Karan Kumar,Kolkata,5,Awesome delivery speed.
USER_432549,Rohan Bose,Indore,2,"Average quality, could be better."
USER_476160,Anjali Gupta,Chandigarh,4,"Not as expected, colors are dull."
USER_532976,Anjali Verma,Jaipur,4,A bit overpriced but decent.
USER_876534,Sneha Gupta,Lucknow,5,Awesome delivery speed.
USER_732625,Siddharth Bose,Hyderabad,5,Excellent customer support.
USER_209376,Siddharth Das,Mumbai,3,"Average quality, could be better."
USER_169438,Aisha Reddy,Lucknow,4,Excellent customer support.
USER_115482,Amit Gupta,Lucknow,2,A bit overpriced but decent.
USER_199710,Divya Chauhan,Lucknow,3,Battery drains too fast.
USER_526988,Siddharth Nair,Pune,4,"Not as expected, colors are dull."
USER_595637,Amit Yadav,Kolkata,3,Nice packing.
USER_613986,Anjali Yadav,Kochi,4,Excellent customer support.
USER_713557,Manish Nair,Mumbai,4,Loved it!
USER_313730,Anjali Singh,Chandigarh,4,Loved it!
USER_412035,Karan Joshi,Delhi,5,Highly recommended!
USER_379555,Karan Gupta,Bangalore,4,Highly recommended!
USER_109438,Riya Kumar,Chennai,5,"Good product, value for money."
USER_688726,Riya Singh,Kolkata,5,Excellent customer support.
USER_999551,Vikram Kumar,Ahmedabad,4,Excellent customer support.
USER_208229,Sneha Sharma,Kochi,4,Highly recommended!
USER_511660,Rohan Deshmukh,Surat,2,"Worst experience ever, do not buy!"
USER_892684,Arjun Gupta,Delhi,4,Excellent customer support.
USER_722506,Riya Gupta,Surat,4,Nice packing.
USER_902400,Amit Nair,Jaipur,5,"Good product, value for money."
USER_384981,Kavya Chauhan,Kochi,2,Battery drains too fast.
USER_494904,Rahul Das,Bangalore,2,Battery drains too fast.
USER_161742,Divya Bose,Ahmedabad,4,Battery drains too fast.
USER_344650,Sneha Verma,Kolkata,4,Highly recommended!
USER_446274,Neha Iyer,Surat,4,Battery drains too fast.
USER_849148,Rahul Nair,Kolkata,5,Excellent customer support.
USER_644402,Siddharth Sharma,Ahmedabad,1,"Terrible, broke on the first day."
USER_754716,Rohan Das,Delhi,4,Perfect fit and comfortable.
USER_660662,Karan Gupta,Jaipur,2,"Defective item received, returned it."
USER_751275,Kavya Sharma,Lucknow,4,Battery drains too fast.
USER_701666,Priya Yadav,Surat,2,Battery drains too fast.
USER_365088,Aisha Nair,Chandigarh,3,A bit overpriced but decent.
USER_886065,Priya Patel,Chandigarh,2,"Average quality, could be better."
USER_451317,Sneha Chauhan,Ahmedabad,4,Exactly as shown in the picture.
USER_820497,Amit Kumar,Pune,3,Nice packing.
USER_789344,Aisha Das,Mumbai,4,Awesome delivery speed.
USER_367689,Karan Bose,Jaipur,5,Highly recommended!
USER_567918,Anjali Nair,Pune,4,Awesome delivery speed.
USER_886457,Amit Reddy,Bangalore,2,A bit overpriced but decent.
USER_405180,Anjali Nair,Lucknow,1,"Defective item received, returned it."
USER_410548,Arjun Nair,Chandigarh,4,A bit overpriced but decent.
USER_530294,Kavya Sharma,Jaipur,2,"Not as expected, colors are dull."
USER_822802,Aisha Bose,Pune,3,A bit overpriced but decent.
USER_515095,Pooja Patel,Indore,5,Exactly as shown in the picture.
USER_815328,Kavya Singh,Ahmedabad,1,"Defective item received, returned it."
USER_160851,Riya Das,Chandigarh,4,Exactly as shown in the picture.
USER_751956,Anjali Patel,Ahmedabad,4,"Not as expected, colors are dull."
USER_617208,Aditya Yadav,Bangalore,3,Battery drains too fast.
USER_581253,Divya Yadav,Jaipur,3,Nice packing.
USER_263389,Amit Deshmukh,Chennai,4,"Good product, value for money."
USER_205277,Anjali Deshmukh,Hyderabad,2,"Average quality, could be better."
USER_817938,Sneha Reddy,Bangalore,1,"Terrible, broke on the first day."
USER_520820,Arjun Nair,Delhi,4,Perfect fit and comfortable.
USER_637086,Kavya Joshi,Mumbai,2,"Worst experience ever, do not buy!"
USER_355729,Aisha Sharma,Kochi,4,"Good product, value for money."
USER_486923,Arjun Singh,Indore,5,Exactly as shown in the picture.
USER_644438,Arjun Das,Bangalore,2,"Average quality, could be better."
USER_757636,Anjali Iyer,Chennai,1,"Worst experience ever, do not buy!"
USER_464387,Vikram Deshmukh,Chennai,2,"Average quality, could be better."
USER_258802,Rahul Deshmukh,Kolkata,2,"Defective item received, returned it."
USER_117878,Manish Yadav,Lucknow,2,Nice packing.
USER_495789,Aisha Das,Chennai,1,"Defective item received, returned it."
USER_471993,Pooja Yadav,Jaipur,2,"Defective item received, returned it."
USER_305035,Anjali Reddy,Kolkata,5,Awesome delivery speed.
USER_605175,Rahul Gupta,Bangalore,5,Perfect fit and comfortable.
USER_112138,Neha Nair,Surat,4,Awesome delivery speed.
USER_779076,Manish Nair,Mumbai,5,Excellent customer support.
USER_992321,Rahul Gupta,Chandigarh,3,"Not as expected, colors are dull."
USER_297020,Anjali Sharma,Chandigarh,4,A bit overpriced but decent.
USER_797812,Pooja Joshi,Lucknow,5,Exactly as shown in the picture.
USER_518315,Kavya Yadav,Bangalore,4,Perfect fit and comfortable.
USER_354414,Vikram Chauhan,Pune,5,Awesome delivery speed.
USER_127984,Siddharth Nair,Ahmedabad,2,"Defective item received, returned it."
USER_709609,Riya Yadav,Delhi,4,Loved it!
USER_617310,Arjun Das,Kochi,4,Exactly as shown in the picture.
USER_508619,Siddharth Bose,Mumbai,5,Excellent customer support.
USER_874252,Rohan Bose,Lucknow,4,Loved it!
USER_336044,Arjun Verma,Delhi,3,Nice packing.
USER_788267,Pooja Patel,Jaipur,5,Awesome delivery speed.
USER_561668,Kavya Verma,Chandigarh,2,"Terrible, broke on the first day."
USER_812320,Amit Joshi,Pune,5,"Good product, value for money."
USER_102780,Priya Joshi,Jaipur,4,Nice packing.
USER_909909,Divya Iyer,Chennai,5,Awesome delivery speed.
USER_135610,Neha Chauhan,Indore,3,A bit overpriced but decent.
USER_632781,Arjun Singh,Pune,1,"Worst experience ever, do not buy!"
USER_767718,Arjun Verma,Chandigarh,4,Excellent customer support.
USER_336620,Aditya Sharma,Mumbai,5,Excellent customer support.
USER_784753,Rahul Nair,Jaipur,1,"Worst experience ever, do not buy!"
USER_563743,Siddharth Das,Ahmedabad,4,Highly recommended!
USER_598038,Anjali Chauhan,Lucknow,2,"Not as expected, colors are dull."
USER_338477,Karan Bose,Lucknow,2,Battery drains too fast.
USER_682419,Aisha Verma,Jaipur,1,"Defective item received, returned it."
USER_647909,Anjali Gupta,Jaipur,5,Exactly as shown in the picture.
USER_183070,Siddharth Reddy,Chennai,5,Excellent customer support.
USER_120423,Anjali Iyer,Hyderabad,1,"Defective item received, returned it."
USER_719891,Sneha Verma,Lucknow,1,"Defective item received, returned it."
USER_545628,Sneha Patel,Kochi,2,Battery drains too fast.
USER_102894,Rohan Kumar,Indore,3,"Not as expected, colors are dull."
USER_261499,Aditya Verma,Lucknow,4,Exactly as shown in the picture.
USER_864261,Karan Yadav,Kolkata,2,"Worst experience ever, do not buy!"
USER_494376,Amit Yadav,Mumbai,5,Highly recommended!
USER_916904,Anjali Verma,Hyderabad,4,Awesome delivery speed.
USER_651627,Kavya Nair,Hyderabad,2,A bit overpriced but decent.
USER_675353,Rahul Verma,Surat,3,"Not as expected, colors are dull."
USER_274553,Priya Gupta,Lucknow,4,"Average quality, could be better."
USER_862844,Rohan Reddy,Surat,4,"Not as expected, colors are dull."
USER_247354,Divya Deshmukh,Surat,5,Exactly as shown in the picture.
USER_734495,Sneha Reddy,Jaipur,5,Exactly as shown in the picture.
USER_815528,Neha Patel,Lucknow,4,Excellent customer support.
USER_882368,Rahul Gupta,Ahmedabad,2,Battery drains too fast.
USER_628301,Neha Bose,Ahmedabad,4,"Good product, value for money."
USER_447711,Sneha Kumar,Chennai,4,Excellent customer support.
USER_619261,Anjali Yadav,Pune,5,Loved it!
USER_449175,Riya Yadav,Jaipur,2,"Worst experience ever, do not buy!"
USER_520875,Anjali Verma,Hyderabad,4,A bit overpriced but decent.
USER_536411,Anjali Verma,Delhi,4,Battery drains too fast.
USER_657861,Aditya Verma,Mumbai,5,Loved it!
USER_886763,Karan Sharma,Lucknow,5,Exactly as shown in the picture.
USER_756376,Priya Yadav,Chandigarh,5,"Good product, value for money."
USER_879431,Vikram Gupta,Chandigarh,3,Battery drains too fast.
USER_538782,Anjali Joshi,Jaipur,2,Nice packing.
USER_371880,Divya Gupta,Chennai,2,"Not as expected, colors are dull."
USER_126497,Priya Gupta,Hyderabad,4,Perfect fit and comfortable.
USER_948666,Vikram Reddy,Pune,4,Excellent customer support.
