playlist_name,creator_name
Acoustic Wave,MC Johnson
Metal Study,Riley Jones
Classical Mix,Jordan Smith
Indie Flow,Riley Williams
Essential Blues,DJ Martinez
Metal Energy,Alex Davis
Essential Hip Hop,DJ Martinez
Pop Session,Lil Creator
Metal Drive,Quinn Johnson
Soul Flow,Avery 99
Lo-Fi Wave,Taylor Jones
Chill Rock,Cameron Creator
Chill Vibes,Cameron Johnson
EDM Energy,Music Brown
Classic Techno,User 123
Electronic Hip Hop,Avery Miller
Hip Hop Energy,Vibe Jones
EDM Mix,MC Williams
Morning Drive,Skyler Brown
Morning Rock,Riley Smith
Pop Study,Alex 123
Deep Energy,Jordan Pro
Folk Beats,Morgan Smith
Ultimate Session,Music Williams
Soul Session,Vibe Williams
Late Night Session,Sound Beats
Weekend Mix,Vibe Brown
Metal Anthems,Skyler Mixer
R&B Flow,Taylor Jones
Essential Metal,DJ Davis
Indie Beats,MC Johnson
EDM Wave,Avery Music
Country Study,Cameron 123
R&B Jam,DJ Music
Soul Flow,User 123
Electronic Rock,Music Davis
Daily Indie,Avery Creator
Electronic Metal,Alex Johnson
Weekend Wave,Quinn Davis
Acoustic R&B,Jordan Miller
Pop Wave,Cameron Master
Hip Hop Study,Morgan Jones
Soul Vibes,Vibe Williams
Classical Grooves,Morgan Rodriguez
Metal Flow,Alex Beats
Ultimate Drive,Lil Rodriguez
Pop Anthems,Vibe 123
Vintage Grooves,Casey Mixer
Classical Wave,DJ Martinez
Morning Hip Hop,Avery Curator
Rock Study,DJ Brown
Blues Session,DJ Master
Sad Hip Hop,Riley Miller
Late Night Flow,Taylor Martinez
Chill Session,Taylor Beats
Lo-Fi Grooves,Morgan Brown
Country Session,Lil Pro
Vintage Jam,Skyler Johnson
Workout Metal,User Curator
Classic Flow,Riley Curator
Vintage Drive,Music Williams
EDM Classics,Casey 123
Winter Techno,Alex Beats
Late Night Grooves,Music Beats
Ultimate Soul,Vibe Williams
Sad Rock,Riley Davis
Ultimate Grooves,Avery Williams
Ultimate Metal,Taylor Smith
Weekend Grooves,Quinn Pro
Workout Metal,Jordan Mixer
Chill Techno,DJ 123
Classic Wave,User Smith
Essential Drive,Cameron Curator
Summer Folk,Lil Rodriguez
Country Grooves,Quinn Mixer
Focus Beats,Skyler 99
Happy Vibes,Jordan Martinez
Top 50 Global,Spotify Official
Winter Jam,Riley Johnson
Party Pop,Big Jones
Focus Classics,Taylor 123
Summer Metal,User Curator
Hip Hop Drive,Music Mixer
Rock Flow,Vibe Smith
Metal Energy,Vibe Creator
Top 50 Global,Spotify Official
Weekend Jam,User 99
Electronic Metal,User Brown
Weekend Folk,Riley Garcia
Daily R&B,Skyler Garcia
Classical Session,MC Jones
Sad Grooves,Alex Beats
Workout Hits,Skyler Miller
Acoustic Drive,Sound 99
Late Night Drive,Jordan Miller
Summer EDM,Casey Rodriguez
Deep Mix,Jordan Curator
Classical Wave,Lil 99
Late Night Grooves,Music Beats
Party Indie,Morgan Miller
Blues Drive,Taylor Johnson
Summer Grooves,Jordan Brown
Electronic Metal,Riley Creator
Techno Hits,Sound Beats
Blues Beats,MC Jones
Ultimate R&B,Morgan Creator
Acoustic Classical,Riley Martinez
Daily Vibes,Big Davis
Workout Mix,Riley Music
Happy EDM,Casey Rodriguez
Vintage Folk,Jordan Miller
Indie Energy,Skyler Johnson
Blues Study,Big Master
Rock Mix,Taylor Davis
Country Drive,Taylor Davis
Vintage Blues,Cameron Rodriguez
Electronic R&B,Avery Mixer
Rock Mix,Morgan Beats
Pop Study,Casey Curator
Metal Flow,Big Creator
Electronic R&B,Morgan Curator
Lo-Fi Study,Avery Beats
Late Night EDM,Big Beats
Acoustic Session,Quinn Master
Vintage Anthems,Big Miller
Classic Jam,Skyler Miller
Top 50 Global,Spotify Official
Chill Indie,Alex Davis
Pop Vibes,Cameron Mixer
EDM Drive,Cameron Rodriguez
Pop Study,Alex 123
Electronic Beats,DJ Smith
Focus Metal,Taylor Davis
Metal Anthems,Skyler Mixer
Jazz Study,Jordan Pro
Country Session,DJ Miller
Classical Hits,Lil Garcia
Late Night Hits,Lil Curator
Weekend Lo-Fi,Alex Jones
Classical Energy,Morgan 99
Vintage Beats,Jordan Jones
Weekend Pop,Morgan Music
Focus Folk,Big Creator
Essential Beats,Casey Pro
Indie Vibes,DJ 99
Deep Pop,User 123
Late Night Country,User Master
EDM Mix,Taylor Williams
Happy Classics,Quinn Garcia
Winter Techno,DJ Rodriguez
Jazz Beats,Casey Creator
Happy Rock,Jordan Master
Workout Drive,Riley Davis
Classic Techno,Taylor Johnson
Daily EDM,Alex Davis
Workout Jazz,Morgan Smith
Electronic Jazz,Jordan Master
Electronic Jazz,Avery Rodriguez
Acoustic Beats,Sound Master
Essential Grooves,Jordan 99
Workout Soul,Cameron 123
Acoustic Anthems,User Pro
Pop Drive,Taylor Smith
Vintage Vibes,User Smith
Jazz Session,Music Music
Workout Mix,Riley Music
Classic Indie,Morgan Music
Rock Mix,Morgan Creator
Vintage Mix,Avery 123
Essential Anthems,Jordan 99
Jazz Energy,Music Garcia
Chill EDM,Quinn Brown
Morning Wave,Vibe Curator
Daily Indie,Alex Smith
Winter Indie,Sound Jones
Winter Anthems,Sound Creator
Lo-Fi Drive,Alex 123
Late Night Grooves,Alex Creator
Vintage Jam,Avery Jones
Focus Vibes,Casey Brown
Happy Anthems,Avery Garcia
Workout Energy,Alex Curator
Weekend Indie,Big Rodriguez
EDM Energy,Skyler Smith
Sad Rock,Jordan Curator
Party Wave,Vibe Pro
Deep EDM,MC Garcia
EDM Mix,Casey Creator
Rock Mix,Morgan Beats
Hip Hop Grooves,Vibe Smith
Classic Techno,User 123
Party Wave,Vibe Pro
Party Session,Skyler Pro
Lo-Fi Anthems,Cameron Curator
Classic Jazz,Morgan Beats
EDM Flow,Lil Pro
Metal Hits,Quinn Jones
R&B Beats,Lil Garcia
Folk Jam,Quinn Johnson
Jazz Study,Avery Davis
Electronic Classics,Jordan Mixer
Chill Anthems,Jordan Mixer
Blues Beats,Skyler Curator
Sad Indie,Riley Mixer
Focus EDM,Sound 99
Late Night Folk,DJ Mixer
Party Jazz,DJ Curator
Sad Session,Music Rodriguez
Late Night Grooves,Skyler Martinez
Acoustic Lo-Fi,Jordan 123
Top 50 Global,Spotify Official
Vintage Classics,Jordan Jones
Country Anthems,DJ Master
Sad Hip Hop,DJ Johnson
Classic Indie,Avery Williams
Ultimate R&B,Riley Rodriguez
Country Mix,Sound Music
Late Night Grooves,Avery Beats
Ultimate Techno,Cameron Davis
Happy Beats,Taylor Jones
Acoustic Hip Hop,Avery Williams
Chill Drive,Morgan Master
Electronic Energy,Vibe Curator
Techno Vibes,Music Johnson
Acoustic Techno,Music Brown
Blues Hits,Big Garcia
Essential EDM,Casey Beats
Hip Hop Energy,Avery Rodriguez
Lo-Fi Grooves,MC Pro
Deep Anthems,Casey 123
Summer Hits,Skyler Music
Hip Hop Flow,Morgan Garcia
Soul Grooves,Taylor Jones
Acoustic Grooves,Avery Williams
EDM Beats,Taylor 99
Focus Mix,Casey Beats
Winter Jazz,MC Jones
Classic Study,MC Mixer
Pop Beats,Vibe Williams
Winter Hip Hop,MC Creator
Acoustic R&B,Big Davis
Folk Vibes,Riley Master
R&B Vibes,MC 123
Ultimate Soul,Big 123
Vintage Techno,Music Creator
Acoustic Session,Quinn Master
Acoustic Wave,User Johnson
Classic Vibes,Riley Jones
Blues Classics,Jordan Williams
Summer Classical,Skyler Beats
Blues Drive,Taylor Creator
Ultimate Rock,Lil Creator
Classical Flow,Lil Smith
Daily Anthems,Alex Mixer
Blues Wave,Lil 99
Ultimate Classics,Jordan Creator
R&B Study,Casey 123
Vintage R&B,Music Beats
Classical Classics,Sound Curator
Top 50 Global,Spotify Official
Daily Hip Hop,Casey Williams
Acoustic Drive,MC 99
Classic Metal,MC Davis
Classical Mix,Jordan Smith
Weekend Grooves,Avery Pro
Weekend Mix,Music Davis
Pop Study,Jordan Johnson
Summer Study,Avery Miller
Folk Drive,Riley Rodriguez
Winter Hip Hop,Riley Curator
Deep Beats,Taylor Miller
Daily Energy,Taylor Williams
Electronic Grooves,Quinn Master
Techno Study,Vibe Pro
Chill Jam,Morgan Rodriguez
Daily Grooves,Alex Creator
Blues Grooves,Skyler Williams
Metal Energy,Vibe Creator
Happy Hip Hop,Riley Davis
Ultimate Session,Lil Smith
Daily EDM,Big Johnson
Jazz Grooves,Big Pro
Daily Drive,Morgan 123
Late Night Beats,Alex Curator
Focus Jazz,Vibe Brown
Ultimate Hip Hop,User Master
Rock Session,DJ Johnson
Indie Study,Casey Garcia
Classic Indie,DJ Beats
Essential Indie,Avery Williams
Summer Classical,Vibe Curator
Acoustic Soul,MC Curator
R&B Jam,MC Johnson
R&B Study,Casey 123
Hip Hop Anthems,DJ Pro
Focus Techno,DJ 99
Classical Grooves,DJ Master
Weekend Jazz,Music 123
Acoustic Jam,Jordan Jones
Late Night Hits,Morgan Pro
Metal Anthems,Skyler Mixer
Acoustic Beats,Casey Johnson
Chill Study,Avery Pro
Winter Indie,MC Brown
Winter Metal,Big Miller
Essential Techno,User 99
Folk Beats,Jordan Miller
Deep Jam,Skyler Garcia
Deep Energy,DJ Garcia
Rock Classics,MC Pro
Sad Vibes,Quinn Martinez
Ultimate Anthems,MC Williams
Summer Anthems,Avery Brown
Acoustic Techno,Skyler Music
Summer Pop,Jordan Creator
Sad Folk,Sound Martinez
Essential Flow,Skyler Mixer
Techno Wave,Lil Creator
Pop Drive,MC Jones
Lo-Fi Wave,Morgan Master
Classic Session,Morgan Garcia
Morning Vibes,Music Garcia
Weekend Drive,Quinn Johnson
Essential Drive,DJ Master
Essential Rock,Sound Miller
EDM Wave,Vibe 99
Happy Anthems,Taylor Music
Weekend Pop,Jordan Music
Sad Metal,Jordan Johnson
Essential Metal,Big Master
Jazz Drive,Cameron Miller
Indie Energy,Cameron 99
Sad Country,Alex Jones
Focus Drive,Riley Pro
Sad Folk,User Smith
Electronic Hip Hop,Music Davis
Classical Anthems,Taylor Davis
Classic Anthems,Music Curator
Techno Anthems,Alex Martinez
Lo-Fi Mix,Avery Davis
Party Hip Hop,Taylor Williams
Weekend Folk,MC Jones
Ultimate Jam,Avery Master
Country Beats,User 123
Rock Beats,Morgan Brown
Party Pop,Vibe Brown
Classic Rock,Cameron Master
Acoustic Soul,Lil Mixer
Essential Hits,MC Mixer
Sad Study,Jordan Brown
Lo-Fi Drive,Quinn Williams
Party Rock,Taylor Master
Acoustic R&B,Jordan Creator
Country Vibes,Avery Garcia
EDM Session,DJ Curator
Top 50 Global,Spotify Official
Ultimate Blues,Sound 123
Winter Indie,MC Jones
Focus Jam,Alex Miller
Party Session,Jordan Davis
Daily Wave,Avery Williams
Focus Soul,Casey Davis
Acoustic Energy,Quinn Creator
Country Anthems,Morgan Rodriguez
Sad Pop,Sound Beats
Winter Folk,Taylor Smith
Acoustic Blues,Jordan Brown
Metal Energy,Jordan Master
Late Night Lo-Fi,Vibe Johnson
R&B Study,Avery Davis
Acoustic Metal,Skyler Brown
Workout Jam,Skyler Davis
Summer Hip Hop,Taylor Pro
Pop Session,Music Jones
Folk Energy,Vibe Martinez
Morning Wave,Skyler Garcia
Summer Classical,Skyler Beats
Winter Metal,Skyler Beats
Pop Drive,Quinn Jones
Late Night Beats,Skyler Davis
Hip Hop Mix,Casey Williams
Daily Grooves,Cameron Brown
Workout Techno,Casey Pro
Electronic Metal,Riley Creator
Top 50 Global,Spotify Official
Classic Energy,DJ Johnson
Electronic Lo-Fi,Morgan Smith
Summer Soul,DJ Miller
Essential Grooves,Jordan 99
Top 50 Global,Spotify Official
Workout Wave,Alex Martinez
Blues Mix,Cameron Curator
Hip Hop Anthems,DJ Music
Summer Techno,User Williams
Deep Mix,MC Davis
Winter Rock,Skyler Rodriguez
Country Session,Morgan Beats
Weekend Wave,Quinn Davis
Winter Jazz,Riley Davis
Vintage Indie,MC Williams
Sad Classical,Vibe 123
Focus Country,Cameron 123
Lo-Fi Drive,Music Curator
Focus Anthems,Casey Garcia
Party Jazz,Avery Davis
Country Mix,Skyler 123
Essential Techno,Lil Music
Chill Jam,Lil 123
Country Wave,User Davis
Workout Mix,Riley Music
Focus Soul,Morgan Rodriguez
Late Night EDM,Morgan Smith
Daily Hip Hop,Casey Brown
Vintage Indie,User Beats
Jazz Jam,User Davis
Ultimate R&B,Cameron Miller
Happy Session,Morgan Pro
Vintage Anthems,Big Miller
Lo-Fi Anthems,Vibe Johnson
Sad Indie,Riley Martinez
Winter Pop,User Pro
Classic Wave,Alex Mixer
Winter Drive,Avery Williams
Classic Flow,Alex Mixer
Chill Flow,DJ Music
Party Classical,DJ Davis
Party Anthems,Taylor Jones
Summer Study,MC Johnson
Jazz Mix,Vibe Miller
Chill Rock,Vibe Beats
Vintage Techno,Morgan Martinez
Pop Beats,Taylor Rodriguez
Pop Grooves,Alex Johnson
Metal Grooves,Cameron Pro
Late Night Flow,Taylor Martinez
Acoustic Session,Quinn Master
Acoustic Indie,Quinn Jones
R&B Anthems,User Curator
Chill Rock,Cameron Creator
Winter Indie,Music 99
Lo-Fi Beats,Casey Pro
Focus Grooves,Music Creator
Focus Indie,Morgan Master
Late Night Vibes,Big Smith
Summer Techno,Quinn Martinez
Soul Flow,Avery 99
Winter Jam,MC Davis
Ultimate Techno,Taylor Pro
Metal Classics,MC Music
Ultimate Indie,Casey Pro
Classic Jam,Lil Curator
Classic Folk,Lil Martinez
R&B Energy,Sound Garcia
Ultimate Classics,Sound Smith
Acoustic Pop,Avery Pro
Winter Drive,Avery Williams
EDM Study,User Jones
Country Wave,Music Creator
Techno Wave,Music Martinez
Indie Classics,Cameron Master
Techno Drive,Riley Master
Workout Blues,Taylor Miller
Folk Mix,Avery Williams
Workout Classical,Avery Beats
Rock Study,DJ Brown
Metal Grooves,Cameron Pro
Party Jazz,Quinn Creator
Metal Vibes,Cameron Beats
Party Hip Hop,DJ Smith
Weekend Energy,Avery Smith
Winter Pop,Avery Smith
Morning Wave,Cameron Jones
Vintage Drive,Skyler Curator
Classical Classics,Alex Martinez
Essential Rock,Casey Smith
Techno Study,Big 99
Late Night Lo-Fi,Sound 99
Classic Hits,Vibe Davis
Hip Hop Energy,Music Garcia
Blues Wave,Lil 99
Daily Soul,Big Master
Sad Lo-Fi,Taylor 123
Soul Wave,Cameron Curator
Hip Hop Beats,Casey Music
Summer Metal,Taylor Garcia
Folk Mix,Taylor 99
Party Blues,DJ Garcia
Electronic R&B,Casey Garcia
Classic Classics,Cameron 123
Indie Hits,Skyler Martinez
Hip Hop Session,Casey Rodriguez
R&B Drive,Alex Creator
Focus Mix,DJ Master
Acoustic R&B,Skyler Johnson
Party R&B,User Mixer
Morning Country,User Rodriguez
Party Metal,Morgan Rodriguez
Electronic Blues,MC Garcia
Hip Hop Vibes,Vibe Brown
Deep Mix,MC Davis
Essential Hits,Lil Williams
Daily Blues,User Davis
Electronic Flow,MC 99
Daily Hip Hop,Quinn Music
Ultimate Drive,Avery Miller
Lo-Fi Session,Alex Johnson
Happy Lo-Fi,Sound Martinez
Blues Vibes,MC Curator
Workout Flow,Quinn 123
Electronic Rock,Alex Beats
Vintage Beats,Jordan Jones
Morning Flow,Skyler Rodriguez
Chill Techno,DJ 123
Workout Flow,User Music
Late Night Rock,Alex 99
Chill Country,Morgan Music
Workout Rock,User Williams
Lo-Fi Wave,Quinn Mixer
Essential R&B,Morgan Master
Soul Drive,Morgan Williams
R&B Drive,Riley Pro
Hip Hop Wave,Jordan Davis
Blues Grooves,Big Miller
Deep Indie,Vibe Jones
Chill Indie,User Jones
Soul Mix,Cameron Miller
Pop Wave,Quinn Johnson
Happy Hip Hop,Quinn Garcia
Late Night Beats,Skyler Davis
Sad Indie,Jordan Jones
Weekend EDM,Music Beats
Morning Hits,User Music
Late Night Folk,Music Pro
Happy Country,Avery Rodriguez
Happy Hip Hop,Morgan Miller
Country Jam,Cameron Rodriguez
Electronic Indie,MC Martinez
Country Session,Vibe Pro
Blues Beats,Sound Smith
Blues Anthems,Lil Master
Rock Energy,Casey Davis
Workout Study,Music Brown
Happy Flow,Cameron Master
Rock Study,Quinn Rodriguez
Pop Mix,Big Smith
Party Lo-Fi,Morgan Jones
Ultimate Rock,Alex Master
Morning Grooves,Riley Mixer
Summer Anthems,Avery Brown
Rock Classics,MC Pro
Country Mix,Riley 99
Jazz Beats,MC Music
R&B Vibes,Sound 99
Classical Vibes,Sound Beats
Happy Country,Morgan Rodriguez
Rock Jam,Music Garcia
Chill Grooves,MC Music
Morning Country,Skyler Master
Winter Classical,Quinn Rodriguez
Classic Metal,Casey Pro
Rock Classics,Quinn Garcia
Winter Energy,Cameron Williams
Top 50 Global,Spotify Official
Workout Energy,Skyler Master
Late Night Jam,Riley Jones
Ultimate EDM,Casey 99
Sad Hits,Jordan Miller
Late Night Hits,MC 99
Late Night Anthems,User Davis
Summer Folk,Lil Rodriguez
Acoustic Classics,Avery Jones
Blues Study,Big Music
Pop Grooves,DJ Miller
Vintage Country,Morgan 99
Workout Session,Vibe Miller
Pop Session,Music Jones
Country Flow,Lil 123
R&B Classics,Big Garcia
Weekend Classics,Skyler Mixer
Late Night Grooves,Avery Beats
Electronic Metal,Avery Davis
Summer Energy,Big Music
Party Metal,Quinn 123
Sad R&B,Avery Martinez
Happy Pop,Music Davis
Lo-Fi Classics,Cameron Davis
Jazz Vibes,Music Smith
Jazz Jam,DJ Music
Morning Classical,Casey Jones
EDM Drive,Alex Curator
Morning Indie,Big Curator
Daily Anthems,Sound Miller
Workout Wave,Alex Martinez
Ultimate Rock,MC Miller
Weekend Techno,Vibe Rodriguez
Morning Hip Hop,Skyler Johnson
Weekend Mix,Taylor 123
Essential R&B,Cameron Johnson
Deep Mix,Big Davis
Chill Blues,Jordan Rodriguez
Essential Soul,Alex Rodriguez
Metal Wave,Taylor Curator
Classic Hip Hop,Quinn Beats
Electronic Beats,Alex Creator
Workout Wave,Riley Johnson
Blues Wave,Casey Curator
Folk Energy,Vibe Martinez
Top 50 Global,Spotify Official
Daily Techno,Big Smith
Acoustic Mix,Alex Music
Deep Hip Hop,Morgan Davis
Vintage Anthems,Music Curator
Focus Indie,Lil Creator
Jazz Beats,Skyler Smith
Classical Jam,Morgan Davis
Soul Flow,User Garcia
Sad Vibes,Morgan Garcia
Indie Grooves,Vibe Music
R&B Vibes,Sound Brown
Electronic Hits,Taylor 123
Lo-Fi Energy,Quinn Music
Metal Session,Big Curator
Daily Country,Skyler Brown
Essential Energy,Music Williams
Hip Hop Beats,Lil Garcia
Electronic Anthems,Skyler Beats
Happy Hip Hop,Skyler Curator
Techno Beats,Quinn Beats
Essential Techno,Skyler Williams
Winter Flow,Morgan Miller
Weekend Wave,User Brown
Daily Mix,Sound Brown
Late Night Metal,Taylor Garcia
Jazz Flow,Skyler Master
Top 50 Global,Spotify Official
Morning Wave,Jordan Garcia
Summer Beats,User Creator
Winter Indie,Jordan Garcia
Essential Session,Skyler Smith
Essential Folk,Lil Creator
Happy Anthems,Vibe Smith
Hip Hop Jam,MC Williams
Essential Mix,Vibe Rodriguez
Blues Mix,MC Beats
Chill Anthems,Casey Brown
Electronic Vibes,Casey Smith
Metal Anthems,Music Master
Weekend Hits,Cameron Garcia
Weekend Beats,DJ Martinez
Metal Flow,Big Mixer
R&B Drive,Lil Music
Workout Grooves,Music Curator
Acoustic Blues,Lil Garcia
EDM Study,Skyler Garcia
Happy Folk,Quinn Jones
Folk Beats,Vibe Johnson
Hip Hop Energy,Alex Martinez
Ultimate Grooves,Riley Garcia
Focus Anthems,Casey Garcia
Daily Mix,Avery Jones
Deep Wave,Alex Beats
Hip Hop Flow,Riley Martinez
Daily Techno,Skyler Pro
Electronic Rock,Alex Beats
Summer Indie,Morgan Music
Acoustic Classical,Sound Pro
EDM Energy,Avery Creator
Soul Wave,Big 99
Classical Anthems,Taylor Davis
Daily Jazz,Skyler Jones
Metal Jam,Riley 99
Weekend Grooves,Big 99
Essential R&B,Cameron Curator
Blues Grooves,Alex Jones
Classic Techno,Jordan Davis
Rock Study,Quinn Rodriguez
Top 50 Global,Spotify Official
Electronic Jam,Vibe Miller
Pop Drive,Taylor Smith
Deep Jam,Jordan Martinez
Essential Anthems,Vibe Curator
Folk Study,MC Pro
Daily Classics,Avery Jones
Soul Vibes,Riley Williams
R&B Flow,Taylor Garcia
Late Night Rock,Music 123
Morning Lo-Fi,Jordan 123
Focus Drive,Skyler Mixer
Morning Anthems,Cameron Williams
Deep Classical,Avery Pro
Acoustic Classics,Skyler 123
Classical Vibes,Quinn Smith
Ultimate Classics,Jordan Creator
Techno Study,Big 99
Techno Vibes,Skyler Master
Classic Grooves,Skyler Rodriguez
Blues Beats,Skyler Curator
Sad Folk,Sound Martinez
Hip Hop Mix,Taylor Beats
Acoustic Beats,Morgan Rodriguez
Electronic EDM,DJ Martinez
Top 50 Global,Spotify Official
Rock Wave,MC Rodriguez
Essential Folk,Music Rodriguez
R&B Beats,Skyler Brown
Top 50 Global,Spotify Official
Country Grooves,Morgan Rodriguez
Workout Jazz,Jordan 123
R&B Energy,Quinn Davis
Blues Vibes,Skyler Miller
Happy Classical,Alex Martinez
Electronic Jam,Quinn Curator
Weekend Hits,DJ Jones
Acoustic R&B,Big Davis
Happy Techno,Casey Garcia
Daily Grooves,Sound 99
Metal Energy,Alex Davis
Blues Jam,DJ Davis
Happy Mix,Avery Garcia
Techno Energy,Sound Johnson
Workout Classical,DJ Rodriguez
Classical Hits,Alex Jones
Folk Study,Casey Rodriguez
Summer Mix,Quinn Rodriguez
Folk Hits,Taylor Rodriguez
Happy Rock,DJ Garcia
Morning Classical,Quinn Curator
Essential Mix,Skyler Martinez
Morning Folk,DJ Johnson
Sad Lo-Fi,User Beats
Soul Mix,Cameron Johnson
Morning Drive,Alex Beats
Party Pop,Vibe Brown
Pop Wave,Jordan Davis
Party Classics,Quinn Johnson
Techno Classics,Jordan Miller
Classical Mix,Riley Williams
Pop Wave,Alex Martinez
Weekend Hip Hop,Alex Master
Deep Techno,Avery Music
Sad Jam,Quinn Miller
Techno Grooves,Music 123
Summer Beats,Taylor Master
Classical Grooves,Casey Curator
Happy Rock,Sound Davis
Vintage R&B,Music Rodriguez
Daily Wave,Lil Miller
Weekend Classics,Vibe Curator
Soul Wave,Cameron Curator
Winter Vibes,Skyler 99
Vintage Drive,Quinn Jones
Top 50 Global,Spotify Official
Weekend Energy,Casey Brown
Rock Flow,Riley 99
Chill Country,DJ Brown
Electronic Metal,Skyler Davis
Lo-Fi Study,Riley 99
Morning Wave,Big Brown
Party Jazz,Quinn Creator
Vintage Grooves,Casey Mixer
Essential Hip Hop,Avery Master
Morning Folk,Morgan Beats
Top 50 Global,Spotify Official
Classic Beats,Alex Mixer
Ultimate Blues,Sound 123
Acoustic Classical,Alex Creator
Hip Hop Jam,DJ Pro
Acoustic Folk,User Davis
Classical Vibes,Morgan Curator
Electronic Pop,User Master
Country Drive,Morgan Miller
Metal Beats,MC Jones
Winter Mix,Jordan Johnson
Hip Hop Hits,Taylor Jones
Pop Jam,Morgan Beats
Chill Rock,Alex Johnson
Summer Mix,Quinn Rodriguez
Late Night Session,Morgan Smith
Techno Drive,Vibe Brown
Sad Beats,Sound Pro
Lo-Fi Hits,Alex 123
Classic Wave,Vibe Music
Vintage Hits,Casey 123
Daily Jazz,Avery Williams
Summer Study,MC Johnson
Workout Jam,Skyler Davis
Electronic Metal,Big Martinez
Focus EDM,Sound 99
Hip Hop Drive,Sound Mixer
EDM Flow,Cameron Williams
Classic Wave,User Brown
Country Vibes,Alex 123
Winter Jam,Vibe Davis
Late Night Jam,Taylor Jones
Happy Blues,Morgan Miller
EDM Hits,DJ Davis
Blues Flow,Cameron Brown
Chill Mix,Quinn Pro
Winter Soul,DJ 99
Sad Indie,Riley Martinez
Deep Energy,Casey Davis
Rock Energy,User Jones
Pop Drive,Jordan Garcia
Acoustic Metal,Jordan Martinez
Late Night Energy,User 123
Rock Wave,Quinn Johnson
Happy Session,MC Miller
Weekend Country,Avery Curator
Essential Anthems,Music Beats
Happy Classics,Morgan 99
Rock Study,DJ Rodriguez
Winter Jazz,MC Jones
Classic Classics,Cameron 123
Summer Wave,Alex Curator
Late Night Jam,Cameron Smith
Late Night Drive,Jordan Miller
Pop Drive,Taylor Davis
Indie Beats,Skyler Jones
Rock Mix,Cameron Curator
Top 50 Global,Spotify Official
Workout Pop,Morgan Master
Folk Classics,Sound Williams
Focus Indie,Lil Creator
Ultimate Metal,Taylor Smith
Focus Vibes,Casey Brown
Summer Hits,Lil Creator
Ultimate Vibes,Big Mixer
Daily Blues,Vibe Garcia
Classic Grooves,Music Davis
Ultimate Pop,Jordan Jones
Soul Jam,Taylor Johnson
Acoustic Blues,Lil Garcia
Classic Grooves,Jordan Brown
Happy Soul,Vibe Garcia
R&B Jam,User Miller
Jazz Energy,Lil Brown
Sad R&B,Big Curator
EDM Flow,Lil Miller
Daily Flow,Avery Johnson
Techno Jam,Taylor Garcia
Party Rock,Avery 99
EDM Mix,Casey Creator
Essential Session,Sound 99
Techno Mix,DJ Mixer
Metal Drive,Music Brown
Country Wave,Lil Smith
Hip Hop Hits,Big Music
Metal Energy,Jordan Master
Classical Session,Skyler Brown
Metal Vibes,DJ Jones
Sad Hits,Alex Martinez
Folk Anthems,MC Pro
Electronic Hits,Vibe 99
Electronic Pop,Jordan Martinez
Soul Vibes,Cameron Davis
Ultimate R&B,Riley Rodriguez
Ultimate Flow,DJ 99
Classic Beats,Avery Johnson
Daily Hits,Vibe Mixer
Summer Hip Hop,Taylor Pro
Jazz Flow,Skyler Master
Techno Classics,Vibe Brown
Weekend Energy,Taylor Pro
Winter Pop,Music 99
Vintage Jazz,Sound Rodriguez
Winter Techno,Cameron Brown
Blues Vibes,MC Smith
Daily Techno,Casey 99
Indie Vibes,Taylor Creator
Blues Wave,Morgan 123
Daily Anthems,Sound Miller
Classic Techno,Riley Beats
Acoustic Anthems,DJ Davis
Indie Anthems,Cameron Davis
Electronic Anthems,Lil Master
Soul Vibes,Sound Jones
Jazz Vibes,DJ 99
Hip Hop Flow,Morgan Garcia
Electronic Folk,Casey Davis
Rock Study,Quinn Rodriguez
Workout Vibes,Cameron Davis
Ultimate Study,DJ Beats
Sad Flow,Cameron Miller
Essential Hits,Lil Williams
Lo-Fi Hits,Sound Curator
Weekend Session,Taylor Johnson
Pop Mix,Alex Rodriguez
Focus Lo-Fi,User Williams
Summer Hip Hop,Taylor Pro
Chill Soul,Vibe Davis
Deep Metal,Lil Mixer
Late Night Blues,MC Mixer
Folk Flow,Casey Johnson
Vintage Anthems,Skyler Curator
Summer Beats,Quinn Creator
Indie Study,Lil Beats
Sad Hip Hop,Riley Miller
Rock Mix,Big 99
Indie Beats,Avery Master
Blues Jam,Avery Curator
Late Night Wave,Quinn 123
Techno Session,Big Garcia
Deep Flow,Jordan Curator
Hip Hop Energy,DJ Martinez
Acoustic Metal,Music Davis
Rock Drive,Cameron Miller
Party Metal,Quinn 123
Sad Folk,Big Music
Pop Drive,Big 99
Rock Flow,Riley 123
Weekend Blues,Cameron Brown
Summer Indie,Morgan Music
Acoustic Metal,Big Rodriguez
Jazz Study,MC Brown
Techno Vibes,Avery 123
Essential Drive,DJ Master
Metal Flow,Vibe Master
Country Classics,DJ Smith
Focus Mix,Quinn Williams
Winter Indie,Avery Beats
Metal Classics,MC Smith
Focus R&B,Alex Music
Winter Jam,Vibe Davis
Techno Session,Taylor Jones
Daily Classics,Avery Pro
Hip Hop Energy,Alex Davis
Late Night Drive,Cameron Smith
Weekend Blues,MC Music
Morning Flow,Casey Rodriguez
Soul Mix,DJ Williams
Electronic Jazz,Quinn Pro
Happy Hip Hop,Quinn Garcia
R&B Drive,Vibe Curator
Happy EDM,Quinn Master
Classical Vibes,Quinn Smith
Indie Study,Cameron Master
Workout Anthems,Quinn Smith
Workout Techno,Riley Garcia
Chill Techno,DJ 123
Daily Energy,Jordan Smith
Summer Anthems,Music Curator
Sad Wave,Lil Pro
Deep Beats,Sound Martinez
Daily Metal,Skyler Master
Deep Drive,User Johnson
Ultimate Techno,Skyler Davis
Workout Soul,DJ Pro
Rock Drive,Music 99
Late Night Grooves,Alex Creator
Workout Beats,Casey Beats
Acoustic Folk,User Rodriguez
Acoustic Beats,Riley Martinez
Focus Anthems,Avery Master
Indie Mix,Sound Davis
Workout Jam,User Martinez
Vintage Soul,Skyler Curator
Classical Session,Lil 99
Classical Grooves,Casey Curator
Daily Indie,Vibe Beats
Classic Indie,Avery Williams
Classic Classics,Avery Mixer
Morning Folk,Morgan Beats
Country Grooves,Music Pro
Party Classical,Alex Mixer
Classic Flow,Riley Curator
Rock Wave,Lil Jones
Late Night Study,Big Beats
Vintage Jam,Riley 99
Weekend Hip Hop,Riley Davis
Techno Mix,Big Jones
Summer Beats,MC Mixer
Soul Study,Taylor Miller
Jazz Hits,Cameron 99
Rock Flow,Riley 99
Vintage Grooves,Lil Martinez
Party Hits,Skyler 123
Sad Techno,Big Rodriguez
Deep Energy,Jordan Pro
Winter Metal,Skyler Beats
Classic Jam,Big 123
Soul Beats,User Johnson
Blues Classics,Morgan Martinez
Vintage Energy,Casey Martinez
Chill Wave,Morgan Mixer
Summer Vibes,Taylor Creator
Blues Classics,Morgan Martinez
Techno Vibes,DJ Smith
Blues Grooves,Alex Johnson
Winter Lo-Fi,Quinn Garcia
Vintage Pop,Avery Jones
Acoustic Classical,Vibe 123
Winter Wave,Big Garcia
EDM Mix,Lil Miller
Soul Hits,Vibe Miller
Deep Session,User Garcia
Deep Techno,Casey Curator
Folk Beats,Morgan Smith
Classic Jazz,DJ Mixer
Party Grooves,Lil Pro
Pop Beats,DJ 123
Chill Anthems,Skyler Rodriguez
Electronic Rock,Cameron Davis
Electronic Pop,Lil Rodriguez
EDM Grooves,Quinn Master
Weekend Rock,Quinn Pro
Blues Vibes,MC Smith
Happy Hip Hop,Skyler Jones
Ultimate Session,User Music
R&B Drive,Vibe Curator
Ultimate Drive,Avery Miller
Vintage Grooves,Cameron Davis
Late Night Wave,Sound Johnson
Top 50 Global,Spotify Official
Lo-Fi Anthems,Jordan Miller
Ultimate Classics,Casey Smith
Lo-Fi Hits,Cameron 123
Pop Session,Big Master
Blues Grooves,Casey Davis
Chill Soul,Vibe Davis
Electronic Flow,Skyler Master
Metal Beats,Music Music
Daily Anthems,Alex Mixer
Electronic Soul,Cameron Master
Vintage Jam,Skyler Johnson
Pop Session,Skyler Garcia
Focus Country,Cameron 123
EDM Mix,Alex Music
Weekend Hip Hop,Skyler Music
Country Beats,Morgan Creator
Essential Energy,Vibe Miller
Vintage Session,Big Jones
Acoustic Rock,MC Davis
Acoustic Beats,Morgan Rodriguez
Electronic Drive,Cameron Rodriguez
Jazz Energy,Riley Jones
Country Classics,Quinn Mixer
Sad Drive,Avery Rodriguez
Country Classics,Quinn Brown
Workout Study,Music Brown
Weekend Blues,Quinn Johnson
R&B Jam,DJ Music
Focus Anthems,User Williams
Acoustic Energy,Skyler Jones
Party Study,Morgan Creator
Winter Indie,MC Brown
Ultimate Metal,Quinn Music
Winter Beats,Morgan Curator
Acoustic Metal,Jordan Martinez
Rock Study,Morgan 99
Summer Lo-Fi,Avery Garcia
Sad Indie,Sound Smith
Focus Metal,Avery Martinez
Indie Vibes,DJ 99
Pop Study,Music 99
Soul Classics,Quinn Pro
Party Jazz,Sound 99
Chill Country,DJ Brown
Morning Jam,Music Master
Sad Grooves,Skyler Miller
Techno Wave,Avery Davis
Winter Pop,User Pro
R&B Drive,Lil Music
Vintage Jazz,Quinn Martinez
Electronic Drive,Cameron Rodriguez
Classic Metal,Vibe Beats
Morning Indie,Taylor Beats
Jazz Mix,MC 99
Metal Grooves,Big Master
Summer Soul,DJ Miller
Ultimate Anthems,Big Beats
Weekend Mix,Casey Creator
Classical Flow,Lil Smith
Acoustic Session,Quinn Master
Country Study,Jordan Creator
Sad Hip Hop,Riley Miller
Party Indie,Sound 99
Electronic Folk,Skyler Rodriguez
Focus Drive,User Garcia
Electronic Pop,Morgan Davis
Summer Vibes,Taylor Smith
Morning Flow,Skyler Rodriguez
Electronic Drive,Avery Master
Acoustic Rock,Quinn Jones
Electronic Beats,Morgan Mixer
Morning Hits,Sound Martinez
Techno Jam,Riley Mixer
Party Study,Music Curator
Indie Classics,MC 99
Party Energy,Lil Rodriguez
Summer Hits,DJ Creator
Blues Classics,Morgan Martinez
Jazz Session,Casey Garcia
Daily Lo-Fi,Sound Mixer
Essential Hits,MC Mixer
Vintage Study,Quinn Johnson
Hip Hop Wave,Skyler Master
Classical Classics,Taylor 123
Pop Mix,Sound Master
Weekend Jam,Lil Beats
Classical Flow,Lil Smith
Focus Techno,User Jones
Pop Drive,Jordan Garcia
Lo-Fi Hits,Sound Curator
Pop Energy,Alex Beats
Vintage Anthems,Big Master
Deep Session,Alex Johnson
Acoustic Grooves,Riley Davis
Morning Study,Jordan Garcia
Sad Blues,Riley Pro
Sad Drive,Sound Martinez
R&B Drive,Riley Pro
Classic Rock,Cameron Master
Morning Anthems,Sound 99
Soul Jam,Morgan Creator
Happy Flow,Riley Mixer
Acoustic Beats,Taylor Martinez
Techno Classics,Jordan Miller
Top 50 Global,Spotify Official
Lo-Fi Flow,DJ Brown
Pop Beats,Taylor Rodriguez
Indie Vibes,Skyler 123
Summer Hits,Lil Creator
Summer Session,Jordan 123
Hip Hop Mix,Music Johnson
Chill Rock,Avery Williams
EDM Hits,Jordan Master
Blues Jam,Jordan Mixer
Chill Jazz,Taylor Pro
Acoustic Study,Riley Davis
Acoustic Rock,Quinn Jones
Acoustic R&B,Alex Beats
Workout Anthems,Music Brown
Workout Soul,DJ Pro
Sad Lo-Fi,Big Martinez
Metal Classics,MC Music
Happy Flow,Cameron Master
Summer Wave,Alex Curator
Weekend Energy,Taylor Pro
EDM Wave,Avery Johnson
Summer Jam,Alex Beats
Weekend EDM,Music Beats
Sad Jam,Alex Curator
Workout Classical,Big Johnson
Classic Beats,Alex Mixer
Hip Hop Wave,User Davis
Daily Metal,Sound Master
EDM Session,MC Beats
Indie Grooves,MC Jones
Acoustic Hip Hop,Lil Johnson
Winter Study,Sound 123
Morning Grooves,Quinn Music
Weekend Session,Skyler Brown
Essential Hits,MC Mixer
EDM Drive,Jordan Jones
Jazz Study,Jordan Brown
Electronic Beats,Quinn Music
Vintage Vibes,User Smith
Classic Vibes,DJ Curator
Pop Drive,MC Miller
Classical Anthems,Skyler Smith
Happy Classical,Sound Smith
Ultimate Classics,Big Master
Vintage Blues,Quinn 99
Classic Indie,Alex Jones
Ultimate Pop,User Davis
Lo-Fi Jam,Morgan 123
Metal Flow,Vibe Master
Party Energy,DJ Davis
Essential Mix,Avery Martinez
Essential Metal,Skyler Martinez
Late Night Blues,Morgan Curator
Metal Study,Avery Mixer
R&B Flow,Cameron Martinez
Winter Techno,Cameron Williams
Workout Soul,Jordan Rodriguez
Happy Rock,User Davis
Party Country,Casey 123
Summer Flow,Casey 99
Focus Study,Riley Pro
Jazz Anthems,Quinn Williams
Soul Anthems,Quinn Miller
Soul Grooves,Vibe Garcia
Electronic Wave,Riley Davis
Winter Indie,MC Brown
Electronic Classics,Riley Jones
Party Hip Hop,Alex Music
Vintage Jam,Big Davis
Weekend Folk,MC Miller
Morning Blues,MC 99
Blues Classics,Casey Brown
Workout Anthems,Quinn Smith
Weekend Session,Skyler Brown
Classic Folk,Morgan Miller
Party Pop,Big Jones
Electronic Soul,User Johnson
Lo-Fi Classics,Cameron Davis
Workout Wave,User Miller
Rock Classics,Quinn Garcia
Weekend Classics,DJ Rodriguez
Summer EDM,User Rodriguez
Electronic Lo-Fi,Morgan Smith
Focus Indie,Morgan Rodriguez
Lo-Fi Anthems,Cameron Curator
Sad Classical,Morgan Martinez
Winter Classics,Music Martinez
Morning Flow,Morgan Martinez
Pop Anthems,Music Master
Sad Jazz,Vibe Martinez
Ultimate Classics,Big Master
Weekend Mix,Sound Smith
Happy Hits,Riley 123
Acoustic Country,Cameron Pro
Weekend Hip Hop,Alex Master
Country Wave,User Davis
Essential Mix,Music Garcia
Daily Mix,Sound Brown
Classic Jazz,Quinn Music
Sad Grooves,Morgan Johnson
Party Jazz,Avery Davis
Techno Anthems,Taylor Beats
Classical Anthems,Skyler Smith
Acoustic Indie,Riley 123
Country Mix,Sound Music
Blues Vibes,Jordan Johnson
Late Night Metal,Taylor Garcia
Country Anthems,Sound Rodriguez
Summer Jazz,Lil Creator
Daily Jazz,Music Jones
Sad Jam,Skyler Mixer
Techno Vibes,Skyler Master
Rock Wave,Quinn Garcia
Country Drive,MC Curator
Deep R&B,DJ Curator
Jazz Vibes,DJ Miller
Rock Anthems,Music Music
Weekend Mix,Vibe Brown
Electronic Jam,Riley 123
Classic EDM,Lil Curator
Blues Vibes,MC Smith
Party Pop,Skyler Smith
Indie Session,DJ Davis
Party Hip Hop,Cameron Garcia
Chill Grooves,Quinn Miller
Party Classics,Quinn Johnson
Pop Vibes,Cameron Mixer
Ultimate Flow,DJ 99
Essential Drive,User 99
Indie Session,Taylor Williams
Chill Indie,Alex Davis
R&B Vibes,Avery Music
EDM Hits,Quinn Beats
Late Night Country,Taylor 99
Deep Drive,Morgan Smith
Top 50 Global,Spotify Official
Essential Indie,Avery Williams
Winter Mix,Taylor 123
Workout Folk,Alex Mixer
Indie Beats,Big Beats
Country Jam,Cameron Rodriguez
Folk Drive,Lil Williams
Workout Blues,Music Martinez
Soul Flow,User 123
Chill Anthems,Big Master
Classical Anthems,Riley Smith
Daily Country,Skyler Williams
Indie Hits,Skyler Martinez
Lo-Fi Beats,Music 123
Metal Drive,Riley 99
Rock Session,Music Brown
Ultimate Rock,Quinn 99
Folk Vibes,Lil Johnson
Electronic Hits,Vibe 99
Pop Flow,Jordan Miller
Winter Classics,Big Music
Indie Classics,MC 99
Deep Country,Lil Mixer
Vintage Drive,Alex 123
Daily Blues,Vibe Garcia
Techno Jam,Riley Williams
Jazz Hits,Cameron 99
Acoustic Hits,Skyler 99
Summer Mix,Big Mixer
Techno Grooves,Big Beats
Classic Flow,Alex Music
Weekend Session,Morgan Beats
Ultimate Country,Quinn Mixer
Blues Wave,Skyler Miller
Jazz Beats,Casey Creator
Workout Vibes,Taylor Martinez
Summer Vibes,DJ Smith
Classic Session,Alex Rodriguez
Acoustic Classics,Avery Jones
Jazz Drive,Jordan 123
Winter Hits,Avery Rodriguez
Acoustic Classical,Vibe 123
Weekend Metal,MC Garcia
Lo-Fi Session,DJ 123
Focus Metal,Taylor Davis
Metal Jam,Riley 99
Metal Grooves,Casey Mixer
Country Study,MC Pro
Weekend Hip Hop,Alex Master
Daily Mix,Avery Garcia
Vintage Anthems,Music Curator
Sad Jam,Skyler Beats
Happy Vibes,Taylor Garcia
Country Energy,Vibe Mixer
Essential Anthems,Morgan Jones
Chill Soul,Big Davis
Essential Anthems,Jordan 99
Winter Techno,Big Beats
Pop Energy,Alex Beats
Winter Grooves,Sound Mixer
Summer Grooves,MC Rodriguez
Classic Techno,Taylor Johnson
Focus Classical,MC Brown
Vintage Classics,Casey Miller
Late Night Grooves,Alex Creator
Morning Rock,Music Mixer
Winter Indie,Music 99
Pop Grooves,Jordan Curator
Ultimate Techno,Riley 123
Winter Beats,Vibe Johnson
Winter Grooves,Sound Mixer
Country Flow,Big Creator
Acoustic Classical,Big Curator
Deep Classics,Lil Davis
Acoustic Pop,Skyler 123
Metal Mix,Morgan 123
Hip Hop Session,Casey Rodriguez
Hip Hop Wave,Quinn Rodriguez
Happy R&B,MC Brown
Soul Session,Music Jones
Deep Indie,Music Smith
Sad Indie,Riley Rodriguez
Winter Hip Hop,User 99
Jazz Wave,Avery 123
Acoustic Anthems,Taylor Beats
Lo-Fi Study,Quinn 99
Happy Classics,Cameron Master
Late Night Soul,User Smith
Party Jazz,Sound 99
Country Grooves,Morgan Rodriguez
Party Pop,Sound Davis
Top 50 Global,Spotify Official
Ultimate Rock,Lil Creator
EDM Session,MC Beats
Party Techno,Cameron Smith
Indie Vibes,DJ 99
Party Rock,Avery 99
Techno Energy,Lil Rodriguez
Weekend Lo-Fi,Cameron Smith
Folk Energy,Skyler Rodriguez
Vintage Country,Morgan Curator
Essential Pop,Vibe Rodriguez
Pop Flow,User 99
R&B Vibes,Lil Beats
Focus EDM,DJ Mixer
Hip Hop Anthems,DJ Music
Blues Mix,MC Beats
Morning Wave,Big Brown
Deep EDM,MC Garcia
Deep Vibes,Avery Johnson
Summer Metal,User Mixer
Indie Vibes,Taylor Creator
EDM Jam,Taylor Rodriguez
Hip Hop Wave,User Davis
R&B Mix,Cameron Martinez
Acoustic Blues,Casey Master
Electronic EDM,Skyler Creator
R&B Beats,Skyler Mixer
Acoustic Anthems,Jordan 123
Classical Mix,Quinn Garcia
Pop Mix,Jordan Jones
Party Pop,Music Johnson
Morning Rock,Cameron Master
Ultimate Classics,Quinn 123
Techno Hits,Music Pro
Folk Drive,Riley Rodriguez
Metal Beats,Skyler Mixer
Classic Vibes,Riley Jones
Country Flow,Morgan Beats
Vintage Soul,Big Creator
Hip Hop Anthems,DJ Pro
Top 50 Global,Spotify Official
Rock Energy,User Jones
Workout Techno,Casey Pro
Deep Anthems,Alex Martinez
Morning R&B,Casey Music
Jazz Drive,Morgan Curator
Winter Energy,Vibe Rodriguez
Soul Beats,Sound Miller
Essential Jam,Casey Jones
Classic Beats,Avery Smith
Soul Vibes,Riley Williams
Late Night Folk,Skyler Creator
Morning Indie,Big Curator
Acoustic Anthems,User Pro
Lo-Fi Drive,Morgan Creator
Indie Classics,Skyler Garcia
Summer Wave,MC Curator
Essential Energy,Vibe Miller
Essential Hip Hop,Jordan Davis
Late Night Hip Hop,DJ Beats
Electronic Mix,Avery Mixer
Weekend Rock,Taylor Brown
Classic Indie,Avery Williams
Happy Rock,Sound Davis
Blues Beats,Quinn Jones
Blues Wave,Lil Master
Rock Mix,Music Jones
Indie Classics,Cameron Master
Winter Hits,Cameron Music
Winter Pop,Skyler Mixer
Hip Hop Grooves,Cameron Johnson
Pop Anthems,User 99
Soul Grooves,Vibe Garcia
Weekend EDM,Casey Garcia
Party Vibes,User Rodriguez
Happy Mix,Avery Garcia
Winter Hip Hop,Riley Curator
Pop Jam,DJ Music
Jazz Mix,Cameron Smith
Vintage Metal,Quinn Curator
Vintage Hits,Morgan Rodriguez
Party Hip Hop,Cameron Garcia
Essential Hip Hop,Vibe Pro
Classic Grooves,Morgan Williams
Focus Study,Riley Martinez
Hip Hop Mix,Skyler Curator
Winter Classics,Music Martinez
Essential Hits,Big Johnson
Weekend Rock,Jordan Miller
Acoustic Beats,Taylor Davis
Ultimate Drive,Big Smith
Happy Wave,Skyler Garcia
Late Night Jam,Music Jones
Sad Hip Hop,Cameron Smith
Morning Flow,Skyler Rodriguez
Country Wave,Quinn Williams
Happy Blues,User Garcia
Summer R&B,Casey Mixer
Pop Hits,Jordan Jones
R&B Beats,Morgan Johnson
Morning Wave,Vibe Creator
Deep Energy,DJ Garcia
Lo-Fi Study,Lil Martinez
Ultimate Folk,Big Music
EDM Hits,Quinn Beats
Party Jazz,Vibe Davis
Rock Jam,Morgan Jones
Weekend Jazz,Quinn Garcia
Happy Blues,Cameron Curator
Rock Energy,Avery Rodriguez
Party Techno,DJ Beats
Morning Hits,Sound Martinez
Vintage Vibes,Cameron Jones
Hip Hop Energy,Skyler Creator
Acoustic Energy,Skyler Jones
Sad Classical,Quinn Martinez
Sad Study,Jordan Garcia
Pop Mix,Cameron Johnson
Essential Rock,Jordan Beats
Winter Pop,Avery Johnson
Weekend Mix,Music Davis
Morning Rock,Riley Smith
Deep Indie,Taylor Williams
Classical Anthems,Skyler Smith
Metal Mix,Lil Davis
Happy Metal,User Martinez
Soul Grooves,Jordan Johnson
EDM Hits,Riley Martinez
Weekend Study,Cameron Brown
Happy Jazz,DJ Curator
Classic Flow,Alex Mixer
EDM Study,User Jones
Party Country,Avery Master
Classical Wave,Sound Miller
Rock Mix,Sound Johnson
Summer Session,Jordan 123
Electronic Classical,Riley Curator
EDM Wave,Vibe 99
Sad Techno,DJ Creator
Indie Classics,Sound Martinez
Sad Drive,Sound Martinez
Weekend Classics,Skyler Mixer
Late Night Grooves,Music Beats
Sad Vibes,Skyler 99
Electronic Vibes,Lil Pro
Techno Session,Taylor Rodriguez
R&B Grooves,Vibe Miller
Summer Wave,Casey Williams
Deep Jam,Skyler Garcia
Electronic Drive,Avery Master
R&B Beats,Sound Pro
Happy Session,Morgan Pro
Vintage Blues,Quinn 99
Essential Pop,Vibe Beats
Focus Study,Cameron Curator
Morning Hits,Avery 123
Weekend Jazz,Quinn Garcia
Electronic Country,Jordan Rodriguez
Chill Jam,Casey Johnson
Workout Jazz,Jordan 123
Classical Anthems,Alex Garcia
Focus Rock,Music Martinez
Classic Rock,DJ Williams
Party Vibes,User Rodriguez
Sad Hits,Big Miller
Rock Classics,Avery Beats
Hip Hop Hits,Taylor 99
Metal Jam,Riley 99
Folk Drive,DJ Smith
Vintage Mix,Lil Beats
Sad Study,Morgan 123
Morning Vibes,Music Garcia
Essential Hip Hop,Avery Johnson
Country Wave,Vibe Creator
Weekend Rock,Taylor Brown
Sad Blues,Jordan 123
Ultimate Soul,Vibe Williams
Summer Hits,Jordan Music
Country Flow,Lil Pro
Weekend Vibes,User Beats
Metal Beats,MC Jones
Electronic EDM,Skyler Creator
Sad Beats,Avery Williams
Country Session,Sound Curator
Chill Flow,Riley Brown
Workout Folk,User Music
Daily Country,Skyler Brown
Electronic Metal,Skyler Davis
Top 50 Global,Spotify Official
Focus Indie,Morgan Master
Rock Mix,Cameron Curator
Weekend Anthems,Cameron 123
Classic Techno,Morgan Master
Pop Mix,Sound Master
Acoustic Pop,Big Curator
Vintage Anthems,Big Master
Morning Energy,Alex Johnson
Summer Jam,Big 123
EDM Study,Skyler Garcia
Indie Vibes,Riley Smith
Daily Grooves,Quinn Martinez
Winter Classics,Riley Beats
Happy Flow,Cameron Master
Workout Drive,Morgan Pro
Party Grooves,Alex Miller
Workout Folk,Alex Mixer
Metal Drive,Jordan 99
Essential Pop,User Beats
Deep Country,Skyler Garcia
Lo-Fi Energy,Quinn Beats
Acoustic Indie,Quinn Davis
Weekend Study,Lil Mixer
Techno Drive,Quinn 99
Electronic Jam,Riley 123
Classic Folk,Lil Martinez
Party Mix,Sound Brown
Daily Metal,Cameron Smith
Focus Session,Alex Curator
Hip Hop Energy,Alex Davis
Essential Drive,Music Creator
Indie Grooves,DJ 123
Party Session,DJ Rodriguez
EDM Grooves,Quinn Master
Happy Anthems,Big Jones
Vintage EDM,Alex Music
Weekend Mix,Music Davis
Weekend Jam,Lil Beats
Top 50 Global,Spotify Official
Morning Blues,Taylor Pro
Blues Flow,Cameron Mixer
Deep Rock,MC Miller
Deep Hits,Vibe 123
Classical Classics,Taylor 123
Ultimate Classical,Morgan Curator
Soul Beats,Lil Garcia
Ultimate Drive,Riley Brown
Winter Folk,Alex Brown
Ultimate Indie,Casey Pro
Hip Hop Wave,Music Garcia
R&B Drive,Vibe Curator
Focus Anthems,Vibe Beats
Chill Hip Hop,Taylor Johnson
Hip Hop Jam,MC Williams
Essential Anthems,Music 99
Focus Folk,Big Creator
Country Study,Avery Music
Sad Indie,Riley Martinez
Chill Techno,Skyler Mixer
Acoustic Wave,User Creator
Rock Flow,Riley 99
Vintage Study,Quinn Johnson
Acoustic Blues,Taylor Garcia
Happy Beats,Quinn Music
Summer Wave,Alex Curator
Focus Jazz,Morgan Rodriguez
Sad Study,Taylor Williams
Folk Classics,Sound Williams
Ultimate Beats,Sound Curator
Indie Wave,Alex 123
Summer Vibes,Skyler Rodriguez
Workout Energy,Cameron Curator
Focus Anthems,Lil Davis
Jazz Classics,Lil Johnson
Weekend R&B,Music Williams
Soul Study,Cameron Master
Happy Rock,Music Brown
Chill Indie,Alex Davis
EDM Flow,Taylor Smith
Acoustic Indie,Riley 123
Hip Hop Energy,DJ Martinez
Winter Indie,MC Brown
Electronic Blues,Lil Rodriguez
Lo-Fi Vibes,Quinn Beats
Acoustic Soul,Lil Mixer
Soul Drive,Music Garcia
Classic Jazz,Lil Williams
Essential Folk,Sound Music
Deep Beats,Taylor Miller
Pop Wave,Quinn Johnson
Techno Energy,Riley Master
Happy Vibes,Vibe Curator
Top 50 Global,Spotify Official
Rock Session,Taylor Music
Electronic Soul,User Rodriguez
Top 50 Global,Spotify Official
Winter Techno,DJ Brown
Lo-Fi Hits,Alex Garcia
Acoustic Metal,Vibe Davis
Pop Beats,Vibe 123
Morning Classical,Casey Jones
R&B Wave,Riley Smith
Winter Energy,Sound Creator
Soul Beats,Sound Miller
Sad Indie,Sound Smith
EDM Drive,Skyler Garcia
Indie Anthems,Vibe Williams
Rock Grooves,Quinn 99
Top 50 Global,Spotify Official
Soul Vibes,Skyler Creator
Daily Indie,Alex Davis
Vintage Jazz,Casey Brown
Focus Lo-Fi,User Williams
Vintage Metal,Quinn Curator
Essential Classical,Skyler 99
Daily Blues,Vibe Garcia
Ultimate Mix,Quinn Davis
Happy Jam,Taylor Brown
R&B Grooves,DJ Rodriguez
Ultimate Jazz,Music Rodriguez
Jazz Beats,Casey Creator
Pop Beats,Vibe 123
Metal Wave,Lil Beats
R&B Anthems,Quinn Curator
Top 50 Global,Spotify Official
Soul Beats,Jordan Mixer
Folk Anthems,Avery Martinez
Essential Lo-Fi,Music Mixer
Vintage R&B,Jordan Miller
Country Wave,Skyler Beats
Lo-Fi Beats,Lil Pro
Focus Mix,Taylor Master
Hip Hop Drive,Music Mixer
Jazz Flow,Lil Curator
Sad Jazz,Vibe Martinez
Acoustic Rock,Casey Mixer
Deep Session,Sound Pro
Classic Jazz,DJ Mixer
Focus Drive,Quinn Master
Deep Rock,Cameron Pro
Classical Classics,Skyler Music
Winter Indie,Sound Jones
Vintage Jazz,Quinn Martinez
Acoustic Beats,Taylor Davis
Hip Hop Jam,Riley 99
Classic Jazz,Lil Williams
Classic Grooves,Music Davis
Weekend Blues,Casey Mixer
Lo-Fi Mix,Music Miller
Hip Hop Mix,Taylor Beats
Top 50 Global,Spotify Official
Rock Classics,Avery Beats
Summer Study,Casey Mixer
Techno Session,Casey Master
Morning Energy,Alex Johnson
Essential Energy,Vibe Miller
Blues Drive,Alex Garcia
Summer R&B,Jordan Garcia
Techno Energy,Riley Master
Workout Country,MC Johnson
Party Folk,DJ Master
Essential Energy,Vibe Miller
Winter Drive,Vibe Music
Hip Hop Grooves,Sound Curator
Chill Drive,DJ Williams
Techno Energy,Sound Pro
Vintage Drive,Music Williams
Electronic Flow,Skyler Master
Metal Classics,MC Smith
Morning Techno,Music Davis
Electronic Country,Taylor Music
Pop Study,Jordan Johnson
Acoustic Hip Hop,Big Music
Focus Jam,Alex Miller
Classic Drive,Alex 123
Vintage Folk,Sound Jones
Jazz Study,DJ Miller
Ultimate Session,User Music
Weekend R&B,Music Williams
Weekend Jazz,Morgan Jones
Focus Hip Hop,Music Curator
Folk Grooves,Music Beats
Lo-Fi Study,Music Master
Winter Pop,User Pro
Country Grooves,Sound Williams
Indie Anthems,Cameron Davis
Deep Beats,Sound Martinez
Weekend Rock,Vibe 123
Classical Anthems,Music Creator
Classic Metal,MC Davis
Winter Folk,Taylor Smith
Focus Hip Hop,Avery Curator
Classical Grooves,Morgan Rodriguez
Deep Drive,Morgan Smith
Weekend Grooves,Avery Pro
Techno Hits,Music Pro
Late Night Folk,Jordan Mixer
Indie Anthems,Vibe Williams
Folk Session,Music Music
Pop Hits,Taylor Martinez
Late Night Blues,Morgan Curator
Party Wave,Casey Creator
Lo-Fi Classics,Sound Davis
Ultimate Anthems,Lil Garcia
Daily Anthems,Alex Mixer
Pop Mix,Riley Brown
Acoustic Soul,MC Curator
Sad Metal,Cameron Brown
Techno Anthems,User Jones
Hip Hop Study,Quinn Curator
Country Classics,Alex 99
Country Energy,Vibe Mixer
Weekend Classical,Vibe Martinez
Focus Flow,Morgan Martinez
Rock Mix,MC Music
Late Night Wave,Big Rodriguez
Blues Study,Big Master
Ultimate Vibes,Vibe Davis
Sad Rock,Jordan Curator
Summer Anthems,Jordan 123
Vintage Drive,Quinn Jones
Deep Blues,Riley Beats
Rock Flow,Vibe Smith
Ultimate Study,Big Beats
Happy Jazz,Lil Martinez
Chill Anthems,Big Master
Electronic Blues,Jordan Creator
EDM Flow,Skyler 123
Happy Session,Jordan Garcia
Morning R&B,Big Mixer
Morning Anthems,Quinn Jones
Soul Classics,Quinn Pro
Focus Flow,Avery Master
Chill Jam,Lil 123
Happy Rock,Big Williams
Party Session,Jordan Davis
Electronic Beats,Music Garcia
Soul Classics,Quinn Music
Vintage R&B,Music Beats
Chill Anthems,Jordan Mixer
Blues Anthems,Big Jones
Summer Flow,Casey 99
Lo-Fi Wave,Morgan Master
Weekend Mix,Casey Creator
Essential Pop,Music 123
Hip Hop Grooves,User Brown
Classical Anthems,Taylor Smith
Metal Wave,Lil Beats
Summer Energy,Taylor 123
Lo-Fi Anthems,Alex Rodriguez
Essential Folk,Music Rodriguez
Sad Vibes,DJ 99
Daily Techno,Skyler Pro
Summer Energy,Taylor 123
Vintage Vibes,Morgan Martinez
Daily Blues,Avery Davis
Party Anthems,Big 123
Winter Hip Hop,User 99
Morning Soul,User Jones
Sad Grooves,Lil Curator
Workout Wave,Morgan Smith
Weekend Country,Quinn Music
Hip Hop Hits,Morgan Creator
Party Wave,Big Smith
Happy Session,Morgan Pro
Workout Study,Morgan Music
Party Soul,Riley Brown
Winter Drive,Riley Pro
Chill Grooves,Lil Jones
Ultimate Country,Avery Miller
Chill Drive,DJ Williams
Deep Rock,Cameron Pro
Deep Anthems,Music Williams
Classical Anthems,Taylor Smith
Hip Hop Grooves,Alex Mixer
Deep Anthems,Casey 123
Summer Soul,Taylor Williams
Morning Jam,Jordan Curator
R&B Study,Avery Davis
R&B Anthems,Taylor 123
Party R&B,Riley Pro
Soul Hits,Big Pro
Hip Hop Energy,Alex Martinez
Sad Vibes,Taylor 99
Summer Beats,MC Mixer
Ultimate Folk,Alex Rodriguez
Acoustic Blues,Alex Mixer
Party Lo-Fi,Skyler Garcia
Daily Grooves,Cameron Brown
Essential Vibes,DJ 123
Ultimate Country,Avery Miller
Classical Vibes,Big Smith
Rock Classics,Cameron Music
Vintage Indie,MC Williams
Sad Vibes,Taylor 99
Sad Vibes,Sound Pro
Late Night Drive,Cameron Smith
Hip Hop Beats,Jordan Master
Jazz Mix,Cameron Smith
Jazz Session,User Smith
Acoustic Hits,Lil Brown
Party Jam,Riley Curator
Classic Rock,Cameron Master
Morning Wave,Vibe Creator
Pop Beats,Vibe Williams
Metal Drive,Sound Pro
R&B Wave,Quinn Davis
Winter Rock,MC Creator
Essential Beats,Riley Beats
Electronic Mix,Vibe Miller
Acoustic Jazz,Morgan Davis
Ultimate Rock,Lil Creator
Focus Beats,Avery Martinez
Summer Energy,Taylor 123
Indie Flow,Alex Music
Winter Country,Big Pro
Ultimate Hip Hop,Lil Brown
Sad Folk,Sound Martinez
Happy EDM,DJ Smith
Hip Hop Study,Sound Beats
Indie Anthems,Vibe Williams
Weekend Mix,Sound Smith
Essential Indie,Avery Williams
Techno Anthems,Taylor Beats
Electronic Classics,Quinn Williams
Morning Session,Alex Mixer
Morning Jam,Jordan Curator
Classic Blues,Lil Garcia
Techno Flow,Taylor Martinez
Winter Wave,Big Garcia
EDM Flow,Lil Miller
R&B Jam,MC Johnson
Late Night Jam,Cameron Smith
Metal Energy,DJ Creator
Soul Study,DJ 99
Deep Country,Lil Mixer
Soul Study,User Rodriguez
Sad Hits,Jordan Miller
Workout Beats,Casey Beats
Winter Jazz,Music Johnson
Party Energy,Lil Rodriguez
Acoustic Mix,Morgan Curator
Country Anthems,Morgan Rodriguez
Weekend Session,Skyler Brown
Lo-Fi Wave,Cameron Creator
Hip Hop Anthems,Skyler Davis
Morning Wave,Casey Master
Weekend Indie,Big Rodriguez
Electronic Blues,Lil Rodriguez
EDM Classics,Casey 123
Chill Drive,Lil Mixer
Focus Indie,Taylor Music
Essential Lo-Fi,Music Mixer
Acoustic Hip Hop,Avery Williams
Happy R&B,Avery Smith
EDM Vibes,MC Pro
Ultimate Study,Morgan Martinez
Daily Drive,Taylor Garcia
Hip Hop Classics,Riley Jones
Pop Anthems,Big Master
Blues Flow,Vibe Creator
Classic R&B,DJ Brown
Metal Session,Big Curator
Blues Study,Morgan Johnson
Essential Hits,MC Mixer
Sad Indie,Riley Martinez
Morning Wave,Big Brown
Lo-Fi Grooves,Morgan Brown
Classic Beats,Riley Brown
Indie Vibes,User Brown
Pop Flow,Jordan Pro
Acoustic Metal,Big Rodriguez
EDM Jam,Lil Rodriguez
Late Night Soul,User Smith
Sad Hits,Big Miller
Daily Beats,Cameron Smith
Hip Hop Drive,Vibe Mixer
Country Session,Skyler Pro
Classic Techno,Lil Master
Chill Anthems,Jordan Mixer
Sad Pop,Big Pro
Jazz Drive,Jordan Curator
Deep Beats,Taylor Miller
Workout Mix,Jordan Brown
Daily Energy,Taylor Williams
Ultimate Flow,DJ Creator
Winter Hip Hop,MC 99
Country Beats,User 123
Folk Study,Vibe Smith
Lo-Fi Wave,Quinn Mixer
Classical Mix,Jordan Master
Hip Hop Mix,Skyler Curator
Soul Beats,Jordan Mixer
Country Hits,Casey Curator
Country Wave,Taylor Williams
Indie Jam,Skyler Smith
Vintage Vibes,Morgan Martinez
Metal Drive,Sound Pro
Workout Wave,Alex Martinez
Weekend Blues,Quinn Johnson
Soul Drive,Music Garcia
Classic Indie,Avery Williams
Indie Jam,Taylor Mixer
Techno Drive,Quinn 99
R&B Study,Big Rodriguez
Techno Jam,Riley Davis
Focus Rock,Big Pro
Daily Classics,Avery Pro
Vintage Drive,Skyler Curator
Sad Grooves,Lil Smith
Pop Anthems,Music Master
Indie Wave,Casey Beats
Summer Jam,MC Smith
Metal Jam,Riley 99
Blues Session,Quinn Music
Winter Hip Hop,Vibe Jones
Chill Techno,Skyler Mixer
Weekend EDM,Lil Davis
Party Energy,Lil Master
Deep Flow,Skyler Creator
Techno Classics,Alex Music
Late Night Blues,Casey Mixer
Ultimate Anthems,Alex Rodriguez
Pop Hits,Jordan Jones
Essential Blues,Morgan Rodriguez
Summer Blues,Alex Johnson
Acoustic Indie,Vibe Jones
Daily Energy,Jordan Smith
Morning Classical,Taylor Williams
Summer Beats,DJ Curator
Vintage Drive,Music Williams
Chill Drive,Morgan Master
Workout Blues,Taylor Miller
Folk Drive,Music Miller
Acoustic Pop,Skyler Garcia
Workout Session,Alex Brown
Folk Flow,Morgan 99
Party Energy,Quinn Johnson
Deep Blues,Cameron Martinez
Blues Beats,Sound Smith
Happy Beats,Quinn Music
Classic Anthems,Vibe Beats
Acoustic R&B,Alex Beats
Vintage Jazz,Quinn Beats
Metal Vibes,DJ Jones
Weekend Pop,Morgan Miller
Sad Hits,Lil Music
Metal Drive,Music Brown
Focus Wave,Skyler Jones
Sad Flow,Cameron Miller
Winter Drive,Avery Music
Essential Metal,DJ Davis
Classic Session,Sound Mixer
Techno Classics,Casey Rodriguez
EDM Drive,Alex Curator
Vintage Folk,Sound Jones
Classic Hip Hop,Avery Music
Indie Beats,Morgan Jones
Vintage Jam,Big Davis
Soul Study,Alex Williams
Soul Classics,Riley Master
Ultimate Wave,Morgan Miller
Late Night Soul,Music Brown
Late Night Hits,MC 99
Ultimate Study,Skyler Rodriguez
Chill Jazz,Taylor Pro
Focus Hip Hop,Avery Curator
Weekend EDM,Big Miller
R&B Beats,Skyler Mixer
Electronic Session,Casey Brown
EDM Hits,DJ Davis
Winter Metal,Skyler Beats
Party Jazz,Cameron Jones
Workout Session,Alex Brown
Workout Lo-Fi,Cameron Rodriguez
Focus Rock,Taylor Music
Deep Drive,User Johnson
Summer Beats,DJ Curator
Daily Beats,Avery Beats
Winter Jazz,Casey Miller
Top 50 Global,Spotify Official
Workout Energy,Morgan Davis
Essential Pop,User Beats
Acoustic R&B,Avery Garcia
Country Grooves,Music Pro
Daily Hip Hop,Quinn Music
Late Night Grooves,Skyler Martinez
Ultimate Jazz,Music Rodriguez
Deep Drive,Sound Music
Lo-Fi Flow,Music Jones
Morning Soul,Quinn 123
Metal Flow,Jordan Rodriguez
Late Night Blues,Morgan Curator
Hip Hop Beats,Music Music
Chill Study,Music Beats
Acoustic Hip Hop,Avery Williams
Sad Blues,Avery Creator
Daily Metal,DJ Curator
Sad Wave,Morgan Mixer
Indie Mix,Morgan Beats
Acoustic Metal,Jordan Martinez
Deep Indie,Taylor Williams
Focus Hip Hop,Avery Curator
Party Indie,Riley Pro
Rock Hits,Taylor Music
Weekend Metal,MC Garcia
R&B Vibes,Lil Beats
EDM Hits,Jordan Master
Deep Jam,Skyler Garcia
Party Jazz,Avery Davis
Chill Metal,Music Miller
Sad Hits,Alex Martinez
Metal Session,Vibe Miller
Blues Session,Avery Martinez
Workout Beats,Alex Creator
Indie Jam,Sound Jones
Workout Country,MC Johnson
Electronic EDM,Skyler Creator
Focus Country,Casey Music
Indie Session,DJ Davis
R&B Session,Sound Jones
Weekend Grooves,Avery Pro
Blues Hits,Jordan Creator
Classic Pop,MC Curator
Pop Study,Jordan Johnson
Rock Mix,MC Music
Weekend Rock,Taylor Brown
Focus Indie,Morgan Master
Daily Jazz,Avery Williams
Sad Study,Jordan Brown
Essential Beats,Music Garcia
Classic Vibes,Alex Jones
Daily Wave,Taylor Martinez
Deep Soul,Vibe Rodriguez
Classic Techno,Jordan Davis
Chill Soul,Big Davis
Focus Hip Hop,Avery Curator
Happy Beats,Taylor Jones
R&B Study,Big Rodriguez
Pop Hits,Taylor Martinez
Country Wave,Quinn Williams
Essential Classical,Avery Rodriguez
Jazz Vibes,Music Smith
Sad Beats,DJ 123
Focus Indie,Morgan Master
Jazz Drive,Morgan Curator
Sad Hits,Jordan Miller
Metal Flow,Big Mixer
Workout Energy,DJ Curator
Workout R&B,Alex Creator
Classical Session,Skyler Brown
Metal Energy,Jordan Master
Summer Metal,User Mixer
Soul Beats,Sound Miller
Focus Country,Sound Music
Party Lo-Fi,Morgan Jones
EDM Flow,Lil Pro
Deep Folk,Cameron Jones
Indie Classics,DJ Martinez
Sad Folk,User Smith
Sad Session,Lil 123
Folk Mix,Taylor 99
Electronic Beats,Casey Pro
R&B Jam,DJ Music
Techno Drive,DJ Curator
Workout Flow,Taylor 123
Acoustic Energy,Skyler Jones
EDM Grooves,Quinn Miller
Soul Jam,Cameron Mixer
R&B Wave,Riley Smith
Focus Mix,Taylor Master
R&B Vibes,MC Music
Jazz Jam,DJ Music
Late Night Hits,Lil Curator
Ultimate Hip Hop,Jordan Smith
Winter Hip Hop,Vibe Jones
Hip Hop Drive,Skyler Brown
Winter Classical,Taylor 123
Morning Folk,Alex Master
Essential Metal,Casey Pro
Weekend EDM,Casey Garcia
Party Jam,Big Williams
Blues Wave,Lil 99
Pop Grooves,Jordan 99
Lo-Fi Drive,MC Davis
Classic Study,Vibe Pro
Ultimate Flow,Quinn Brown
Weekend Mix,Music Davis
Essential R&B,User Miller
Lo-Fi Grooves,Morgan Brown
Lo-Fi Beats,Morgan 99
Pop Session,Music Jones
Daily Classical,Avery Smith
Daily Metal,Cameron Smith
Chill Jam,Alex Smith
Ultimate Rock,Vibe Williams
Happy Anthems,Taylor Music
Top 50 Global,Spotify Official
Essential Classical,Avery Rodriguez
Sad Lo-Fi,Lil Master
Acoustic Wave,Big Music
Weekend Flow,Riley Music
Rock Classics,Taylor Martinez
Deep Energy,Jordan Pro
Blues Session,Quinn Music
Top 50 Global,Spotify Official
Rock Grooves,DJ Martinez
Electronic Indie,Vibe Martinez
Classical Beats,Cameron Smith
Pop Mix,Sound Master
R&B Grooves,Vibe Miller
Focus Rock,Jordan Williams
Summer Flow,Taylor 99
Deep Grooves,Taylor Beats
Party Indie,DJ Pro
Hip Hop Grooves,Alex Mixer
Essential Pop,Sound Mixer
Vintage Mix,Riley Williams
Techno Wave,Big Garcia
Winter Drive,Lil 99
Essential Hits,MC Mixer
EDM Jam,MC Martinez
Daily Indie,Alex Davis
EDM Hits,Jordan Master
Focus Metal,Taylor Davis
Jazz Energy,Avery Williams
Sad Classics,Casey Brown
Techno Jam,Riley Mixer
Weekend Soul,Taylor Johnson
Focus Mix,Sound Miller
Country Classics,Quinn Brown
Ultimate Vibes,Casey Rodriguez
Morning Hip Hop,Avery Curator
Party Metal,MC Mixer
Focus Folk,MC Garcia
Electronic Rock,Alex Beats
Summer Jam,Vibe Davis
Late Night Jam,Vibe Brown
Folk Drive,Alex Williams
Folk Classics,Riley Miller
Lo-Fi Study,Cameron Davis
Pop Anthems,User 99
Blues Classics,Riley Master
Workout Hits,Morgan 123
Essential Energy,Vibe Miller
Rock Vibes,Cameron Creator
Jazz Grooves,User 99
Classical Beats,Cameron Smith
Deep Metal,Skyler Mixer
Morning R&B,Alex Mixer
Daily EDM,Big Johnson
Electronic Energy,Avery Beats
Acoustic Soul,User Johnson
Focus Jazz,Big Davis
Late Night Hits,Avery Beats
Rock Wave,MC 99
Ultimate Drive,MC Brown
EDM Hits,DJ Davis
Jazz Beats,MC Music
EDM Energy,Avery Creator
Focus Wave,Big Johnson
Metal Energy,Jordan Master
R&B Study,Riley Brown
Country Wave,Music Creator
Sad Grooves,Morgan Johnson
Happy Folk,Casey Williams
Winter Flow,Morgan Miller
Electronic Indie,MC Johnson
R&B Wave,Riley Smith
Weekend EDM,Lil Davis
Blues Session,Quinn Music
Party Jam,Big Williams
Deep Jam,DJ Beats
Weekend Grooves,Avery Pro
Top 50 Global,Spotify Official
Winter Hip Hop,Alex Music
Vintage Pop,Avery Jones
Deep Study,Lil Creator
Metal Jam,Taylor Mixer
R&B Drive,Vibe Curator
Party Grooves,Quinn Davis
Late Night Pop,Lil 99
Party Energy,DJ Davis
Country Flow,Morgan Beats
Winter EDM,DJ Johnson
Hip Hop Flow,Vibe Miller
Workout Energy,Cameron Curator
Classic Wave,Sound Brown
Workout Hip Hop,Avery Curator
Blues Vibes,MC Curator
Lo-Fi Drive,Alex 123
Electronic Soul,User Johnson
Metal Drive,Skyler Davis
Sad Beats,DJ Miller
Daily Classical,Avery Smith
Late Night Hits,Jordan Curator
Pop Anthems,Music Master
Folk Classics,Riley Miller
Deep Country,Lil Mixer
Deep Anthems,Jordan Brown
Morning Mix,Vibe Davis
Indie Vibes,Lil Master
Workout Anthems,Music Brown
Essential Pop,Music 123
Indie Drive,Big Creator
Chill R&B,Casey Jones
Blues Drive,MC Jones
Indie Hits,Skyler Martinez
Indie Jam,Riley 123
Focus Indie,Morgan Rodriguez
Vintage Hits,Riley Creator
Chill R&B,Lil Mixer
Morning EDM,User Garcia
Rock Energy,Morgan Garcia
Daily Vibes,Vibe Jones
Workout Study,Quinn Smith
Essential Metal,Big Music
EDM Hits,Skyler Curator
Classical Energy,Morgan 99
Top 50 Global,Spotify Official
Country Flow,DJ Johnson
Workout Jazz,Morgan Smith
Acoustic Country,Cameron Pro
Workout Energy,Alex Martinez
Country Drive,Taylor Davis
Daily R&B,Jordan Beats
Winter Hits,Morgan 99
Vintage Drive,Alex 123
Techno Jam,Riley Williams
Happy Hits,Lil Smith
Indie Vibes,Riley Smith
Deep Session,Alex Johnson
Chill Soul,Big Davis
Acoustic Rock,Casey Mixer
Vintage Lo-Fi,Taylor 99
Vintage Techno,DJ Mixer
Chill Study,Avery Pro
Winter Energy,Sound Creator
Weekend R&B,Skyler Davis
Acoustic Jazz,Avery Mixer
Lo-Fi Mix,Vibe Music
EDM Grooves,Quinn Miller
Essential Energy,Vibe Miller
EDM Mix,Casey Smith
Rock Hits,User Davis
Soul Hits,Taylor 123
Classic Study,Skyler Jones
Sad Jam,Skyler Mixer
Ultimate EDM,Alex Curator
Winter Mix,Taylor 123
Top 50 Global,Spotify Official
Lo-Fi Flow,Jordan 99
Essential Session,Skyler Smith
R&B Hits,Alex Creator
Morning Session,Taylor Pro
Weekend Rock,Jordan Miller
Ultimate EDM,Casey 99
Blues Drive,MC Jones
Sad Beats,DJ 123
Country Hits,Music 99
Essential Techno,Sound Johnson
Soul Hits,Casey Miller
Soul Study,Vibe Rodriguez
Morning Lo-Fi,Cameron Pro
Vintage R&B,Jordan Miller
Focus Beats,Jordan Pro
Electronic Jam,Lil Rodriguez
Vintage Drive,Quinn Beats
Essential Hits,Vibe Mixer
Ultimate R&B,Morgan Music
Daily Soul,Avery Master
Winter Techno,Cameron Brown
Chill Study,Casey Master
R&B Drive,Music Miller
Sad Study,Jordan Garcia
Vintage Vibes,Skyler Rodriguez
Acoustic Country,Riley Curator
Soul Anthems,Vibe 99
Pop Jam,Cameron Master
Late Night Country,Jordan Martinez
EDM Beats,Big Curator
Soul Session,Music Davis
Daily Country,Skyler Williams
Hip Hop Flow,Riley Martinez
Focus Pop,Lil Brown
Chill Wave,DJ Brown
Morning Beats,Alex Curator
Focus Rock,Music Martinez
Focus Jam,MC Jones
Soul Anthems,DJ Music
Rock Vibes,MC Jones
Classical Mix,Alex Miller
Vintage Soul,Big Creator
Rock Mix,Vibe 99
Summer Anthems,Music Curator
Metal Session,Quinn Jones
Essential Jazz,Alex Master
Blues Anthems,Sound Curator
Top 50 Global,Spotify Official
Blues Wave,Lil 99
Indie Session,User Garcia
Classic Hip Hop,Music Williams
Classical Jam,MC Rodriguez
Electronic Beats,User Davis
Acoustic Wave,User Johnson
Focus Indie,Music Beats
Workout Soul,Casey Miller
Folk Study,Music Brown
Electronic Hits,Taylor 123
Deep Pop,User 123
Lo-Fi Session,MC Brown
Summer Metal,Lil Mixer
Pop Anthems,Music Master
Morning R&B,Big Mixer
Acoustic Rock,MC Davis
Focus Blues,Vibe Davis
Jazz Session,Casey Garcia
Summer Hip Hop,Big Creator
Sad Soul,User Creator
Summer Jam,Big 123
Morning Energy,MC Music
Electronic Mix,Alex Beats
Lo-Fi Classics,Sound Davis
Daily Blues,Quinn Beats
Classical Vibes,Skyler Master
Classical Anthems,Taylor Music
Country Anthems,Vibe Garcia
Classic Study,Skyler Jones
Classical Session,Casey Rodriguez
Classic R&B,Music Mixer
Techno Drive,Quinn 99
Focus Grooves,Jordan Jones
Workout Metal,Avery Jones
Weekend Pop,Jordan Music
Essential Flow,Skyler Mixer
Sad Jam,Riley Mixer
Focus Anthems,Vibe Beats
Focus Hip Hop,MC Beats
Classic Jazz,Vibe Rodriguez
EDM Anthems,Riley Rodriguez
Sad Blues,Lil Garcia
Morning Hits,User Music
Focus Grooves,Jordan Jones
Essential Indie,Avery Williams
Metal Drive,Sound Pro
Workout Vibes,Vibe Beats
Daily Soul,Big Master
Jazz Vibes,DJ 99
Essential Rock,Sound Miller
Indie Beats,Skyler Jones
Pop Energy,Quinn Davis
Winter EDM,Music Beats
Summer Hip Hop,Morgan Williams
Techno Flow,Skyler Master
Summer Rock,Cameron Smith
Blues Flow,Cameron Brown
R&B Study,Sound Master
Hip Hop Study,Casey Martinez
Deep Indie,Music Smith
Soul Energy,Casey Curator
Weekend Hip Hop,Skyler Music
Sad Indie,Music Johnson
Classic Grooves,Vibe Brown
Ultimate Blues,Cameron 123
Party Rock,Jordan Miller
Morning Country,User Rodriguez
Classic Vibes,Riley Jones
Summer Pop,Jordan Creator
Country Classics,Quinn Williams
Ultimate Folk,Big Music
Summer Beats,Taylor Master
Essential EDM,Taylor Miller
Weekend Mix,Casey Creator
Party Wave,Casey Creator
Summer Mix,Big Mixer
Soul Wave,Taylor Jones
Hip Hop Session,Music Garcia
Rock Energy,Alex Johnson
Weekend Mix,Sound Smith
Indie Study,Casey Garcia
Classical Vibes,Big Smith
Electronic Metal,User Brown
Late Night Anthems,Cameron Beats
Summer Vibes,Taylor Creator
Focus Jazz,Taylor Mixer
Essential Techno,Lil Music
Ultimate Mix,Vibe Master
Ultimate Vibes,Cameron Creator
Techno Wave,Big Garcia
Late Night Country,Skyler Miller
Deep Soul,Vibe Rodriguez
Ultimate Classics,Sound Smith
Daily Hip Hop,Vibe Creator
Lo-Fi Mix,Music Miller
Rock Study,MC Jones
Essential Hits,Skyler Curator
Summer Mix,Big Mixer
Workout Lo-Fi,Cameron Creator
Classic Indie,DJ Beats
Weekend Mix,User Curator
Party Soul,Jordan Rodriguez
Acoustic Metal,Big Rodriguez
EDM Classics,Casey 123
Winter Techno,Cameron Brown
EDM Hits,DJ Davis
Acoustic Blues,Casey Master
Focus EDM,Music Rodriguez
Chill Metal,Avery Master
Winter Hip Hop,Casey Johnson
Electronic R&B,Vibe Davis
Jazz Energy,Lil Brown
Morning EDM,User Garcia
Morning Wave,Vibe Creator
Daily Blues,Quinn Beats
Sad Hip Hop,Vibe Pro
Winter Techno,DJ Rodriguez
Essential Soul,Alex Rodriguez
Party Blues,User Pro
Late Night Country,Music Creator
Soul Wave,Alex 99
Top 50 Global,Spotify Official
Workout Jazz,Vibe Garcia
Weekend Pop,Morgan Miller
Summer R&B,Jordan Garcia
R&B Classics,Big Garcia
Winter Hits,Sound 99
Workout Mix,Sound Pro
Winter Hip Hop,Cameron Curator
Country Classics,Alex 99
Soul Classics,Avery 123
Essential EDM,Morgan Pro
Blues Mix,Sound 123
Ultimate Hits,Morgan Music
Winter Beats,Vibe Johnson
Winter Jazz,Jordan Davis
Happy Country,User Miller
Acoustic Drive,MC 99
Late Night Indie,User Mixer
Late Night R&B,Sound Miller
Sad Blues,Lil Garcia
Morning Wave,Skyler Garcia
Deep Country,Jordan Davis
Jazz Classics,Sound Mixer
Winter Soul,Quinn Johnson
Ultimate Grooves,Music Williams
R&B Flow,Cameron Martinez
Summer Rock,User Music
Summer Flow,Alex Master
Pop Study,Riley Johnson
Acoustic Mix,Morgan Curator
Winter Pop,User Pro
Summer Indie,MC Rodriguez
Classic Techno,Riley Beats
Happy Anthems,Vibe Smith
Happy Hits,Big Beats
Hip Hop Wave,Skyler Master
Daily Hip Hop,Quinn Music
Weekend Country,User 123
Deep Hits,Vibe 123
Workout Jam,Cameron Curator
Electronic Beats,Casey Brown
Folk Wave,Alex Creator
Summer Metal,Lil Mixer
Country Vibes,Cameron Beats
R&B Drive,Vibe Curator
Rock Study,Morgan 99
Daily Jam,Casey Garcia
Acoustic Blues,Casey Master
Soul Beats,Sound Miller
R&B Study,Casey 123
Chill Jam,Alex Smith
Folk Drive,Lil Williams
Weekend Anthems,Vibe Jones
Acoustic Hip Hop,Big Music
Morning Mix,Jordan Miller
Folk Session,Avery Beats
Classic Session,Morgan Garcia
Deep Blues,Casey Mixer
Weekend Hits,Cameron Garcia
Party Hits,Morgan Music
Blues Classics,Jordan Williams
Techno Vibes,Music Johnson
Summer Vibes,Jordan Johnson
R&B Wave,Cameron Music
Winter Indie,Lil Music
Essential Drive,User 99
Folk Session,Avery Beats
Workout Jam,User Martinez
Sad Country,Riley Master
Indie Energy,User Johnson
Focus Techno,User Jones
Folk Mix,Taylor 99
Essential Pop,Vibe Rodriguez
Winter Soul,DJ 99
Happy Mix,User Rodriguez
Country Mix,Cameron Williams
Morning Lo-Fi,Riley Creator
Vintage Folk,Morgan Smith
Winter Pop,Taylor 123
Morning Flow,Taylor 123
Late Night Indie,User Mixer
Blues Session,Quinn Music
Metal Drive,Quinn Johnson
Winter Techno,Cameron Brown
Winter Folk,Music Master
Ultimate Grooves,Alex Garcia
Rock Flow,Vibe Smith
Sad Lo-Fi,Big Martinez
Electronic Indie,MC Johnson
Ultimate Energy,Music Music
Techno Hits,Music Pro
Party Jazz,Alex Beats
Sad Blues,Avery Creator
Sad Jam,Vibe Garcia
Sad Classical,Music Rodriguez
Workout Study,Quinn Smith
Jazz Mix,Alex Jones
Vintage Energy,MC Smith
Morning Rock,Riley Martinez
Happy Grooves,Quinn Curator
Essential Study,Vibe Smith
Hip Hop Beats,Lil Garcia
Classic Study,Morgan 99
Late Night Hits,Morgan Pro
Hip Hop Energy,Taylor Music
Lo-Fi Beats,Lil Pro
Morning Wave,Vibe Creator
Late Night Jam,Riley Jones
Late Night Country,Skyler Miller
Weekend Wave,Cameron Beats
Deep Beats,Sound Martinez
Summer Mix,Morgan 99
Vintage Anthems,Big Master
Party Country,DJ Curator
Essential Rock,Sound Miller
Pop Drive,Taylor Davis
R&B Energy,Skyler Master
Indie Session,DJ Davis
Lo-Fi Flow,Riley Garcia
Folk Mix,Avery Martinez
Workout Indie,Big Smith
Happy R&B,Sound Pro
Summer Vibes,Skyler Rodriguez
Workout Rock,Cameron Master
Vintage Grooves,Quinn Garcia
Ultimate Grooves,Riley Smith
Country Grooves,Morgan Rodriguez
Jazz Mix,DJ Master
Country Hits,Avery Beats
Weekend Vibes,Riley Music
Pop Vibes,Riley Davis
Summer Anthems,Alex Williams
Summer Vibes,Taylor Smith
Workout Vibes,Taylor Martinez
Winter Hits,Avery Rodriguez
Happy Rock,Quinn Pro
Classic Techno,Taylor Johnson
Late Night Drive,User Davis
Daily Rock,Big Miller
Daily Soul,Avery Master
Techno Mix,Morgan Davis
Weekend Energy,Skyler 123
Weekend Energy,Avery Smith
Summer Study,Cameron Garcia
Acoustic Beats,Morgan Rodriguez
Weekend Study,Vibe Brown
Ultimate Vibes,Big Mixer
Vintage Folk,Morgan Smith
Late Night Flow,User Beats
Chill Techno,Music Garcia
Summer Jam,Vibe Davis
Weekend Hits,Taylor Jones
Late Night Jazz,Music Garcia
Blues Flow,Casey Creator
Morning Blues,MC 99
Indie Study,Casey Garcia
Soul Classics,MC Pro
EDM Grooves,Casey Master
Techno Jam,Lil Smith
Hip Hop Hits,Big Music
Country Anthems,Alex Davis
Winter Techno,Cameron Williams
Sad Vibes,Lil Creator
Classic Classics,Cameron 123
Workout Techno,Riley Garcia
Late Night Session,Big Jones
Winter Session,MC 99
Jazz Drive,Jordan Curator
Indie Study,Casey Garcia
Folk Study,Casey Rodriguez
Winter Jazz,Casey Miller
Happy R&B,Casey Johnson
Sad Beats,DJ Miller
Rock Study,DJ Rodriguez
Deep Study,DJ Garcia
Acoustic Anthems,Avery Creator
Pop Hits,Big 99
Techno Grooves,Vibe Jones
Blues Hits,Jordan Creator
Happy Jam,Cameron Beats
Essential Grooves,Jordan 99
Country Energy,Vibe Mixer
Jazz Drive,Jordan 123
Vintage Vibes,Skyler Master
Essential Lo-Fi,Avery Mixer
Soul Wave,Alex 99
Hip Hop Session,Avery Garcia
Vintage Hits,Riley Creator
Morning Lo-Fi,Avery Curator
Focus Beats,Jordan Curator
Soul Beats,User Johnson
Classic Jazz,Vibe Rodriguez
Lo-Fi Flow,MC Martinez
Sad Blues,Avery Creator
Indie Study,Casey Garcia
Pop Anthems,Big Master
R&B Study,Jordan 123
Classic Vibes,Alex Music
Classic Vibes,DJ Curator
Deep R&B,Lil Smith
Party Rock,MC Davis
EDM Jam,MC Martinez
Happy Hip Hop,Morgan Miller
Metal Hits,Lil 123
Party Blues,DJ Garcia
R&B Wave,Sound Johnson
Late Night Drive,Cameron Smith
Morning Anthems,MC Pro
Weekend Blues,Jordan Master
Country Session,User Garcia
Country Flow,Big Creator
Ultimate Lo-Fi,Music Garcia
Metal Session,Big Curator
EDM Energy,Alex Pro
Morning Beats,Skyler Mixer
Focus Classics,Taylor 123
Daily Drive,Taylor Garcia
Hip Hop Anthems,DJ Pro
Focus Classical,User Johnson
Rock Study,MC Jones
Morning Anthems,Riley 123
Classical Anthems,Riley Smith
Indie Wave,DJ Creator
Ultimate Jazz,Music Rodriguez
Blues Session,Jordan 99
Electronic Techno,DJ Williams
Essential Classical,Avery Rodriguez
Acoustic Jam,MC Mixer
Acoustic Lo-Fi,Quinn Curator
Jazz Energy,Quinn Davis
Lo-Fi Drive,Alex 123
Late Night Wave,DJ Beats
Chill Soul,Vibe Johnson
Focus Metal,Casey Davis
Ultimate Jazz,User Music
Sad Pop,Big Pro
Electronic Drive,Cameron Rodriguez
Metal Flow,Big Mixer
Morning Pop,Music Curator
Blues Mix,Alex Beats
Summer Rock,Jordan Rodriguez
Deep Indie,Skyler Beats
Morning Anthems,MC Pro
Late Night Wave,Sound Johnson
Lo-Fi Drive,Vibe Master
Focus Drive,Morgan Johnson
Focus EDM,Vibe Mixer
Late Night Blues,MC Mixer
Vintage Soul,Skyler Curator
Summer Soul,User 123
Happy Folk,Quinn Jones
Indie Classics,Sound Martinez
Morning Classical,Taylor Williams
Pop Anthems,DJ Davis
Folk Drive,Casey Garcia
Classical Flow,Riley Smith
Ultimate Session,User Music
Jazz Energy,Lil Brown
Vintage Jazz,Avery Master
Vintage Country,Casey Creator
Chill Pop,MC Master
Chill Country,DJ Brown
Top 50 Global,Spotify Official
Morning Techno,Avery Pro
Winter Indie,MC Jones
Vintage Vibes,User Smith
Ultimate Country,Vibe Rodriguez
Party Vibes,Riley Pro
R&B Wave,Quinn Davis
Vintage Folk,Quinn Williams
Indie Vibes,Lil Master
Morning Wave,Sound Beats
Weekend Vibes,Riley Music
Weekend Beats,MC Rodriguez
R&B Energy,Morgan 99
EDM Session,MC Beats
Ultimate Classics,Quinn 123
Hip Hop Grooves,Alex Mixer
Weekend Study,Lil Mixer
Party Classics,MC Johnson
Indie Study,Casey Garcia
Late Night Rock,Avery Martinez
Country Flow,Lil Pro
Happy Hits,Sound Williams
Essential Jazz,Jordan Mixer
EDM Session,Big Martinez
Classical Session,Sound Mixer
Country Hits,Avery Beats
Acoustic Blues,User Williams
Jazz Flow,Avery Williams
Daily Metal,Skyler Master
Focus Classical,User Johnson
Classical Wave,Lil 99
Summer Blues,Riley Music
Deep Rock,Sound 99
Party Classics,User Smith
Hip Hop Drive,Sound Rodriguez
Classic Flow,Lil Jones
Happy Folk,Music Master
Happy Hip Hop,Taylor Music
Essential Classical,Skyler 99
Sad Hip Hop,DJ Johnson
Pop Energy,Alex Beats
Sad Soul,User Creator
Focus Mix,Casey Beats
Jazz Energy,Music Garcia
Vintage Jam,Big Rodriguez
Metal Wave,Lil Beats
Weekend Jam,User 99
Jazz Anthems,Morgan Beats
R&B Hits,Alex Creator
Indie Hits,Jordan Davis
Electronic Session,Big 123
Blues Jam,Cameron Curator
Essential Anthems,Taylor Miller
Ultimate Energy,Skyler Mixer
Chill Wave,Morgan Mixer
Acoustic Drive,Taylor 123
Party Wave,Big Smith
Winter Lo-Fi,Skyler Garcia
Hip Hop Study,Quinn Curator
Summer Metal,Lil Mixer
Weekend Lo-Fi,Sound Davis
Workout Jazz,Big Master
Chill EDM,Quinn Master
Chill Beats,Music 99
Blues Mix,MC Beats
Acoustic Techno,Skyler Beats
Lo-Fi Session,Avery Miller
Party Blues,Taylor Davis
Summer Rock,Jordan Rodriguez
Happy Classics,Morgan 99
Focus R&B,Taylor 123
Country Wave,Music Creator
Essential Techno,Skyler Williams
Essential Indie,Vibe 123
Techno Wave,Avery Davis
Soul Energy,Casey Curator
Classical Anthems,Cameron Rodriguez
Techno Wave,Avery Davis
Electronic Rock,Music Davis
Focus Jazz,Taylor Mixer
Chill Country,Morgan Music
Morning Jazz,Riley Mixer
Acoustic Beats,Sound Master
Soul Drive,Music 99
Blues Grooves,Cameron Pro
Electronic Jam,Vibe Miller
Jazz Flow,Avery Williams
Weekend Study,Vibe Brown
Classical Beats,Taylor 123
Focus Wave,Taylor Jones
Workout Wave,Cameron Brown
Electronic Soul,Music Jones
Happy Beats,Big Pro
Ultimate Jazz,Big 99
Classical Beats,Lil Jones
Vintage Jazz,Quinn Martinez
Morning Vibes,Alex Davis
Winter Anthems,Sound Creator
Summer Drive,Quinn Pro
Acoustic R&B,Skyler Johnson
Essential Energy,Avery Davis
Ultimate Folk,Taylor Music
Soul Beats,User Johnson
Party Hits,Riley Smith
Summer Grooves,Skyler Johnson
Hip Hop Energy,DJ Martinez
Winter Folk,Alex Brown
Ultimate R&B,Cameron Miller
Focus Techno,DJ 99
Essential Anthems,Jordan 99
Weekend Session,Skyler Brown
Folk Anthems,Avery Martinez
Deep Session,User Garcia
Ultimate Energy,Music Music
Ultimate Mix,Vibe Master
Daily Mix,Jordan Music
Classical Wave,Taylor Davis
EDM Hits,User Beats
Daily Energy,Music Garcia
EDM Beats,Big Curator
Chill Classical,Avery 123
Rock Mix,DJ 123
Acoustic Classics,Avery Jones
Electronic Classics,MC Pro
Weekend Jazz,MC Rodriguez
Late Night Anthems,Sound 99
Summer Study,Sound Johnson
Hip Hop Beats,Music Music
Indie Flow,Alex Music
R&B Beats,DJ Davis
Weekend Rock,Jordan Miller
Ultimate Jam,Avery Master
Metal Hits,MC Master
Morning Beats,Casey Williams
Weekend EDM,MC Mixer
Top 50 Global,Spotify Official
Electronic Energy,Vibe Curator
Top 50 Global,Spotify Official
Pop Study,Riley Johnson
Morning Soul,User Jones
Metal Drive,Jordan 99
Acoustic Energy,Jordan Beats
Soul Mix,Jordan Davis
Classic Mix,Riley Davis
Weekend Folk,Skyler Garcia
Techno Anthems,MC Music
Weekend R&B,Skyler Davis
Lo-Fi Anthems,Vibe Johnson
EDM Vibes,Jordan Miller
Hip Hop Anthems,Riley Pro
Pop Flow,Cameron Smith
Focus Hip Hop,Avery Curator
Pop Wave,Jordan Davis
Winter Vibes,Cameron Martinez
Classic Lo-Fi,Quinn Beats
R&B Hits,Alex Creator
Late Night Folk,Alex Johnson
Folk Wave,Skyler 123
Classical Grooves,Alex Creator
Ultimate Classical,Quinn Garcia
Classic Hits,Vibe Davis
Blues Wave,Morgan 123
Sad Soul,User Creator
Classic Techno,Avery Master
Late Night Drive,Jordan Music
R&B Wave,Cameron Music
Pop Drive,Quinn Jones
Pop Session,Music Jones
Indie Mix,Sound Davis
Classical Anthems,Skyler Beats
Weekend EDM,MC Mixer
Weekend Pop,Alex Martinez
Focus Lo-Fi,User Pro
Vintage Mix,Riley Williams
Rock Study,DJ Rodriguez
Classic Flow,Jordan Rodriguez
Sad Flow,Cameron Miller
Party Country,Casey Smith
Party Jazz,Sound 99
EDM Classics,Skyler Williams
Acoustic Metal,Vibe Davis
Lo-Fi Mix,Music Miller
Vintage EDM,MC Martinez
Electronic Grooves,Quinn Master
Country Drive,MC Curator
Late Night Beats,MC Master
EDM Flow,Skyler 123
Essential Vibes,Avery Curator
Essential Beats,Riley Beats
Hip Hop Classics,Casey Martinez
Happy Pop,Music Davis
R&B Classics,Taylor 99
Acoustic Classics,Skyler 123
Sad Beats,DJ 123
Vintage Blues,Riley Creator
Summer Vibes,Sound Williams
Essential Energy,Music Williams
Daily Indie,MC Garcia
Happy Classics,Skyler Smith
Winter Indie,Jordan Garcia
EDM Jam,Lil Rodriguez
EDM Drive,Cameron Rodriguez
Country Classics,Quinn Mixer
Electronic Session,Cameron Garcia
Deep Anthems,Vibe Rodriguez
Weekend Pop,Morgan Miller
Soul Beats,Big Garcia
Vintage Drive,Skyler Curator
Weekend Rock,Quinn Pro
Chill Techno,Music Garcia
Ultimate Classical,Quinn Garcia
Sad Soul,Jordan 99
Deep Lo-Fi,Alex Creator
Party Indie,Sound 99
Jazz Mix,Cameron Miller
Indie Anthems,Vibe Williams
Late Night Drive,MC Music
Essential Hip Hop,DJ Martinez
Focus Mix,Taylor Master
Late Night Folk,DJ Mixer
Ultimate Study,Big Beats
Acoustic Country,Lil Curator
Party Soul,DJ Martinez
Hip Hop Drive,Vibe Mixer
R&B Grooves,Music Rodriguez
Acoustic Techno,Riley Garcia
Indie Classics,MC 99
Soul Classics,Avery 123
Jazz Wave,Music Pro
Techno Hits,Casey Miller
Electronic Pop,Morgan Miller
Workout Drive,Riley Davis
Essential Energy,Avery Davis
Happy Indie,Alex Mixer
Classical Energy,MC 99
Summer Flow,Music Master
Winter Drive,Lil 99
Sad Classical,Music Rodriguez
Hip Hop Study,Music 123
Ultimate Drive,Big Martinez
Late Night Jazz,Music Garcia
Winter Country,Quinn Master
Rock Drive,Lil Williams
Acoustic Techno,Music Brown
Summer Rock,Sound 99
Folk Jam,DJ Mixer
EDM Mix,Lil Miller
Soul Flow,Riley Garcia
Pop Drive,Jordan Garcia
Happy Lo-Fi,Quinn Johnson
Electronic R&B,Casey Garcia
Blues Beats,Sound Smith
Chill Drive,Morgan Master
Indie Mix,DJ Garcia
Hip Hop Grooves,Sound Curator
Party Wave,Taylor Rodriguez
Soul Drive,Music Garcia
Ultimate Pop,User Davis
Classic Rock,Cameron Master
Soul Classics,Quinn Pro
Indie Vibes,Lil Master
Chill Folk,MC Williams
EDM Flow,Casey Smith
Sad Indie,Sound Smith
Deep Flow,Jordan Curator
Metal Vibes,Sound Creator
Folk Beats,Jordan Miller
Happy Energy,User Rodriguez
Rock Flow,Riley 123
Classical Grooves,Cameron 123
Late Night Jazz,Vibe Curator
Deep Study,Lil Creator
Weekend Hip Hop,Alex Master
Techno Wave,Music Martinez
Vintage Classics,Lil 123
Acoustic R&B,Big Davis
Electronic Rock,Cameron Davis
Late Night Techno,Alex Mixer
Workout Rock,Cameron Beats
Rock Mix,MC Music
Party Study,MC Davis
Metal Hits,MC Master
Folk Classics,Riley Curator
Deep Metal,Music Music
Lo-Fi Flow,Jordan 99
Hip Hop Mix,Taylor Beats
Ultimate Blues,Taylor Curator
Party Jazz,Vibe Davis
Party Blues,Cameron Martinez
Sad Study,Jordan Brown
Hip Hop Jam,Riley 99
Acoustic Flow,Quinn Creator
EDM Drive,Alex Curator
EDM Vibes,MC Pro
Workout Jazz,Morgan Smith
Happy Vibes,Vibe Curator
Morning Lo-Fi,Avery Curator
Focus Vibes,Riley Williams
R&B Grooves,Vibe Miller
Deep Beats,Sound Martinez
Morning Indie,Quinn Pro
Sad Classical,Alex Mixer
Classical Wave,Lil Martinez
Morning Vibes,Music Pro
Hip Hop Grooves,Vibe Smith
Acoustic Anthems,User Pro
Techno Energy,Sound Johnson
Weekend Beats,Casey Creator
Acoustic Blues,Alex Mixer
Weekend Indie,User Creator
Daily Wave,Big Curator
Electronic Pop,Morgan Miller
Sad Vibes,DJ 99
Morning R&B,Big Mixer
Winter Grooves,Sound Mixer
Party Drive,User Garcia
Sad Classical,Music Rodriguez
Country Grooves,Sound Williams
Party Hits,Morgan Music
Weekend Jazz,Music 123
Hip Hop Energy,Vibe Martinez
Top 50 Global,Spotify Official
Ultimate Indie,User Pro
Workout Country,Vibe Pro
Classical Grooves,Cameron 123
Workout Study,DJ Johnson
Top 50 Global,Spotify Official
Focus Soul,MC Smith
Workout Lo-Fi,User Miller
Essential Pop,User Beats
Summer Jam,Sound 99
Acoustic Metal,Music 99
Summer Energy,Jordan Williams
Hip Hop Hits,Taylor Jones
Essential Rock,Casey Rodriguez
Techno Grooves,Cameron Pro
Folk Energy,User Creator
Sad Country,Casey Jones
Soul Classics,Avery 123
Indie Anthems,Vibe Williams
R&B Wave,Riley Brown
Rock Drive,DJ 123
Daily Energy,Taylor Williams
Essential Session,Skyler Smith
Folk Drive,Casey Garcia
Electronic Classics,User Music
Electronic Indie,MC Johnson
Electronic Country,Jordan Rodriguez
Acoustic Rock,MC Davis
Happy Rock,Jordan Creator
Essential Flow,Big Mixer
Late Night Jam,Taylor Jones
Winter Indie,Lil Music
Sad Techno,User 99
Blues Anthems,Big Rodriguez
Happy EDM,DJ Smith
Acoustic R&B,Big Creator
Classical Jam,User Williams
R&B Wave,Sound Johnson
R&B Study,Riley Brown
Electronic Vibes,Lil Pro
Sad Jam,Riley Mixer
Daily Vibes,Vibe Jones
Indie Study,Casey Garcia
Morning Wave,Big Brown
Vintage Jazz,Quinn Beats
Classical Session,Lil 99
Jazz Anthems,Morgan Beats
Pop Session,User Creator
Top 50 Global,Spotify Official
Party Classics,MC Johnson
EDM Flow,Skyler 123
Summer Soul,Taylor Williams
Sad Hits,Jordan Miller
Essential Grooves,Jordan 99
Morning Indie,Skyler 99
Party Jam,Riley Curator
Folk Wave,Alex Creator
Classical Mix,Jordan Smith
Deep Energy,Music Brown
Hip Hop Classics,Casey Martinez
Soul Jam,Taylor Johnson
Essential Vibes,Avery Curator
Deep Mix,Quinn Brown
Late Night Folk,Music Pro
Essential Metal,Casey Pro
Happy Country,Avery Rodriguez
Techno Jam,DJ Williams
R&B Vibes,Lil Beats
Workout Study,Casey Pro
Deep Jazz,Vibe Creator
Summer Energy,Music Garcia
Deep Drive,Morgan Smith
Party Jazz,Avery Davis
Classical Mix,Jordan Williams
Ultimate Hits,Sound Smith
Top 50 Global,Spotify Official
Summer Techno,Quinn Martinez
Focus Hip Hop,Cameron Davis
Happy Soul,Vibe Garcia
Metal Energy,Jordan Master
EDM Mix,Taylor Smith
Workout Flow,Taylor 123
Workout Metal,Avery Jones
Morning Pop,Casey Music
Sad Flow,Skyler Smith
Blues Grooves,Quinn Creator
Country Mix,Skyler 123
Chill Classics,Casey Brown
Lo-Fi Anthems,User Garcia
Soul Mix,MC Music
Techno Classics,Casey Rodriguez
Late Night Mix,Cameron Brown
Lo-Fi Energy,Morgan Music
Soul Jam,Jordan Music
Country Anthems,DJ Master
R&B Wave,Big Smith
Electronic EDM,MC Smith
Late Night Soul,MC Martinez
Daily Indie,Avery Creator
Focus Classical,Vibe Smith
Daily Soul,Big Master
Top 50 Global,Spotify Official
Morning Metal,Skyler Beats
Essential Blues,Morgan Rodriguez
Happy Hip Hop,Skyler Jones
Winter Jazz,MC Jones
Indie Hits,Cameron Music
Classical Classics,Skyler Music
Country Flow,Vibe Music
Daily Classics,Jordan Master
Indie Anthems,Vibe Williams
Essential Beats,Riley Beats
Weekend Blues,Jordan Master
Focus Folk,MC Garcia
Morning Classical,Casey Jones
Top 50 Global,Spotify Official
Deep Energy,DJ Garcia
Techno Mix,User Garcia
Metal Flow,Music Martinez
Morning Mix,DJ Martinez
Essential Hits,Morgan Creator
Summer Study,Sound Smith
Folk Drive,Alex Williams
Deep Classics,Lil Davis
Electronic Study,Casey Johnson
Indie Grooves,Vibe Music
Vintage Grooves,Riley Davis
Pop Session,User Creator
Weekend Pop,Alex Martinez
Ultimate Hits,Quinn Curator
Essential R&B,Morgan Master
Morning Mix,DJ Miller
Deep Beats,Taylor Miller
Focus Country,Casey Music
Morning Wave,Lil Smith
Happy Rock,Music Brown
Indie Classics,Cameron Master
Classical Beats,Jordan Martinez
Weekend Techno,Vibe Rodriguez
Workout Jazz,Vibe Garcia
Deep Country,Jordan Davis
Workout R&B,Alex Creator
Chill Pop,MC Master
Essential EDM,Vibe 123
Soul Flow,Avery 99
Morning Drive,Avery Johnson
Techno Wave,Sound Miller
Metal Grooves,Riley Martinez
Essential Vibes,DJ Brown
Party Pop,Skyler Smith
Sad Blues,Riley Pro
Pop Wave,Cameron Master
Metal Hits,Sound Pro
Acoustic Jazz,DJ Brown
EDM Study,User Jones
Weekend Anthems,Vibe Jones
Techno Wave,Avery Davis
Chill Mix,Sound Miller
Late Night Mix,Cameron Brown
Acoustic Wave,User Creator
Late Night Soul,User Smith
Blues Drive,DJ Rodriguez
Ultimate Pop,Quinn Johnson
Essential Anthems,Vibe Jones
Deep Beats,Sound Martinez
Classic Hip Hop,Music Williams
Sad Jam,Quinn Miller
Techno Classics,Jordan Miller
Jazz Anthems,Vibe Curator
Jazz Mix,MC 99
Top 50 Global,Spotify Official
R&B Jam,MC Johnson
Ultimate Jam,Avery Master
Essential Indie,Avery Williams
Sad Blues,Avery Creator
EDM Drive,Jordan Martinez
Electronic Soul,Cameron Master
Soul Classics,Riley Master
Ultimate Anthems,MC Williams
Summer Energy,User Curator
Late Night Blues,Casey Mixer
Classical Mix,Cameron Smith
Daily Energy,Lil Pro
Ultimate Mix,Casey Pro
Weekend Rock,Jordan Miller
Focus Grooves,User Smith
Party Study,MC Davis
Techno Wave,Lil Creator
R&B Drive,Alex Brown
Metal Grooves,Quinn Jones
Party Indie,Sound 99
Late Night Hip Hop,DJ Beats
EDM Wave,Cameron Williams
Morning Vibes,Music Pro
Rock Hits,Avery Creator
Summer Energy,Jordan Williams
Happy EDM,Casey Rodriguez
R&B Energy,Avery Master
Jazz Session,Music Beats
R&B Jam,DJ Music
R&B Energy,Quinn Music
Classic Classical,DJ Martinez
Deep Country,Jordan Davis
Ultimate Grooves,Riley Pro
EDM Mix,Lil Miller
Daily Techno,Casey 99
Sad Jam,Skyler Mixer
Daily Rock,Big Miller
Workout Jazz,Big Master
Chill Classical,Sound 99
Techno Vibes,Alex Pro
Focus Energy,Vibe Creator
Acoustic Classical,Riley Martinez
Electronic Blues,Skyler Creator
Summer Study,Cameron Garcia
Essential Hip Hop,Jordan Brown
Lo-Fi Wave,Riley Johnson
Summer Anthems,Quinn Davis
Happy Techno,Casey Garcia
Indie Beats,MC Johnson
Deep Anthems,Vibe Rodriguez
R&B Energy,Music Jones
Jazz Energy,Avery Williams
Country Flow,Riley Smith
Classical Vibes,Big Smith
Lo-Fi Beats,Alex 99
Hip Hop Hits,Taylor 99
Happy Metal,Vibe Curator
Weekend Metal,Lil Creator
Hip Hop Jam,MC Williams
Ultimate Wave,User Creator
Vintage Pop,Avery Williams
Late Night Drive,Cameron Smith
Late Night Anthems,Cameron Williams
Deep Rock,MC Miller
Indie Mix,DJ Garcia
Winter Pop,Skyler Mixer
Acoustic Anthems,Quinn Mixer
Techno Wave,Morgan Mixer
Essential Hip Hop,Avery Johnson
Folk Vibes,Jordan Miller
Morning Lo-Fi,Riley Creator
Hip Hop Drive,Sound Mixer
Hip Hop Wave,Jordan Davis
Workout Soul,Music Smith
Deep Hits,Vibe Pro
Top 50 Global,Spotify Official
Morning Wave,Vibe Creator
Electronic Soul,User Rodriguez
Jazz Energy,Vibe Davis
Party Hip Hop,DJ Smith
Electronic R&B,Avery Mixer
Focus Classical,User Johnson
Late Night R&B,Sound Miller
Summer Vibes,Sound Williams
Top 50 Global,Spotify Official
Workout Hits,Taylor Beats
Classical Energy,DJ Martinez
Weekend Folk,Skyler Garcia
Pop Session,User Creator
Rock Study,Jordan Mixer
Acoustic Wave,User Creator
Soul Hits,Jordan Beats
Winter Hip Hop,Alex Music
Electronic Soul,Avery 99
Vintage Vibes,Alex Beats
Deep Hits,Vibe Pro
Happy Folk,Quinn Jones
Daily Wave,Taylor Master
Summer Beats,Quinn Creator
Winter Pop,Skyler Mixer
Soul Flow,User 123
Top 50 Global,Spotify Official
Happy Jam,Taylor Brown
Morning Energy,MC Jones
Country Session,User Jones
Folk Hits,Riley Beats
Classical Flow,Riley Smith
Happy Hits,Riley 123
Folk Energy,Skyler Rodriguez
Winter Hip Hop,Alex Music
Soul Flow,Riley Garcia
Winter Hip Hop,User 99
Electronic Session,Casey Brown
Workout Energy,Alex Curator
Top 50 Global,Spotify Official
Top 50 Global,Spotify Official
Techno Anthems,MC Music
Weekend Mix,Music Davis
Daily Wave,Avery Williams
Electronic Beats,Quinn Music
Summer Soul,User 123
Jazz Beats,User Garcia
EDM Wave,Riley Master
Deep Lo-Fi,Taylor Miller
Morning Wave,Casey Master
Top 50 Global,Spotify Official
Classical Vibes,Riley Martinez
Lo-Fi Jam,Morgan 123
Jazz Hits,User Music
Party Lo-Fi,Morgan Jones
Classic Study,Skyler Jones
Soul Flow,Morgan Music
Vintage Energy,MC Smith
Classic Beats,Alex Mixer
Vintage Drive,Alex 123
Party Pop,Vibe Brown
Metal Beats,Skyler Mixer
Daily Hits,User Smith
Daily Energy,Music Garcia
Winter Blues,Vibe Davis
Ultimate Rock,Taylor Smith
Weekend Drive,Quinn Johnson
Metal Drive,Cameron Jones
Weekend Hip Hop,Skyler Creator
Ultimate Country,Riley Curator
Chill Flow,Cameron Garcia
Vintage Vibes,Cameron Jones
Metal Energy,Cameron Creator
Vintage Grooves,Casey Mixer
Winter Rock,MC Creator
Focus Flow,Taylor Curator
Essential Blues,Morgan Master
Workout Mix,Music Beats
Lo-Fi Flow,Jordan 99
Daily Blues,Alex Smith
Morning Session,Taylor Pro
Morning Folk,DJ Johnson
Morning Flow,Morgan Martinez
Workout Flow,Casey Smith
Sad Jam,Quinn Miller
Electronic Anthems,User Miller
Deep Beats,Sound Martinez
Indie Classics,MC 99
Electronic Soul,Big Master
Jazz Anthems,Vibe Curator
Focus Folk,Taylor Smith
Chill Beats,Riley Beats
Soul Session,Casey Music
Sad Hits,Lil Music
Essential Folk,Lil Mixer
Jazz Mix,User 123
Soul Drive,Music Garcia
Country Vibes,Cameron Beats
Winter Classics,Big Music
Acoustic Folk,Casey Johnson
Folk Drive,Casey Garcia
Vintage Grooves,Sound Jones
Workout Flow,Casey Smith
Happy EDM,DJ Smith
Workout Country,Vibe Pro
Focus Mix,Taylor Master
Classical Energy,User 123
Ultimate EDM,Casey 99
Late Night Study,Avery Williams
Indie Anthems,Vibe Williams
Ultimate Rock,Vibe Williams
Late Night Country,Taylor 99
Classic Indie,Riley Jones
Techno Session,Music Curator
Morning Mix,DJ Master
Party Rock,Jordan Miller
Daily Pop,Riley Miller
Hip Hop Energy,Vibe Martinez
Hip Hop Grooves,Vibe Curator
Electronic Vibes,Casey Smith
Late Night Blues,Music Smith
Hip Hop Wave,Avery Brown
Happy Blues,Sound Music
Metal Drive,Cameron Jones
Party Study,Music Davis
Daily Mix,Skyler Creator
Chill Drive,Lil Mixer
Chill Hip Hop,Taylor Johnson
Happy Wave,Skyler Garcia
Rock Beats,Sound Garcia
Essential Blues,Lil Garcia
Chill Rock,Morgan Rodriguez
Acoustic Pop,Skyler 123
Classic R&B,Music Mixer
Soul Beats,Big Garcia
Classic Folk,Lil Martinez
Techno Mix,Big Brown
Focus Jam,MC Jones
Electronic Blues,Jordan Creator
Morning Country,Riley Pro
Electronic Drive,Jordan Master
Happy Flow,Cameron Master
Summer Hits,Cameron Davis
Techno Mix,Quinn Master
Lo-Fi Hits,Alex Davis
Workout Mix,Sound Pro
Top 50 Global,Spotify Official
Winter Drive,Riley Pro
Lo-Fi Hits,Alex 123
EDM Grooves,Quinn Miller
Hip Hop Wave,Avery Brown
Vintage Hip Hop,Skyler Smith
Classical Session,Sound Mixer
Focus Folk,Taylor Smith
Winter Hits,Cameron Music
EDM Vibes,Quinn Johnson
Country Hits,Casey Curator
Sad Hits,Big Miller
Hip Hop Anthems,DJ Music
EDM Jam,Taylor Rodriguez
Classic Anthems,Quinn Jones
Party Vibes,Sound Rodriguez
Top 50 Global,Spotify Official
Rock Mix,Lil Jones
Classic Mix,Lil Williams
Soul Grooves,Casey Martinez
Workout Classical,Big Johnson
Focus Drive,Alex Creator
Jazz Session,Casey Garcia
Deep Anthems,Skyler Miller
Pop Energy,Quinn Davis
Lo-Fi Beats,Morgan 99
Happy Hip Hop,Quinn Garcia
Winter Drive,Riley 99
Happy R&B,DJ Beats
Summer Jazz,Lil Creator
Weekend Classical,Vibe Martinez
Happy R&B,Skyler Pro
Vintage EDM,Riley Creator
Chill Hip Hop,Taylor Johnson
Hip Hop Jam,Jordan Beats
EDM Drive,Alex Curator
Classic Lo-Fi,Quinn Beats
Focus Country,Cameron 123
Top 50 Global,Spotify Official
Sad Metal,Alex Curator
Daily Vibes,Big Davis
Acoustic Anthems,Quinn Mixer
Happy Metal,User Martinez
Lo-Fi Flow,DJ Brown
Weekend Rock,Taylor 99
Soul Energy,User Davis
Essential Metal,Avery Beats
Workout Jazz,Casey Beats
Weekend EDM,Music Beats
Daily Indie,Alex Smith
Pop Energy,Alex Beats
EDM Hits,Vibe Garcia
Deep Indie,Alex Smith
Electronic Country,Jordan Rodriguez
Deep Indie,Vibe Jones
R&B Study,Avery Davis
Top 50 Global,Spotify Official
Acoustic Soul,DJ Brown
Top 50 Global,Spotify Official
Party Jam,DJ Beats
Happy Session,MC Miller
Ultimate Hip Hop,Lil Brown
Soul Energy,Sound Martinez
Late Night Hits,Avery Beats
Country Grooves,Morgan Rodriguez
Ultimate Mix,Vibe Master
Focus Vibes,Riley Williams
Essential Mix,Jordan Rodriguez
Sad Metal,Jordan Johnson
Weekend Study,Vibe Brown
Workout Metal,Jordan Mixer
Acoustic Grooves,Riley Davis
Summer Hits,Cameron Beats
Classic Grooves,Morgan Williams
Lo-Fi Flow,Quinn Mixer
Essential Grooves,Avery Beats
Indie Drive,Big Creator
Essential Blues,Avery Rodriguez
Sad Jam,Skyler Mixer
Vintage Drive,Music Williams
Weekend Classics,DJ Rodriguez
Acoustic Folk,Riley Pro
Late Night Metal,Taylor Garcia
Workout Techno,Casey Pro
Rock Beats,Morgan Miller
Acoustic Classical,Riley Rodriguez
EDM Energy,Skyler Smith
Metal Flow,Big Mixer
Essential Beats,Music Garcia
Workout Beats,Casey Beats
Country Study,Cameron 123
Weekend Hip Hop,Skyler Music
Country Session,DJ Curator
Jazz Vibes,Music Master
Ultimate Grooves,Alex Garcia
R&B Jam,Riley Rodriguez
Weekend Vibes,Riley Music
Daily Lo-Fi,Big Garcia
Rock Drive,Skyler Curator
Sad Mix,Alex Mixer
Classic Techno,Riley Beats
Late Night Jam,Music Jones
Deep Soul,Sound Miller
Electronic Classics,Quinn Williams
Soul Grooves,Jordan Johnson
Deep Flow,Jordan Jones
Essential Anthems,Vibe Curator
Ultimate Energy,Music Music
Party Energy,Avery 123
Essential Classics,Quinn 99
Deep Energy,Jordan Pro
Classic Beats,Riley Brown
Metal Jam,Taylor Mixer
Indie Session,User Master
Folk Vibes,Alex Creator
Lo-Fi Anthems,User Garcia
Weekend Session,Music Master
Daily Country,Skyler Williams
Summer Wave,Taylor 123
Classic Energy,DJ Johnson
Soul Vibes,Alex Creator
Workout R&B,Skyler 123
Techno Wave,Lil Creator
Morning Classical,Sound Pro
EDM Drive,Skyler Garcia
Ultimate Indie,User Pro
Classic Wave,Vibe Music
Hip Hop Drive,Music Mixer
Vintage Jazz,DJ Pro
Country Session,User Jones
Rock Flow,Taylor Creator
Party Rock,Big Martinez
Indie Vibes,Taylor Creator
Happy Indie,Morgan Mixer
Electronic Flow,Taylor Davis
Techno Anthems,Quinn Johnson
Jazz Grooves,Vibe Mixer
Party Country,DJ Curator
Electronic Mix,Avery Mixer
Classical Classics,Alex Martinez
Classic Hip Hop,Avery Music
Indie Wave,DJ Creator
Country Anthems,Vibe Garcia
Electronic Jam,MC Creator
Sad Indie,Jordan Jones
Country Anthems,Sound Rodriguez
Happy Jazz,Lil Martinez
Daily Lo-Fi,Jordan Davis
Folk Beats,Morgan Smith
Classic Hip Hop,Music Williams
Deep Jam,DJ Beats
Rock Mix,Cameron Curator
Daily Pop,Riley Miller
Happy Hits,Avery Rodriguez
Summer Vibes,DJ Smith
Winter Techno,Casey Johnson
EDM Mix,Alex Music
R&B Study,Avery Davis
Country Session,User Garcia
Morning Mix,DJ Miller
Deep Rock,Sound 99
Classic Jam,Skyler Miller
Acoustic Wave,DJ 123
Essential Beats,Casey Pro
Jazz Classics,Sound Mixer
Soul Wave,Lil Curator
Ultimate EDM,Music 99
Metal Jam,Music Rodriguez
Morning Lo-Fi,Riley Creator
Techno Mix,Morgan Davis
Daily Indie,Music 99
Electronic Grooves,Vibe Smith
Ultimate R&B,Cameron Miller
Late Night Grooves,Skyler Martinez
Morning EDM,Vibe Pro
Workout R&B,Skyler 123
Happy Classics,Skyler Smith
Jazz Energy,Music Garcia
Late Night Classics,Riley Johnson
Country Mix,Casey Miller
Soul Wave,Quinn Williams
Morning Blues,MC 99
Rock Study,Jordan Mixer
Top 50 Global,Spotify Official
Metal Beats,Music Music
Sad Vibes,Taylor 99
Sad Vibes,Big Johnson
Ultimate Hits,Taylor Jones
Workout Drive,Vibe Brown
Happy Pop,Morgan Johnson
Happy Classical,Alex Martinez
Acoustic EDM,Lil Mixer
Summer Grooves,Skyler Johnson
Acoustic Indie,Quinn Davis
Workout Jam,Skyler Davis
Morning Energy,Big Johnson
Deep Rock,MC Miller
Summer Wave,User Mixer
Chill Classical,Avery 123
Focus Rock,Jordan Williams
Winter Soul,DJ 99
Rock Session,Cameron Miller
Workout Lo-Fi,Cameron Rodriguez
Late Night Drive,Jordan Music
Classic EDM,Lil Curator
Vintage Soul,Skyler Curator
Ultimate Anthems,MC Williams
Indie Mix,Sound Davis
Classic Indie,Alex Beats
Classical Jam,MC Rodriguez
Acoustic Blues,User Williams
Folk Anthems,User Johnson
Workout Rock,Casey Jones
Weekend Wave,User Brown
Metal Drive,Riley 99
Party Energy,Lil Rodriguez
Ultimate Rock,Taylor Smith
Weekend Wave,Big Pro
Techno Energy,Sound 99
Pop Mix,Sound Master
Pop Wave,Alex Martinez
Folk Study,MC Pro
Focus Jazz,Taylor Mixer
Classic Grooves,Music Davis
Folk Beats,Vibe Johnson
Indie Grooves,DJ 123
Late Night Classics,Riley Johnson
Classic Vibes,Vibe Johnson
Folk Beats,Vibe Johnson
Metal Session,Big Curator
Classic Techno,Morgan Rodriguez
Lo-Fi Study,Quinn Johnson
Classical Beats,Cameron Smith
Vintage Mix,Avery 123
Vintage Hits,Casey 123
Happy Indie,Casey Williams
Country Flow,Riley Smith
EDM Mix,Big Williams
Ultimate Mix,Vibe Master
Late Night Rock,Lil 99
Soul Energy,Jordan Master
Essential Folk,Lil Creator
Sad Indie,Music Johnson
Pop Beats,Avery Music
Party Session,Skyler Pro
Blues Hits,Quinn Garcia
Happy Flow,Cameron Master
Happy Lo-Fi,Taylor Rodriguez
Focus Grooves,Morgan Mixer
Morning EDM,Alex Garcia
Happy Pop,Music Davis
Weekend Classics,DJ Jones
Sad Drive,Jordan Music
Daily Anthems,Alex Mixer
Chill Classics,Cameron Davis
Blues Grooves,Big Miller
Sad Classical,Music Rodriguez
Deep Mix,MC Davis
Happy R&B,Sound Pro
Summer Blues,Riley Music
Party Hits,Morgan Music
R&B Jam,DJ Music
Ultimate Grooves,Riley Smith
Happy Soul,Cameron Miller
Indie Beats,Big 99
Hip Hop Vibes,User Master
Ultimate Vibes,Big Mixer
Daily Grooves,Quinn Martinez
Essential Folk,Skyler Smith
Late Night Vibes,User 99
Morning Classical,Quinn Curator
Daily Anthems,Sound Miller
Deep Hits,Vibe 123
Electronic Pop,Morgan Miller
Happy Mix,User Rodriguez
Metal Flow,Jordan Rodriguez
Ultimate Mix,Quinn Davis
Focus Wave,Morgan Smith
Country Classics,Morgan Rodriguez
Late Night Folk,Music Pro
Sad Classical,Quinn Martinez
Electronic Wave,Riley Davis
Hip Hop Vibes,User Master
Folk Anthems,DJ Johnson
Classic Techno,Lil Master
Top 50 Global,Spotify Official
Focus Metal,Music Garcia
Acoustic Jazz,DJ Brown
Ultimate Flow,DJ Garcia
Happy Session,MC Miller
Sad Classical,Vibe 123
Focus EDM,Music Rodriguez
Essential Anthems,Jordan 99
Ultimate Study,Skyler Rodriguez
Late Night Country,Jordan Martinez
Happy Mix,User Davis
Daily Flow,Avery Johnson
Classical Wave,DJ Martinez
Ultimate Anthems,MC Williams
Indie Mix,User Jones
Weekend Pop,Morgan Music
Acoustic Anthems,Taylor Beats
Country Classics,Riley 99
Vintage Drive,Music Williams
Indie Hits,Jordan Davis
Workout Jam,Skyler Davis
Electronic Jam,Sound Martinez
Summer Wave,Casey Williams
Winter Jam,Morgan Music
Workout Vibes,Vibe Beats
Pop Wave,Jordan Smith
Morning Lo-Fi,Riley Creator
Pop Jam,Cameron Master
Daily Jam,Skyler 99
Vintage Classics,Avery 99
Workout Wave,User Miller
Party Country,Avery Master
Weekend Grooves,Sound Miller
Summer Beats,Taylor Master
Deep Anthems,Skyler Miller
Summer Anthems,Music Curator
Electronic Beats,DJ Smith
Deep Folk,Cameron Jones
Classic Session,Taylor Martinez
Indie Jam,Cameron 123
Electronic Indie,Vibe Martinez
Jazz Session,Music Beats
Ultimate Indie,Avery Rodriguez
Indie Grooves,Morgan Williams
Folk Energy,Skyler Rodriguez
Metal Session,Cameron Music
Acoustic Indie,Quinn Jones
Classic Techno,Avery Master
Chill Vibes,DJ Smith
EDM Jam,Taylor Rodriguez
Electronic Beats,Quinn Music
Party Country,Riley Beats
Winter Study,Taylor 123
Classic Hip Hop,Avery Music
Chill Jam,DJ Curator
Pop Classics,Lil Master
Techno Vibes,Avery 123
Party Jazz,Avery Davis
Vintage Jam,Avery Jones
Weekend Beats,Skyler 123
Lo-Fi Flow,Quinn Mixer
Lo-Fi Anthems,Sound Miller
Hip Hop Jam,Jordan Beats
Workout Beats,Casey Beats
EDM Beats,Alex Jones
Hip Hop Grooves,Sound Curator
Happy Anthems,Big Beats
Blues Session,Avery Martinez
Top 50 Global,Spotify Official
Workout Anthems,Morgan Williams
Classic Lo-Fi,Avery Johnson
Indie Flow,Cameron Martinez
Rock Vibes,Taylor Williams
Blues Jam,DJ Davis
Electronic Classics,Jordan Mixer
Focus Jam,MC Jones
Acoustic Hits,Lil Brown
Country Study,Jordan Creator
Daily Mix,Avery Garcia
Party Country,Alex Mixer
Happy Blues,Cameron Curator
Classical Drive,Vibe Music
Daily Hip Hop,Lil 123
Country Mix,Skyler 123
Party Hip Hop,DJ Smith
Deep Folk,Cameron Jones
Electronic Anthems,Vibe 99
Happy Pop,Jordan 99
Country Hits,Casey Curator
Acoustic Metal,Music 99
Morning Rock,Cameron Master
Deep Anthems,Skyler Miller
Focus Flow,Morgan Martinez
Winter Jazz,Music Johnson
Summer Wave,User Mixer
Sad Classics,DJ Creator
Weekend Pop,Skyler Johnson
Summer Blues,Casey 99
Hip Hop Energy,Skyler Creator
Metal Session,Vibe Miller
Focus R&B,Taylor Garcia
Rock Hits,Morgan Brown
Jazz Vibes,DJ Miller
Chill Pop,User Martinez
Classical Mix,Casey Music
Weekend Techno,User Johnson
Top 50 Global,Spotify Official
Late Night Folk,DJ Mixer
Happy Classics,Quinn Garcia
Vintage Lo-Fi,Taylor 99
Essential Jazz,Jordan Mixer
Late Night Hits,Avery Beats
Top 50 Global,Spotify Official
Classical Anthems,Alex Garcia
Ultimate Drive,Skyler Jones
Country Study,Taylor Williams
Deep Session,User Garcia
Summer Rock,Skyler Williams
Deep Jam,Cameron Brown
Party Hip Hop,Avery Creator
Indie Beats,Morgan Jones
Focus Rock,User Creator
Happy Vibes,Jordan Martinez
Workout Study,DJ Johnson
Classic Flow,Alex Music
Late Night Country,Taylor 99
EDM Study,Skyler Garcia
Vintage Metal,Quinn Curator
Techno Drive,Riley Master
Pop Anthems,User 99
Happy Anthems,Skyler Creator
Techno Vibes,Skyler Master
Blues Wave,Casey Curator
Chill Soul,Vibe Davis
Happy Soul,Cameron Miller
Daily Vibes,Big Curator
Hip Hop Grooves,Vibe Curator
Vintage Mix,Lil Beats
Metal Energy,Skyler Miller
Summer Pop,Jordan Creator
Metal Energy,Morgan 123
Country Session,Vibe Pro
Country Anthems,Sound Rodriguez
Sad Lo-Fi,Big Music
Country Mix,Sound Music
Focus Techno,DJ 99
Focus Flow,Sound Brown
Techno Session,Casey Master
Classic Vibes,Alex Music
Hip Hop Jam,DJ Pro
Country Classics,Quinn Brown
Country Beats,User 123
Morning Jam,Lil 99
Happy EDM,Sound Mixer
Workout Soul,Casey Miller
Deep Study,DJ 99
Acoustic Jazz,Alex Martinez
Weekend Vibes,Riley Music
Essential Folk,Avery Pro
Lo-Fi Grooves,Morgan Brown
Weekend Energy,Music Smith
Daily Metal,DJ Curator
Hip Hop Study,Music Pro
Lo-Fi Vibes,Quinn Beats
Classic Anthems,Casey Garcia
Workout Flow,User Music
Essential Beats,Morgan 123
R&B Wave,Quinn Davis
Classic Wave,Alex Mixer
Summer Country,Music Master
Classic R&B,MC Beats
Ultimate Rock,MC Miller
Essential Drive,Music Creator
Morning Drive,Skyler Brown
Party Soul,Skyler Jones
Happy EDM,Sound Mixer
Hip Hop Session,Avery Garcia
Classic Rock,Quinn Garcia
Winter Metal,Big Miller
Winter Pop,User Pro
R&B Vibes,MC Music
Blues Session,Riley Pro
Morning Lo-Fi,Skyler 99
Weekend Pop,Jordan Music
Acoustic Energy,Jordan Beats
Rock Energy,Alex Johnson
Rock Anthems,Music Music
Classic Pop,MC Curator
Party Pop,Big Jones
Metal Study,Riley Jones
Classic Wave,User Smith
R&B Beats,Lil Garcia
Classical Hits,Alex Jones
Metal Energy,Alex Davis
Lo-Fi Drive,MC Davis
Late Night Grooves,User Beats
Late Night Jazz,Music Mixer
EDM Flow,Skyler Davis
Indie Flow,Cameron Martinez
Morning Soul,Big Johnson
Techno Session,Taylor Jones
Electronic Classical,MC Mixer
Classical Classics,Skyler Curator
Pop Session,User Music
Techno Beats,Quinn Beats
Summer EDM,Riley Curator
Vintage Vibes,Morgan Martinez
Hip Hop Mix,Skyler Curator
Happy Folk,MC 123
Winter Techno,Cameron Williams
Country Flow,Lil Pro
Morning Energy,Alex Johnson
Weekend Hits,Avery Smith
Late Night Energy,Taylor Beats
Party Indie,Sound Garcia
Chill Lo-Fi,Riley Smith
Electronic Jazz,Sound Johnson
Party Soul,Cameron Rodriguez
R&B Beats,Big Jones
Sad Lo-Fi,Big Martinez
Party Session,Taylor Martinez
Deep Session,Sound Pro
Chill Jam,Casey Johnson
Weekend Blues,MC Music
Acoustic Lo-Fi,Jordan 123
Winter Jazz,MC Jones
Morning Flow,DJ Beats
Workout Techno,Sound Martinez
Top 50 Global,Spotify Official
Country Flow,Lil Pro
Rock Mix,Music Jones
Weekend Folk,MC Miller
Morning Pop,Vibe Music
Country Flow,Riley Smith
Weekend Jazz,Quinn Garcia
Country Anthems,Sound Rodriguez
Country Anthems,DJ Jones
Essential Rock,Casey Rodriguez
Happy Rock,Morgan Music
Classical Session,Morgan Mixer
Winter Jazz,Cameron Creator
Soul Hits,Vibe Miller
Country Mix,Alex Miller
Essential Metal,DJ Davis
Ultimate Blues,Alex Curator
EDM Vibes,Riley Garcia
Electronic Hits,Jordan Williams
Folk Vibes,Riley Master
Deep Flow,Vibe Jones
Metal Session,Morgan Johnson
Lo-Fi Flow,Music Jones
Late Night Country,Sound Master
Winter R&B,Morgan Pro
Top 50 Global,Spotify Official
Deep R&B,MC Rodriguez
Summer Energy,Avery 99
Weekend Lo-Fi,Alex Jones
Summer Energy,Jordan Williams
Ultimate Grooves,Riley Smith
Focus Jazz,Sound Davis
Deep Mix,Big Davis
R&B Session,MC Music
Party Energy,DJ Curator
Winter Vibes,Jordan Davis
Sad Beats,Cameron Garcia
Classic Rock,Quinn Master
Party Jazz,Alex Beats
Chill Jam,Alex Smith
Ultimate Classical,Avery Jones
Focus Classics,Jordan Rodriguez
Sad Indie,Jordan Jones
Essential Pop,Vibe Rodriguez
Classical Session,MC Jones
Chill Folk,MC Williams
Summer Hip Hop,Skyler Martinez
Party Lo-Fi,Skyler Garcia
Acoustic Pop,Skyler Garcia
Workout Pop,Quinn Master
Sad Soul,Skyler Creator
Sad Wave,Lil Pro
Late Night Anthems,Cameron Beats
Indie Session,Taylor Williams
Morning Energy,Alex Johnson
Winter Beats,Vibe Music
Morning Country,Riley Pro
Lo-Fi Energy,Quinn Beats
Sad Indie,Jordan Beats
Rock Drive,Avery Johnson
Ultimate Study,DJ Beats
Pop Vibes,Riley Master
Indie Anthems,Vibe Williams
Soul Hits,Taylor 123
Winter Techno,Sound Jones
Vintage Soul,User Johnson
Rock Vibes,Cameron Creator
Hip Hop Hits,Riley Master
Late Night Metal,Lil Rodriguez
Late Night R&B,Sound Miller
Classical Flow,Riley Smith
Indie Energy,User Johnson
Hip Hop Energy,Avery Rodriguez
Weekend Mix,Taylor 123
Essential Anthems,Vibe Jones
Blues Classics,Taylor Jones
Ultimate Metal,Quinn Music
Daily EDM,Big Johnson
Lo-Fi Energy,Quinn Beats
R&B Wave,Riley Smith
Daily Vibes,Casey Davis
Chill Blues,Riley Master
Daily Lo-Fi,Taylor 99
Blues Hits,Jordan Creator
Workout Anthems,MC Master
Ultimate Rock,Lil Creator
Party Blues,Skyler Curator
R&B Jam,MC Johnson
Daily Blues,Vibe Garcia
Rock Hits,Avery Creator
Techno Vibes,Alex Pro
Ultimate Folk,Cameron Creator
Acoustic Pop,Avery Pro
Soul Hits,Big Pro
Hip Hop Jam,DJ Pro
Rock Mix,Lil Jones
Late Night Hits,MC 99
Techno Vibes,Jordan Rodriguez
Blues Beats,Sound Smith
Top 50 Global,Spotify Official
Weekend Hits,Avery Smith
EDM Flow,Skyler 123
Happy Hip Hop,Skyler Jones
Focus R&B,Taylor Garcia
Indie Energy,User Johnson
Soul Mix,Lil Smith
Summer Flow,Music Johnson
Acoustic Blues,Lil Garcia
Focus Beats,Avery Martinez
Workout Wave,Morgan Smith
Techno Energy,Lil Rodriguez
Blues Flow,Cameron 123
Vintage Anthems,Big Master
Classic Anthems,Vibe Beats
EDM Session,Big Martinez
Lo-Fi Jam,Quinn 123
Workout R&B,User Rodriguez
Summer Techno,User Williams
Sad Vibes,Quinn Martinez
Summer Jazz,Alex Creator
Metal Flow,Jordan Creator
Deep Anthems,Alex Martinez
Deep Pop,Taylor Johnson
Winter Vibes,Cameron Martinez
Classic Indie,Avery Creator
Deep Country,Lil Mixer
Focus Jazz,Alex 123
Essential Session,Riley Curator
Winter Indie,Sound Jones
Hip Hop Energy,Alex Davis
Morning Techno,Music Davis
Electronic Blues,Riley Rodriguez
Blues Classics,Jordan Williams
Late Night Classical,Big Master
Happy Wave,Skyler Garcia
Classic Beats,Alex Mixer
Metal Hits,Vibe Creator
Morning Vibes,Music Pro
Techno Classics,Alex Brown
Weekend Drive,Quinn Johnson
Acoustic Vibes,Jordan Davis
Acoustic Techno,Riley Brown
Rock Flow,Vibe Mixer
R&B Study,Avery Davis
Blues Mix,Alex Beats
Deep Wave,Quinn Master
Party Jam,Riley Curator
Winter Folk,MC Jones
Focus Mix,Taylor Master
Techno Vibes,DJ Smith
Classic Hip Hop,Avery Music
Soul Energy,Casey Curator
Morning Pop,Casey Music
Summer Hits,Skyler Music
Happy Metal,Vibe Curator
Deep Indie,Taylor Williams
Party Jazz,Cameron Jones
Classic Study,MC Mixer
Soul Study,User Rodriguez
Techno Hits,Casey Miller
Country Flow,Music Beats
Sad Grooves,Lil Curator
Classic Techno,Morgan Beats
Electronic Classics,User Music
Daily Jazz,Music Jones
Party Metal,DJ Jones
Classical Vibes,Skyler Master
Essential Metal,Skyler Martinez
Workout Metal,Casey Williams
Metal Flow,Jordan Creator
Deep Grooves,Avery Martinez
Jazz Grooves,User 99
Electronic Pop,User Master
Acoustic Folk,Riley Pro
Acoustic R&B,Jordan Creator
Vintage Pop,Quinn Johnson
Classical Anthems,Jordan Creator
Party Rock,Big Martinez
Focus Rock,Morgan 123
Weekend Jazz,Lil Williams
Late Night R&B,Riley Miller
Jazz Beats,Skyler Smith
Indie Beats,Big Beats
Happy Hip Hop,Morgan Miller
Morning Wave,Big Brown
R&B Anthems,Taylor 123
R&B Beats,Sound Pro
Electronic Study,Skyler Smith
Weekend Mix,Music Davis
Sad Lo-Fi,User Beats
Acoustic Energy,Jordan Beats
Electronic Anthems,Vibe 99
Classic Grooves,Avery Music
Focus Grooves,Morgan Mixer
Chill R&B,Lil Mixer
Electronic Jazz,Sound Johnson
Folk Drive,Quinn Music
Weekend R&B,Morgan Miller
Sad Lo-Fi,User Beats
Weekend Session,Big Curator
Weekend Country,User 123
Blues Vibes,Lil Garcia
Weekend Drive,DJ Curator
Focus Drive,User Garcia
Indie Classics,Casey Miller
Focus Energy,Vibe Creator
Focus EDM,Music Rodriguez
Vintage Country,DJ Davis
Party Study,MC Davis
Morning EDM,Vibe Pro
Party Techno,DJ Beats
Morning Anthems,User 99
Rock Study,MC Jones
Rock Energy,Avery Rodriguez
Weekend Jazz,Morgan Jones
Summer Jam,Music Mixer
Morning Energy,Big Johnson
Party Grooves,Quinn Davis
Sad EDM,Cameron Williams
Classic Mix,DJ Garcia
Top 50 Global,Spotify Official
Metal Mix,Taylor Johnson
Weekend Classics,Vibe Curator
Soul Vibes,Skyler Creator
Soul Classics,Quinn Music
Summer Classical,Vibe Curator
Happy Soul,Vibe Garcia
Folk Classics,Quinn Smith
Sad Grooves,Lil Smith
Daily Anthems,Sound Miller
Workout Soul,Jordan 123
Indie Jam,Sound Jones
Pop Mix,Riley Brown
Soul Beats,Sound Miller
Summer Study,Cameron Garcia
Folk Wave,Alex Davis
Classic Drive,Cameron Brown
Weekend Jam,Lil Beats
Morning Flow,Casey Rodriguez
Classic Flow,Lil Jones
Daily Indie,MC Garcia
Late Night Session,Morgan Smith
Deep Folk,Skyler 123
Lo-Fi Flow,Riley Garcia
Electronic Flow,Skyler Master
Rock Energy,Sound Curator
Party Soul,Riley Brown
Deep Jam,Cameron Brown
Essential Blues,Riley Williams
Deep Jam,Jordan Martinez
Vintage Pop,Jordan Smith
Rock Vibes,Taylor Williams
Metal Wave,Riley Brown
Summer Anthems,Alex Williams
Morning Indie,Taylor Beats
Soul Study,Vibe Rodriguez
Happy Anthems,Avery Garcia
Winter Jam,Morgan Music
Pop Beats,DJ 123
Morning Drive,Lil Mixer
Acoustic Beats,Avery Brown
Weekend Hits,Vibe Garcia
Jazz Mix,DJ Master
Classic Hits,Morgan Smith
Blues Vibes,Lil Garcia
Acoustic Jazz,Alex Martinez
Summer Jam,MC Smith
Classic Jazz,Quinn Music
Classical Mix,Casey Music
R&B Beats,Riley Creator
Jazz Vibes,DJ Miller
Classic Grooves,Jordan Brown
Classic Pop,Morgan Beats
Vintage Classical,Vibe Pro
Summer Folk,Quinn 123
Party Indie,Taylor Curator
Daily Anthems,Alex Mixer
Electronic Beats,DJ Smith
Hip Hop Energy,Alex Martinez
Metal Flow,Big Mixer
Morning Session,MC Mixer
Deep Drive,Morgan Smith
Daily Hip Hop,Avery Davis
Daily Indie,Music 99
Hip Hop Wave,Skyler Master
Blues Vibes,MC Smith
Ultimate Vibes,Big Mixer
Morning Flow,Skyler Rodriguez
Happy Hip Hop,DJ Smith
Weekend Folk,MC Jones
Chill Drive,Morgan Master
Focus Study,Skyler Pro
Party Energy,DJ Curator
Rock Hits,Taylor Music
Morning Wave,Skyler Garcia
Soul Flow,User Garcia
Happy R&B,Casey Johnson
Pop Energy,Quinn Davis
Late Night Folk,Skyler Johnson
Jazz Study,Taylor Mixer
Happy Rock,DJ Garcia
Late Night Folk,DJ Mixer
Acoustic Study,Sound Johnson
Chill Rock,Morgan Rodriguez
Soul Session,Vibe Williams
Late Night Wave,Sound Johnson
Vintage Hits,Casey 123
Classic Session,Alex Rodriguez
Indie Session,Alex Davis
Summer Metal,User Curator
Classical Anthems,Big Miller
Party Country,Lil 99
Classic Indie,Cameron Creator
Workout Metal,Lil Garcia
Workout Mix,Sound Pro
Techno Mix,User Garcia
Essential Flow,Skyler Mixer
Late Night Energy,Taylor Beats
Summer Rock,Sound 99
Vintage Folk,Morgan Smith
Electronic Classics,Quinn Williams
Weekend Study,Cameron Brown
Electronic Metal,Skyler Davis
Chill Techno,Sound Music
Summer Grooves,Skyler Johnson
Soul Session,Vibe Williams
Techno Wave,Morgan Mixer
Hip Hop Anthems,Riley Pro
Vintage Drive,Alex 123
Lo-Fi Beats,Alex 99
Workout Country,MC Johnson
Summer Metal,Lil Mixer
R&B Study,Big Rodriguez
Summer Classical,Big Brown
Morning Drive,Avery Johnson
Late Night Folk,Skyler Johnson
Acoustic Classical,Big Curator
Electronic Pop,Jordan Martinez
Essential Flow,Big Mixer
Pop Beats,Avery Music
Essential Anthems,Jordan 99
Focus Rock,Taylor Music
R&B Wave,Cameron Music
Daily R&B,Jordan Beats
Classic Techno,Morgan Beats
Vintage Hip Hop,Skyler Smith
Pop Grooves,Jordan Curator
Happy Classical,Sound Smith
Hip Hop Anthems,DJ Music
Techno Anthems,Morgan Johnson
Happy Grooves,Cameron Miller
Soul Energy,Big Williams
Pop Mix,Lil Jones
Acoustic Classical,Riley Rodriguez
Deep Flow,Music Music
Lo-Fi Hits,Sound Curator
Summer Wave,Alex Curator
Party Classical,Alex Mixer
Party Energy,DJ Curator
Indie Session,Music Brown
Vintage Blues,Quinn 99
Essential Hits,Big Johnson
Late Night Grooves,Alex Creator
Focus Session,Lil 99
Indie Beats,Big 99
Acoustic Classics,Casey 99
Electronic Rock,Music Davis
Soul Energy,Alex 123
Sad Study,Jordan Garcia
Focus Study,Skyler Pro
Folk Drive,Casey Garcia
Weekend Flow,Riley Music
Workout Indie,Big Smith
Focus Indie,Morgan Master
EDM Beats,DJ Davis
Electronic Country,Quinn Smith
Party Study,Jordan Music
Techno Classics,Music Rodriguez
Pop Flow,Cameron Smith
Chill Anthems,Big Master
Party Indie,Taylor Curator
Summer Vibes,Skyler Rodriguez
Summer Beats,User Creator
Late Night Jazz,Music Beats
Classical Beats,Taylor 123
Essential Drive,Alex Creator
Blues Session,Avery Martinez
Workout Vibes,Taylor Martinez
Sad Energy,Vibe Martinez
Morning EDM,MC Music
Weekend Lo-Fi,Alex Jones
Party Beats,Jordan 123
Party Soul,DJ Martinez
Weekend Mix,User Curator
Focus Session,Quinn Rodriguez
Essential Vibes,DJ 123
Country Vibes,MC Creator
Chill Soul,Vibe Johnson
Metal Mix,Taylor Johnson
Late Night Grooves,Riley Davis
Indie Energy,Skyler Johnson
Sad Soul,User Creator
Techno Vibes,DJ Smith
Focus Beats,Jordan Pro
Daily Classics,Jordan Master
Soul Grooves,Jordan Johnson
Pop Classics,Lil Master
Vintage Pop,Avery Jones
Summer Jam,Alex Beats
Acoustic Flow,Quinn Creator
Sad Classical,Alex Mixer
Country Classics,MC Smith
Winter Drive,Riley Pro
Party Hip Hop,Alex Music
Classic Techno,Taylor Johnson
Lo-Fi Anthems,Sound Miller
Ultimate Grooves,Music Williams
Chill Mix,Sound Miller
Top 50 Global,Spotify Official
Classic Metal,Vibe Beats
Hip Hop Study,Morgan Jones
Techno Vibes,Skyler 99
Late Night Study,Big Beats
Workout R&B,User Rodriguez
Winter Hip Hop,MC Master
Party Jazz,Cameron Jones
Country Wave,Music Pro
Classical Classics,Alex Martinez
Daily Energy,Jordan Smith
Metal Jam,Taylor Pro
Soul Grooves,Taylor Jones
Electronic Soul,User Rodriguez
Morning Rock,Riley Mixer
Ultimate Metal,Taylor Smith
Winter Anthems,Casey Beats
R&B Flow,Cameron Martinez
Deep Session,Sound Pro
Focus Pop,DJ Jones
Late Night Grooves,User Beats
Ultimate Wave,User Creator
Electronic Country,MC Curator
Classical Hits,Big Mixer
Pop Energy,Skyler Creator
Lo-Fi Beats,Morgan 99
Hip Hop Beats,Music Music
Chill Grooves,Lil Jones
Sad Indie,Riley Rodriguez
Workout Energy,DJ Curator
Metal Drive,Sound 99
Rock Anthems,User Beats
EDM Jam,Alex Curator
Summer Anthems,Alex Williams
Workout Session,Alex Brown
Metal Mix,Taylor Johnson
Electronic Session,Lil 123
Morning Soul,Skyler Beats
Party Pop,Sound Davis
Party Study,Music Curator
Chill Jam,Alex Smith
Vintage Pop,Jordan Smith
Sad R&B,MC Rodriguez
Late Night Jazz,Music 123
Essential Blues,Casey Brown
Chill Anthems,Jordan Mixer
Classical Grooves,Alex Creator
Hip Hop Energy,DJ Martinez
Chill Blues,DJ Master
Rock Vibes,Taylor Williams
Happy Hip Hop,Quinn Garcia
Morning R&B,Skyler 99
Summer Drive,Riley 99
Sad Hip Hop,User Beats
R&B Wave,Riley Brown
Party Hip Hop,Avery Creator
Jazz Session,User Smith
Weekend Study,Vibe Brown
Vintage Techno,Music Creator
Workout Lo-Fi,User Miller
Party Wave,Big Smith
Electronic Grooves,Vibe Smith
Happy Vibes,Jordan Martinez
Electronic EDM,Morgan Mixer
Party Jazz,Cameron Jones
Focus Country,Cameron 123
Blues Grooves,Big Miller
Top 50 Global,Spotify Official
Daily Wave,Avery Williams
Winter Pop,Taylor 123
Electronic Beats,Quinn Music
Morning Jazz,Riley Mixer
EDM Hits,DJ Davis
Winter Indie,Avery Beats
Focus Indie,Casey Beats
EDM Vibes,Riley Garcia
Jazz Study,Avery Davis
Focus Country,DJ Rodriguez
Folk Wave,Alex Creator
Classical Jam,User Williams
Essential Pop,Quinn Martinez
Happy Mix,Lil Mixer
Soul Mix,Cameron Miller
Weekend Classics,Vibe Curator
Daily Mix,Avery Jones
Daily Beats,Skyler Curator
Folk Energy,Skyler Rodriguez
Ultimate Anthems,MC Williams
Rock Drive,Avery Garcia
Ultimate Mix,Taylor 99
Morning Grooves,Alex Beats
Chill Vibes,Cameron Johnson
Classic Mix,Lil Williams
Classical Anthems,Skyler Smith
Ultimate Wave,User Creator
Happy Energy,Sound Miller
Metal Drive,Jordan 99
R&B Beats,Lil Garcia
Acoustic Grooves,Riley Davis
Party Hip Hop,Alex Music
Lo-Fi Beats,Morgan 99
EDM Classics,DJ Williams
R&B Session,MC Music
Jazz Beats,User Garcia
Winter Drive,Avery Garcia
Soul Wave,Big 99
Lo-Fi Session,Morgan Curator
Acoustic EDM,Lil Mixer
Ultimate Vibes,Morgan Mixer
Lo-Fi Flow,Jordan Martinez
Focus Classics,Lil Davis
Happy Beats,Music 99
Ultimate Drive,Big Martinez
Essential Indie,Vibe 123
Weekend EDM,Avery Creator
Deep Study,Lil Creator
Blues Drive,Taylor Creator
Techno Wave,Cameron Mixer
Workout Techno,Casey Pro
Winter Pop,Music 99
Sad Jazz,Vibe Martinez
Vintage EDM,Alex Music
Folk Vibes,Jordan Miller
Weekend Grooves,Avery Pro
Hip Hop Grooves,Cameron Johnson
EDM Jam,Lil Rodriguez
Summer Anthems,Taylor Music
Weekend Anthems,Cameron 123
Classical Vibes,Alex Miller
Winter Techno,Alex Beats
Rock Classics,Avery Beats
Electronic Rock,Cameron Davis
Morning Mix,Vibe Davis
Techno Mix,User Garcia
Jazz Jam,User Davis
Ultimate Session,User Music
Winter Session,Alex Jones
Daily Hits,DJ Music
Ultimate Classics,Casey Smith
Top 50 Global,Spotify Official
Soul Mix,Cameron Miller
Essential R&B,Morgan Master
Acoustic Techno,Riley Garcia
EDM Session,DJ Curator
Acoustic Classics,Skyler 123
Daily Wave,Avery Williams
R&B Hits,Casey Smith
Jazz Grooves,Big Pro
Chill Grooves,Lil Jones
Acoustic EDM,Vibe Johnson
Weekend Hip Hop,Vibe Williams
Weekend Mix,Taylor 123
Essential Folk,Lil Creator
Classic Indie,Morgan Williams
Workout Flow,Casey Smith
Winter Lo-Fi,Quinn Garcia
Acoustic Blues,Taylor Garcia
Focus Indie,Lil Creator
Electronic Session,Cameron Garcia
Soul Flow,User Jones
Acoustic Rock,MC Garcia
Lo-Fi Session,Avery Miller
Indie Study,Riley Brown
Classical Classics,Skyler Curator
Daily Anthems,Sound Miller
Happy Wave,Skyler Garcia
Ultimate Grooves,Music Williams
Weekend Techno,Big Davis
Blues Session,Quinn Music
Acoustic Anthems,Jordan 123
Ultimate Flow,DJ 99
Classical Session,Sound Mixer
Acoustic Drive,Taylor 123
Ultimate Session,Lil Smith
Pop Session,User Music
Focus R&B,Avery Beats
Daily Beats,Avery Beats
Daily Jam,Sound Miller
Winter Anthems,Taylor Creator
Sad Rock,Riley Davis
Party Indie,Morgan Miller
Hip Hop Vibes,User Master
Winter R&B,DJ Creator
Acoustic Drive,Sound 99
Acoustic Indie,Quinn Jones
Weekend Beats,Taylor Creator
Essential Session,Skyler Smith
Blues Vibes,Avery 99
Soul Beats,Alex Davis
Sad Indie,Music Johnson
Soul Session,Vibe Williams
Blues Session,DJ Master
Jazz Drive,Jordan Curator
Blues Drive,MC Jones
Classical Anthems,Taylor Smith
Focus Flow,Big Master
Lo-Fi Wave,Riley Johnson
Lo-Fi Wave,DJ Creator
Classical Wave,Lil Martinez
Essential Beats,Morgan 123
Summer Classics,Vibe Jones
Weekend Hip Hop,Riley Davis
Morning Lo-Fi,Riley Creator
Hip Hop Classics,Skyler Martinez
Rock Grooves,DJ Martinez
Vintage Session,MC Miller
Ultimate Techno,Cameron Davis
Metal Grooves,Riley Martinez
Vintage Classical,Vibe Pro
Rock Mix,Sound Johnson
Daily Vibes,Big Curator
Rock Session,DJ Johnson
R&B Vibes,Sound 99
Summer R&B,Casey Mixer
Classical Jam,User Williams
Hip Hop Classics,Skyler Martinez
Sad Pop,Sound Beats
Winter Country,Riley 99
Soul Vibes,Taylor Mixer
Essential Study,Vibe Rodriguez
Weekend Jazz,Lil Rodriguez
Indie Wave,DJ Creator
Chill R&B,Big Rodriguez
Jazz Grooves,Lil Creator
Party Pop,Sound Davis
Rock Vibes,Skyler Creator
Vintage Vibes,User Smith
Classic EDM,Cameron Davis
Happy Anthems,MC Smith
Chill Pop,User Martinez
Classic Anthems,Vibe Beats
Vintage Anthems,Skyler Curator
Country Vibes,Big Pro
Chill Pop,Jordan Garcia
Classic Wave,User Brown
Summer EDM,Skyler 99
Lo-Fi Drive,Alex 123
Country Jam,Cameron Rodriguez
Winter Classical,Taylor 123
Blues Vibes,User Beats
Ultimate Jam,Avery Master
Weekend Rock,Vibe 123
Winter Jam,Riley Johnson
Weekend EDM,Lil Davis
Pop Drive,Quinn Jones
Sad Study,DJ Davis
Techno Energy,Quinn Jones
Morning Anthems,Lil Rodriguez
Chill Jam,Music Beats
Chill Grooves,Lil Jones
Workout Flow,Taylor 123
Vintage Pop,Avery Jones
Focus Lo-Fi,User Williams
Summer Grooves,Skyler Johnson
Deep Country,Skyler Garcia
Blues Mix,Alex Mixer
Hip Hop Hits,Riley Master
Chill Metal,Casey Curator
Jazz Wave,Sound Mixer
Focus Indie,Lil Creator
Rock Drive,Music 99
Daily Indie,MC Garcia
Chill Classics,Casey Brown
Blues Jam,Casey 123
Vintage Energy,MC Smith
Essential Folk,Music Rodriguez
Acoustic Session,Quinn Master
Essential Beats,Casey Pro
Late Night Blues,MC Mixer
Party Pop,Big Jones
Electronic Beats,Morgan Mixer
Party Soul,Lil Creator
Summer Flow,Music Master
Ultimate Vibes,Casey Rodriguez
Vintage Grooves,Cameron Davis
Workout Soul,Music Smith
Classic Techno,Morgan Master
Vintage Classics,Lil 123
Electronic Pop,Alex Music
Late Night Metal,Morgan Mixer
R&B Session,Sound Martinez
Sad Session,Sound Mixer
Weekend EDM,Avery Creator
Classic R&B,Music Mixer
Pop Flow,Jordan Pro
Ultimate Hip Hop,Jordan Smith
Electronic Metal,User Brown
Folk Classics,Riley Miller
Workout Techno,Sound Martinez
Blues Session,Avery Martinez
Vintage Session,MC Miller
Weekend Energy,Taylor Pro
Electronic Study,Alex Master
Daily Classical,Quinn Smith
Vintage Blues,Riley Creator
Soul Beats,Big Beats
Lo-Fi Wave,DJ Creator
Acoustic Energy,Skyler Jones
Classic Metal,Casey Pro
Party Grooves,Riley Curator
Chill R&B,Big Rodriguez
Sad Soul,Skyler Creator
Indie Mix,Morgan Beats
Party Jazz,Sound 99
Workout Study,Music Brown
Vintage Hits,Big Davis
Electronic Mix,Avery Johnson
Classical Beats,Cameron Smith
Weekend Metal,Lil Creator
Winter Drive,Vibe Music
Indie Energy,Big Pro
Classic Mix,Lil Williams
Weekend Flow,Riley Music
Essential Drive,Cameron Curator
Summer R&B,Music Rodriguez
Weekend Country,DJ 123
EDM Session,DJ Brown
Workout Beats,Alex Creator
Morning Hits,Sound Music
Chill EDM,Music Jones
Pop Wave,Jordan Smith
Sad Classical,Skyler Master
Winter Hits,Music Pro
Electronic Vibes,DJ Pro
Weekend Grooves,Vibe 123
Summer Vibes,Sound Williams
Morning Pop,Vibe Music
Soul Mix,Avery Mixer
Top 50 Global,Spotify Official
Workout Anthems,Morgan Williams
Happy Drive,Cameron Brown
Essential Pop,Jordan Williams
Blues Session,Big 123
Vintage Lo-Fi,MC Williams
Electronic Classics,User Music
Blues Mix,Vibe Miller
Techno Drive,Jordan Curator
Soul Vibes,Alex Creator
Winter Anthems,Taylor Creator
Summer Hip Hop,Morgan Williams
Deep Indie,Music Smith
Happy Mix,Avery Garcia
Essential Rock,Sound Miller
R&B Anthems,User Music
Soul Classics,Quinn Music
Happy EDM,Sound Williams
Vintage Lo-Fi,MC Williams
R&B Classics,MC Pro
Winter Hits,Sound 99
R&B Classics,Casey Music
Rock Wave,MC 99
Country Jam,Big Beats
Electronic Anthems,Alex Miller
Focus Country,DJ Rodriguez
Techno Energy,Sound Johnson
Sad Folk,Big Music
Lo-Fi Wave,Skyler Brown
Sad Beats,DJ 123
Sad Jam,Skyler Beats
Acoustic R&B,Skyler Johnson
Winter Session,Alex Jones
Electronic Session,Vibe Brown
Party Pop,Vibe Brown
Summer Lo-Fi,Avery Garcia
Acoustic Hip Hop,Lil Johnson
Electronic Blues,Lil Creator
Acoustic EDM,Quinn Williams
Focus Drive,Skyler Mixer
Acoustic Blues,User Williams
Workout R&B,User Rodriguez
Daily Country,Music 99
Workout Classical,DJ Rodriguez
Focus Soul,MC Smith
Party Study,Music Davis
Workout Hip Hop,Avery Curator
Focus Indie,Morgan Master
Pop Jam,Morgan Beats
Country Beats,Riley Miller
Folk Drive,User Music
Techno Mix,Avery Miller
Essential Metal,Big Master
Classical Session,MC Jones
Acoustic Blues,Big 99
Focus Mix,Sound Miller
Jazz Beats,Vibe Davis
Summer Rock,Jordan Rodriguez
Sad Flow,Skyler Smith
Ultimate Drive,Avery Miller
EDM Energy,Avery Creator
Hip Hop Grooves,Vibe Smith
Daily Hits,Vibe Mixer
Electronic Classics,Cameron Rodriguez
Daily Session,Sound Johnson
Acoustic Mix,Morgan Curator
Essential Hits,Morgan Creator
Party Energy,Lil Rodriguez
Weekend Beats,Alex Davis
Classical Energy,MC 99
Folk Study,Vibe Smith
EDM Wave,Riley Master
Deep Mix,Casey 99
Party Jazz,Vibe Davis
Daily EDM,Big Johnson
Happy Anthems,MC Smith
Morning R&B,Alex Mixer
Pop Study,Jordan Johnson
Jazz Anthems,Riley Brown
Happy Metal,Quinn Rodriguez
Hip Hop Grooves,Alex Mixer
Party Wave,Taylor Rodriguez
Country Flow,DJ 123
Late Night Rock,Music 123
Electronic Vibes,Morgan 99
Essential Lo-Fi,Music Mixer
Late Night Techno,Alex Mixer
Ultimate Flow,Vibe Smith
Top 50 Global,Spotify Official
Country Classics,Quinn Brown
Chill Anthems,Jordan Mixer
Essential Blues,Quinn Pro
Electronic Drive,Jordan Master
Acoustic Anthems,Jordan 123
Indie Classics,MC 99
Winter Indie,MC Jones
Rock Drive,Skyler Curator
Summer R&B,Vibe Mixer
Weekend Jam,User 99
Electronic Country,Jordan Rodriguez
Focus Drive,Skyler Mixer
Hip Hop Energy,Vibe Jones
Deep Energy,Casey Davis
Essential Techno,User 99
R&B Classics,Music Miller
Essential Classics,Skyler Davis
Focus Grooves,Jordan Jones
Weekend Energy,Skyler 123
Electronic Drive,Avery Music
Essential Metal,Avery Beats
Daily Pop,Riley Miller
Morning Folk,Morgan Beats
Metal Drive,Riley Master
Metal Flow,Jordan Rodriguez
R&B Energy,Sound Garcia
Weekend Mix,Casey Creator
Ultimate Metal,Taylor Smith
Top 50 Global,Spotify Official
Blues Flow,Cameron 123
Classical Flow,Riley Smith
Electronic Flow,Skyler Master
Folk Wave,Jordan Johnson
Classic Folk,Morgan Miller
Blues Grooves,Quinn Creator
Vintage Indie,MC Williams
Workout Drive,Quinn Jones
Chill Indie,User Jones
Morning Wave,Lil Smith
Focus Metal,Casey Davis
EDM Hits,User Beats
Lo-Fi Mix,Big Jones
Happy Mix,Lil Davis
Deep Anthems,Jordan Curator
Indie Energy,Alex Beats
Soul Flow,Skyler Curator
Blues Study,Big Master
Ultimate Country,Avery Miller
Classic Vibes,Vibe Johnson
Morning Blues,MC 99
Vintage Pop,Avery Jones
R&B Jam,Riley Rodriguez
Top 50 Global,Spotify Official
Lo-Fi Beats,User 99
Classic Wave,Big Creator
Morning Study,Jordan Garcia
Vintage Flow,Riley Davis
Ultimate Classics,Big Master
Party Lo-Fi,Morgan Jones
Weekend Folk,MC Beats
Acoustic Energy,Skyler Jones
Sad Lo-Fi,User Beats
Chill Beats,Casey Curator
Morning Indie,Skyler 99
Classic Anthems,Casey Garcia
Happy Classics,Skyler Rodriguez
Lo-Fi Drive,Quinn Williams
R&B Energy,Quinn Davis
Acoustic Vibes,Jordan Davis
Late Night Anthems,Cameron Beats
Sad Wave,Lil Pro
Sad Drive,Avery Rodriguez
Techno Vibes,Music Johnson
Hip Hop Wave,MC 99
Folk Wave,Cameron Williams
Sad Classics,DJ Creator
Metal Energy,Cameron Creator
Electronic Classics,MC 123
Sad Flow,Skyler Smith
Pop Study,Jordan Johnson
Acoustic Blues,MC Master
Pop Beats,Vibe Williams
Deep Jazz,Vibe Creator
Essential Beats,Casey Music
Ultimate Pop,Quinn Johnson
Sad Beats,Avery Williams
Acoustic Indie,Quinn Davis
Techno Jam,Cameron Beats
Deep Metal,Skyler Mixer
Daily Grooves,Skyler Mixer
Sad Soul,Lil Pro
Classic R&B,Quinn 123
Deep Beats,Taylor Miller
Weekend R&B,MC Music
Ultimate Energy,Skyler Mixer
Workout Lo-Fi,Cameron Rodriguez
Summer Hits,Lil Creator
Indie Study,Lil Beats
Blues Hits,Vibe Mixer
Blues Session,Riley Pro
Classic Jam,Big 123
Classic Beats,Casey 99
Acoustic Classical,Sound Pro
Ultimate Country,Avery Miller
EDM Hits,Big Martinez
Acoustic Drive,DJ Miller
Ultimate Drive,Big Smith
Indie Classics,DJ Martinez
Vintage Drive,Alex 123
Chill Soul,Vibe Davis
R&B Drive,Vibe Mixer
Late Night Jam,Riley Jones
Daily Jazz,Vibe Music
Essential Pop,Skyler Martinez
Lo-Fi Session,Morgan Curator
Acoustic Classical,Quinn Johnson
Blues Classics,Jordan Williams
Chill Drive,Morgan Master
Deep Grooves,Taylor Beats
Vintage Hits,Casey 123
Summer R&B,Vibe Mixer
Deep Pop,User 123
Morning Country,Riley Pro
Soul Drive,Cameron Music
Blues Grooves,Alex Johnson
Happy Lo-Fi,Taylor Rodriguez
Workout Mix,MC Garcia
Acoustic Energy,Jordan Beats
Folk Energy,Big Curator
Lo-Fi Hits,Alex Garcia
Rock Vibes,MC Jones
R&B Energy,Morgan 99
Happy Folk,Music Master
Sad Jam,Skyler Mixer
Classical Study,MC Pro
Weekend Soul,Lil 123
Sad Study,Jordan Garcia
Ultimate Grooves,Music Williams
Blues Anthems,Big Jones
Winter R&B,Morgan Pro
Classical Session,Sound Mixer
Jazz Study,User Garcia
Focus Vibes,Casey Brown
Daily Lo-Fi,Sound Mixer
Essential Beats,Sound Williams
Acoustic Energy,Morgan 123
Chill Soul,Vibe Davis
Lo-Fi Drive,Morgan Garcia
Pop Flow,Cameron Smith
Morning Blues,MC 99
Lo-Fi Grooves,Riley Brown
Classical Vibes,Skyler Master
Workout Drive,Riley Davis
Classical Jam,Casey Curator
Weekend Classics,DJ Jones
Vintage Anthems,Big Miller
Electronic Soul,Vibe Jones
Daily EDM,Alex Davis
Acoustic Drive,Taylor 123
Happy Beats,Taylor Jones
Deep Energy,Jordan Pro
Weekend Flow,Sound Davis
Indie Anthems,Cameron Mixer
Acoustic Jam,Quinn Martinez
Morning Jazz,Big Brown
Classical Anthems,Jordan Creator
Focus Jazz,Taylor Mixer
Winter Hip Hop,Alex Music
Metal Grooves,Casey Mixer
Classic Flow,Riley Smith
Winter Indie,Jordan Garcia
Summer Energy,Jordan Williams
Workout Pop,Morgan Garcia
Essential Energy,Cameron 123
Party Jazz,DJ Curator
Daily Classics,Jordan Master
Soul Beats,DJ Pro
Happy Classics,Skyler Rodriguez
Classic Indie,MC Mixer
Focus Study,Cameron Curator
Party Vibes,Taylor Davis
Techno Classics,Alex Brown
Essential Lo-Fi,Vibe Brown
Vintage Mix,Sound Master
Weekend Metal,MC Garcia
Classic Indie,Morgan Brown
R&B Beats,Big Jones
Morning Beats,Skyler Mixer
Folk Session,Quinn Martinez
Jazz Study,Taylor Mixer
Hip Hop Flow,Morgan Garcia
Chill Study,Avery Pro
Winter EDM,Music Beats
Weekend Wave,Big Pro
Folk Anthems,Avery Martinez
Daily R&B,Cameron Johnson
Blues Beats,Music Master
Vintage Vibes,User Smith
Indie Session,Alex Davis
Vintage Anthems,User Davis
Morning Classical,Sound Pro
Sad Session,Lil Beats
Daily Metal,Skyler Master
Sad Rock,Quinn Johnson
Classic Flow,Alex Mixer
Weekend Hits,Vibe Garcia
Winter Techno,Cameron Brown
Folk Drive,Riley Rodriguez
Soul Study,Taylor Miller
Soul Grooves,Casey Master
Workout Vibes,Cameron Davis
Summer Mix,Quinn Rodriguez
Electronic Hits,Vibe 99
Metal Anthems,Avery Master
Sad Country,Music Music
Late Night Wave,Quinn 123
Late Night Jazz,Vibe Curator
Techno Classics,Big Martinez
Focus Indie,Taylor Music
Daily Pop,Jordan Music
Deep Flow,Jordan Curator
Focus Vibes,Riley Williams
Lo-Fi Beats,Morgan 99
Sad Hits,Alex Martinez
Techno Mix,Big Brown
Late Night Jam,Music Jones
Soul Hits,Taylor 123
Focus Jazz,Big Pro
Metal Jam,Riley 99
Indie Vibes,User Brown
Electronic Metal,Big Martinez
Daily EDM,Alex Davis
Late Night Country,Music Creator
Late Night Lo-Fi,Vibe Johnson
Chill Hip Hop,Big Davis
Happy Beats,Big Pro
Summer Grooves,Skyler Johnson
Vintage R&B,Music Rodriguez
Winter Session,Alex Jones
Blues Wave,Casey Curator
Indie Classics,Skyler Garcia
Country Mix,Skyler Miller
Chill Classics,Jordan Brown
Indie Study,Cameron Master
Party Metal,Taylor Rodriguez
Hip Hop Drive,Sound Mixer
Chill Anthems,Big Master
Blues Study,Avery Smith
Top 50 Global,Spotify Official
Essential Energy,Avery Davis
Deep Metal,Skyler Mixer
Techno Grooves,MC Beats
Weekend Country,User 123
Classic Beats,Casey 99
Lo-Fi Energy,Quinn Beats
Sad Folk,User Smith
Morning Wave,Avery Beats
Focus Energy,DJ Creator
Techno Vibes,Alex Pro
Indie Drive,Jordan Pro
Chill Country,DJ Brown
Party Pop,Sound Davis
Classical Vibes,Sound Beats
Electronic Soul,Casey Johnson
R&B Grooves,DJ Rodriguez
Electronic Jazz,Jordan Master
EDM Wave,Avery Music
Hip Hop Grooves,Vibe Curator
Morning Hip Hop,Quinn Williams
Acoustic Jazz,DJ Brown
Rock Mix,MC Mixer
Electronic Folk,Skyler Rodriguez
Blues Grooves,Casey Davis
Essential Techno,User 99
Essential Rock,Casey Smith
Blues Flow,Casey Creator
Acoustic Techno,Riley Brown
Ultimate Rock,Avery Music
Deep Jazz,Big Rodriguez
Sad Lo-Fi,Taylor 123
Summer Vibes,Taylor Creator
Happy Grooves,Quinn Curator
Morning Lo-Fi,Skyler 99
Indie Beats,Big Beats
R&B Flow,MC Davis
Ultimate Country,Riley Johnson
Late Night Drive,User Davis
Chill Study,Quinn Smith
Late Night Vibes,User 99
Lo-Fi Beats,Riley Martinez
Happy Country,Alex 123
Daily Mix,Sound Brown
Weekend Hip Hop,Skyler Creator
Pop Drive,Big 99
EDM Vibes,Taylor Pro
Sad Grooves,Morgan Johnson
Top 50 Global,Spotify Official
Morning Drive,Music 123
Metal Hits,Quinn Jones
Focus Jam,MC Jones
Party Country,Casey 123
Late Night EDM,Lil 99
EDM Jam,Taylor Davis
Soul Hits,Casey Miller
Chill Hip Hop,Taylor Johnson
Folk Study,Music Brown
Vintage Beats,Alex Curator
Workout Soul,Music Smith
Soul Flow,User Garcia
Pop Mix,Big Smith
Pop Drive,Casey Mixer
Acoustic R&B,Avery Garcia
Weekend Indie,User Creator
Ultimate Classics,DJ Rodriguez
Morning Energy,User Garcia
Pop Study,Jordan 99
Classic Jazz,Quinn Music
Pop Beats,Taylor Rodriguez
Essential Blues,Riley Williams
Acoustic Anthems,Avery Creator
Classic Indie,Alex Jones
Essential Techno,Sound Johnson
Chill Rock,Avery Williams
Sad Jam,Music Johnson
Workout Techno,Casey Pro
Rock Hits,Avery Creator
Daily Study,Sound Brown
Daily Soul,MC Curator
Vintage Vibes,Skyler Master
Jazz Energy,Riley Jones
Winter Grooves,Sound Mixer
Late Night Drive,DJ Creator
Techno Study,Sound Mixer
Lo-Fi Drive,Quinn Williams
Winter Lo-Fi,Skyler Garcia
Vintage Jazz,Sound Rodriguez
Ultimate Anthems,Lil Garcia
Blues Hits,Cameron Mixer
Late Night EDM,Big Beats
Classical Wave,DJ Martinez
Workout Mix,Riley Music
Sad Classics,Casey Brown
Top 50 Global,Spotify Official
Sad Folk,Sound Martinez
Classical Energy,User 123
Acoustic R&B,Avery Garcia
Soul Drive,Cameron Music
EDM Flow,Big Creator
Happy Classical,Sound Smith
Daily Vibes,Big Curator
Electronic EDM,MC Smith
Sad Hip Hop,DJ Johnson
Weekend EDM,Casey Garcia
Classical Beats,Jordan Garcia
Chill Anthems,Big Master
Electronic Wave,Riley Smith
Summer Anthems,Alex Williams
Daily Hits,Cameron Pro
Workout Blues,Taylor Miller
Essential Soul,Alex Rodriguez
Electronic Anthems,User Miller
Winter Session,MC 99
Jazz Anthems,Quinn Williams
Classical Grooves,Alex Creator
Ultimate Drive,DJ Curator
Soul Anthems,Music Johnson
Classic Metal,MC Davis
Workout Drive,Riley Davis
Essential Pop,Quinn Martinez
Electronic Hits,Vibe 99
Country Classics,Alex 99
Techno Mix,Morgan Davis
Daily Techno,Riley Johnson
Happy Classical,User Brown
Essential Jam,Casey Jones
Lo-Fi Beats,User Williams
Soul Vibes,Vibe Williams
Ultimate Beats,Sound Curator
Morning Folk,DJ Johnson
Essential Beats,Riley Beats
Summer Rock,User Music
Workout Beats,Big Garcia
Focus Classical,Cameron 99
Weekend Blues,Quinn Johnson
Top 50 Global,Spotify Official
Essential Energy,Vibe Miller
Late Night Country,Taylor 99
Lo-Fi Jam,Quinn 123
Essential Folk,Avery Pro
Hip Hop Jam,DJ Pro
Electronic R&B,Jordan Smith
Techno Flow,Taylor Martinez
Winter Indie,Sound Jones
Morning Pop,Vibe Music
Daily Study,Sound Brown
Happy Mix,Avery Garcia
Vintage Soul,Big Creator
Electronic R&B,Casey Garcia
Lo-Fi Study,Cameron Davis
Electronic Indie,MC Johnson
Jazz Session,User Smith
Focus Mix,Quinn Williams
Focus Folk,Lil Davis
Sad Jam,Quinn Miller
Metal Session,Quinn Jones
Party Wave,Casey Creator
Acoustic Classical,Sound Pro
Electronic Classics,Quinn Williams
Sad Rock,Riley Davis
Blues Session,Quinn Music
Ultimate Classical,MC Rodriguez
Acoustic Soul,MC Curator
Winter Pop,Avery Johnson
Winter Hip Hop,Alex Music
Hip Hop Jam,Music Miller
Party Wave,Vibe Pro
Workout Drive,Vibe Brown
Hip Hop Beats,Lil Garcia
Metal Energy,Vibe Creator
EDM Session,MC Beats
Late Night Hits,Taylor Jones
Focus Hip Hop,MC Beats
Electronic Vibes,Casey Smith
Indie Grooves,Morgan Williams
Weekend Jazz,Lil Williams
Winter Metal,Skyler Beats
Acoustic Techno,Music Brown
Jazz Wave,Music Pro
Soul Vibes,Alex Creator
Rock Energy,Morgan Garcia
Classical Jam,Casey Curator
Daily Lo-Fi,Jordan Davis
Weekend R&B,Skyler Davis
Sad Soul,User Creator
Indie Wave,Casey Beats
Soul Grooves,Casey Master
Top 50 Global,Spotify Official
Blues Grooves,Alex Johnson
Acoustic Blues,Big 99
Party Flow,Riley Smith
Blues Mix,Alex Beats
Country Hits,Cameron Miller
Hip Hop Energy,Vibe Jones
Daily Rock,Big Miller
Pop Jam,Riley Curator
Blues Grooves,Casey Davis
Party Wave,Taylor Rodriguez
Essential EDM,Morgan Pro
Vintage Study,Quinn Johnson
Lo-Fi Wave,Cameron Creator
Rock Beats,Morgan Brown
Country Classics,Riley 99
Blues Classics,Quinn Garcia
Weekend EDM,Casey Garcia
Classical Anthems,Taylor Davis
Essential Hip Hop,Avery Master
Daily Hip Hop,Vibe Creator
Winter Drive,Vibe Music
Workout Energy,DJ Curator
Indie Jam,Riley 123
Techno Drive,Quinn 99
R&B Mix,Cameron Martinez
Electronic R&B,Vibe Davis
Lo-Fi Study,Avery Beats
Classic Anthems,Sound Creator
Ultimate R&B,Morgan Creator
Workout Jam,User Martinez
Focus Study,Taylor Garcia
Rock Energy,Alex Johnson
Summer Study,Cameron 123
R&B Mix,Sound Mixer
Weekend Country,User Smith
Classic Vibes,Alex Music
Electronic Study,Cameron Brown
Country Session,Quinn Rodriguez
Winter R&B,Sound Creator
Chill EDM,Quinn Brown
Soul Vibes,Music Smith
Winter Energy,Cameron Williams
Winter Classics,Big Music
Workout Wave,Cameron Brown
Winter Hits,MC Jones
Folk Drive,DJ Smith
Classic Techno,Jordan Davis
Classical Anthems,Lil Smith
Sad Blues,Lil Garcia
Hip Hop Wave,Avery Brown
Chill Mix,Sound Miller
Sad Wave,User Master
Ultimate Soul,Big 123
Morning Session,Jordan Creator
Soul Flow,Morgan Music
Lo-Fi Study,Alex Mixer
R&B Vibes,MC Music
Happy R&B,DJ Beats
Blues Wave,Casey Curator
Lo-Fi Jam,Quinn 123
Late Night Session,Big Jones
Late Night Rock,Morgan Garcia
Hip Hop Energy,Taylor Music
Folk Classics,Quinn Smith
Party Energy,Quinn Johnson
Acoustic Anthems,Avery Garcia
Focus Drive,Skyler Mixer
EDM Hits,Riley Martinez
Winter Indie,Avery Beats
EDM Flow,Skyler Davis
Deep EDM,MC Garcia
Workout Lo-Fi,User Miller
Essential EDM,Morgan Pro
Focus Wave,Big Johnson
Country Session,User Garcia
Deep R&B,DJ Curator
EDM Wave,Cameron Williams
Classic R&B,Music Mixer
Daily Jazz,Vibe Music
Chill Rock,Casey Garcia
Ultimate Folk,Big Music
Acoustic EDM,Taylor 123
Morning Anthems,User 99
Soul Beats,Cameron Davis
Workout Anthems,Morgan Williams
Late Night Country,Riley Pro
Weekend Country,DJ 123
Happy Anthems,Vibe Smith
Lo-Fi Wave,Taylor Jones
Party Jazz,Quinn Creator
Summer Mix,Big Mixer
Pop Session,Skyler Garcia
Workout Classical,DJ Rodriguez
Soul Hits,Big Pro
Essential Blues,Morgan Master
Soul Beats,DJ Pro
Electronic Classics,MC 123
Hip Hop Flow,Riley Martinez
Folk Wave,Skyler 123
Weekend Folk,MC Beats
Essential Jam,Casey Jones
Chill Classical,Sound 99
Party Folk,DJ Master
Summer Country,Music Master
Essential Hip Hop,Avery Johnson
Late Night Study,Avery Williams
Late Night Hits,Lil Curator
EDM Mix,Quinn Music
Acoustic Beats,Riley Martinez
Metal Jam,Skyler Smith
Electronic Hits,Vibe Master
Classic Hits,Big Music
Focus Grooves,Skyler Miller
Rock Mix,Morgan Beats
Classic Drive,User Johnson
Vintage Anthems,Big Master
Electronic Pop,Lil Rodriguez
Ultimate Hits,Vibe Music
Essential Rock,Avery Music
Summer Flow,Alex Master
EDM Hits,Vibe Mixer
Chill Flow,Cameron Garcia
R&B Hits,Alex Creator
Workout Wave,User Miller
Workout Indie,Big Smith
Daily Rock,Big Brown
Morning Hip Hop,Avery Jones
Folk Wave,Cameron Williams
Daily Hip Hop,Vibe Creator
Sad R&B,Big 123
Vintage Vibes,User Smith
Rock Wave,MC Rodriguez
Electronic Session,Casey Brown
Happy Blues,Quinn Smith
Happy R&B,Skyler Pro
R&B Session,Sound Martinez
Acoustic R&B,Jordan 123
Summer Hits,DJ Creator
Electronic Drive,Avery Master
Essential Pop,Alex Rodriguez
Ultimate Classics,Sound Smith
Chill Country,Morgan Music
Daily Mix,Avery Garcia
Focus Jazz,Alex 123
Chill Indie,User Jones
Weekend Classical,Riley Beats
Folk Vibes,Alex Creator
Winter Session,Riley 99
Late Night Session,DJ Mixer
Daily Study,Quinn Williams
Country Classics,Riley 99
Happy Soul,User Williams
Happy Mix,User Rodriguez
Jazz Grooves,DJ Beats
Techno Anthems,Riley Brown
Deep Mix,Jordan Curator
R&B Vibes,MC 123
Morning Grooves,Alex Beats
Focus Mix,DJ Master
Top 50 Global,Spotify Official
Soul Hits,Big Pro
Rock Drive,DJ 123
Ultimate Techno,Avery Pro
Metal Energy,Skyler 123
Happy Techno,DJ Miller
Electronic Grooves,Vibe Smith
Deep Lo-Fi,Taylor Miller
Summer Jam,Big 123
Winter Grooves,Riley 123
Happy Metal,User Martinez
Rock Energy,User Jones
Essential Hip Hop,Jordan Davis
Happy Flow,Riley Mixer
Electronic Metal,Skyler Davis
Vintage Blues,Riley Creator
EDM Vibes,Taylor Pro
Country Session,Lil Pro
Country Flow,DJ 123
Focus Classical,User Johnson
Sad Jam,Vibe Garcia
Techno Grooves,Riley 123
Acoustic Techno,Riley Brown
Acoustic Metal,Casey Music
R&B Jam,DJ Music
Blues Beats,Vibe 99
Happy Energy,Music Smith
Country Flow,Morgan Beats
Essential Drive,DJ Master
Daily Jam,Skyler 99
Metal Flow,Alex Beats
Essential Drive,Music Creator
Electronic Hits,Taylor 123
Country Anthems,DJ Master
Deep Indie,Music Smith
Hip Hop Wave,Skyler Master
Happy Blues,Sound Music
Electronic Energy,Avery Beats
Morning Flow,Casey Rodriguez
Hip Hop Grooves,Cameron Johnson
Essential Drive,DJ Master
Pop Classics,User Smith
Winter Mix,Big Pro
Late Night Metal,Big Davis
Daily Metal,Cameron Smith
Morning Drive,Avery Johnson
Electronic R&B,Avery Williams
Electronic R&B,Morgan Curator
Winter Mix,Avery Miller
Lo-Fi Hits,Alex Garcia
Pop Mix,Cameron Johnson
Workout Pop,User Beats
Sad Grooves,Lil Curator
Blues Anthems,Taylor 99
Rock Jam,Music Garcia
Daily Wave,Lil Miller
Deep Study,DJ 99
Daily Hits,Cameron Pro
Essential Mix,Vibe Rodriguez
Classical Mix,Casey Music
Techno Vibes,Riley Williams
Essential Folk,Skyler Smith
Hip Hop Jam,Music Miller
Lo-Fi Mix,Music Miller
Chill Anthems,Skyler Rodriguez
Chill Soul,Jordan Martinez
Deep Folk,Morgan Miller
Essential Pop,Jordan Williams
Classic Study,Skyler Jones
Chill Soul,Vibe Johnson
Hip Hop Classics,Riley Jones
Summer Hits,Skyler Music
Soul Jam,Jordan Music
Soul Hits,Morgan Garcia
Acoustic Metal,Music Rodriguez
Weekend Mix,Vibe Brown
Hip Hop Hits,Morgan Creator
Party Indie,Riley Pro
EDM Jam,MC Martinez
Indie Hits,Jordan Rodriguez
Metal Session,Cameron Music
Vintage Hits,Riley Creator
Essential Mix,Music Garcia
Sad Soul,Jordan 99
Rock Drive,Lil Williams
Weekend Mix,Taylor 123
Daily Jazz,Vibe Music
Ultimate Grooves,Riley Garcia
Sad Beats,DJ 123
Weekend Pop,Avery Curator
Acoustic Grooves,Riley Davis
Hip Hop Classics,Riley Jones
Indie Wave,Casey Beats
Classic Classics,Cameron 123
Workout Energy,Morgan Davis
Weekend EDM,Avery Creator
R&B Anthems,Taylor 123
Late Night Drive,Cameron Smith
Acoustic Beats,Sound Master
Hip Hop Jam,MC Williams
Soul Flow,Riley Garcia
Winter Mix,Taylor 123
Lo-Fi Beats,Riley Jones
Morning Energy,MC Music
Rock Vibes,Cameron Creator
Morning Rock,Music Mixer
Metal Drive,Jordan 99
Happy Country,User Miller
Essential R&B,Cameron Curator
Party Hits,Morgan Garcia
Weekend Grooves,Vibe 123
Happy Wave,Music Smith
Classical Mix,Casey Music
Indie Anthems,Sound Rodriguez
Classical Vibes,Riley Martinez
Deep Anthems,Jordan Brown
Ultimate Drive,Riley Brown
Chill Drive,Lil Mixer
Morning Vibes,User Curator
Blues Beats,Vibe 99
Happy Blues,Taylor Jones
Ultimate Techno,Taylor Pro
Rock Drive,Sound Rodriguez
Summer EDM,Riley Curator
Folk Classics,Quinn Smith
Morning Rock,Cameron Master
Top 50 Global,Spotify Official
Essential Jazz,Avery Davis
Happy Folk,Music Master
Acoustic Metal,Music Rodriguez
Top 50 Global,Spotify Official
Chill Flow,DJ Music
Country Mix,Riley 99
Acoustic Classics,Avery Jones
Soul Hits,Vibe Miller
Indie Hits,Alex Curator
Country Grooves,Morgan Rodriguez
Indie Jam,Skyler Smith
Ultimate Vibes,Casey Rodriguez
Top 50 Global,Spotify Official
Techno Classics,Big Martinez
Metal Flow,Jordan Creator
R&B Drive,Alex Creator
Metal Energy,Skyler Miller
Summer Folk,Taylor Brown
Daily Hip Hop,DJ Davis
Weekend Techno,Big Davis
Morning Session,Jordan Creator
Metal Anthems,Skyler Mixer
Morning Study,Jordan Garcia
Soul Session,Music Jones
Jazz Drive,Avery Beats
Rock Drive,Skyler Curator
Techno Drive,DJ Curator
Ultimate Hip Hop,Lil Brown
Electronic Vibes,Lil Pro
Daily Indie,Cameron Smith
Jazz Drive,Jordan 123
Jazz Anthems,Skyler Music
Electronic Mix,Avery Johnson
Morning Energy,Big Johnson
Hip Hop Wave,Taylor 123
Party Energy,Lil Master
Summer EDM,Taylor Brown
Hip Hop Energy,Vibe Brown
Essential Rock,Casey Smith
Rock Drive,Music 99
Classic Wave,User Brown
Electronic Soul,Music Jones
Essential Anthems,Morgan Jones
Ultimate Blues,Sound 123
Party Beats,Jordan 123
Acoustic Pop,Avery Pro
Summer Beats,MC Mixer
Rock Beats,Sound Garcia
Classical Session,Casey Rodriguez
Deep Jazz,User Curator
Weekend Country,User Master
Happy Blues,Taylor Jones
Pop Anthems,Vibe 123
Soul Mix,MC Music
Sad Study,Morgan 123
Vintage Classics,Jordan Jones
Techno Session,Music Curator
Top 50 Global,Spotify Official
Pop Classics,Morgan Creator
Electronic Grooves,Vibe Smith
Essential Hip Hop,Jordan Davis
Ultimate Grooves,Quinn Williams
Essential Jam,Skyler Creator
Weekend Hits,DJ Jones
Soul Hits,Taylor 99
Hip Hop Drive,Sound Mixer
Deep Hits,Casey 99
Electronic Anthems,User Creator
Essential Anthems,Jordan 99
Party Blues,User Pro
Pop Energy,Lil Jones
Ultimate Mix,Quinn Davis
Late Night Metal,User Smith
Focus Jazz,Vibe Brown
Lo-Fi Mix,Big Jones
Electronic Classics,Quinn Williams
Country Wave,Lil Smith
Winter Beats,Vibe Johnson
Winter R&B,DJ Creator
Focus Session,Alex Curator
EDM Flow,Lil Miller
Focus Study,Riley Martinez
Hip Hop Classics,Casey Martinez
Summer Pop,Alex Master
R&B Drive,Music Miller
Deep Hits,Lil Creator
Essential Blues,DJ Martinez
Morning Indie,Skyler 99
Country Flow,Riley Smith
Metal Drive,Riley 99
Vintage Mix,Riley Williams
Late Night Metal,Avery Martinez
Essential Vibes,DJ 123
Deep Rock,MC Miller
EDM Flow,Lil Pro
Techno Study,Big 99
Country Classics,Quinn Brown
Deep R&B,DJ Curator
Essential Flow,Avery Johnson
Soul Jam,Morgan Creator
Morning R&B,Alex Smith
Top 50 Global,Spotify Official
Top 50 Global,Spotify Official
Party Soul,Jordan Rodriguez
Daily Metal,Skyler Master
Late Night Folk,Alex Johnson
Summer Drive,Quinn Pro
Electronic Soul,Music Jones
Soul Anthems,DJ Music
Sad Hits,Jordan Miller
Acoustic Soul,User Johnson
Happy Metal,Vibe Curator
Daily Beats,Quinn Music
Deep Mix,Quinn Brown
Hip Hop Wave,Skyler Master
Party Metal,Quinn 123
Acoustic Rock,Casey Mixer
Vintage Vibes,Alex Beats
Sad Indie,Taylor Mixer
Winter Wave,Big Garcia
Winter Techno,Sound Jones
Country Anthems,Alex Davis
Vintage Techno,Morgan Martinez
Chill Rock,Alex Johnson
Sad Pop,Cameron Music
Late Night Study,Big Beats
Summer Folk,User Pro
Weekend R&B,Quinn 123
Pop Vibes,Taylor Garcia
EDM Wave,Vibe 99
Classic Flow,Vibe Smith
R&B Grooves,Casey Jones
Ultimate Classics,DJ Rodriguez
Rock Mix,DJ 123
Blues Session,Jordan 99
Daily Lo-Fi,Big Pro
Acoustic Blues,Big 99
Soul Energy,Jordan Master
Vintage Pop,Big Smith
Weekend Energy,Avery Smith
Chill Soul,Big Davis
Acoustic Drive,MC 99
Winter Rock,Skyler Rodriguez
Focus Classics,Lil Davis
Soul Hits,Taylor 99
Pop Hits,Jordan Jones
Vintage Blues,Cameron Rodriguez
Soul Flow,User Jones
Acoustic Anthems,DJ Davis
Techno Jam,Cameron Beats
Workout Pop,Quinn Master
Pop Study,Jordan Johnson
Indie Study,Avery Creator
Blues Anthems,Big Rodriguez
Lo-Fi Grooves,Morgan Brown
Morning Hip Hop,Avery Curator
Vintage Vibes,Morgan Martinez
Sad Jazz,Vibe Martinez
Acoustic Indie,Riley 123
Folk Study,Music 123
Techno Drive,Quinn 99
Summer R&B,Music Rodriguez
Winter Soul,DJ 99
Happy Session,Jordan Garcia
Blues Jam,Big Beats
Summer EDM,Riley Curator
Metal Session,Morgan Johnson
Sad Techno,Big Rodriguez
Workout Soul,Casey Miller
Deep Pop,User 123
Acoustic Classical,Quinn Miller
R&B Drive,Sound Martinez
Happy Indie,User Davis
Folk Flow,Big Martinez
EDM Jam,Morgan Rodriguez
Metal Drive,Sound 99
Happy Hip Hop,Taylor Music
Hip Hop Study,Quinn Curator
Indie Classics,Vibe Garcia
Sad Jam,Skyler Beats
Classic Study,MC Rodriguez
Indie Study,Casey Garcia
Classic Metal,Vibe Beats
Deep Jam,Casey Brown
Deep Country,Skyler Garcia
Party Country,DJ Curator
Electronic Pop,Morgan Davis
Pop Study,Quinn Brown
Weekend Classical,Alex Creator
Acoustic Drive,MC 99
Party Blues,Cameron Martinez
Indie Session,DJ Davis
Soul Study,Lil Davis
Lo-Fi Classics,Sound Davis
Essential Drive,Alex Creator
Chill Jam,Casey Johnson
Essential Energy,Quinn Brown
Happy Mix,Lil Creator
Chill Jam,Alex Smith
Summer Beats,Taylor Master
Ultimate Soul,Big 123
Essential Flow,Skyler Mixer
Classical Hits,Big Mixer
Vintage Folk,Quinn Williams
Chill Wave,Morgan Mixer
Essential Drive,Alex Creator
Classic Rock,User Smith
Classic Jazz,Lil Williams
Classic Energy,DJ Johnson
Weekend Mix,Casey Creator
Late Night Jam,Riley Martinez
Vintage Drive,Quinn Jones
Metal Energy,Skyler 123
Techno Classics,Music Rodriguez
Classical Mix,Cameron Smith
Acoustic EDM,Quinn Williams
Late Night Indie,Alex Master
Classic Vibes,Alex Music
Workout Session,Vibe Miller
Electronic Mix,Avery Johnson
Sad Jam,Skyler Beats
Vintage Jazz,Sound Johnson
Focus EDM,Sound 99
Happy Classical,User Brown
Acoustic Country,Riley Curator
Deep Jazz,Big Rodriguez
Workout Soul,Jordan Rodriguez
Happy Rock,User Davis
Ultimate Rock,Avery Music
Hip Hop Anthems,Morgan Johnson
Winter Session,Riley 99
Soul Beats,Big Garcia
Party Pop,MC Beats
Classic R&B,Avery Mixer
Classical Mix,Riley Williams
Country Mix,Skyler Johnson
Deep Indie,Taylor Williams
Hip Hop Hits,Morgan Creator
Workout Energy,Skyler Master
Daily Anthems,Alex Mixer
Acoustic Rock,Music Davis
Blues Vibes,Avery 99
Sad Lo-Fi,Big Martinez
Indie Session,DJ Davis
Workout Metal,Casey Williams
Hip Hop Classics,Skyler Music
Soul Flow,Morgan Music
Weekend Wave,User Brown
EDM Session,Taylor Creator
Workout Lo-Fi,Cameron Rodriguez
Vintage Blues,Cameron Rodriguez
Workout Mix,Sound Pro
Chill Grooves,Quinn Miller
Folk Anthems,MC 99
Focus Metal,Casey Davis
Soul Hits,Sound Creator
Indie Classics,DJ Martinez
R&B Beats,Skyler Brown
Chill Jam,Vibe Pro
Sad Pop,Sound Beats
Folk Drive,DJ Smith
Chill Folk,Avery 123
Weekend Drive,Avery Williams
Vintage Study,Cameron Miller
Party Jam,DJ Beats
Classical Anthems,Taylor Smith
Hip Hop Grooves,Vibe Smith
Sad Pop,Lil Pro
Blues Grooves,Big Miller
Party Grooves,Quinn Davis
Winter Session,Alex Jones
Winter Techno,Sound Jones
Blues Session,Big 123
Deep Lo-Fi,Sound Garcia
Late Night Country,Riley Pro
Ultimate Flow,DJ Creator
Rock Mix,Music Jones
Soul Flow,Skyler Curator
Happy Folk,Casey Williams
Lo-Fi Mix,Avery Davis
Essential Techno,Skyler Williams
Classic Classics,Jordan Smith
Morning Jam,Lil 99
Winter Techno,Music Smith
Focus Techno,Vibe Davis
Electronic Energy,Avery Beats
Chill Soul,Big Davis
EDM Mix,Big Williams
Morning Techno,Music Davis
Classical Anthems,Skyler Beats
Soul Mix,Cameron Miller
Ultimate Hits,Taylor Jones
Vintage Jazz,Casey Brown
Electronic Study,Casey Johnson
Winter Indie,Lil Music
Top 50 Global,Spotify Official
Soul Wave,Cameron Curator
Techno Jam,DJ Williams
Blues Hits,Avery Brown
Hip Hop Grooves,Music Davis
Jazz Flow,Skyler Master
Pop Wave,Jordan Davis
Winter Hip Hop,Cameron Curator
Classic Wave,Cameron Smith
Happy Classics,Skyler Smith
Ultimate Drive,Big Smith
Deep Metal,Lil Mixer
Deep Energy,Jordan Pro
Indie Vibes,Riley Smith
Focus EDM,Music Rodriguez
Folk Jam,User Davis
Late Night Vibes,Big Smith
Daily Mix,Avery Garcia
Country Anthems,Morgan Rodriguez
Classic Indie,Alex Jones
Lo-Fi Anthems,Riley Martinez
Focus Drive,Riley Pro
Indie Grooves,Skyler Smith
Hip Hop Hits,Taylor Master
Daily Mix,Sound Brown
R&B Beats,DJ Davis
Electronic Grooves,Quinn Jones
Happy Energy,MC Williams
Acoustic Jam,MC Mixer
Rock Flow,Riley 99
Party Mix,Taylor 123
Daily Metal,DJ Curator
Electronic Blues,Jordan Martinez
Pop Drive,Quinn Master
Morning R&B,Skyler 99
Chill Hits,Sound Rodriguez
Workout Pop,Quinn Master
Daily Blues,Alex Smith
Morning Lo-Fi,Skyler 99
Hip Hop Flow,Skyler Miller
Folk Jam,User Davis
EDM Flow,Alex Master
Late Night Metal,DJ Miller
R&B Study,Big Rodriguez
Party Session,Skyler Pro
Morning Jam,Music Master
Metal Flow,Big Mixer
Pop Energy,Quinn Davis
EDM Drive,Cameron Rodriguez
Lo-Fi Drive,Music Curator
Country Energy,Vibe Mixer
Blues Wave,Skyler Miller
EDM Energy,Alex Pro
Rock Session,Taylor Music
Classic R&B,Morgan Martinez
Party Pop,MC Master
Top 50 Global,Spotify Official
Acoustic Blues,Lil Master
Weekend Blues,MC Music
Ultimate Folk,Taylor Mixer
Late Night Metal,Avery Martinez
Folk Anthems,MC Pro
Weekend Rock,Quinn Pro
Country Anthems,Alex Davis
Winter Hip Hop,MC 99
Morning Hits,Sound Martinez
Late Night Grooves,Riley Pro
Happy Hits,Riley 123
Deep Lo-Fi,Sound Garcia
R&B Mix,Lil Miller
Acoustic Grooves,Avery Williams
Jazz Hits,Alex Beats
Chill Classics,Cameron Davis
Electronic Rock,Alex Beats
Indie Jam,Riley 123
R&B Classics,Sound Smith
Essential Classical,Skyler 99
Essential Folk,Lil Creator
Country Drive,Alex Beats
Workout Wave,Alex Martinez
Sad Blues,Riley Pro
Acoustic Drive,Taylor 123
Ultimate Metal,Quinn Music
Electronic R&B,Avery Mixer
Techno Wave,Music Martinez
Focus Classical,User Johnson
Focus EDM,Skyler Rodriguez
Hip Hop Jam,Jordan Beats
Chill Wave,Morgan Mixer
Country Energy,Big Martinez
Essential Energy,Vibe Miller
Metal Flow,Vibe Master
Classic R&B,Morgan Martinez
Vintage Indie,MC Williams
Late Night Rock,Lil Mixer
Focus Flow,Avery Master
Morning Anthems,Lil Rodriguez
Workout Metal,Casey Williams
Sad Jam,Riley Mixer
Jazz Mix,User 123
Winter EDM,Riley 123
Winter Wave,Big Garcia
Summer Study,MC Johnson
Country Session,Sound Pro
Ultimate Techno,Taylor Pro
Daily R&B,Cameron Johnson
Winter Jam,Morgan Music
Party Blues,Skyler Curator
Ultimate Study,Big Beats
Electronic Classical,MC Mixer
Acoustic Vibes,MC Curator
Sad Soul,Lil Pro
Soul Beats,Jordan Mixer
Jazz Beats,MC Music
Focus Vibes,Music Jones
Folk Classics,Sound Williams
Jazz Drive,Jordan 123
Rock Flow,Taylor Creator
Workout Hits,Skyler Miller
R&B Classics,Casey Music
Essential Drive,Music Creator
Daily Grooves,Cameron Brown
Metal Drive,Sound Pro
Focus Mix,Sound Miller
Morning Study,Cameron Miller
Classical Beats,Taylor 123
Morning Lo-Fi,Riley Creator
Top 50 Global,Spotify Official
Electronic Vibes,Jordan Jones
Essential Vibes,Quinn Miller
Indie Vibes,DJ 99
Summer Techno,Lil Mixer
Vintage Jazz,DJ Pro
Weekend Soul,Avery 123
Sad Grooves,Alex Beats
Lo-Fi Drive,Alex 123
Folk Drive,Casey Garcia
Rock Hits,Morgan Brown
Country Flow,Music Beats
Weekend Mix,Taylor 123
Classic Folk,Morgan Miller
Sad Pop,Big Pro
EDM Session,Big Martinez
Late Night Metal,Lil Rodriguez
Focus Grooves,Riley Mixer
Summer Study,Sound Johnson
Jazz Grooves,Lil Creator
Top 50 Global,Spotify Official
EDM Vibes,Vibe Miller
Vintage Pop,Avery Jones
Techno Anthems,Morgan Johnson
Country Session,Vibe Pro
Pop Session,Music Jones
Blues Mix,Alex Mixer
Vintage Hits,Big Davis
Electronic Study,Vibe Music
Happy Indie,Riley Jones
Chill Session,MC Garcia
Vintage Drive,Quinn Beats
Weekend Folk,Skyler Garcia
Lo-Fi Flow,Music Jones
Happy Hip Hop,Riley Davis
Classic Pop,Morgan Beats
Happy Metal,User Martinez
Party Drive,User Garcia
Chill Lo-Fi,Lil Creator
Country Mix,Riley 99
Daily Hits,Cameron Pro
Focus Grooves,User Smith
Indie Classics,Vibe Garcia
Essential Anthems,Music 99
Morning Rock,Avery Beats
Top 50 Global,Spotify Official
Happy Blues,Taylor Jones
Weekend Study,Cameron Brown
Hip Hop Vibes,Music Mixer
Chill Metal,Avery Master
Deep Country,Jordan Davis
Electronic Beats,Casey Pro
Acoustic R&B,Jordan Miller
Indie Anthems,Jordan Miller
Country Energy,Big Martinez
Weekend Pop,Morgan Miller
EDM Hits,DJ Davis
Vintage R&B,Lil Miller
Essential Blues,Riley Williams
Morning Hip Hop,Avery Jones
Daily Grooves,MC Miller
Daily Country,Music 99
Chill EDM,Riley 99
Summer Wave,Alex Curator
Metal Grooves,Quinn Jones
Summer Hip Hop,Taylor Pro
Focus Study,Cameron Curator
Indie Session,DJ Davis
Pop Vibes,Taylor Garcia
Top 50 Global,Spotify Official
Classical Wave,DJ Martinez
EDM Mix,Big Williams
Vintage Beats,Avery Johnson
Deep Mix,Sound Smith
Pop Grooves,Alex Johnson
Sad Classics,DJ Creator
Morning Rock,Alex Master
Late Night EDM,Lil 99
Soul Mix,Cameron Johnson
Daily R&B,Cameron Johnson
Indie Wave,Alex 123
Lo-Fi Beats,Riley Martinez
Classical Anthems,Skyler Creator
Winter Session,Alex Jones
Vintage R&B,Music Rodriguez
Top 50 Global,Spotify Official
R&B Beats,Skyler Brown
Workout Indie,Big Smith
Party Metal,Quinn 123
Classic Metal,Casey Pro
Morning Mix,Jordan Miller
Sad Metal,Jordan Johnson
Top 50 Global,Spotify Official
Party R&B,User Curator
Summer R&B,Vibe Mixer
Jazz Drive,Quinn Martinez
Classical Energy,Alex 123
Sad Indie,Riley Martinez
Sad Lo-Fi,Taylor 123
Vintage Classics,Lil 123
Focus Mix,Riley Creator
Morning Session,MC Mixer
Essential Hits,Skyler Curator
Classic Hip Hop,Quinn Beats
Late Night Drive,User Davis
Morning Drive,Alex Beats
Soul Mix,MC Music
Workout Lo-Fi,Cameron Creator
Essential Rock,DJ Brown
Late Night Classical,Big Master
Top 50 Global,Spotify Official
Party Session,Skyler Pro
Party Hip Hop,Taylor Williams
Summer Anthems,Quinn Davis
Electronic Session,Lil 123
Winter Vibes,Taylor Smith
Focus Anthems,User Williams
Winter Classical,Taylor 123
Soul Energy,Casey Curator
Daily Hip Hop,Casey Williams
Classic Indie,Alex Beats
Electronic Anthems,User Creator
Daily Indie,Alex Smith
Folk Energy,Skyler Rodriguez
Rock Wave,Casey Mixer
Jazz Grooves,User 99
Late Night Rock,Morgan Garcia
Ultimate Beats,Sound Curator
Metal Mix,Skyler Garcia
Country Jam,Cameron Martinez
Soul Mix,Avery Mixer
Focus Country,Sound Music
Morning Flow,Taylor 123
Winter Drive,Avery Williams
Classical Wave,DJ Martinez
Happy Hip Hop,Taylor Music
Ultimate Grooves,Riley Garcia
Late Night Anthems,Sound 99
Techno Wave,Music Martinez
Acoustic Soul,User Johnson
Sad Mix,Sound Johnson
Hip Hop Flow,Riley Martinez
EDM Drive,Alex Curator
Deep Flow,Skyler Creator
Pop Drive,Jordan Garcia
Vintage Blues,Jordan Brown
Rock Energy,Sound Curator
Essential Metal,DJ Davis
Workout Hits,Skyler Miller
Classical Study,Cameron Pro
Electronic Anthems,Lil Master
Vintage Country,DJ Davis
Electronic R&B,Casey Garcia
Sad Vibes,Morgan Garcia
Party Jazz,Quinn Miller
Rock Vibes,MC Jones
Late Night Folk,Alex Johnson
Party Hip Hop,Alex Music
Soul Grooves,Cameron Pro
Soul Anthems,Casey Williams
Vintage Wave,Avery Miller
Winter R&B,Sound Creator
Blues Vibes,Lil Garcia
Pop Drive,Taylor Davis
Workout Mix,Cameron Miller
Jazz Flow,Skyler Master
Workout Beats,Big Garcia
Sad Classical,Taylor Johnson
Winter Metal,Skyler Beats
Focus Mix,DJ Master
Rock Mix,Morgan Beats
Techno Grooves,Riley 123
Techno Jam,Riley Davis
Classical Vibes,Alex Miller
Top 50 Global,Spotify Official
Weekend Pop,Avery Curator
Workout Pop,User Beats
Country Vibes,Big Pro
Essential Hip Hop,Avery Master
Ultimate Flow,DJ 99
Sad Soul,Vibe Brown
Essential Jam,Skyler Creator
Morning Rock,Riley Mixer
Jazz Vibes,Avery Pro
Sad Study,DJ Davis
EDM Energy,Avery Beats
Morning Study,Cameron Miller
Ultimate Beats,Sound Curator
Pop Drive,Quinn Master
R&B Grooves,DJ Rodriguez
Party Jazz,DJ Curator
Hip Hop Wave,Skyler Master
Rock Mix,Cameron Curator
Indie Session,User Master
Soul Anthems,DJ Music
Morning Energy,Alex Johnson
Late Night Grooves,Alex Beats
Daily Pop,Riley Miller
Workout Rock,Cameron Master
Summer EDM,Quinn Martinez
Indie Flow,Alex Music
Country Wave,Taylor Williams
Vintage Jam,Skyler Johnson
Acoustic Classics,Skyler 123
Rock Drive,Avery Garcia
Party Grooves,DJ Davis
Classic Techno,Taylor Brown
Ultimate Drive,Big 123
Party Country,Alex Mixer
Jazz Anthems,Vibe Curator
Party Pop,Big Jones
Classic Jazz,Quinn Music
Party EDM,Taylor Williams
Acoustic Blues,User Williams
Classic Jazz,DJ Mixer
Happy Rock,Jordan Creator
Rock Flow,Alex Rodriguez
Happy Flow,Riley Mixer
Acoustic Techno,Skyler Beats
Hip Hop Energy,DJ Martinez
Classic Techno,Taylor Johnson
Electronic Soul,User Johnson
Lo-Fi Energy,Skyler Martinez
Ultimate Metal,Taylor Smith
Rock Classics,Cameron Music
Morning Soul,Quinn 123
Ultimate Blues,Taylor Curator
Soul Session,Music Jones
Essential Beats,User Martinez
Acoustic Classical,Vibe 123
Ultimate Vibes,Big Mixer
Classical Session,Lil 99
Sad Lo-Fi,Taylor 123
R&B Session,Riley Williams
Chill Classical,Avery 123
Metal Hits,Lil 123
Workout Energy,Cameron Curator
Summer Vibes,Sound Williams
Country Vibes,Big Pro
Chill Folk,MC Williams
Winter R&B,Music Garcia
Classical Hits,Lil Garcia
Country Classics,Quinn Mixer
EDM Jam,Taylor Rodriguez
Classic Classics,Alex 99
Essential EDM,Taylor Miller
Party Jazz,DJ Curator
Late Night Grooves,Avery Beats
Essential Rock,Casey Smith
Electronic Wave,Alex Brown
Soul Mix,Lil Smith
Deep Energy,Jordan Pro
Electronic Hip Hop,Music Davis
Indie Jam,Riley 123
Blues Flow,Music Music
Late Night Rock,Avery Martinez
Happy Rock,Music Brown
Ultimate Grooves,Alex Garcia
Acoustic Pop,Big Curator
Vintage R&B,Lil Miller
Chill Techno,DJ 123
Indie Classics,Vibe Garcia
Blues Classics,Quinn Garcia
EDM Drive,Casey Music
Deep Energy,Music Brown
Winter Energy,Vibe Rodriguez
Classic Jam,Lil Curator
Daily Soul,Avery Master
Deep Metal,Skyler Mixer
EDM Drive,Casey Music
Top 50 Global,Spotify Official
Ultimate Flow,DJ Garcia
Country Flow,Riley Smith
Winter Country,Riley 99
EDM Flow,Lil Pro
Techno Jam,DJ Williams
Chill Grooves,Lil Jones
Happy R&B,MC Brown
Pop Drive,Jordan Garcia
Essential Techno,User 99
Folk Hits,Taylor Rodriguez
EDM Vibes,MC Pro
Happy Rock,Big Williams
Deep Grooves,Avery Martinez
Acoustic Beats,Sound Master
Blues Session,Riley Pro
EDM Wave,Avery Music
Winter Hits,MC Jones
Party Metal,DJ Jones
Acoustic R&B,Avery Garcia
Hip Hop Anthems,Skyler Davis
Electronic Mix,Skyler 99
Electronic Blues,Jordan Creator
Acoustic Folk,User Davis
Workout Vibes,Cameron Davis
Happy Mix,User Rodriguez
Ultimate Hip Hop,User Master
Weekend Hip Hop,Vibe Williams
Daily Hits,Vibe Mixer
Chill Techno,Sound Music
Party R&B,User Mixer
Party Rock,MC Davis
Late Night Folk,Alex Johnson
Essential Classics,Skyler Davis
Rock Anthems,Music Music
Summer Country,Alex Johnson
Morning Indie,Big Curator
Country Mix,Cameron Williams
Daily Indie,Avery Creator
Morning Rock,Riley Mixer
Classic Flow,Lil Jones
Vintage Anthems,Music Curator
Ultimate Rock,Taylor Smith
Lo-Fi Beats,Morgan 99
Soul Beats,Cameron Davis
Vintage Anthems,User Davis
Vintage Flow,MC Johnson
Happy Mix,Avery Garcia
Focus Beats,Skyler 99
Classic Hip Hop,Quinn Beats
Focus Techno,DJ 99
Happy Folk,Music Master
Soul Session,Music Davis
Happy Hip Hop,Quinn Garcia
Weekend Grooves,Sound Miller
Electronic Hip Hop,Music Davis
Rock Jam,User Brown
Daily Jam,Sound Miller
Country Wave,Music Creator
Indie Classics,Sound Martinez
Summer Anthems,Jordan 123
EDM Classics,Alex Miller
Chill Indie,Alex Davis
Late Night Drive,Jordan Music
Weekend Study,Vibe Brown
Hip Hop Flow,Skyler Miller
Ultimate Session,Lil Smith
Late Night Wave,Quinn 123
Morning Anthems,MC Pro
Country Wave,Lil Smith
Vintage Soul,Casey Martinez
Weekend Hip Hop,Vibe Williams
Sad Wave,Morgan Mixer
Essential Mix,Avery Martinez
Focus Metal,Casey Music
Workout Jazz,Jordan 123
Classical Jam,Morgan Davis
Ultimate EDM,Alex Curator
Blues Grooves,Quinn Creator
Top 50 Global,Spotify Official
Summer Lo-Fi,Lil Johnson
Winter Pop,Music 99
Electronic Mix,Skyler 99
Country Energy,Vibe Mixer
Deep Folk,Skyler 123
Weekend Classics,DJ Rodriguez
Workout R&B,User Rodriguez
Top 50 Global,Spotify Official
Blues Hits,Big Music
Ultimate Session,Music Williams
Metal Flow,Vibe Master
Weekend R&B,Quinn 123
Focus Soul,Casey Davis
Winter EDM,User Creator
Party Energy,Lil Master
Ultimate Drive,Skyler Jones
Electronic Blues,Jordan Martinez
Party Hits,Morgan Music
Jazz Hits,Alex Beats
Winter Grooves,Riley 123
Deep Rock,Sound 99
Workout Energy,Morgan Davis
Ultimate Drive,MC Brown
Electronic Blues,Skyler Creator
Sad Metal,Alex Curator
Focus Country,DJ Rodriguez
Country Flow,Big Creator
Electronic Techno,MC Pro
Soul Wave,Lil Curator
Sad Lo-Fi,User Beats
Classic Hits,Morgan Smith
Party Jazz,Avery Davis
Summer Classics,Morgan Davis
Weekend Soul,Sound Beats
Morning Anthems,MC Pro
Classical Anthems,Taylor Davis
Daily Techno,Casey 99
Ultimate EDM,Casey 99
Party R&B,User Curator
Top 50 Global,Spotify Official
Deep Folk,Skyler 123
Classic Study,Morgan 99
Jazz Classics,MC Creator
Metal Session,Cameron Music
Weekend Classics,DJ Rodriguez
R&B Wave,Sound Johnson
Rock Vibes,Music Williams
Techno Hits,User 123
Happy Mix,Big Beats
Hip Hop Energy,DJ Martinez
R&B Flow,MC Beats
Workout Session,Alex Brown
Deep Metal,Lil Mixer
Country Wave,Lil Smith
Hip Hop Drive,Vibe Mixer
Party Soul,Jordan Rodriguez
Soul Drive,Morgan Williams
Party Grooves,DJ Rodriguez
EDM Vibes,Quinn Johnson
Party Wave,Vibe Pro
Essential Pop,User Smith
Acoustic Anthems,DJ Davis
Classic Rock,Quinn Garcia
Jazz Mix,Cameron Miller
Happy Country,Taylor Jones
Morning Rock,Riley Mixer
Folk Anthems,Quinn Brown
Morning Folk,Alex Master
Metal Flow,Music Martinez
Ultimate Country,Quinn Mixer
Ultimate Folk,Alex Rodriguez
Folk Drive,Jordan 99
Rock Grooves,Quinn 99
Daily Beats,Avery Beats
Acoustic Blues,Big Garcia
Happy Blues,Quinn Smith
Sad Classics,Casey Brown
Blues Wave,Sound 123
Blues Jam,Jordan Mixer
Summer Vibes,Taylor Smith
Winter Lo-Fi,Quinn Garcia
Chill Jam,Vibe Pro
Acoustic Folk,Vibe Master
Chill Folk,Alex Garcia
Winter Jam,Morgan Music
Sad Country,Riley Master
Essential Hits,Big Johnson
Acoustic Folk,Casey Johnson
Winter Jazz,Jordan Davis
Morning Wave,Big Brown
Metal Classics,MC Music
Winter EDM,User Creator
Workout Hits,Taylor Beats
Techno Mix,Big Brown
Pop Session,Cameron Mixer
Workout Drive,Morgan Pro
Focus Metal,Taylor Davis
Summer Jam,Alex Beats
Morning Wave,Vibe Creator
Country Grooves,Riley Music
Workout Beats,Alex Creator
Techno Drive,Vibe Brown
Top 50 Global,Spotify Official
Vintage Pop,Jordan Smith
Essential Indie,User Williams
Hip Hop Energy,Music Garcia
Vintage Indie,MC Williams
Top 50 Global,Spotify Official
Rock Wave,Casey Miller
Summer Beats,MC Mixer
Daily Energy,Jordan Smith
R&B Session,MC Music
Indie Energy,Big Pro
EDM Classics,Morgan Johnson
Jazz Anthems,Quinn Williams
Sad Session,Lil Beats
Hip Hop Hits,Taylor Jones
Deep Session,User Garcia
Workout Classics,Casey Curator
Ultimate Study,Skyler Rodriguez
Essential Rock,Avery Music
Happy Study,MC Martinez
Weekend Blues,DJ 123
Classical Wave,Sound Miller
Focus EDM,Vibe Mixer
Classic EDM,Cameron Rodriguez
Happy EDM,Casey Rodriguez
EDM Vibes,Vibe Miller
Top 50 Global,Spotify Official
Weekend Drive,Avery Williams
Techno Wave,Music Martinez
Jazz Study,Avery Davis
Rock Anthems,Alex Master
Essential Hits,Skyler Curator
Classic Indie,MC Mixer
Party Hits,Riley Smith
Chill Drive,Music Beats
Happy Pop,Music Davis
Weekend Jam,User 99
Summer Jam,MC Smith
Daily Hip Hop,DJ Davis
Country Drive,MC Curator
Vintage Mix,MC Beats
Classical Wave,Lil 99
Classic Indie,Alex Jones
R&B Drive,Vibe Curator
Winter Indie,MC Brown
Blues Anthems,Big Jones
Winter Pop,Avery Johnson
Soul Hits,Cameron Johnson
Chill Jam,DJ Curator
Morning R&B,Alex Smith
Jazz Flow,Avery Williams
Top 50 Global,Spotify Official
Country Wave,Vibe Williams
Summer Wave,Casey Williams
Metal Drive,Sound Pro
Acoustic Country,Cameron Pro
Morning Mix,DJ Master
Ultimate Metal,Quinn Music
Metal Hits,Big Martinez
Sad Jam,Skyler Mixer
Ultimate Country,Avery Miller
Late Night Beats,DJ Smith
Acoustic Indie,Vibe Jones
Daily Lo-Fi,DJ Miller
Deep Session,Alex Johnson
Rock Hits,Avery Creator
Lo-Fi Flow,MC Martinez
Pop Jam,Cameron Master
Vintage Wave,Avery Miller
Focus Anthems,Casey Garcia
Deep Mix,Sound Smith
Summer Jam,Sound 99
Sad Folk,Sound Martinez
Vintage Beats,Jordan Jones
Indie Energy,Big Pro
Weekend Hits,Cameron Garcia
Electronic EDM,Morgan 99
Sad Hip Hop,DJ Johnson
Vintage Jazz,Sound Rodriguez
Electronic Soul,Big Master
Daily Hip Hop,Avery Davis
Pop Session,Lil Creator
Morning Hip Hop,Avery Jones
Weekend Hip Hop,Alex Master
Daily Wave,Big Curator
Deep Hip Hop,Riley Rodriguez
Folk Classics,Music Rodriguez
Focus Indie,Lil Creator
Acoustic Anthems,Taylor Beats
Techno Energy,Sound Pro
Folk Flow,Cameron Johnson
Winter Jazz,Jordan Davis
R&B Session,MC Music
EDM Mix,Alex Music
Acoustic Study,Sound Johnson
Metal Drive,Cameron Jones
Daily Blues,Avery Davis
Techno Energy,Lil Rodriguez
Weekend Vibes,User Beats
Weekend Pop,Morgan Miller
Acoustic Indie,MC 123
Weekend Lo-Fi,Alex Jones
Essential Session,Quinn Miller
Acoustic R&B,Taylor Brown
Metal Session,Quinn Jones
Lo-Fi Wave,Morgan Master
Blues Jam,Alex 99
Blues Jam,Alex 99
Essential Mix,Music Garcia
Daily Vibes,Jordan Jones
R&B Study,Sound Brown
Morning Hits,Avery 123
Hip Hop Wave,MC 99
Classic Hip Hop,Avery Music
Essential Indie,Vibe 123
Soul Study,Vibe Rodriguez
Jazz Session,Casey Garcia
Morning Hits,User Music
Deep Classical,MC Mixer
Party Folk,DJ Master
Chill Indie,User Jones
Vintage Beats,Avery Johnson
Top 50 Global,Spotify Official
Rock Mix,Cameron Curator
Classic Session,Sound Creator
Electronic Pop,Jordan Martinez
Hip Hop Energy,Avery Rodriguez
Sad Pop,Big Pro
Happy Rock,User Davis
Ultimate Soul,Riley 99
Focus Anthems,Casey Garcia
Folk Drive,Lil Williams
Rock Wave,Riley Johnson
Rock Classics,Cameron Music
Weekend Rock,Vibe 123
Daily Flow,Avery Johnson
Vintage Country,Taylor Jones
Indie Flow,Alex Music
Pop Hits,Jordan Jones
Summer Classical,Big Brown
Soul Beats,User Johnson
Workout Mix,Riley Music
Summer Wave,Casey Williams
Happy Pop,Music Davis
Lo-Fi Grooves,Riley Brown
Indie Jam,Sound Jones
Electronic Jam,Vibe Miller
Late Night Indie,User Mixer
Acoustic Metal,Music Davis
Chill EDM,Quinn Brown
Classic Jazz,Vibe Rodriguez
Party Pop,Vibe Brown
Party Indie,Sound Garcia
Party Indie,Riley Pro
Electronic Drive,Jordan Master
Electronic Anthems,Vibe 99
Acoustic Indie,MC 123
Workout Techno,Casey Pro
Daily Wave,Taylor Brown
Classic Flow,Alex Music
Party Country,Casey Smith
Indie Study,Avery Creator
Folk Grooves,Music Beats
Classic Techno,Quinn Rodriguez
Electronic Beats,Big Brown
Chill Jam,Casey Johnson
Ultimate Folk,Taylor Music
Folk Classics,Sound Williams
Metal Energy,Jordan Master
Morning EDM,Alex Garcia
Focus Flow,Avery Master
Essential Study,Vibe Rodriguez
Workout Energy,Alex Curator
Essential Metal,Big Music
Electronic Classics,Jordan Mixer
Hip Hop Wave,Avery Brown
Workout Country,Vibe Pro
Classic Jazz,Lil Williams
Party Grooves,Morgan 99
Lo-Fi Session,DJ 123
Classical Grooves,Morgan Rodriguez
Ultimate Folk,Cameron Creator
Classic Session,Taylor Martinez
Party Classics,MC Johnson
Deep Session,Sound Pro
Workout Jam,Cameron Curator
Blues Vibes,Avery 99
Rock Mix,Sound Johnson
Vintage Grooves,Quinn Garcia
Blues Study,Avery Smith
Ultimate Grooves,Riley Smith
Weekend Classics,Vibe Curator
Daily Drive,Taylor Garcia
Lo-Fi Anthems,Cameron Curator
Essential Blues,Lil Garcia
Deep Jam,Skyler Garcia
Hip Hop Classics,Skyler Martinez
Folk Hits,Music Curator
Lo-Fi Drive,Morgan Creator
Morning Session,MC Mixer
Chill Beats,Music 99
Acoustic Grooves,Riley Master
Essential Energy,Quinn Brown
Ultimate Beats,Sound Curator
Summer Classics,Vibe Jones
Happy EDM,Casey Rodriguez
Happy Metal,Vibe Curator
Chill Pop,MC Master
Essential Jazz,Riley Creator
Blues Study,Morgan Johnson
Blues Classics,Morgan Martinez
Ultimate Wave,Vibe Curator
Sad Techno,Skyler Music
Chill Rock,Casey Garcia
Sad Soul,Skyler Creator
EDM Jam,Taylor Rodriguez
Chill EDM,Quinn Master
Acoustic R&B,Jordan Miller
Folk Drive,Riley Rodriguez
Party Jam,Jordan Brown
Vintage Jam,Riley 99
Focus EDM,Skyler Rodriguez
Daily Techno,Skyler Pro
Metal Grooves,Big Master
Electronic Mix,Avery Mixer
Daily Classical,Avery Smith
Morning Drive,Music 123
Happy Metal,User Martinez
Essential Blues,Casey Brown
Essential Anthems,Jordan 99
Morning Folk,DJ Johnson
Classical Jam,Casey Brown
EDM Drive,Cameron Rodriguez
Country Flow,Sound Miller
Techno Mix,User Garcia
Late Night Anthems,User Davis
Morning Classics,Cameron Smith
Essential Beats,Sound Williams
Soul Session,Casey Music
Sad Folk,Sound Martinez
Morning Hip Hop,Quinn Williams
Acoustic Session,Quinn Music
Electronic Vibes,Casey Smith
Happy Folk,MC 123
Metal Grooves,Big Master
Classic Pop,MC Curator
EDM Hits,Quinn Beats
Workout Mix,Riley Music
Lo-Fi Energy,Quinn Music
Acoustic Techno,Skyler Music
Essential Classical,Skyler 99
Summer Rock,Casey Brown
Weekend Metal,Lil Creator
Rock Study,Vibe Johnson
Folk Mix,Avery Williams
Electronic Classical,MC Mixer
Electronic Beats,Casey Pro
Winter Lo-Fi,Skyler Garcia
EDM Vibes,Taylor Pro
Daily Energy,Lil Pro
Chill EDM,Sound Brown
Essential Blues,Lil Garcia
Ultimate Grooves,Avery Williams
EDM Vibes,Quinn Johnson
Techno Wave,Alex Master
Country Wave,Taylor Williams
Morning Wave,Cameron Jones
Ultimate Classical,MC Rodriguez
Essential Hip Hop,Avery Master
Classic Mix,DJ Garcia
Focus Techno,MC 99
Chill EDM,Music Jones
R&B Session,Sound Jones
Hip Hop Grooves,Vibe Curator
Electronic Pop,Lil Rodriguez
Country Energy,Big Garcia
Focus Study,Riley Pro
Rock Study,DJ Rodriguez
Workout Country,Vibe Pro
Winter Pop,Taylor 123
R&B Vibes,Sound Brown
Acoustic Drive,MC 99
R&B Vibes,Avery Music
Rock Flow,Alex Rodriguez
Electronic Flow,Skyler Master
EDM Drive,User Beats
Vintage Mix,Avery 123
Rock Wave,MC 99
Daily Country,Skyler Smith
Sad Classics,Casey Brown
Sad Metal,Alex Curator
Hip Hop Grooves,Alex Mixer
Ultimate EDM,Alex Curator
Weekend Session,Taylor Johnson
Electronic Grooves,Quinn Master
Deep Rock,Cameron Pro
Pop Mix,Sound Curator
Hip Hop Energy,Taylor Music
Daily Blues,Avery Davis
Essential Jazz,Riley Creator
Late Night Metal,Lil Rodriguez
Blues Vibes,MC Smith
Essential Pop,Music 123
Deep Anthems,Jordan Brown
Winter Country,Quinn Master
Ultimate Classics,Jordan Creator
Happy Rock,Music Brown
Folk Drive,Jordan 99
Happy EDM,Jordan Music
R&B Classics,Big Garcia
Deep R&B,MC Rodriguez
Essential Classics,Quinn 99
Metal Drive,Skyler Davis
Classic Wave,Vibe Music
Acoustic R&B,Skyler Johnson
Sad Classical,Quinn Martinez
Pop Classics,Lil Master
Party Soul,DJ Martinez
Summer Rock,Jordan Rodriguez
Soul Flow,User 123
Happy Mix,Avery Garcia
Daily Hip Hop,Quinn Music
Weekend Classics,Skyler Mixer
Summer Hip Hop,DJ 99
Deep Energy,Music Brown
Party Grooves,DJ Rodriguez
Techno Vibes,DJ Smith
Hip Hop Energy,Alex Martinez
EDM Jam,Lil Rodriguez
Deep Folk,Riley Williams
Top 50 Global,Spotify Official
Focus Wave,Taylor Jones
Sad Hip Hop,User Beats
Acoustic Jam,MC Mixer
Daily Anthems,Sound Miller
Pop Wave,Alex Martinez
Electronic Blues,Lil Rodriguez
Metal Flow,Alex Beats
Deep EDM,Music Master
Chill Energy,Cameron Miller
Sad Hip Hop,Big Rodriguez
Folk Hits,Riley Beats
EDM Mix,Casey Creator
Happy Vibes,Vibe Curator
Workout Metal,User 99
Pop Drive,Vibe Davis
Winter Hip Hop,Jordan Davis
Morning Wave,Vibe Creator
Focus Folk,MC Garcia
Classic Anthems,Music Curator
Workout Jam,Avery Master
Vintage Folk,Morgan Smith
Acoustic Vibes,MC Curator
EDM Flow,Lil Pro
Workout Classical,Morgan Johnson
Metal Anthems,Music Master
Essential Anthems,MC Curator
Happy Classical,Sound Rodriguez
Focus Pop,Jordan Pro
Acoustic Lo-Fi,Jordan 123
Late Night Country,Jordan Martinez
Classical Grooves,Riley Smith
Late Night EDM,Lil 99
Daily Drive,Morgan 123
Weekend Hip Hop,Riley Davis
Metal Mix,Taylor Johnson
Happy Beats,Avery 123
Acoustic Jazz,Vibe Rodriguez
Sad Metal,Cameron Brown
Party Grooves,Morgan 99
Blues Flow,Casey Creator
Indie Classics,DJ Martinez
Deep Folk,Riley Williams
Jazz Jam,DJ Music
Indie Beats,Big Beats
Winter Pop,User Pro
Summer Vibes,Taylor Music
Techno Drive,DJ Curator
Vintage Classics,Morgan Rodriguez
Lo-Fi Classics,Morgan Beats
Metal Grooves,Big Master
Essential Mix,Jordan Rodriguez
Summer EDM,Casey Rodriguez
EDM Hits,DJ Davis
Vintage Jam,Avery Jones
Morning R&B,MC Smith
Pop Jam,Cameron Master
Top 50 Global,Spotify Official
Classical Classics,Skyler Curator
Metal Hits,Quinn Jones
Electronic Techno,Cameron Creator
Deep Country,Jordan Davis
Happy Grooves,Quinn Curator
Vintage Drive,Music Williams
Deep Vibes,Taylor Curator
Jazz Drive,Jordan 123
Summer Wave,Taylor 123
R&B Classics,DJ Pro
Winter Anthems,Taylor Creator
Hip Hop Drive,Skyler Brown
Ultimate Study,Skyler Rodriguez
Daily Hits,User Smith
Sad Study,Jordan Brown
Lo-Fi Mix,Cameron 123
Vintage R&B,Jordan Miller
Hip Hop Energy,User Martinez
EDM Vibes,Quinn Johnson
Daily Blues,Cameron 123
Happy Classics,Skyler Smith
Lo-Fi Beats,Riley Martinez
Ultimate Indie,Casey Pro
Workout Mix,Morgan Miller
Daily Vibes,Vibe Jones
Sad Drive,Jordan Music
Electronic Folk,Skyler Rodriguez
Classical Wave,Big Smith
Top 50 Global,Spotify Official
R&B Vibes,Avery Music
Classic Vibes,Alex Music
Daily Energy,Music Garcia
Classical Grooves,Alex Creator
Blues Session,Avery Martinez
Focus Jazz,Alex 123
Vintage Jazz,Quinn Martinez
Essential Pop,Vibe Rodriguez
Sad Techno,Alex Music
Ultimate Metal,Taylor Smith
Top 50 Global,Spotify Official
Rock Beats,Morgan Miller
Daily Mix,Avery Jones
Happy Beats,Big Pro
Daily Hip Hop,DJ Davis
Happy Mix,Lil Davis
Acoustic Indie,Quinn Jones
EDM Hits,Vibe Mixer
Indie Vibes,Jordan Mixer
Party Rock,Jordan Miller
Blues Study,Big Master
Jazz Wave,Taylor Pro
Party Techno,DJ Beats
Happy EDM,Jordan Smith
Morning Classics,Vibe Creator
Winter Session,Riley 99
Happy EDM,Jordan Music
Classic Session,Sound Mixer
Daily Jam,Skyler 99
Happy Metal,Vibe Curator
Rock Flow,Vibe Smith
Soul Mix,MC Music
Morning Mix,Vibe Davis
Pop Energy,Quinn Davis
Weekend Country,User Smith
Techno Wave,Morgan Mixer
Summer Indie,DJ Williams
Hip Hop Hits,Taylor 99
Rock Wave,Lil Jones
R&B Wave,Riley Brown
Summer Wave,User Mixer
Pop Mix,Alex Rodriguez
Acoustic Blues,Lil Master
Acoustic Jazz,Vibe Rodriguez
Focus Flow,Sound Brown
Happy Blues,Riley Mixer
Pop Hits,Taylor Martinez
Workout Anthems,MC Master
Classic Beats,Alex Mixer
Deep Jazz,MC Curator
Jazz Grooves,Big Pro
Summer Energy,Big Music
Late Night Vibes,Big Smith
EDM Beats,Taylor 99
Morning Grooves,Avery Master
Acoustic Jazz,Sound Garcia
Electronic Grooves,Quinn Jones
Weekend Jazz,Lil Williams
Electronic Indie,Vibe Master
Late Night Grooves,Skyler Martinez
Acoustic Jazz,Vibe Rodriguez
Daily Soul,Big Master
Party Blues,DJ Garcia
Blues Jam,Avery Curator
Weekend Rock,Jordan Miller
Techno Flow,Taylor Martinez
Electronic Pop,User Master
Daily Hip Hop,Avery Davis
Weekend Country,User 123
Winter Grooves,Sound Mixer
Lo-Fi Jam,Quinn 123
Workout Study,DJ Johnson
Morning Rock,Jordan Martinez
Classical Energy,DJ Martinez
Morning Wave,Cameron Jones
Country Mix,Skyler Johnson
Daily Pop,Sound Beats
Chill Classics,Jordan Brown
Party Hip Hop,Avery Creator
Weekend Techno,Vibe Rodriguez
Folk Drive,Jordan 99
Weekend Grooves,Avery Pro
Vintage Flow,MC Johnson
Chill R&B,Big Rodriguez
Late Night Drive,MC Music
Chill Grooves,Quinn Miller
Deep Anthems,Vibe Rodriguez
Electronic Jam,Quinn Curator
Chill Study,Quinn Smith
Essential Metal,DJ Davis
Classical Mix,Casey Music
Focus Rock,Jordan Rodriguez
Acoustic R&B,Alex Beats
Hip Hop Flow,Morgan Garcia
Focus Techno,DJ 99
Happy Session,Alex Brown
Late Night Jam,Vibe Brown
Classical Beats,Morgan Mixer
Country Study,Avery Music
Classic Pop,Skyler Williams
Blues Study,Avery Master
Metal Mix,Skyler Garcia
Acoustic Techno,Skyler Beats
Workout Classical,DJ Rodriguez
Classical Flow,Riley Pro
Daily Indie,Alex Smith
Electronic Drive,Avery Music
Soul Wave,Alex 99
Daily Indie,Alex Davis
Rock Energy,Sound Curator
Classic Hits,Taylor Pro
Vintage Drive,Skyler Curator
Chill Energy,Music Brown
Focus Drive,Quinn Master
Metal Flow,Jordan Rodriguez
Rock Flow,Alex Rodriguez
Focus Rock,User Creator
Indie Anthems,Vibe Williams
Country Classics,DJ Smith
Summer Hits,Cameron Davis
Hip Hop Energy,DJ Martinez
Electronic EDM,Skyler Creator
Winter Pop,User Rodriguez
Acoustic Indie,User Curator
Summer Energy,User Curator
Morning Grooves,Avery Master
Workout Hip Hop,Avery Curator
Happy Blues,Morgan Miller
Country Mix,Skyler Johnson
Lo-Fi Beats,User Williams
Electronic R&B,Casey Garcia
Winter EDM,User Creator
Acoustic Metal,Big Rodriguez
Morning Study,Jordan Garcia
Lo-Fi Hits,Cameron 123
Acoustic Anthems,Jordan 123
Ultimate Hits,MC Music
R&B Drive,Riley Pro
Lo-Fi Hits,Music Rodriguez
Sad Lo-Fi,Taylor 123
Lo-Fi Study,Quinn 99
Acoustic Jam,Jordan Jones
Indie Beats,Quinn 123
Morning Classical,Sound Pro
Indie Flow,Riley Williams
Essential Indie,Alex Master
Hip Hop Beats,Music Music
Weekend Drive,Jordan Martinez
R&B Wave,Riley Brown
Sad Session,Lil Beats
Summer Rock,User Pro
Techno Grooves,Riley 123
Acoustic Country,Lil Curator
Classical Mix,Casey Music
Vintage Pop,Big Smith
Late Night Hits,Big 123
Focus Jam,MC Jones
Rock Hits,Avery Creator
Party Jam,Riley Curator
Late Night Drive,Jordan Music
Focus Mix,DJ Master
Focus EDM,Music Rodriguez
Focus Mix,Casey Beats
Soul Hits,Sound Creator
Classic Rock,Quinn Garcia
EDM Hits,Riley Martinez
Summer Hip Hop,DJ 99
Party Metal,Cameron Curator
Lo-Fi Beats,Casey Pro
Morning Rock,Riley Mixer
Deep Study,DJ 99
Blues Wave,Skyler Miller
Focus Indie,Morgan Master
Essential Beats,Sound Williams
Summer Hits,Skyler Music
Weekend Beats,Casey Creator
Pop Mix,Lil Jones
Electronic Pop,Alex Music
Happy Hits,Lil Smith
Winter Techno,DJ Brown
Electronic Pop,Morgan Davis
Summer Indie,User Smith
Party Rock,MC Davis
Classic Classics,Alex 99
Focus Lo-Fi,User Williams
Daily Grooves,MC Miller
Ultimate Session,Music Williams
Metal Drive,Riley 99
Weekend Techno,User Johnson
Folk Drive,Riley Rodriguez
Classic R&B,Cameron 123
Electronic EDM,DJ Martinez
Sad Soul,Jordan 99
Ultimate Grooves,Music Williams
Party Mix,Sound Brown
Vintage Classics,Casey Miller
Sad Beats,Big Brown
Pop Flow,Jordan Pro
Daily Anthems,Sound Miller
Party Lo-Fi,Skyler Garcia
Ultimate Classics,Lil Garcia
R&B Jam,MC Johnson
Weekend Anthems,Big Brown
Electronic Hits,Taylor 123
Late Night Drive,Jordan Music
Morning Anthems,Sound 99
Acoustic Beats,Taylor Martinez
Party Anthems,Big 123
Soul Drive,Music Garcia
Workout Soul,Jordan 123
Ultimate Study,Skyler Rodriguez
Chill Flow,Cameron Garcia
Summer R&B,Music Rodriguez
Country Vibes,Cameron Beats
Electronic Session,Casey Brown
EDM Grooves,Casey Master
Metal Mix,Skyler Garcia
Happy Anthems,Skyler Beats
Metal Energy,Jordan Master
Focus Drive,Morgan Johnson
Blues Vibes,Avery 99
Country Wave,Riley Mixer
Deep Indie,Vibe Jones
Vintage Vibes,Cameron Jones
Party Metal,Taylor Rodriguez
Morning Session,Taylor Pro
Sad Wave,Lil Pro
Blues Classics,Taylor Jones
Lo-Fi Anthems,Taylor Martinez
Blues Session,Taylor 99
Hip Hop Drive,Vibe Mixer
EDM Mix,Taylor Williams
Soul Flow,Sound Davis
Indie Study,Lil Beats
Late Night R&B,Sound Miller
Metal Jam,Morgan Miller
Late Night Wave,DJ Beats
Lo-Fi Hits,Cameron 123
Essential Jazz,Alex Master
Ultimate Folk,Taylor Music
R&B Study,Sound Master
Indie Anthems,Cameron Mixer
Acoustic Grooves,Riley Davis
Workout Energy,Alex Martinez
Winter Flow,Morgan Miller
Classic Vibes,Riley Jones
Folk Jam,Skyler Jones
Weekend Metal,MC Garcia
Party Country,Riley Beats
Soul Wave,Jordan Master
Classic Study,MC Mixer
Techno Grooves,MC Beats
Ultimate Vibes,Casey Rodriguez
Morning Vibes,Alex Davis
Happy Pop,Jordan 99
Summer Folk,Jordan Rodriguez
Hip Hop Anthems,Skyler Davis
Happy Mix,User Davis
Classic Study,Vibe Pro
Summer Grooves,Vibe Williams
Essential Study,Vibe Rodriguez
Focus Indie,Morgan Rodriguez
Chill Techno,Skyler Mixer
EDM Mix,MC Williams
Essential Hits,Vibe Mixer
Focus Soul,Casey Davis
Focus R&B,Avery Beats
Workout Country,Vibe Pro
Sad Hits,Alex Martinez
Country Flow,Morgan Beats
Weekend Blues,MC Music
Happy Lo-Fi,Sound Martinez
Summer Hits,Big Pro
Happy Anthems,Avery Garcia
Morning Anthems,Lil Rodriguez
Daily Classics,Avery Jones
Sad Wave,User Master
Chill Vibes,Cameron Johnson
Folk Study,Casey Rodriguez
Winter Techno,Alex Beats
Pop Drive,MC Miller
Focus Vibes,Riley Williams
Soul Study,DJ 99
Late Night Metal,Lil Rodriguez
Winter Lo-Fi,Quinn Garcia
Workout Rock,Cameron Beats
Essential EDM,Vibe 123
Techno Hits,Music Pro
Winter Mix,Avery Miller
Essential R&B,User Miller
Electronic Classics,MC Pro
Morning Beats,Skyler Mixer
Weekend Hip Hop,Skyler Music
EDM Drive,Jordan Martinez
Classical Beats,Morgan Mixer
Vintage Techno,Quinn 99
Daily Indie,Cameron Smith
Daily Country,Skyler Smith
Deep Hits,MC Master
Electronic Beats,User Davis
Acoustic Jazz,Vibe Rodriguez
Blues Mix,Cameron Curator
Morning R&B,Cameron Brown
Summer Jazz,MC Garcia
Electronic Study,Cameron Brown
Ultimate Jazz,Big 99
Daily Pop,Sound Beats
Workout Drive,Morgan Pro
Daily Blues,Avery Davis
Ultimate Country,Quinn Mixer
Soul Beats,Jordan Mixer
Late Night Jam,Cameron Smith
Techno Jam,Lil Smith
Daily Lo-Fi,Taylor 99
Classic Wave,Sound Brown
Indie Beats,Big 99
Folk Classics,Riley Miller
Summer Flow,Casey 99
Daily Mix,Sound Brown
Electronic EDM,MC Smith
Soul Classics,Quinn Pro
Rock Anthems,Music Music
Daily Soul,Avery Master
Weekend Country,DJ 123
Metal Hits,Big Martinez
Ultimate Classics,DJ Rodriguez
Ultimate Drive,Lil Rodriguez
Electronic EDM,DJ Martinez
Workout Pop,Morgan Master
Classic Folk,Lil Martinez
Electronic Wave,Alex Brown
Late Night Jam,Music Jones
Sad Jazz,Vibe Martinez
Deep Drive,Cameron Williams
Folk Beats,Jordan Miller
Focus Classics,Big 123
Ultimate Grooves,Riley Garcia
Sad Indie,Riley Mixer
Techno Jam,Riley Mixer
Essential Blues,Morgan Rodriguez
Workout Beats,Big Garcia
Jazz Jam,DJ Music
Rock Mix,Vibe 99
Daily Jam,Skyler 99
Vintage Country,Taylor Jones
Deep Wave,Alex Beats
Blues Beats,Sound Smith
Blues Classics,Morgan Martinez
Soul Flow,User Jones
Essential Indie,Avery Williams
Focus Anthems,Lil Davis
Happy Classics,Cameron Master
Chill Drive,Lil Mixer
Acoustic Session,Quinn Master
Techno Drive,Vibe Brown
Blues Classics,Quinn Garcia
Focus Country,Cameron 123
Pop Flow,Jordan Miller
Essential Study,Vibe Rodriguez
Winter Hip Hop,Riley Curator
Rock Mix,Taylor Davis
Acoustic Beats,Casey Johnson
Ultimate Rock,Alex Master
Rock Study,Jordan Mixer
Vintage Mix,Avery 123
Morning Session,Alex Mixer
Late Night Rock,Lil 99
Workout Pop,Casey Williams
R&B Study,Riley Brown
Weekend Mix,Music Davis
R&B Session,Riley Williams
Acoustic Classics,Avery Jones
Late Night Folk,Riley Davis
Hip Hop Grooves,Sound Curator
Deep Folk,Riley Williams
Folk Wave,Morgan Jones
Top 50 Global,Spotify Official
Metal Grooves,Cameron Pro
Daily Jazz,Avery Williams
Summer Grooves,Jordan Brown
Metal Jam,Big Miller
Essential Jam,DJ Curator
Top 50 Global,Spotify Official
Hip Hop Study,Music Jones
Country Hits,User Pro
Techno Jam,Taylor Williams
Sad Vibes,Morgan Garcia
Sad Mix,Sound Johnson
Blues Wave,Lil 99
Daily Beats,Cameron Smith
Chill Energy,Cameron Miller
Folk Energy,User Creator
Sad Classical,Alex Mixer
Party Soul,Jordan Pro
Focus Country,Sound Music
Blues Beats,Music Master
Winter Vibes,Skyler Garcia
Hip Hop Jam,Riley 99
Classical Beats,Morgan Mixer
Chill Classical,Avery 123
Sad Flow,Cameron Miller
Happy Study,Taylor Davis
Morning Grooves,Riley Mixer
Soul Beats,Cameron Davis
Soul Flow,Morgan Music
Party Soul,Vibe Johnson
Blues Anthems,Taylor 99
Summer Lo-Fi,Lil Johnson
Country Flow,Big Creator
Indie Vibes,Jordan Creator
Focus Classics,Jordan Rodriguez
Folk Beats,Jordan Miller
Electronic Hip Hop,Music Davis
Weekend Soul,Taylor Johnson
Happy Beats,Quinn Music
Sad Pop,Cameron Beats
Blues Anthems,Big Rodriguez
EDM Jam,Taylor Rodriguez
Indie Grooves,DJ 123
Focus EDM,Skyler Rodriguez
Top 50 Global,Spotify Official
Vintage Hip Hop,Skyler Smith
Morning Vibes,User Curator
Electronic Energy,Avery Beats
Jazz Wave,Skyler Garcia
Folk Anthems,Quinn Brown
R&B Classics,Casey Music
Classic Vibes,Skyler Beats
Indie Beats,Morgan Jones
Summer Flow,Music Johnson
Weekend Classical,Vibe Martinez
Winter Mix,Taylor 123
Classical Anthems,Taylor Music
Sad Techno,User 99
Happy Study,MC Martinez
Ultimate Session,User Music
Hip Hop Hits,Taylor 99
R&B Beats,Big Jones
Morning Jazz,Casey Beats
Electronic Folk,Quinn 99
Country Session,Morgan Rodriguez
Late Night Jam,Music Jones
Deep Energy,Music Brown
EDM Mix,Alex Music
Hip Hop Energy,Taylor Music
Ultimate Drive,Skyler Jones
Vintage Vibes,Morgan Garcia
Country Anthems,Vibe Garcia
Country Flow,Music Beats
Late Night Indie,User Mixer
Daily Study,MC 99
Jazz Session,Casey Garcia
Morning Flow,DJ Beats
Party Grooves,Morgan 99
Jazz Energy,Avery Williams
Deep Vibes,Alex Beats
Late Night Classical,Skyler 99
Hip Hop Energy,Skyler Creator
Rock Jam,User Brown
Focus Country,DJ Rodriguez
Workout Energy,Riley Creator
Chill Soul,Jordan Martinez
Summer Techno,User Williams
Indie Energy,Big Pro
Electronic Classics,Quinn Williams
Weekend Classical,Alex Creator
Rock Study,DJ Brown
EDM Flow,Lil Pro
Winter Rock,MC Creator
Happy Energy,Music Smith
Party Hip Hop,Taylor Williams
Folk Study,Vibe Smith
Indie Beats,Quinn 123
Pop Energy,Lil Jones
Daily Hip Hop,Lil 123
Jazz Drive,Jordan Curator
Morning Lo-Fi,Riley Creator
Chill Pop,Jordan Garcia
Classic Techno,Quinn Rodriguez
Ultimate Grooves,Alex Garcia
Late Night Hits,Taylor Jones
Workout Jazz,Vibe Garcia
Metal Drive,Sound 99
Chill Wave,DJ Brown
Sad Techno,Skyler Music
Classic Rock,Quinn Garcia
Weekend Indie,Sound Curator
Classic Techno,Taylor Brown
Sad R&B,Big Curator
Weekend R&B,Casey Davis
Happy Soul,Vibe Garcia
Techno Session,Music Curator
Essential Beats,Riley Beats
Acoustic Anthems,Taylor Beats
Happy Grooves,Sound Miller
Summer Energy,Taylor 123
Focus Pop,Lil Brown
Classical Energy,User 123
EDM Jam,Lil Rodriguez
Chill Beats,Music 99
Acoustic Grooves,Casey Master
Weekend Country,Quinn Music
Top 50 Global,Spotify Official
Happy Lo-Fi,Quinn Johnson
Late Night Jam,Avery Miller
Party R&B,Riley Pro
Focus R&B,Avery Beats
Indie Session,Music Brown
Weekend Jam,Lil Beats
Rock Jam,Music Garcia
Sad Beats,Sound Pro
Deep Jazz,Casey Williams
Late Night Hip Hop,DJ Beats
Soul Mix,DJ Williams
Vintage Grooves,Quinn Garcia
Ultimate Flow,DJ Creator
Focus Drive,Quinn Master
Late Night Indie,User Mixer
Top 50 Global,Spotify Official
Focus Wave,Morgan Smith
Jazz Vibes,DJ Miller
Late Night Mix,Cameron Brown
Winter Flow,Morgan Miller
Techno Classics,Music Rodriguez
Essential Indie,Avery Williams
Blues Classics,Casey Brown
Hip Hop Session,Avery Garcia
Chill Beats,Music 99
Essential Mix,Sound Rodriguez
Morning Jam,Lil 99
Blues Jam,Cameron Curator
Workout Session,Alex Brown
Soul Wave,Lil Curator
Indie Classics,MC 99
Soul Mix,Avery Mixer
Ultimate Rock,Vibe Williams
Electronic Anthems,Vibe 99
Daily Country,Music 99
Acoustic EDM,Lil Mixer
Happy Jazz,DJ Mixer
Pop Study,Music 99
Electronic R&B,Casey Garcia
Summer Drive,Music Curator
Daily Beats,Avery Beats
Folk Anthems,Quinn Brown
Techno Mix,Morgan Davis
Winter Pop,User Rodriguez
Winter EDM,User Curator
Daily Wave,Taylor Martinez
Acoustic Techno,Skyler Beats
Happy EDM,Jordan Music
Chill Anthems,Jordan Mixer
Essential Jam,Skyler Creator
Focus Vibes,User 99
Top 50 Global,Spotify Official
Metal Mix,Skyler Garcia
Soul Grooves,Taylor Jones
Classical Jam,DJ Miller
Vintage Lo-Fi,MC Master
Classical Classics,Morgan Miller
Chill Study,Casey Master
Electronic Vibes,DJ Pro
Chill Drive,Lil Mixer
Ultimate Folk,Alex Rodriguez
Late Night Jam,Avery Miller
Weekend Mix,Sound Smith
Blues Drive,Taylor Creator
Morning Rock,Alex Master
Happy Grooves,Cameron Miller
Country Session,Casey 123
Soul Anthems,DJ Johnson
Metal Grooves,Casey Mixer
EDM Hits,Skyler Curator
Soul Beats,DJ Pro
Deep Flow,Vibe Jones
Focus Classics,Jordan Rodriguez
Ultimate Session,Lil Smith
Indie Hits,Cameron Mixer
Techno Beats,Skyler Mixer
Focus Jazz,Sound Davis
Indie Vibes,Skyler 123
Rock Session,Cameron Miller
Winter Pop,Music 99
Ultimate Wave,Music Martinez
Ultimate Vibes,Casey Rodriguez
Hip Hop Drive,Vibe Mixer
Top 50 Global,Spotify Official
Essential Mix,Vibe Rodriguez
EDM Wave,Riley Master
Sad Blues,Lil Garcia
Classic Mix,DJ Garcia
Late Night Jam,Music Jones
R&B Beats,Sound Pro
Vintage Jazz,Quinn Beats
Country Vibes,Avery Garcia
Winter Indie,Music 99
Classic Grooves,Vibe Brown
Late Night Hits,MC 99
Deep Hip Hop,Morgan Davis
Winter Techno,DJ Johnson
Sad Classics,DJ Creator
Metal Energy,Skyler Miller
Acoustic Pop,Skyler 123
Weekend Country,DJ 123
Winter EDM,DJ Johnson
Party Energy,Cameron Pro
Party Classical,DJ Davis
Sad Vibes,Lil Creator
Daily Jam,Skyler 99
Rock Drive,Sound Johnson
Classic Session,Alex Rodriguez
Lo-Fi Grooves,Casey Davis
Classic Study,MC Mixer
Essential Beats,Riley Beats
Classic Session,Cameron Curator
Summer Vibes,Sound Williams
Acoustic Energy,Morgan 123
Daily Hits,Cameron Pro
Essential Jam,Skyler Creator
Indie Vibes,Skyler 123
Weekend Study,Skyler Garcia
Country Session,Sound Curator
Morning Classical,Casey Jones
Blues Mix,Vibe Miller
Vintage Jam,Big Davis
Workout Flow,User Music
Party Blues,Cameron Martinez
Jazz Beats,Vibe Davis
Rock Mix,DJ 123
EDM Drive,Casey Music
Hip Hop Hits,Taylor 99
Jazz Drive,Avery Beats
Techno Vibes,Vibe Pro
Ultimate Mix,Vibe Johnson
Metal Drive,Cameron Jones
Classical Energy,User 123
Focus Indie,Morgan Master
Sad Classical,Alex Mixer
Focus Techno,User Jones
Sad Rock,Riley Davis
Morning Vibes,Alex Davis
Rock Flow,Taylor Creator
Vintage Classical,Vibe Pro
Electronic Blues,Riley Rodriguez
Morning R&B,Alex Smith
Classic Jam,Skyler Miller
Top 50 Global,Spotify Official
Party Grooves,Alex Miller
Workout Energy,Sound Davis
Winter Beats,Vibe Johnson
Chill Jam,Alex Smith
Late Night Jazz,Music Garcia
Acoustic Indie,Riley 123
Chill Vibes,Avery Garcia
Rock Drive,Sound Rodriguez
Party Beats,Jordan 123
Vintage Jazz,DJ Pro
Ultimate Anthems,Sound Williams
Party Beats,Riley Johnson
Indie Anthems,Sound Rodriguez
Ultimate Anthems,MC Williams
Rock Mix,Morgan Creator
Happy Country,Morgan Rodriguez
Electronic Lo-Fi,Morgan Smith
Techno Mix,Big Jones
Happy Beats,Avery 123
Classic Study,MC Rodriguez
Daily Lo-Fi,Jordan Master
Essential Pop,Vibe Beats
Jazz Study,Taylor Smith
Acoustic Blues,User Williams
Essential Study,Vibe Smith
Happy Classical,Sound Rodriguez
Classic Flow,Riley Smith
Ultimate Country,Avery Miller
Summer Jazz,User Martinez
Folk Jam,User Curator
Classical Beats,Sound Martinez
Jazz Energy,Avery Curator
Vintage Session,MC Miller
Weekend Wave,Big Pro
Metal Grooves,Casey Mixer
Winter Mix,Avery Miller
Lo-Fi Study,Riley 99
Chill Rock,Casey Garcia
Techno Grooves,Riley 123
Sad Country,Lil Garcia
Sad Blues,Jordan 123
Classic Grooves,Avery Music
R&B Wave,Sound Johnson
Hip Hop Mix,MC Rodriguez
Pop Wave,Cameron Master
Indie Mix,User Jones
Winter Lo-Fi,Sound Rodriguez
Country Beats,User 123
Chill Flow,Cameron Garcia
Weekend Rock,Quinn Pro
Soul Mix,Avery Mixer
Ultimate Classics,Big Master
Ultimate Country,Riley Curator
Summer Wave,MC Curator
Essential Rock,Jordan Beats
Daily Vibes,Jordan Jones
Workout Classics,MC Rodriguez
EDM Beats,Music Johnson
Focus R&B,Avery Beats
Soul Anthems,Vibe 99
Electronic Metal,Skyler Davis
Jazz Vibes,Music Smith
Classic Flow,Riley Smith
Country Classics,Quinn Mixer
Blues Beats,MC Jones
Indie Classics,Cameron Master
Party R&B,User Curator
Summer EDM,Casey Rodriguez
Hip Hop Jam,Taylor Williams
Pop Beats,Vibe 123
Summer Soul,DJ Miller
Essential Anthems,Taylor Miller
Lo-Fi Energy,Quinn Music
Essential Techno,User 99
Electronic Indie,MC Johnson
EDM Mix,MC Williams
Classic Anthems,Casey Garcia
Sad Hip Hop,User Beats
Classic Folk,Lil Martinez
Rock Energy,Casey Davis
Happy Beats,Quinn Music
Morning Indie,Avery Davis
Happy Wave,Skyler Garcia
Deep Flow,Music Music
Sad Folk,Sound Martinez
Morning Grooves,Alex Beats
Party Wave,Vibe Pro
Workout Hits,Taylor Beats
Essential Pop,Skyler Martinez
Weekend Wave,Cameron Beats
Deep Grooves,Taylor Beats
Morning Anthems,Sound 99
Indie Jam,Cameron 123
Late Night Folk,Riley Davis
Country Classics,MC Smith
Vintage R&B,Music Rodriguez
Soul Wave,Jordan Master
Vintage Drive,Quinn Beats
Lo-Fi Beats,Riley Martinez
Metal Wave,Lil Beats
Acoustic Blues,Lil Master
EDM Mix,Lil Miller
Happy EDM,DJ Smith
Daily Beats,Skyler Curator
Country Anthems,Vibe Garcia
Ultimate Flow,DJ Creator
R&B Wave,Cameron Music
Metal Beats,Music Music
Late Night Pop,Taylor Miller
Sad Study,Morgan 123
EDM Wave,Cameron Williams
Acoustic R&B,Avery Garcia
Acoustic Energy,Quinn Creator
Summer EDM,Casey Mixer
Summer Lo-Fi,Avery Garcia
R&B Jam,DJ Music
Morning Anthems,MC Pro
Classical Beats,Jordan Garcia
Blues Wave,Lil Master
Classical Session,Casey Rodriguez
Daily Flow,Avery Johnson
Pop Vibes,Taylor Garcia
Ultimate Drive,MC Brown
Blues Drive,Taylor Johnson
Happy EDM,Jordan Smith
Electronic Hits,Quinn Smith
Acoustic Flow,Quinn Creator
Electronic Blues,Riley Rodriguez
Vintage Blues,Cameron 123
Folk Wave,Morgan Jones
Sad Flow,Skyler Smith
Top 50 Global,Spotify Official
Folk Study,Vibe Smith
Party Study,Music Curator
Focus Rock,Morgan 123
R&B Wave,Quinn Davis
Late Night R&B,Sound Miller
Electronic Session,Casey Brown
Jazz Energy,Music Garcia
Party Jam,Quinn Garcia
Happy Wave,Skyler Garcia
Deep Lo-Fi,Taylor Miller
Electronic Jam,Riley 123
Winter Metal,User Garcia
Focus Rock,Music Martinez
Ultimate Folk,Alex Rodriguez
Morning Energy,User Garcia
Techno Anthems,Taylor Beats
Acoustic Drive,MC 123
R&B Energy,Skyler Master
Late Night Jam,Lil Williams
Techno Wave,Music Martinez
Summer Flow,Music Johnson
Jazz Hits,User Music
Morning Rock,Music Mixer
Classic Indie,MC Mixer
Classic Anthems,Quinn Jones
Summer Folk,User Pro
Focus Jam,MC Jones
Deep Study,Lil Creator
Weekend Country,Quinn Music
Essential Indie,Avery Williams
Jazz Drive,DJ Mixer
EDM Anthems,Riley Rodriguez
Pop Drive,Jordan Garcia
Focus Indie,Morgan Rodriguez
Ultimate Country,Quinn Mixer
Essential Metal,DJ Davis
Classical Wave,Big Smith
Morning Grooves,Riley Mixer
Weekend Beats,Skyler 123
Techno Jam,Taylor Garcia
Ultimate Grooves,Riley Jones
Classic Indie,Cameron Creator
Deep Mix,Jordan Curator
Chill Hip Hop,Taylor Johnson
EDM Study,User Jones
Workout Soul,Taylor Beats
Pop Classics,Cameron Williams
Focus Beats,Skyler 99
Soul Anthems,DJ Johnson
Chill Metal,Music Miller
Techno Drive,DJ Curator
Techno Vibes,Skyler 99
Summer Jazz,User Martinez
Classic Anthems,Sound Creator
Rock Study,Quinn Rodriguez
Sad Blues,Lil Garcia
Metal Energy,Cameron Creator
Late Night Folk,Jordan Mixer
Workout Anthems,Morgan Williams
Winter Drive,Avery Music
Lo-Fi Grooves,Casey Davis
Winter Hip Hop,MC 99
Daily Drive,Taylor Garcia
Happy Country,Taylor Jones
Blues Flow,Cameron Brown
Summer Hits,Lil Creator
Lo-Fi Anthems,User Garcia
Classic Session,DJ Pro
Sad Vibes,Big Curator
Late Night Grooves,User Beats
Weekend EDM,Sound Williams
Electronic Classics,MC 123
Country Classics,Riley 99
Winter Vibes,Taylor Smith
Electronic Beats,Casey Pro
Morning Hip Hop,Avery Jones
Indie Vibes,User Brown
Deep Indie,Skyler Beats
Pop Session,Skyler Garcia
Ultimate Hip Hop,Jordan Smith
Daily Vibes,Big Curator
Pop Anthems,Music Master
Essential Folk,Sound Music
Happy Vibes,Vibe Curator
Morning Flow,DJ Beats
Late Night Rock,Avery Martinez
Sad Pop,Big Pro
Rock Mix,Cameron Curator
Metal Hits,MC Master
Deep Classics,Jordan Martinez
Happy Folk,Music Master
Classic Metal,MC Davis
Jazz Grooves,Lil Creator
Acoustic Grooves,Casey Master
Jazz Energy,Vibe Davis
Chill Soul,Big Davis
Essential Techno,User 99
Chill Pop,User Martinez
Weekend Lo-Fi,Cameron Smith
Happy Hip Hop,Skyler Jones
Soul Grooves,Casey Master
Chill Rock,Avery Williams
Sad R&B,Avery Martinez
Essential Hip Hop,Avery Master
Vintage Drive,Quinn Beats
Blues Wave,Jordan 123
Happy Jam,Taylor Brown
Techno Mix,Big Jones
Focus Country,Casey Music
Classic Drive,User Johnson
Weekend Hits,Vibe Garcia
Blues Hits,Jordan Creator
Metal Mix,Morgan 123
Classic Techno,Morgan Master
Daily Vibes,Big Davis
Jazz Jam,Morgan Jones
Acoustic Hip Hop,Avery Williams
Happy Indie,Alex Mixer
Blues Study,Big Music
Folk Energy,Skyler Rodriguez
Happy Energy,MC Williams
Essential Techno,Lil Music
Chill Pop,User Martinez
Winter Anthems,Sound Creator
Lo-Fi Wave,Cameron Creator
Rock Mix,Morgan Beats
Weekend Classical,Music 99
Deep Vibes,Taylor Curator
R&B Energy,Quinn Davis
Focus Drive,Riley Pro
Vintage Techno,Music Creator
Chill Session,Taylor Beats
Country Grooves,Morgan Rodriguez
Country Energy,DJ Beats
EDM Wave,Avery Music
Country Grooves,Sound Williams
Morning Classics,Vibe Creator
Focus Techno,DJ 99
Happy Hits,Lil Smith
EDM Flow,Taylor Smith
Weekend Jazz,Lil Rodriguez
Late Night Hits,Jordan Curator
Workout Study,Morgan Music
Focus Rock,User Creator
Weekend Wave,User Brown
Classical Mix,Alex Miller
Vintage Energy,MC Williams
Techno Anthems,MC Music
R&B Beats,Skyler Brown
Jazz Flow,Skyler Master
Weekend Mix,Taylor 123
Summer Wave,Casey Pro
Vintage Lo-Fi,MC Williams
Workout Rock,Cameron Beats
Classical Vibes,Skyler Master
Sad Drive,Avery Rodriguez
Folk Anthems,Quinn Brown
Techno Beats,Skyler Mixer
Weekend Beats,Skyler 123
Electronic EDM,Morgan Mixer
Party Blues,Skyler Curator
Weekend Hits,Vibe 99
Vintage Techno,Quinn 99
Techno Jam,Lil Smith
Weekend Flow,Sound Davis
Focus Hip Hop,Riley Davis
Ultimate Grooves,Music Williams
Rock Flow,Cameron Johnson
Indie Grooves,Vibe Music
Blues Anthems,Taylor 99
Focus Mix,Casey Beats
EDM Vibes,MC Pro
EDM Anthems,Riley Rodriguez
Acoustic EDM,Vibe Johnson
Rock Mix,Cameron Curator
Acoustic EDM,DJ Creator
Winter Beats,Vibe Music
Top 50 Global,Spotify Official
Techno Vibes,Jordan Rodriguez
Country Vibes,Big Pro
Essential Hip Hop,Avery Master
Hip Hop Hits,Big Music
Soul Drive,Cameron Music
Late Night Blues,Morgan Curator
Classic Jam,Big 123
Summer Drive,Riley 99
Vintage Energy,Casey Martinez
Summer Rock,User Music
Workout Rock,Casey Jones
Weekend Beats,Alex Davis
Indie Vibes,Casey Music
Essential Pop,Vibe Rodriguez
Workout EDM,Vibe Curator
Happy Folk,Big Master
Late Night Session,Morgan Smith
Jazz Anthems,DJ Brown
Winter Indie,Avery Beats
Weekend Pop,Avery Curator
Soul Energy,Casey Curator
Blues Classics,Casey Brown
Weekend Vibes,Alex Curator
Sad Soul,Casey Williams
Hip Hop Anthems,User Music
Lo-Fi Anthems,Sound Miller
Focus Rock,Big Pro
Techno Mix,Avery Miller
EDM Hits,Quinn Beats
Daily Hits,Quinn Johnson
Vintage Drive,Quinn Jones
Winter Country,Quinn Master
Sad Grooves,Lil Smith
Summer Grooves,Skyler Johnson
Jazz Anthems,Quinn Williams
Soul Session,Casey Music
Winter Jam,MC Davis
EDM Drive,Sound Mixer
Rock Drive,Sound Johnson
Deep Jazz,Avery Beats
Ultimate Drive,DJ Curator
Daily Jam,Skyler 99
Acoustic Beats,Casey Johnson
EDM Beats,Music Johnson
Hip Hop Session,Avery Garcia
Essential Pop,Lil Jones
Essential Anthems,Vibe Jones
Electronic Grooves,Quinn Master
Electronic Beats,Casey Pro
Sad Drive,Jordan Music
Soul Hits,Casey Miller
Classic R&B,Quinn 123
Ultimate Pop,Sound Miller
Deep Jazz,Big Rodriguez
Winter EDM,Riley 123
Happy R&B,MC Brown
Weekend Grooves,Vibe 123
Classic Classics,Jordan Smith
Country Vibes,Big Pro
Electronic Metal,Avery Davis
Workout Pop,Sound Williams
Metal Hits,MC Master
Sad Blues,Lil Garcia
Jazz Study,DJ Miller
Electronic Techno,MC Pro
Sad Jazz,Vibe Martinez
Electronic Session,Big 123
Daily Lo-Fi,DJ Miller
Chill Classical,Sound 99
Blues Wave,Lil Master
Classical Beats,Morgan Mixer
Chill Classics,MC Johnson
Morning Session,Jordan Creator
Blues Mix,Cameron Curator
Happy Rock,Sound Davis
Focus Classical,Avery 99
Blues Hits,Big Music
Classic Anthems,Taylor Miller
Chill Blues,Jordan Rodriguez
Vintage Pop,Big Smith
Morning Blues,MC 99
Hip Hop Wave,Skyler Master
Acoustic Techno,Music Master
Lo-Fi Classics,Morgan Beats
Party Wave,Taylor Rodriguez
Weekend Folk,MC Jones
EDM Flow,Big Creator
Rock Mix,DJ 123
Indie Jam,Skyler Rodriguez
Chill Jam,Music Beats
Party Soul,DJ Martinez
Deep R&B,DJ Curator
Daily Blues,Jordan Pro
Morning Grooves,Quinn Music
Late Night Hip Hop,DJ Beats
Acoustic Indie,Quinn Davis
Essential Pop,Music 123
Electronic Session,Casey Brown
Metal Session,Cameron Music
Vintage Blues,Quinn 99
Soul Beats,Big Beats
Sad Metal,Jordan Johnson
Acoustic Drive,Taylor 123
Deep Grooves,Avery Martinez
Chill Study,Music Rodriguez
Daily Lo-Fi,Taylor 99
Soul Anthems,DJ Johnson
Ultimate Drive,Lil Rodriguez
Late Night Rock,Avery Martinez
Rock Mix,Morgan Beats
Chill Classical,Lil Jones
Morning Hip Hop,Avery Curator
Acoustic Study,Riley Davis
Metal Jam,Morgan Miller
Daily Blues,Alex Smith
Electronic Blues,Jordan Martinez
Rock Drive,Sound Rodriguez
Metal Energy,Vibe Creator
Daily Soul,Morgan Williams
Techno Anthems,Taylor Beats
Vintage Flow,MC Johnson
R&B Study,Big Davis
Weekend Folk,Alex Johnson
Deep Folk,Cameron Jones
Classic Session,Lil Creator
Lo-Fi Hits,Sound Curator
Happy Study,Taylor Davis
EDM Vibes,Jordan Miller
Party Country,Alex Mixer
Electronic Pop,Lil Rodriguez
Happy Drive,Cameron Brown
Vintage Lo-Fi,MC Williams
Acoustic Country,Vibe Brown
Party Anthems,Lil 99
Folk Energy,User Creator
Electronic Country,Vibe Davis
Sad Study,DJ Davis
Workout Metal,Avery Jones
Pop Beats,DJ 123
Workout Flow,Taylor 123
Focus Mix,Taylor Miller
Winter Techno,Cameron Brown
Blues Study,Big Music
Acoustic Hip Hop,Avery Williams
EDM Beats,DJ Davis
Chill Jam,Alex Smith
Daily Vibes,Jordan Jones
Party Pop,MC Beats
Sad Grooves,Alex Beats
Focus Drive,Quinn Master
Chill Rock,Big Williams
Acoustic Techno,Riley Garcia
Jazz Drive,Quinn Martinez
Folk Classics,Music Rodriguez
Winter Vibes,Jordan Davis
Summer Country,Alex Johnson
Deep Mix,Big Davis
Sad Country,Lil Garcia
Daily Indie,Avery Creator
Late Night Study,Big Mixer
Acoustic Techno,Riley Brown
Focus Energy,DJ Creator
Electronic Hits,Vibe Master
R&B Anthems,User Curator
Weekend Mix,Sound Smith
Deep Hits,Casey 99
Workout Vibes,Music Williams
Focus Study,Skyler Pro
Vintage Vibes,Alex Beats
Vintage Classical,Vibe Pro
Ultimate Wave,Morgan Miller
Classic Session,Sound Creator
Chill Wave,DJ Brown
Pop Anthems,Vibe 123
Techno Mix,Big Brown
Indie Session,User Master
Techno Flow,MC Williams
Summer Wave,Casey Pro
Acoustic Wave,Big Music
Pop Anthems,Big Master
Workout Hits,Skyler Miller
Late Night Hits,Avery Beats
Weekend Study,Lil Mixer
Chill Pop,MC Master
Classic Wave,User Brown
Late Night Pop,Lil 99
Morning Wave,Casey Master
Daily Folk,User Garcia
Country Drive,Vibe Smith
Morning Mix,Jordan Miller
Folk Drive,Jordan 99
Blues Beats,MC Jones
Morning Wave,Skyler Garcia
Chill Drive,Lil Mixer
Essential Pop,Alex Rodriguez
Electronic Folk,MC Music
Country Mix,Sound Music
EDM Classics,Alex Miller
Electronic EDM,DJ Martinez
Essential Soul,Alex Rodriguez
Weekend EDM,Avery Creator
Deep R&B,Lil Smith
Lo-Fi Anthems,Jordan Miller
EDM Mix,Alex Master
Top 50 Global,Spotify Official
Techno Wave,Cameron Mixer
Weekend Country,Casey Garcia
Morning Jazz,Riley Mixer
Happy Drive,Cameron Brown
Essential Vibes,DJ Brown
EDM Drive,User Beats
Techno Vibes,Alex 99
Summer Soul,DJ Miller
Rock Drive,Skyler Curator
Classical Energy,Morgan Master
Soul Session,Music Davis
Country Session,DJ Miller
Summer Beats,DJ Curator
Vintage Hits,Riley Creator
Rock Study,MC Jones
Country Classics,Alex Martinez
Late Night Study,Avery Williams
Pop Drive,Jordan Garcia
Sad Hits,Big Miller
Sad Vibes,Sound Pro
Pop Drive,Vibe Davis
Sad Vibes,DJ 99
Sad Wave,User Master
Focus Jazz,Morgan Rodriguez
Sad Indie,Riley Rodriguez
Chill Energy,Cameron Miller
Ultimate Session,User Music
Happy Folk,Quinn Jones
Morning Indie,Big Curator
Chill Anthems,Casey Brown
Winter Soul,DJ 99
Deep Energy,Music Brown
Daily Mix,Sound Brown
Essential Energy,Avery Davis
Pop Drive,MC Miller
Ultimate Rock,Lil Creator
Morning Classical,Taylor Williams
Summer Vibes,DJ Smith
Essential Mix,Big Music
Techno Beats,Skyler Mixer
Ultimate Hits,MC Music
Acoustic Wave,User Johnson
Classical Flow,Lil Smith
Essential R&B,Cameron Johnson
Jazz Flow,Music Beats
Weekend Session,Alex Johnson
Techno Wave,Alex Master
Sad Beats,Cameron Garcia
Winter Indie,Lil Music
Lo-Fi Wave,DJ Creator
Lo-Fi Flow,Jordan Martinez
Workout Classics,Casey Curator
Ultimate Wave,Quinn Smith
Sad R&B,Avery Martinez
Chill Classical,Sound 99
Pop Wave,Alex Martinez
Folk Flow,Big Martinez
R&B Mix,DJ Creator
Focus Jam,Alex Miller
Vintage Energy,Casey Martinez
Electronic R&B,Vibe Davis
Summer Energy,Avery Brown
Electronic Metal,User Brown
Lo-Fi Mix,Avery Davis
Morning Rock,Cameron Master
Hip Hop Hits,Taylor Master
Indie Beats,Morgan Jones
Late Night Lo-Fi,Big Brown
Morning EDM,Music Beats
Vintage Study,Cameron Miller
Late Night Anthems,Cameron Beats
Acoustic Energy,Avery Smith
Chill Jam,Music Beats
Ultimate Flow,DJ Garcia
Sad Wave,Lil Pro
EDM Wave,Riley Master
Workout Energy,Sound Davis
Sad Rock,Jordan Curator
Indie Session,Music Brown
Acoustic Drive,DJ Miller
Sad Indie,Music Johnson
Weekend Jam,User 99
Classical Classics,MC Davis
Sad Session,Jordan Johnson
Metal Flow,Jordan Creator
Sad Beats,DJ Miller
Ultimate Folk,Big Music
Morning Drive,Skyler Brown
Happy Soul,User Williams
Happy Grooves,Quinn Curator
Folk Session,Avery Beats
Techno Beats,Skyler Mixer
Pop Study,Alex 123
Acoustic Vibes,MC Curator
Essential EDM,Taylor Miller
Winter Classics,Riley Beats
Classical Grooves,Alex Creator
Metal Jam,Music Rodriguez
Morning Rock,Big Williams
Sad Classical,Music Rodriguez
Party Blues,User Pro
Classical Grooves,Cameron 123
Country Session,User Garcia
Lo-Fi Wave,Taylor Jones
Metal Flow,Music Martinez
Summer Metal,Taylor Garcia
Acoustic Classical,Sound Pro
Rock Vibes,Music Williams
Classical Vibes,Alex Miller
Vintage Mix,Riley Williams
Rock Mix,MC Music
Classical Session,Skyler Brown
Folk Mix,Avery Martinez
Vintage Blues,Cameron 123
Essential Mix,Skyler Martinez
Winter Folk,Alex Brown
Morning Rock,Cameron Master
Pop Wave,Jordan Davis
Blues Flow,Cameron 123
Ultimate Jam,Avery Master
Techno Vibes,Alex Pro
Folk Classics,Quinn Smith
Rock Jam,Morgan Jones
Workout Beats,Big Garcia
Sad Mix,Riley Rodriguez
R&B Drive,Lil Music
Electronic Beats,Music Garcia
Electronic Indie,MC Martinez
R&B Drive,Jordan Johnson
Sad Classical,Quinn Martinez
Sad Wave,Lil Pro
Techno Energy,Sound 99
Winter Techno,Cameron Brown
Essential Mix,Sound Rodriguez
Folk Drive,DJ Smith
Essential Folk,Lil Creator
Folk Vibes,Alex Creator
Classical Study,Cameron Pro
Metal Study,Avery Mixer
Electronic Vibes,DJ Pro
Rock Classics,Taylor Martinez
Chill Blues,Jordan Jones
Party Wave,Vibe Pro
Focus EDM,MC Martinez
Electronic EDM,MC Smith
Chill Jazz,Taylor Pro
Lo-Fi Study,Quinn 99
Pop Session,User Music
Weekend Drive,Jordan Martinez
Late Night Folk,Skyler Creator
Jazz Mix,Cameron Miller
Summer Flow,Alex Master
Jazz Vibes,Music Smith
Sad Soul,Casey Williams
Late Night Pop,Lil 99
Classic Flow,Lil Jones
Hip Hop Grooves,Vibe Curator
Ultimate Country,Avery Miller
Happy Hits,Avery Rodriguez
Acoustic Blues,Lil Garcia
Happy R&B,Casey Johnson
Techno Hits,User 123
Daily Anthems,Alex Beats
R&B Flow,MC Davis
Happy Blues,Quinn Smith
Sad Indie,Casey Curator
Techno Mix,Big Jones
Electronic Flow,MC 99
Weekend EDM,Big Miller
Classic Session,Cameron Curator
Morning Mix,DJ Martinez
Party Anthems,Taylor Jones
Winter Pop,Avery Johnson
Essential Flow,Big Mixer
Vintage Rock,Vibe Martinez
Top 50 Global,Spotify Official
Chill Grooves,Quinn Miller
Ultimate Flow,DJ 99
Lo-Fi Hits,Music Rodriguez
Summer Soul,Taylor Williams
Soul Classics,Quinn Music
Deep Beats,Sound Martinez
Late Night Pop,Lil Master
Happy Hip Hop,DJ Smith
Jazz Anthems,DJ Brown
Sad Pop,Big Pro
Morning Flow,Morgan Martinez
Deep Mix,MC Davis
Essential Metal,DJ Davis
Pop Anthems,Music Master
Focus Hip Hop,Riley Davis
Essential Metal,Jordan 123
Vintage Blues,Skyler 123
Ultimate R&B,Cameron Miller
Summer Session,Jordan 123
Essential Rock,Jordan Beats
Happy Beats,Avery 123
Hip Hop Beats,Casey Music
Morning Lo-Fi,Avery Curator
Rock Session,Music Brown
Country Classics,Vibe Music
Deep Lo-Fi,Taylor Miller
R&B Vibes,Sound 99
Focus Classics,Big 123
Ultimate Techno,Taylor Pro
Workout R&B,Cameron Rodriguez
Vintage Jazz,Avery Master
Indie Classics,MC 99
Late Night Techno,Alex Mixer
Deep Classical,MC Mixer
Acoustic Country,Cameron Pro
Weekend EDM,Sound Williams
Jazz Beats,User Garcia
Winter Anthems,Taylor Creator
Lo-Fi Study,DJ Creator
Rock Session,Cameron Miller
Blues Beats,Quinn Jones
Focus Indie,Morgan Rodriguez
Jazz Flow,Sound Martinez
Electronic Country,MC Curator
Indie Anthems,Cameron Mixer
Jazz Vibes,Music Smith
Vintage Soul,Skyler Curator
Pop Jam,Music Curator
Vintage Grooves,Quinn Garcia
Summer Folk,Lil Rodriguez
Happy EDM,Big 99
Country Hits,Cameron Miller
Focus Jam,Alex Miller
Party R&B,User Mixer
Techno Grooves,MC Beats
EDM Vibes,Jordan Miller
Workout Lo-Fi,User Miller
Top 50 Global,Spotify Official
Ultimate Session,Music Williams
Deep Mix,Jordan Curator
Rock Hits,Taylor Music
Daily Mix,Avery Jones
Daily Vibes,Casey Davis
Deep Drive,Sound Music
Party Pop,User Garcia
Deep Wave,Quinn Master
Lo-Fi Drive,Vibe Master
Late Night EDM,Lil 99
Rock Anthems,Music Music
Jazz Jam,DJ Music
Ultimate Metal,Taylor Smith
Essential Drive,Casey Williams
Electronic Rock,Music Davis
Winter Indie,MC Jones
Indie Beats,Avery Master
Soul Mix,Avery Mixer
Acoustic Metal,Jordan Martinez
Pop Session,Lil Creator
Essential Pop,Lil Jones
Happy Hip Hop,Riley Rodriguez
Winter Techno,Casey Johnson
Deep EDM,MC Garcia
Essential Energy,Cameron 123
Folk Vibes,Alex Creator
Classic Pop,MC Curator
Happy Jam,Taylor Brown
Workout Soul,Jordan Rodriguez
Happy Anthems,Big Jones
Classical Beats,Jordan Martinez
Pop Beats,DJ 123
Deep Vibes,Avery Johnson
Morning Jam,Lil 99
Lo-Fi Study,Music Master
Techno Grooves,Lil Smith
Daily Grooves,Quinn Martinez
Late Night Drive,User Davis
Late Night Classics,Quinn Jones
Summer Classical,Vibe Curator
Weekend Session,Morgan Beats
Happy EDM,Quinn Master
Pop Beats,Morgan Creator
Morning Beats,Casey Williams
R&B Mix,Lil Miller
Late Night Beats,Skyler Davis
Rock Study,MC Jones
Electronic Hits,Jordan Williams
Classical Energy,Morgan Master
Indie Grooves,DJ 123
Ultimate Session,Music Williams
Acoustic Pop,Skyler Garcia
Vintage Anthems,Big Miller
Daily Session,Sound Johnson
Morning Lo-Fi,Jordan 123
EDM Hits,Quinn Beats
Techno Jam,Riley Mixer
Folk Mix,Avery Martinez
Late Night Flow,User Beats
Soul Drive,Avery Davis
Weekend Rock,Jordan Miller
Morning Indie,Quinn Pro
Winter Flow,Morgan Miller
Party Metal,Taylor Rodriguez
Summer EDM,Quinn Martinez
Essential Blues,Riley Williams
Lo-Fi Classics,Big Mixer
Essential Indie,Avery Williams
Sad Rock,Jordan Curator
Hip Hop Energy,DJ Martinez
Pop Anthems,Big Master
Classic Techno,Lil Master
Happy Grooves,Quinn Curator
Focus Study,Cameron Curator
Weekend Folk,Alex Johnson
Folk Wave,Skyler 123
Blues Vibes,User Beats
Chill Energy,Music Brown
Workout Techno,Casey Smith
Summer Energy,Jordan Williams
Acoustic Lo-Fi,Jordan 123
Rock Drive,Sound Rodriguez
Electronic R&B,Vibe Davis
Classic Anthems,Casey Garcia
Classical Jam,MC Rodriguez
Country Flow,DJ Johnson
Summer Vibes,Taylor Creator
Techno Mix,Big Brown
Electronic Blues,Jordan Martinez
R&B Energy,Vibe Miller
Classic Metal,Casey Pro
Classical Hits,Lil Garcia
Electronic Jazz,Jordan Master
Winter R&B,MC 123
Electronic Classics,Riley Jones
Sad Techno,Big Rodriguez
Top 50 Global,Spotify Official
Jazz Classics,MC Creator
Jazz Wave,Avery 123
Vintage Drive,Quinn Jones
Late Night Blues,MC Mixer
Jazz Jam,Morgan Jones
Rock Hits,Avery Creator
Essential Folk,Sound Music
Morning Wave,Vibe Creator
Summer Study,MC Johnson
Morning Anthems,Riley 123
Essential Beats,Casey Music
Focus Jazz,Morgan Rodriguez
Top 50 Global,Spotify Official
Acoustic Classics,Casey 99
Weekend Rock,Taylor 99
Electronic Mix,Avery Mixer
Winter Indie,Jordan Garcia
Weekend Session,Morgan Beats
EDM Flow,Casey Smith
Deep Indie,Music Smith
Winter Soul,DJ 99
Deep Beats,Skyler Garcia
Classic Jazz,Quinn Music
Focus Grooves,Riley Mixer
Late Night Wave,Avery Mixer
Morning R&B,Morgan Garcia
Electronic Country,Quinn Smith
Daily Country,Skyler Williams
Soul Mix,Avery Mixer
Acoustic Classical,Quinn Miller
Country Classics,Alex Martinez
Sad R&B,Big Miller
Workout Jam,Riley Davis
Indie Wave,DJ Martinez
Electronic Jam,Sound Martinez
Party Study,Music Davis
EDM Flow,Casey Smith
Focus Vibes,Riley Williams
Classic Session,Lil Creator
Chill Wave,Morgan Mixer
Happy Beats,Avery 123
Morning Beats,Casey Williams
Sad Country,Alex Jones
Happy Jam,Taylor Brown
Soul Classics,Quinn Music
Indie Vibes,DJ 99
Electronic Hits,Vibe Master
Blues Mix,Morgan Brown
Metal Study,DJ Miller
Focus Grooves,Morgan Mixer
Essential Classics,Quinn 99
Folk Beats,Taylor Rodriguez
Vintage Energy,MC Smith
Morning Country,User Rodriguez
Classic Indie,Morgan Music
Chill Pop,User Martinez
Morning Lo-Fi,Jordan 123
Weekend Drive,Avery Williams
Sad Flow,Skyler Smith
Winter Session,Riley 99
Classical Anthems,Big Miller
Summer Rock,User Pro
Morning Rock,Avery Beats
Country Mix,Cameron Williams
Essential Pop,Sound Mixer
Chill Folk,Big Mixer
Chill Folk,Big Mixer
Weekend Country,User Master
Classic Metal,Vibe Beats
Techno Jam,Taylor Williams
Classic Classics,Jordan Smith
Deep Indie,Taylor Williams
Party Lo-Fi,Morgan Jones
Sad Hits,DJ Master
Morning Metal,Skyler Beats
Essential Metal,Big Music
Focus Pop,DJ Jones
Focus Wave,Taylor Jones
R&B Mix,DJ Creator
Winter Metal,Big Miller
Acoustic Wave,Big Music
Classical Wave,Lil 99
Essential Folk,MC Mixer
Jazz Study,Lil Creator
Winter Soul,Alex Music
Jazz Hits,Alex Beats
Weekend Study,Vibe Brown
EDM Anthems,DJ Beats
Essential Grooves,Jordan 99
Focus Wave,Big Johnson
Techno Mix,DJ Mixer
Pop Grooves,Jordan 99
Workout Wave,Riley Johnson
Daily Grooves,Sound 99
Metal Energy,Skyler 123
Workout Country,MC Johnson
Metal Vibes,Skyler Master
Daily Vibes,Vibe Jones
Classic Hip Hop,Morgan Miller
Top 50 Global,Spotify Official
EDM Mix,Alex Music
Sad Classics,User Music
Techno Anthems,Quinn Johnson
Hip Hop Energy,Avery Rodriguez
Country Drive,Big Brown
Late Night Rock,Music 123
Soul Energy,User Davis
Techno Wave,Sound Miller
Acoustic Mix,Morgan Curator
Daily Classical,Quinn Smith
Party EDM,Taylor Williams
Summer Techno,User Williams
Essential Mix,Music Garcia
Blues Anthems,Big Jones
Blues Beats,Vibe 99
Deep Indie,Jordan Curator
Metal Mix,Casey 99
Ultimate Session,Lil Smith
R&B Anthems,Taylor 123
Rock Mix,Big 99
Weekend Indie,User Creator
Classical Anthems,Lil Smith
Vintage Session,Big Jones
Vintage Mix,Sound Master
Daily Mix,DJ Miller
Deep Session,User Garcia
Sad Grooves,Lil Curator
Country Classics,Riley 99
Techno Energy,Sound 99
Acoustic Jam,Quinn Martinez
Workout Country,Quinn Master
Classic Study,MC Rodriguez
Deep Hip Hop,Morgan Davis
Blues Mix,Alex Beats
Focus Jazz,Alex 123
Essential Drive,Alex Creator
Morning Lo-Fi,Avery Curator
Weekend Energy,Taylor Smith
Summer Mix,Morgan 99
Late Night Grooves,Skyler Martinez
Classic R&B,Avery Mixer
Weekend Wave,User Brown
Party Classical,Alex Mixer
Lo-Fi Anthems,Taylor Martinez
Classic Rock,Quinn Garcia
Top 50 Global,Spotify Official
Acoustic Beats,Avery Brown
Ultimate Metal,Quinn Music
Hip Hop Anthems,Riley Pro
EDM Flow,Skyler Davis
Late Night Indie,User Mixer
Electronic Jam,Quinn Curator
Top 50 Global,Spotify Official
Late Night Grooves,Riley Davis
Folk Jam,Music Pro
Classical Energy,MC 99
Classical Anthems,Skyler Beats
Blues Session,Lil Jones
Jazz Study,DJ Miller
Summer Flow,Alex Master
Sad Classical,Quinn Martinez
Deep Soul,Morgan Brown
Late Night Energy,User 123
Ultimate Metal,Taylor Smith
Metal Energy,Vibe Creator
Classical Jam,User Williams
Classic Wave,Big Creator
Daily Jazz,Skyler Jones
Daily Metal,DJ Curator
Blues Hits,Vibe Mixer
Soul Drive,Morgan Williams
Party Blues,Skyler Curator
Ultimate Wave,User Creator
Party Beats,Sound Beats
Summer Jam,Big 123
Classic Indie,Alex Jones
Winter Folk,MC Jones
Metal Drive,Riley Master
Classic Beats,Casey 99
Late Night Folk,Alex Johnson
Vintage Mix,Lil Beats
Happy Study,Taylor Davis
Classic Metal,Casey Pro
Focus Classics,Lil Davis
Sad Hip Hop,User Beats
Vintage Lo-Fi,MC Master
Weekend Session,Morgan Garcia
Classical Jam,Casey Curator
Classic Flow,Riley Smith
Morning R&B,Alex Smith
Electronic R&B,Vibe Davis
Blues Jam,DJ Davis
Folk Classics,Quinn Smith
Jazz Hits,Cameron 99
Hip Hop Beats,Casey Music
Ultimate Metal,Quinn Music
Party Study,Music Curator
Happy R&B,Avery Smith
Summer Soul,Lil Curator
Daily Grooves,Alex Creator
Daily EDM,Big Johnson
Late Night Mix,Cameron Brown
Rock Mix,Sound Johnson
Winter Flow,Morgan Miller
Country Vibes,MC Creator
Metal Jam,Morgan Miller
EDM Session,DJ Brown
Weekend Jam,Lil Beats
Electronic Hits,Jordan Williams
Essential Beats,Casey Pro
Country Flow,Lil 123
Jazz Mix,Cameron Miller
Jazz Session,Music Beats
Focus Jam,MC Jones
Vintage Soul,Casey Martinez
Vintage Techno,DJ Mixer
Hip Hop Jam,Jordan Beats
R&B Drive,Alex Brown
Deep Jazz,User Curator
R&B Classics,Music Miller
Techno Anthems,Riley Brown
Indie Jam,Skyler Smith
Acoustic Metal,Skyler Brown
Ultimate Techno,Cameron Davis
Daily Country,Skyler Williams
Jazz Study,MC Brown
Happy Blues,Riley Pro
Late Night Techno,Alex Mixer
Workout Soul,Jordan Rodriguez
Techno Jam,Riley Mixer
Soul Hits,Jordan Beats
Essential Metal,Casey Pro
Party Hits,Morgan Music
Weekend Hip Hop,Alex Master
Weekend Pop,Morgan Music
EDM Mix,Alex Music
Blues Jam,Avery Curator
Happy Drive,Cameron Brown
Ultimate Pop,Morgan Rodriguez
Daily Hip Hop,Casey Brown
Techno Vibes,Skyler Master
Classic Classics,Avery Mixer
Techno Vibes,Skyler 99
Indie Grooves,Vibe Music
Weekend Jazz,Lil Rodriguez
Focus Wave,Skyler Jones
Summer Indie,Taylor Miller
Pop Hits,DJ Martinez
Indie Jam,Big Rodriguez
Classical Wave,Taylor Davis
Winter Grooves,Riley Master
Blues Session,DJ Master
Indie Session,Alex Davis
Essential Pop,User Beats
R&B Mix,Sound Mixer
Folk Vibes,Riley Master
Techno Classics,Vibe Brown
Country Session,Casey 123
Morning Indie,Big Curator
Acoustic Techno,Riley Brown
Chill Blues,DJ Master
Weekend Metal,Skyler Miller
Deep Classics,Jordan Martinez
Workout Lo-Fi,Cameron Creator
Jazz Beats,Skyler Smith
Party Classics,User Smith
Classic Metal,Vibe Beats
Sad Vibes,DJ 99
Party Wave,Vibe Davis
Deep Flow,Jordan Jones
Winter Drive,Riley Pro
Acoustic Rock,MC Garcia
Classical Wave,Taylor Davis
Vintage Country,Morgan Curator
Ultimate Hits,Vibe Music
Classic Study,MC Mixer
Weekend Anthems,DJ Johnson
Party Anthems,Big 123
Weekend Wave,Cameron Beats
Weekend Rock,Vibe 123
Acoustic Jazz,Morgan Davis
Indie Beats,Morgan Jones
Workout EDM,Vibe Curator
Country Mix,Skyler Miller
EDM Energy,Lil Johnson
Ultimate Pop,Morgan Rodriguez
Weekend Hip Hop,Skyler Music
Techno Energy,Sound Pro
Daily Grooves,Skyler Mixer
Weekend Country,Casey Garcia
R&B Mix,MC Smith
Classical Hits,Lil Garcia
Summer Rock,Skyler Williams
Electronic Grooves,Quinn Master
Morning Beats,Music Garcia
Happy Beats,Big Pro
Weekend Hip Hop,Big Garcia
Late Night Blues,Casey Mixer
Acoustic EDM,Vibe Johnson
Morning Rock,Big Williams
Country Mix,Skyler 123
Weekend Study,Lil Mixer
Indie Beats,Quinn 123
Acoustic Energy,Jordan Beats
EDM Energy,Avery Creator
Deep Classics,Lil Davis
Soul Hits,Vibe Miller
Workout Jam,Riley Davis
Blues Vibes,Lil Curator
EDM Classics,Casey 123
Lo-Fi Drive,Music Curator
Techno Mix,Morgan Davis
Late Night Jam,Vibe Brown
Acoustic Metal,Music 99
Focus Wave,Taylor Jones
Top 50 Global,Spotify Official
Blues Drive,Alex Garcia
Focus Indie,Casey Beats
Summer Soul,User 123
Party Energy,DJ Curator
Daily Classics,Avery Jones
Essential Beats,Sound Williams
Party Jam,Riley Curator
Blues Vibes,MC Smith
Daily Beats,Cameron Smith
Late Night Lo-Fi,Big Brown
Pop Energy,Lil Jones
Vintage Anthems,Big Master
Electronic Indie,Lil Garcia
R&B Energy,Morgan 99
Acoustic Wave,DJ 123
Metal Study,Avery Mixer
Late Night Anthems,Alex Master
Acoustic Country,Cameron Pro
Hip Hop Study,Music Jones
Winter Jazz,Music Johnson
Workout Mix,Riley Music
Electronic Jam,Vibe Miller
Chill Jam,DJ Curator
Top 50 Global,Spotify Official
Summer Wave,Alex Curator
R&B Drive,Lil Music
Acoustic Mix,Big Music
Happy Grooves,Sound Miller
Winter Indie,Avery Beats
Techno Grooves,Music 123
Chill Techno,Skyler Mixer
Indie Grooves,Skyler Smith
Focus Country,Sound Music
Essential Classics,Quinn 99
Rock Energy,Casey Davis
Blues Mix,MC Beats
Sad Techno,User 99
Essential Pop,Vibe Rodriguez
Winter Pop,Avery Smith
Sad Techno,User 99
Happy Jazz,Sound Pro
Metal Flow,Big Mixer
Classic Classics,Jordan Smith
Party Hip Hop,Alex Music
EDM Flow,Casey Smith
Morning Rock,Riley Smith
Weekend Pop,Alex Martinez
Party Pop,MC Master
Sad Metal,Riley Martinez
Party Indie,Riley Pro
Rock Flow,Alex Rodriguez
Late Night EDM,Lil 99
Acoustic Vibes,MC Curator
R&B Classics,Music Miller
Country Mix,Casey Miller
Workout Country,MC Johnson
Party Mix,Sound Brown
Late Night Folk,Skyler Johnson
Happy Rock,Quinn Pro
Acoustic Techno,Music Master
Morning Mix,Vibe Davis
Weekend Wave,Quinn Davis
Sad Hip Hop,Riley Miller
Sad Beats,Cameron Garcia
Top 50 Global,Spotify Official
Winter Techno,Cameron Williams
Classical Grooves,Cameron 123
Deep Techno,Avery Music
Indie Vibes,User Brown
Jazz Flow,Music Beats
Happy Classical,Sound Rodriguez
Blues Mix,Vibe Miller
Party Jazz,Sound 99
Party Hip Hop,Taylor Williams
Acoustic Mix,Alex Music
Top 50 Global,Spotify Official
Weekend Rock,Taylor Brown
Workout Mix,Cameron Miller
Late Night Study,Big Mixer
Electronic Hits,Vibe Curator
Top 50 Global,Spotify Official
Pop Energy,Quinn Davis
Morning Flow,Casey Rodriguez
Blues Anthems,MC Brown
Chill Folk,Big Mixer
Ultimate Pop,Sound Miller
Summer Wave,Taylor 123
Daily Mix,DJ Miller
Daily Soul,MC Curator
Daily Hip Hop,DJ Davis
Morning Session,Alex Mixer
Happy Beats,Taylor Jones
Party Wave,Casey Creator
Winter Folk,Taylor Smith
Sad R&B,MC Rodriguez
Deep Blues,Morgan Brown
R&B Drive,Riley Pro
Essential Metal,Big Master
Deep Rock,MC Miller
Essential Pop,Vibe Rodriguez
Ultimate Lo-Fi,Music Garcia
Winter Drive,Riley Pro
Acoustic Jazz,Avery Mixer
Electronic Classical,MC Mixer
Pop Wave,Quinn Johnson
Ultimate Lo-Fi,Music Garcia
Ultimate Vibes,User Smith
Ultimate R&B,Riley Rodriguez
Winter Vibes,Skyler Garcia
Techno Vibes,Avery 123
Blues Study,Big Master
Country Anthems,Vibe Garcia
Acoustic Drive,Taylor 123
Techno Wave,Music Martinez
Chill Classical,Avery 123
Daily Drive,Morgan 123
Metal Mix,Morgan 123
Morning Rock,Big Williams
Weekend R&B,Skyler Davis
Deep Metal,Skyler Mixer
Summer Indie,DJ Williams
Focus Mix,Taylor Miller
Winter Wave,Morgan 123
Blues Flow,Cameron Brown
Ultimate Rock,MC Miller
Summer Jazz,Lil Creator
Soul Beats,DJ Pro
Workout Beats,Music Johnson
Hip Hop Grooves,Jordan Music
Chill Blues,Riley Master
Classic Techno,User 123
Deep Flow,Skyler Creator
Chill Soul,Jordan Martinez
Essential Metal,Jordan Johnson
Daily Blues,Vibe Garcia
Sad Flow,Cameron Miller
Deep Lo-Fi,Casey Miller
Late Night Indie,Alex Master
Ultimate Mix,Quinn Davis
Happy Metal,Quinn Rodriguez
Summer Mix,Quinn Rodriguez
Ultimate Techno,Skyler Davis
Indie Wave,Casey Brown
Deep Classical,MC Mixer
Party Jam,Quinn Garcia
R&B Classics,Music Miller
Focus Rock,Jordan Rodriguez
Classic Flow,Lil Jones
Soul Grooves,Skyler Miller
Top 50 Global,Spotify Official
Ultimate Indie,Avery Rodriguez
Acoustic Hits,Lil Brown
Blues Beats,Music Master
Chill Vibes,Quinn Master
Happy Hip Hop,Morgan Miller
Acoustic Rock,Quinn Jones
Vintage Blues,Quinn 99
Country Hits,User Pro
EDM Session,DJ Curator
Electronic Flow,Taylor Davis
Deep Jam,Cameron Brown
Ultimate Study,Big Beats
EDM Jam,Lil Rodriguez
Weekend Energy,Taylor Pro
Workout Mix,Jordan Brown
Summer Drive,Music Curator
EDM Flow,Cameron Williams
Top 50 Global,Spotify Official
Essential Vibes,DJ 123
Winter Pop,User Pro
Rock Drive,Music 99
Soul Beats,Cameron Davis
Blues Jam,Avery Curator
Focus Grooves,Skyler Miller
Weekend R&B,Skyler Curator
Daily Vibes,Vibe Jones
Daily Country,Skyler Smith
Acoustic Pop,Big Curator
Sad Pop,Big Pro
Focus Classical,Vibe Smith
Soul Flow,User Garcia
Acoustic Folk,User Davis
Winter Metal,Big Miller
Electronic Jazz,Avery Rodriguez
Country Vibes,Big Pro
Top 50 Global,Spotify Official
Focus Beats,Jordan Curator
Summer Energy,Taylor 123
Classic Vibes,Skyler Beats
Winter Energy,Cameron Williams
Winter Anthems,Jordan Miller
Electronic Jazz,Sound Johnson
Summer Wave,Taylor 123
Summer Techno,Quinn Martinez
Focus R&B,Taylor 123
Metal Anthems,Avery Master
Indie Flow,Alex Music
Ultimate Mix,Vibe Master
Pop Drive,Big 99
Daily Pop,Quinn Smith
Workout Jam,Cameron Curator
Soul Drive,Music Garcia
Morning Session,Alex Mixer
Classic EDM,Cameron Davis
Weekend Classical,Music 99
Focus Hip Hop,MC Beats
Metal Drive,Skyler Davis
EDM Hits,Vibe Mixer
Summer Drive,Riley 99
R&B Grooves,DJ Rodriguez
Ultimate Hip Hop,Skyler Master
Deep Classical,Avery Pro
Summer Hits,Lil Creator
Late Night Folk,Alex Johnson
Jazz Jam,User Davis
Daily Classical,Quinn Smith
Deep Hip Hop,Skyler Johnson
Late Night Folk,Jordan Mixer
Happy Anthems,Taylor Music
Essential Hip Hop,Avery Master
Folk Jam,Music Pro
Late Night R&B,Riley Miller
Morning Rock,Big Beats
Focus Metal,Taylor Davis
Winter Hip Hop,Cameron Curator
Classical Wave,Big Smith
Techno Anthems,MC Music
Ultimate Hits,Morgan Music
Hip Hop Grooves,Cameron Johnson
Late Night Jazz,Music Beats
Hip Hop Jam,Music Miller
Essential Anthems,Music 99
Techno Vibes,Vibe Pro
Late Night Jam,Avery Miller
Indie Classics,Vibe Garcia
Chill Metal,Casey Curator
Folk Drive,User Music
Winter Energy,Sound Creator
Workout Metal,Jordan Mixer
Metal Flow,Music Martinez
R&B Drive,Vibe Mixer
Folk Anthems,Lil Mixer
Party Session,Skyler Pro
Pop Beats,Morgan Creator
Focus Mix,Taylor Miller
Vintage Flow,Riley Davis
Deep Folk,Riley Williams
Essential Blues,Riley Williams
Country Study,Avery Music
Blues Session,Lil Jones
Essential Mix,Avery Martinez
Summer Session,MC 123
Deep R&B,DJ Curator
Classic Grooves,Jordan Brown
Vintage Anthems,Big Miller
Electronic R&B,Morgan Curator
Techno Grooves,Riley 123
Weekend Grooves,Sound Miller
Classic Grooves,Vibe Brown
Lo-Fi Hits,Cameron 123
Top 50 Global,Spotify Official
Happy EDM,Jordan Music
Blues Vibes,Jordan Johnson
Acoustic Mix,Morgan Curator
Ultimate Pop,Sound Miller
Classic Hits,Riley Master
Party Hits,Riley Smith
Workout Folk,User Music
Acoustic EDM,Taylor 123
Happy Techno,Casey Garcia
Happy Classics,Skyler Smith
Weekend Techno,Cameron Smith
Sad Wave,Lil Pro
EDM Hits,Jordan Master
Metal Drive,Riley Master
Electronic Anthems,Skyler Beats
Folk Beats,Vibe Johnson
Jazz Study,Taylor Smith
Party Soul,Jordan Rodriguez
Morning Grooves,Riley Mixer
Hip Hop Mix,Casey Williams
Country Jam,Big Beats
Vintage Country,Morgan Curator
Late Night Beats,MC Master
R&B Wave,Cameron Master
Essential Vibes,Quinn Miller
Late Night Jazz,Music Garcia
Metal Anthems,Avery Master
Party EDM,Taylor Williams
Indie Beats,Big Beats
Rock Wave,MC Rodriguez
Chill Beats,Casey Curator
R&B Mix,MC Smith
Late Night Mix,Cameron Brown
Morning Jazz,Casey Beats
Happy Blues,Cameron Curator
Top 50 Global,Spotify Official
Party Jam,Big Williams
Rock Study,Morgan 99
Essential Folk,Sound Music
Classical Mix,Quinn Garcia
Indie Energy,Big Pro
Summer Classics,Morgan Davis
Essential Anthems,Casey Master
Party Mix,Sound Brown
Winter Classical,MC Master
Lo-Fi Anthems,Sound Miller
Pop Grooves,MC Creator
Weekend Soul,Lil 123
Focus Jam,MC Jones
Chill Hip Hop,Big Davis
Weekend Beats,DJ Martinez
EDM Session,Taylor Creator
Deep Hip Hop,Big Mixer
Lo-Fi Mix,Alex Master
Acoustic Metal,Music Davis
Acoustic Country,Vibe Brown
Daily Soul,Quinn Martinez
Weekend Energy,Music Smith
Weekend Blues,Jordan Master
Country Hits,Cameron Miller
Vintage Mix,Sound Master
Daily Grooves,MC Miller
Ultimate Vibes,Vibe Davis
Summer Flow,Casey 99
Classic Flow,Lil Jones
Summer Blues,Casey 99
Deep Session,User Garcia
Summer Jazz,MC Garcia
Happy Session,Alex Music
Focus R&B,Avery Beats
Morning Session,MC Mixer
Chill Study,Music Rodriguez
Blues Anthems,Big Jones
Essential Beats,Sound Williams
EDM Flow,Casey Beats
Winter Vibes,Cameron Martinez
Summer Anthems,Alex Williams
EDM Flow,Big Creator
Late Night Classics,Riley Johnson
Focus Anthems,Lil Davis
Metal Grooves,Cameron Pro
Techno Grooves,MC Beats
Daily Techno,Skyler Pro
Focus EDM,Music Rodriguez
Electronic Pop,Morgan Miller
Lo-Fi Beats,Morgan 99
Summer Classics,Vibe Jones
Chill Pop,Jordan Garcia
Lo-Fi Classics,Big Mixer
Acoustic EDM,DJ Creator
Winter Grooves,Riley Master
Essential Blues,Lil Garcia
Classical Energy,Alex 123
Summer EDM,Quinn Martinez
Weekend Grooves,Avery Pro
Acoustic Hip Hop,Avery Williams
Focus Jam,Alex Miller
Summer Hip Hop,Big Creator
Ultimate R&B,Morgan Creator
Chill Techno,DJ 123
Techno Wave,Alex Master
Focus Jazz,Big Davis
Country Jam,Big Beats
Vintage Classics,Casey Miller
Vintage Jam,Skyler Johnson
Techno Wave,Big Garcia
Indie Energy,Cameron 99
Acoustic R&B,Jordan Creator
Country Wave,Skyler Beats
Deep EDM,MC Curator
Party Mix,Sound Brown
Classical Anthems,Lil Garcia
Late Night Rock,Avery Martinez
Essential Anthems,Vibe Curator
Late Night Mix,Cameron Brown
Workout R&B,Alex Creator
Winter Classics,Music Martinez
Acoustic Drive,Sound 99
Weekend Rock,Taylor 99
Happy Rock,Jordan Master
Hip Hop Study,Music 123
Workout Hits,Taylor Beats
Happy Blues,User Garcia
Daily Vibes,Vibe Jones
Folk Anthems,Taylor Curator
R&B Flow,MC Davis
Classic Study,Morgan 99
Summer R&B,Vibe Mixer
Morning Jazz,Riley Mixer
Folk Beats,Morgan Smith
Metal Flow,Big Mixer
Ultimate Classical,Quinn Garcia
Indie Vibes,DJ 99
Workout Soul,Jordan Rodriguez
Pop Grooves,Jordan 99
Ultimate Grooves,Riley Smith
Jazz Study,Avery Davis
Pop Wave,Jordan Davis
Weekend Classics,Vibe Curator
Happy Blues,Riley Mixer
Essential Hits,Lil Williams
Workout Anthems,Lil Mixer
Hip Hop Jam,Riley 99
Summer Rock,Casey Brown
Techno Classics,Alex Brown
Lo-Fi Beats,Riley Martinez
Lo-Fi Study,Riley 99
Winter Techno,DJ Rodriguez
Morning Rock,Alex Master
Deep Metal,Sound Jones
Sad Soul,Vibe Brown
Acoustic Hip Hop,Lil Johnson
Party Rock,Avery 99
Chill Anthems,Jordan Mixer
Morning Anthems,User 99
Summer Flow,Music Master
Blues Session,Avery Martinez
Workout Energy,Alex Martinez
Late Night Soul,Lil Beats
EDM Grooves,Casey Master
Party Hip Hop,Big Davis
Vintage Jam,Riley 99
Party Jazz,Alex Beats
Party Soul,Vibe Johnson
Vintage Metal,Quinn 123
Rock Study,Jordan Mixer
Party Soul,Riley Brown
Weekend R&B,Skyler Davis
Hip Hop Drive,Sound Rodriguez
Party Country,DJ Curator
Techno Study,Sound Williams
Sad Vibes,Lil Creator
Ultimate Anthems,Big Beats
Jazz Anthems,Riley Brown
Chill Folk,Avery 123
Metal Classics,MC Music
Vintage Energy,MC Williams
Indie Classics,Cameron Master
Party Energy,Quinn Johnson
Rock Drive,Skyler Curator
Country Session,DJ Miller
Winter Classics,Big Music
Vintage Folk,Jordan Miller
Hip Hop Anthems,DJ Music
Deep Pop,User 123
Focus Rock,Jordan Williams
Lo-Fi Hits,Music Rodriguez
Deep Blues,Morgan Brown
Daily Mix,DJ Miller
Summer Wave,Taylor 123
Weekend Jazz,Lil Rodriguez
Sad Country,Lil Garcia
Pop Hits,Big 99
EDM Session,Big Martinez
Jazz Energy,Riley Jones
Hip Hop Hits,Morgan Creator
Vintage Hip Hop,Skyler Smith
Daily Lo-Fi,Taylor 99
Indie Study,Casey Garcia
EDM Drive,Skyler Garcia
Classic Beats,Riley Brown
Techno Vibes,Alex Pro
Weekend Session,Skyler Brown
Hip Hop Hits,Taylor Master
Lo-Fi Mix,Avery Davis
R&B Beats,Skyler Brown
Morning Session,MC Mixer
Focus Folk,Lil Davis
Classical Anthems,Riley Smith
Lo-Fi Study,Alex Mixer
Acoustic Indie,Vibe Jones
Jazz Anthems,Quinn Williams
Hip Hop Anthems,Skyler Davis
Focus Country,Casey Music
Soul Session,Casey Music
Classical Session,Morgan Mixer
Acoustic Pop,Skyler 123
Soul Study,DJ 99
Hip Hop Flow,Skyler Miller
Late Night Country,DJ Brown
Electronic Country,Quinn Smith
Vintage Jam,Avery Jones
EDM Drive,Skyler Garcia
Classical Anthems,Taylor Smith
Focus Hip Hop,MC Beats
Winter Hits,Morgan 99
Ultimate Grooves,Music Music
Blues Mix,Cameron Curator
Ultimate Mix,Casey Pro
Workout Blues,Music Martinez
Country Flow,Lil Pro
Ultimate Soul,Riley 99
Morning Pop,Vibe Music
Blues Flow,Casey Creator
Deep Folk,Skyler 123
Winter Lo-Fi,Sound Rodriguez
Essential Beats,Riley Beats
Focus Techno,DJ 99
Classic Pop,MC Curator
Ultimate Classical,MC Curator
Ultimate Hits,Sound Smith
Morning Classical,Casey Jones
Essential Indie,Avery Williams
Top 50 Global,Spotify Official
Lo-Fi Study,Quinn 99
Blues Jam,Casey 123
Deep Techno,Avery Music
Essential Folk,Music Rodriguez
Essential Indie,Alex Master
Daily Classical,Avery Smith
Pop Energy,Alex Beats
Electronic Metal,Avery Mixer
Party Jazz,Avery Davis
EDM Beats,DJ Davis
Happy Mix,Avery Garcia
Essential Metal,DJ Davis
Workout Jam,Riley Davis
Deep Blues,Casey Mixer
Party Blues,DJ Garcia
Summer Rock,Jordan Rodriguez
Happy Hip Hop,Morgan Miller
Sad Grooves,MC Johnson
Late Night Jam,Avery Miller
Chill Grooves,Quinn Miller
Folk Session,Quinn Martinez
Chill Country,Morgan Music
Acoustic Hits,Skyler Curator
Rock Wave,Casey Miller
Hip Hop Hits,Riley Master
Happy Mix,User Davis
Essential Anthems,Music 99
Classic Jazz,Morgan Beats
Essential Rock,Casey Smith
Electronic Anthems,Alex Miller
Folk Mix,Avery Williams
Indie Classics,Skyler Garcia
EDM Study,Skyler Garcia
Metal Drive,Jordan 99
Morning Wave,Big Brown
Blues Vibes,MC Smith
Acoustic Rock,Casey Mixer
Essential Hip Hop,Jordan Davis
Deep Hits,Vibe 123
Classic Flow,Riley Curator
Summer Session,Jordan 123
Blues Mix,Alex Beats
Lo-Fi Classics,Big Mixer
Morning Anthems,Riley 123
Blues Beats,Music Master
Acoustic Vibes,MC Garcia
Classical Flow,Lil Smith
Vintage Jazz,Quinn Beats
R&B Drive,Music Miller
EDM Grooves,Quinn Master
Focus Pop,Lil Brown
Country Vibes,Alex 123
Essential Blues,Morgan Rodriguez
Classic Session,Sound Creator
Vintage Rock,Vibe Martinez
Essential Vibes,DJ 123
Blues Classics,Morgan Martinez
Party Beats,Avery Music
Chill Country,Morgan Music
Jazz Mix,Cameron Smith
Acoustic Pop,Skyler Garcia
Daily Indie,MC Garcia
Weekend Folk,MC Beats
Essential Pop,Music 123
Classic Indie,Morgan Williams
Workout Session,Cameron Jones
Deep Grooves,Taylor Beats
Daily EDM,Alex Davis
Vintage Grooves,Vibe Johnson
Jazz Flow,Sound Martinez
Metal Grooves,Big Master
Sad Flow,Cameron Miller
Morning Classics,Avery Martinez
Pop Session,Skyler Garcia
Rock Flow,Cameron Johnson
Rock Vibes,MC Jones
Blues Flow,Casey Creator
Top 50 Global,Spotify Official
Happy Indie,Morgan Mixer
Summer Pop,Alex Master
Late Night Jam,Riley Martinez
Country Beats,Riley Miller
Daily Country,Music 99
Party Jazz,Quinn Miller
Ultimate Techno,Taylor Pro
Rock Drive,Skyler Curator
Classic R&B,Quinn 123
Electronic Techno,DJ Williams
Essential Techno,Sound Johnson
Jazz Flow,Music Beats
Folk Hits,Taylor Rodriguez
Classic Indie,Morgan Music
Vintage Anthems,Vibe Curator
Late Night Study,MC Master
Blues Classics,Casey Brown
Late Night Drive,MC Music
Acoustic Anthems,Quinn Mixer
Sad Anthems,Quinn Beats
Soul Mix,MC Music
Daily Indie,Alex Smith
Workout Jazz,Casey Beats
Summer Hits,Skyler Music
Indie Wave,DJ Creator
Morning Hip Hop,Avery Jones
Sad Hip Hop,Vibe Pro
R&B Drive,Music Miller
Party Jazz,Vibe Davis
Pop Study,Music 99
Lo-Fi Wave,Quinn Mixer
Winter EDM,Music Beats
Late Night Study,Avery Williams
Workout Metal,User 99
Deep Jazz,Vibe Creator
Ultimate EDM,Casey 99
Summer Country,Alex Johnson
Vintage Pop,Quinn Johnson
Weekend Blues,Quinn Johnson
Vintage Blues,Cameron 123
Late Night Jam,Riley Martinez
Metal Grooves,Riley Martinez
Daily Indie,Jordan 123
Techno Session,Taylor Rodriguez
Techno Vibes,Music Johnson
Sad Pop,User 99
Daily Vibes,Riley Creator
Deep Flow,Jordan Music
Sad Jazz,Vibe Martinez
Daily Country,Music 99
Deep Mix,Big Davis
EDM Study,User Jones
R&B Classics,DJ Pro
Workout Soul,Taylor Beats
Sad Jam,Vibe Garcia
Blues Jam,Avery Curator
Electronic Classics,MC Pro
Pop Classics,Morgan 123
Essential Folk,Avery Pro
Late Night Hits,Avery Beats
Folk Beats,Jordan Miller
Summer Jam,MC Smith
Summer Rock,Cameron Smith
Hip Hop Vibes,User Master
Sad Techno,Big Rodriguez
Weekend Metal,MC Garcia
Ultimate Folk,Cameron Creator
Happy Study,MC Martinez
Rock Jam,Music Garcia
Classic Anthems,Vibe Beats
Deep Study,DJ Garcia
Sad R&B,MC Rodriguez
Chill EDM,Sound Brown
Ultimate Jazz,Big 99
R&B Beats,Skyler Brown
Vintage Jam,Riley 99
Pop Session,Music Jones
Blues Jam,Cameron Curator
Country Flow,Riley Smith
Summer Jazz,Alex Creator
Soul Flow,User Jones
Essential Folk,Skyler Smith
Indie Classics,Skyler Garcia
Techno Anthems,Quinn Johnson
Lo-Fi Beats,Alex 99
Daily Techno,Skyler Pro
Weekend Energy,Avery Smith
Indie Beats,Morgan Jones
Hip Hop Study,Taylor Beats
Happy EDM,Big 99
Chill Hip Hop,Big Davis
Top 50 Global,Spotify Official
Essential Soul,Alex Rodriguez
Chill Techno,Music Garcia
Weekend Session,Morgan Garcia
Essential Energy,Music Williams
Essential Jazz,Avery Davis
Acoustic Beats,Riley Martinez
Acoustic Metal,Skyler Brown
Ultimate Hip Hop,Lil Brown
Folk Wave,Alex Davis
Focus Study,Jordan Mixer
Jazz Study,Taylor Smith
Summer Grooves,Jordan Brown
Ultimate Indie,User Pro
Party Study,Music Davis
Sad Folk,Lil Curator
Essential Drive,DJ Master
Focus EDM,Music Rodriguez
Morning Classical,Quinn Curator
Lo-Fi Mix,Cameron 123
Pop Grooves,MC Creator
Chill Study,Avery Pro
Indie Beats,Big 99
Acoustic Metal,Music Davis
Weekend Classics,Vibe Curator
Classic Techno,Jordan Davis
Summer Metal,User Mixer
Blues Hits,Quinn Garcia
Summer Beats,MC Martinez
Essential Beats,User Martinez
Essential Techno,Morgan Miller
Country Study,MC Pro
Weekend Techno,Vibe Rodriguez
Late Night Soul,User Smith
Party Drive,User Garcia
Techno Flow,Music Davis
Acoustic Blues,Lil Master
Party Indie,Riley Pro
Party Metal,Morgan Rodriguez
Ultimate Study,Skyler Rodriguez
Country Anthems,Sound Rodriguez
Ultimate Blues,Sound 123
Classic Rock,DJ Williams
Country Drive,Morgan Miller
Ultimate Rock,Quinn 99
Ultimate Flow,DJ Creator
Jazz Wave,Music Pro
Weekend Session,Taylor Johnson
Focus Jazz,Big Davis
Soul Hits,Vibe Miller
Focus Anthems,Lil Davis
Sad Jam,Skyler Mixer
R&B Energy,Jordan Master
Daily Flow,Avery Johnson
Deep Indie,Music Smith
Jazz Anthems,Skyler Music
Vintage Country,Morgan Curator
Happy Rock,Jordan Master
Soul Beats,Lil Garcia
Techno Wave,Morgan Mixer
Deep Indie,Music Smith
Blues Vibes,User Beats
Country Mix,Skyler Johnson
Morning Soul,Skyler Beats
Vintage Country,Taylor Jones
Essential Techno,Sound Johnson
Folk Drive,Casey Garcia
Jazz Drive,Avery Beats
Sad Soul,Casey Williams
Techno Energy,Quinn Jones
Winter Jazz,MC Jones
Pop Study,Jordan Johnson
Jazz Anthems,Morgan Beats
Sad Vibes,Quinn Martinez
EDM Anthems,Riley Rodriguez
Lo-Fi Study,Alex Mixer
Rock Vibes,Cameron Creator
Rock Wave,Riley Johnson
Late Night Hits,Lil Curator
Weekend Pop,Alex Martinez
Weekend Study,Big Rodriguez
Rock Drive,Music 99
Party Grooves,Riley Curator
Late Night Jam,Vibe Brown
Pop Jam,Music Curator
Winter Techno,Music Smith
Acoustic Country,Cameron Pro
Electronic Hip Hop,Music Davis
R&B Study,Avery Davis
Blues Mix,Alex Beats
Deep Energy,Jordan Pro
R&B Beats,Lil Garcia
R&B Energy,Music Jones
Summer Pop,Jordan Creator
Summer Energy,Alex Brown
Happy Blues,Morgan Miller
Acoustic Blues,Big Garcia
Winter Folk,Avery Rodriguez
EDM Flow,Big Creator
Ultimate Folk,Big Music
Acoustic Techno,Music Brown
Essential Folk,Avery Pro
Happy Folk,Quinn Jones
Country Flow,Lil Pro
Ultimate Grooves,Music Music
Late Night Hits,Lil Curator
Techno Classics,Big Martinez
Summer Classics,DJ Martinez
Focus Indie,Cameron Rodriguez
Chill Techno,DJ 123
Acoustic Grooves,Riley Davis
Soul Beats,Lil Garcia
Indie Energy,User Johnson
Soul Energy,User Davis
Sad Techno,Alex Music
Metal Grooves,Riley Martinez
Rock Mix,Cameron Curator
R&B Flow,MC Davis
R&B Drive,Vibe Mixer
Chill Vibes,DJ Smith
Summer Energy,User Curator
Focus Session,Alex Curator
Classical Anthems,Riley Smith
Acoustic Wave,Big Music
Ultimate Study,DJ Beats
Classic Wave,Vibe Music
Weekend Hits,Avery Smith
Focus Grooves,Skyler Miller
Winter Classical,Taylor 123
Hip Hop Flow,Riley Martinez
Vintage Soul,Skyler Curator
Pop Grooves,Jordan Curator
Vintage Country,DJ Davis
Deep Jazz,Avery Beats
Focus EDM,Sound 99
Metal Mix,Casey 99
Winter Techno,Riley Master
Late Night Lo-Fi,Sound 99
Happy Folk,Casey Williams
Daily Techno,Big Smith
Deep Classical,Avery Pro
Electronic Hits,Vibe Master
Country Beats,Skyler Martinez
Focus Classics,Taylor 123
Happy Anthems,Skyler Creator
Electronic Jam,MC Creator
Sad Blues,Jordan 123
Party Study,Music Davis
Blues Mix,Cameron Curator
Morning Beats,Casey Williams
R&B Energy,Quinn Davis
Happy Jazz,Lil Martinez
Workout Country,Vibe Pro
Country Study,Avery Music
Soul Flow,Sound Davis
Country Energy,MC Davis
R&B Wave,Cameron Music
Classic Jam,Lil Curator
Acoustic Indie,Vibe Jones
Lo-Fi Flow,MC Martinez
Hip Hop Grooves,Sound Curator
Daily Beats,Avery Beats
Pop Study,Riley Johnson
Top 50 Global,Spotify Official
Focus R&B,Alex Music
Acoustic Session,Quinn Master
Vintage EDM,Riley Creator
Happy Anthems,Avery Garcia
Weekend Drive,Jordan Martinez
Pop Drive,Jordan Garcia
Workout Jam,Riley Davis
Essential Jazz,Avery Davis
Acoustic Grooves,Riley Master
Deep Hip Hop,Skyler Johnson
Techno Anthems,Riley Brown
Happy Mix,Lil Creator
Morning Lo-Fi,Riley Creator
Top 50 Global,Spotify Official
Soul Jam,Taylor Johnson
Classical Anthems,Skyler Creator
Weekend Mix,Sound Smith
Chill Country,Morgan Music
Winter Drive,Avery Williams
Weekend Metal,Lil Creator
Metal Drive,Sound Pro
Indie Classics,DJ Martinez
Ultimate Hip Hop,User Master
Rock Mix,Morgan Creator
Daily Rock,Big Brown
Classic Hip Hop,Music Williams
Essential Techno,Morgan Miller
Classical Beats,MC 99
Ultimate Soul,Vibe Williams
Weekend Metal,MC Garcia
Deep Session,Alex Johnson
Acoustic Classics,Casey 99
Pop Mix,Cameron Johnson
Blues Wave,Jordan 123
Late Night Rock,Lil Mixer
Acoustic Jazz,Vibe Rodriguez
Deep Jam,Skyler Garcia
Metal Flow,Vibe Master
Acoustic Energy,Alex Pro
Country Session,User Jones
Acoustic Classical,Vibe 123
Morning Wave,Casey Master
Classical Mix,Alex Miller
Hip Hop Energy,Taylor Music
Top 50 Global,Spotify Official
Winter Anthems,Music Brown
Country Wave,Vibe Williams
Techno Grooves,Riley 123
Soul Classics,Riley Master
Summer Hip Hop,Morgan Williams
Late Night Folk,Music Pro
Classic Wave,User Smith
Electronic Beats,Big Brown
Ultimate Pop,Jordan Jones
Focus Classics,Lil Davis
Morning Drive,Avery Johnson
Morning Soul,Big Johnson
Weekend Wave,Cameron Beats
Folk Wave,Alex Davis
Sad Flow,Casey Beats
Classic Techno,Morgan Rodriguez
Folk Wave,Skyler 123
Country Flow,Music Beats
Top 50 Global,Spotify Official
R&B Study,Sound Brown
Winter Drive,Riley Pro
Focus Techno,User Jones
Indie Classics,Cameron Master
Rock Jam,MC Johnson
Focus Classics,Lil Davis
Classic Drive,Cameron Brown
Workout Flow,Quinn 123
Summer Lo-Fi,Lil Johnson
Winter Jazz,MC Jones
Pop Drive,Jordan Garcia
Deep Hits,Lil Johnson
Happy R&B,Casey Johnson
Ultimate Hits,Vibe Music
Techno Anthems,Alex Martinez
Acoustic Techno,Skyler Music
Weekend Blues,MC Music
Chill EDM,DJ Music
Summer Folk,Taylor Brown
Party Indie,Riley Pro
Hip Hop Grooves,Sound Curator
Techno Classics,Big Martinez
Workout Metal,Jordan Mixer
Acoustic Rock,Vibe Master
Vintage Grooves,Cameron Davis
Jazz Vibes,Avery Pro
Party Country,Avery Master
Weekend EDM,Cameron Miller
Winter Drive,Lil 99
Essential Mix,Big Music
Country Classics,Quinn Beats
Party R&B,User Mixer
Weekend R&B,Skyler Curator
Metal Drive,Sound Pro
Jazz Grooves,Vibe Mixer
Lo-Fi Drive,Alex 123
Deep Anthems,Alex Martinez
Country Session,DJ Miller
Jazz Mix,Cameron Smith
Deep Rock,MC Miller
Chill Flow,Riley Brown
EDM Hits,Skyler Curator
Electronic Grooves,Quinn Master
Rock Classics,User Creator
Ultimate Mix,Vibe Johnson
Electronic Classics,MC 123
Late Night Soul,Lil Beats
Vintage Session,Big Jones
Winter Jam,Riley Johnson
Techno Jam,Riley Davis
Pop Vibes,Riley Master
Morning Mix,DJ Martinez
Daily Beats,Cameron Smith
Soul Jam,Jordan Music
Focus EDM,MC Martinez
Jazz Flow,Music Beats
Rock Study,Morgan 99
Weekend Rock,Taylor 99
Jazz Study,Jordan Pro
R&B Grooves,Casey Jones
Blues Drive,Alex Garcia
Hip Hop Flow,Vibe Miller
Pop Hits,Big 99
Acoustic Wave,Big Music
Techno Drive,DJ Curator
Focus Classics,Jordan Rodriguez
Classic Vibes,Alex Music
Winter Hip Hop,Avery Pro
Classic Anthems,Vibe Beats
Pop Study,Alex 123
Winter Jazz,Music Johnson
Acoustic Folk,Vibe Master
Metal Classics,Lil Rodriguez
Deep Indie,Jordan Master
Classical Vibes,Riley Martinez
Winter Techno,DJ Rodriguez
Summer Beats,Taylor Master
Classical Energy,Morgan 99
Daily Energy,Lil Pro
Classic Grooves,Avery Music
Focus R&B,Taylor Garcia
Soul Drive,Avery Davis
Blues Study,Riley Mixer
Acoustic Drive,DJ Miller
Happy Grooves,Alex Music
Winter Drive,Riley Pro
Focus Flow,Riley 99
Acoustic Indie,Vibe Jones
Morning Rock,Riley Smith
Daily Metal,Sound Master
Daily Hits,Vibe Mixer
Chill R&B,Lil Mixer
Daily Lo-Fi,Big Pro
Classic Mix,Morgan Jones
Classic Drive,Alex 123
Acoustic Blues,Jordan Brown
Ultimate Vibes,Cameron Creator
Top 50 Global,Spotify Official
Hip Hop Wave,Jordan Jones
Winter Metal,Skyler Beats
Sad Session,Jordan Johnson
Weekend Session,Morgan Beats
Winter Beats,Morgan Curator
Daily Energy,User Johnson
Winter Pop,Avery Smith
R&B Classics,MC Pro
Techno Mix,User Garcia
Acoustic Techno,Riley Brown
Focus Rock,Morgan 123
Party Grooves,Vibe Creator
Focus Rock,User Creator
Country Hits,Casey Curator
Soul Flow,User Garcia
Ultimate Beats,Sound Curator
Techno Jam,Taylor Williams
Late Night Rock,Lil Mixer
Party Drive,User Garcia
Classic Hits,Big Music
R&B Vibes,MC 123
Late Night EDM,User Pro
Weekend Anthems,Vibe Jones
Techno Vibes,Alex 99
Party Pop,User Garcia
Metal Jam,Morgan Miller
Workout Hip Hop,Avery Curator
Hip Hop Classics,Casey Martinez
Chill R&B,Casey Jones
Chill Classical,Alex Rodriguez
Workout EDM,Vibe Curator
Classic Hits,Big Music
Vintage Mix,Sound Master
Summer Rock,Casey Brown
Weekend Mix,Casey Creator
Hip Hop Drive,Skyler Brown
Hip Hop Beats,Casey Music
Techno Wave,Sound Miller
Sad Grooves,Lil Smith
Sad Drive,Sound Martinez
Focus Country,Casey Music
Classical Beats,Lil Jones
Essential Rock,Avery Music
Vintage Folk,Sound Jones
Weekend Classical,Vibe Martinez
Sad Vibes,Lil Creator
Summer Lo-Fi,Lil Johnson
Summer Hits,Cameron Beats
Metal Session,Vibe Miller
Winter Techno,DJ Brown
Vintage Blues,Riley Creator
Deep EDM,MC Garcia
Deep Folk,Skyler 123
Rock Jam,Music Garcia
Folk Drive,Lil Williams
Workout Energy,Cameron Curator
Country Mix,Skyler Miller
Hip Hop Vibes,Vibe Brown
Late Night Folk,DJ Mixer
Lo-Fi Hits,Cameron 123
Ultimate Rock,Alex Master
Essential Grooves,Avery Beats
Focus Session,Quinn Rodriguez
Essential Beats,Riley Beats
Pop Grooves,Jordan 99
Acoustic Grooves,Avery Williams
Jazz Anthems,Vibe Curator
Blues Grooves,Big Miller
Ultimate Folk,Alex Rodriguez
Lo-Fi Hits,Alex Garcia
Daily Classics,Avery Jones
Sad Study,Jordan Brown
Morning R&B,Alex Mixer
Acoustic Hits,Skyler 99
Morning Grooves,Riley Mixer
Sad Indie,Casey Curator
Classic Flow,Riley Smith
Hip Hop Energy,Music Garcia
Techno Wave,Cameron Mixer
Late Night Rock,Alex 99
Rock Energy,Morgan Garcia
Electronic Indie,Vibe Master
Soul Beats,Cameron Davis
Late Night Grooves,Riley Davis
Weekend Hip Hop,Alex Master
Focus Anthems,Avery Master
Daily EDM,Alex Davis
Weekend Indie,Big Rodriguez
Deep Energy,Sound 99
Deep Indie,Jordan Curator
Vintage Grooves,Quinn Garcia
Late Night Anthems,User Davis
Essential Techno,Skyler Williams
Party Hits,Casey Music
Party Metal,MC Mixer
Party Hip Hop,Cameron Garcia
Essential Hits,Skyler Curator
Sad Grooves,Morgan Johnson
Top 50 Global,Spotify Official
Late Night Country,User Master
Lo-Fi Anthems,Vibe Johnson
Lo-Fi Energy,Quinn Music
Indie Beats,MC Johnson
Country Drive,Taylor Davis
Metal Hits,Vibe Creator
Indie Energy,Alex Beats
R&B Classics,Sound Smith
Electronic Mix,Alex Beats
Party Pop,Vibe Brown
Happy Flow,Riley Mixer
Acoustic Vibes,Jordan Davis
Jazz Drive,DJ Mixer
Hip Hop Energy,Vibe Brown
Soul Grooves,Casey Master
Morning Flow,Morgan Master
Techno Jam,Taylor Williams
Lo-Fi Grooves,Riley Brown
Indie Anthems,Cameron Mixer
Happy Beats,MC Rodriguez
Electronic Pop,User Master
Deep Metal,MC Curator
Hip Hop Mix,Skyler Curator
Pop Classics,Morgan 123
Folk Flow,Big Martinez
Focus Jazz,Sound Davis
Weekend Classical,Riley Beats
EDM Flow,Taylor Smith
Winter Metal,User Garcia
Techno Vibes,Skyler 99
Ultimate Flow,Vibe Smith
Vintage Classics,Morgan Rodriguez
EDM Flow,Taylor Smith
Party Session,Jordan Davis
Weekend Energy,Taylor Smith
Late Night Pop,Lil Master
Chill Hip Hop,Quinn Pro
Metal Vibes,DJ Jones
Soul Study,Taylor Miller
Hip Hop Vibes,Vibe Brown
Classic Flow,Riley Smith
Vintage Study,Quinn Johnson
Deep Hip Hop,Big Mixer
Techno Jam,Riley Williams
Vintage Mix,Riley Williams
R&B Session,MC Music
Weekend Vibes,Riley Music
Country Mix,Skyler Miller
Happy Folk,MC 123
Ultimate Classics,DJ Rodriguez
Ultimate Country,Jordan Garcia
Acoustic Folk,User Rodriguez
Acoustic EDM,Lil Mixer
Late Night Pop,Taylor Miller
Pop Session,User Creator
Weekend Pop,Avery Curator
Late Night Folk,Jordan Mixer
Weekend Soul,MC Curator
Classical Mix,Jordan Master
Focus Wave,Big Johnson
Workout Energy,Sound Davis
Summer Grooves,Skyler Johnson
Jazz Mix,DJ Master
Electronic Country,Vibe Davis
Vintage Hip Hop,Cameron Garcia
Hip Hop Study,Taylor Beats
Lo-Fi Beats,User 99
Vintage Grooves,Casey Mixer
Workout Anthems,Music Brown
Folk Mix,Vibe 123
Rock Study,Vibe Johnson
R&B Wave,Cameron Master
Sad Classical,Taylor Johnson
Blues Session,Riley Pro
Winter R&B,MC 123
Classic Wave,Cameron Smith
Chill Beats,Riley Beats
Classical Anthems,Jordan Creator
Lo-Fi Drive,Quinn Williams
Chill Rock,Alex Johnson
Deep Rock,Alex Creator
Deep Energy,Jordan Pro
Classical Session,Morgan Mixer
Vintage Classics,Skyler Miller
Pop Study,Alex 123
Lo-Fi Vibes,Quinn Beats
Indie Study,Avery Creator
Chill Hip Hop,Quinn Pro
Indie Jam,Taylor Mixer
Top 50 Global,Spotify Official
Winter Classical,Quinn Rodriguez
Ultimate R&B,Morgan Music
Pop Mix,Riley Brown
Acoustic Indie,Quinn Jones
Folk Flow,Casey Johnson
Techno Classics,Big Martinez
Daily Indie,Music 99
Electronic R&B,Vibe Davis
Vintage Vibes,Alex Beats
Focus Indie,Taylor Music
Techno Grooves,Music 123
Blues Jam,Big Beats
Electronic Beats,User Davis
Morning Lo-Fi,Big Brown
Workout Pop,Morgan Master
Chill Pop,User Martinez
Acoustic R&B,Jordan Creator
Happy Metal,User Martinez
Acoustic Folk,User Rodriguez
Soul Flow,User Jones
Deep Blues,Cameron Martinez
Sad Pop,Lil Pro
Late Night Folk,Skyler Creator
Country Energy,MC Davis
Daily Lo-Fi,Taylor 99
Happy Mix,Lil Davis
Morning Session,Jordan Creator
Summer Hits,Skyler Music
Happy Folk,Big Master
Workout Drive,Riley 99
Blues Jam,Avery Curator
Indie Vibes,Casey Music
Ultimate Indie,Avery Rodriguez
Rock Drive,Avery Johnson
Hip Hop Grooves,Morgan Master
Summer R&B,Music Rodriguez
Party Vibes,Sound Rodriguez
Deep Blues,Morgan Brown
Party Beats,Riley Johnson
Folk Jam,Quinn Johnson
Soul Hits,Jordan Beats
Indie Energy,Skyler Johnson
Sad Grooves,Lil Curator
Essential Pop,Alex Rodriguez
Weekend Beats,Skyler 123
Morning Indie,Taylor Beats
Soul Wave,Jordan Master
Blues Hits,Big Garcia
Top 50 Global,Spotify Official
Vintage EDM,Cameron Davis
Essential Vibes,DJ 123
Classical Anthems,Taylor Music
Weekend EDM,Cameron Miller
R&B Grooves,DJ Rodriguez
Hip Hop Beats,Music Music
Folk Flow,Cameron Johnson
Weekend Soul,Sound Beats
Weekend EDM,Big Miller
EDM Flow,Casey Smith
Vintage Pop,Big Smith
Morning Lo-Fi,Riley Creator
Metal Flow,Alex Beats
Essential Session,Quinn Miller
Country Vibes,Cameron Beats
Essential Vibes,DJ Brown
Summer R&B,Jordan Garcia
Deep Country,Skyler Garcia
Chill Pop,User Martinez
R&B Beats,Morgan Johnson
Essential Metal,Big Music
Blues Grooves,Vibe 123
Morning Grooves,Riley Mixer
Workout Country,Quinn Master
Pop Vibes,Taylor Garcia
Lo-Fi Vibes,Big Brown
Deep Anthems,Jordan Curator
Essential Hip Hop,Avery Master
Blues Classics,Casey Brown
Classic Study,MC Rodriguez
Country Flow,Lil Creator
EDM Session,DJ Brown
Party Jam,Quinn Garcia
Winter Hip Hop,Cameron Curator
Classic R&B,DJ Brown
Weekend Anthems,Cameron 123
Classic Session,Alex Rodriguez
Rock Mix,Lil Jones
Essential Blues,Quinn Master
Soul Study,Alex Williams
Blues Anthems,Big Rodriguez
Sad Soul,User Creator
Pop Study,Casey Curator
Weekend Hits,Taylor Jones
Country Drive,MC Curator
Happy Vibes,Taylor Garcia
Morning R&B,Skyler 99
Techno Wave,Cameron Mixer
Happy Indie,Riley Jones
Essential Energy,Quinn Brown
Deep Hip Hop,Skyler Johnson
Weekend Jazz,Morgan Jones
R&B Energy,Skyler Master
Classic Jam,Big 123
R&B Anthems,Quinn Curator
Classic Metal,MC Davis
Essential Anthems,Casey Master
Weekend Blues,Casey Mixer
Essential Pop,Quinn Martinez
Weekend Lo-Fi,Lil Mixer
Sad Jazz,Vibe Martinez
Weekend Techno,Taylor Jones
Deep Beats,Skyler Garcia
Morning Hits,User Music
Essential Rock,Casey Rodriguez
Weekend Hits,Avery Smith
Winter Wave,Big Garcia
Weekend EDM,Avery Creator
Soul Hits,Taylor 99
EDM Drive,Cameron Rodriguez
Electronic Rock,Alex Beats
Focus Anthems,Vibe Beats
Summer Anthems,Alex Williams
Focus Flow,Avery Master
Country Jam,Big Beats
Sad Blues,Jordan 123
Soul Session,Vibe Williams
Late Night Session,Sound Beats
Late Night Metal,DJ Miller
Daily Drive,Quinn Davis
EDM Flow,Cameron Williams
Chill Anthems,Casey Brown
Vintage Classics,Avery 99
Essential Anthems,Casey Master
Winter Hip Hop,Alex Music
Metal Jam,Skyler Smith
Daily Country,Music 99
Blues Classics,Casey Brown
Electronic Flow,MC Davis
Party Jazz,Riley Creator
Acoustic R&B,Big Creator
Pop Session,Big Master
Deep Drive,User Johnson
Rock Wave,Quinn Johnson
Workout Techno,Sound Martinez
Rock Beats,Morgan Miller
Techno Vibes,Avery 123
Morning Vibes,User Miller
Party Lo-Fi,Vibe Brown
Classical Flow,Riley Smith
Late Night Wave,Sound Johnson
Hip Hop Wave,Jordan Davis
Daily Techno,Casey 99
Electronic Blues,MC Garcia
Daily Beats,Quinn Music
Soul Energy,User Davis
Happy Grooves,Alex Music
Winter Jazz,Casey Miller
Country Session,Sound Pro
Morning Flow,Morgan Martinez
Summer Mix,Quinn Rodriguez
Essential Blues,Quinn Master
Jazz Wave,Skyler Garcia
Workout Energy,Skyler Master
Metal Drive,Music Brown
Chill Anthems,Casey Brown
Happy Hip Hop,Skyler Jones
Weekend EDM,Sound Williams
Blues Drive,Alex Garcia
Soul Hits,Morgan Garcia
Metal Drive,Riley 99
Classic Techno,Taylor Brown
Acoustic Energy,Avery Smith
Jazz Session,User Martinez
Soul Beats,Big Garcia
Vintage Grooves,Quinn Garcia
Electronic Jazz,Skyler Smith
Electronic Soul,Taylor Johnson
Workout Classics,Casey Curator
Country Anthems,Skyler Master
Electronic Soul,Casey Johnson
Party Hip Hop,DJ Smith
Deep Metal,Sound Jones
Daily Drive,Morgan 123
Party Classics,User Smith
Deep Folk,Riley Williams
Metal Jam,Morgan Miller
Metal Hits,Big Martinez
Folk Vibes,Alex Creator
Soul Study,Vibe Rodriguez
Ultimate Classical,Music Johnson
Electronic Hip Hop,Music Davis
Classic Mix,Jordan Martinez
Late Night R&B,Sound Miller
Daily Grooves,Alex Creator
Acoustic Hip Hop,Avery Williams
Country Drive,Taylor Davis
Morning Hits,User Music
Jazz Study,DJ Miller
Hip Hop Energy,Alex Davis
R&B Energy,Quinn Davis
Jazz Mix,Vibe Miller
Hip Hop Mix,Music Johnson
Soul Hits,Casey Miller
Jazz Flow,Music Beats
Electronic Jazz,Avery Rodriguez
Morning Session,Jordan Creator
Folk Classics,Sound Williams
Indie Classics,Skyler Garcia
Deep Pop,Lil Martinez
Focus Mix,Casey Beats
R&B Energy,Avery Master
Techno Jam,Riley Williams
